ISO-10303-21;
HEADER;
/* Generated by software containing ST-Developer
 * from STEP Tools, Inc. (www.steptools.com) 
 */

FILE_DESCRIPTION(
/* description */ ('STEP AP214'),
/* implementation_level */ '2;1');

FILE_NAME(
/* name */ 'MFRCColor.step',
/* time_stamp */ '2026-08-08T16:06:25-04:00',
/* author */ (''),
/* organization */ (''),
/* preprocessor_version */ 'ST-DEVELOPER v20.1',
/* originating_system */ 'Autodesk Translation Framework v15.8.0.0',
/* authorisation */ '');

FILE_SCHEMA (('AUTOMOTIVE_DESIGN { 1 0 10303 214 3 1 1 }'));
ENDSEC;

DATA;
#10=MECHANICAL_DESIGN_GEOMETRIC_PRESENTATION_REPRESENTATION('',(#81,#82,
#83,#84,#85,#86,#87,#88,#89,#90,#91,#92,#93,#94,#95,#96,#97,#98,#99,#100,
#101,#102,#103,#104,#105,#106,#107,#108),#2644);
#11=ITEM_DEFINED_TRANSFORMATION($,$,#1388,#1593);
#12=ITEM_DEFINED_TRANSFORMATION($,$,#1398,#1594);
#13=ITEM_DEFINED_TRANSFORMATION($,$,#1407,#1595);
#14=ITEM_DEFINED_TRANSFORMATION($,$,#1433,#1596);
#15=ITEM_DEFINED_TRANSFORMATION($,$,#1451,#1597);
#16=ITEM_DEFINED_TRANSFORMATION($,$,#1470,#1598);
#17=ITEM_DEFINED_TRANSFORMATION($,$,#1584,#1599);
#18=(
REPRESENTATION_RELATIONSHIP($,$,#2676,#2675)
REPRESENTATION_RELATIONSHIP_WITH_TRANSFORMATION(#11)
SHAPE_REPRESENTATION_RELATIONSHIP()
);
#19=(
REPRESENTATION_RELATIONSHIP($,$,#2677,#2675)
REPRESENTATION_RELATIONSHIP_WITH_TRANSFORMATION(#12)
SHAPE_REPRESENTATION_RELATIONSHIP()
);
#20=(
REPRESENTATION_RELATIONSHIP($,$,#2678,#2675)
REPRESENTATION_RELATIONSHIP_WITH_TRANSFORMATION(#13)
SHAPE_REPRESENTATION_RELATIONSHIP()
);
#21=(
REPRESENTATION_RELATIONSHIP($,$,#2679,#2675)
REPRESENTATION_RELATIONSHIP_WITH_TRANSFORMATION(#14)
SHAPE_REPRESENTATION_RELATIONSHIP()
);
#22=(
REPRESENTATION_RELATIONSHIP($,$,#2680,#2675)
REPRESENTATION_RELATIONSHIP_WITH_TRANSFORMATION(#15)
SHAPE_REPRESENTATION_RELATIONSHIP()
);
#23=(
REPRESENTATION_RELATIONSHIP($,$,#2681,#2675)
REPRESENTATION_RELATIONSHIP_WITH_TRANSFORMATION(#16)
SHAPE_REPRESENTATION_RELATIONSHIP()
);
#24=(
REPRESENTATION_RELATIONSHIP($,$,#2682,#2675)
REPRESENTATION_RELATIONSHIP_WITH_TRANSFORMATION(#17)
SHAPE_REPRESENTATION_RELATIONSHIP()
);
#25=CONTEXT_DEPENDENT_SHAPE_REPRESENTATION(#18,#2668);
#26=CONTEXT_DEPENDENT_SHAPE_REPRESENTATION(#19,#2669);
#27=CONTEXT_DEPENDENT_SHAPE_REPRESENTATION(#20,#2670);
#28=CONTEXT_DEPENDENT_SHAPE_REPRESENTATION(#21,#2671);
#29=CONTEXT_DEPENDENT_SHAPE_REPRESENTATION(#22,#2672);
#30=CONTEXT_DEPENDENT_SHAPE_REPRESENTATION(#23,#2673);
#31=CONTEXT_DEPENDENT_SHAPE_REPRESENTATION(#24,#2674);
#32=NEXT_ASSEMBLY_USAGE_OCCURRENCE('[HEAD-G-A-00] Outer Tube:1',
'[HEAD-G-A-00] Outer Tube:1','[HEAD-G-A-00] Outer Tube:1',#2684,#2685,
'[HEAD-G-A-00] Outer Tube:1');
#33=NEXT_ASSEMBLY_USAGE_OCCURRENCE('[HEAD-G-A-01] Inner Tube:1',
'[HEAD-G-A-01] Inner Tube:1','[HEAD-G-A-01] Inner Tube:1',#2684,#2686,
'[HEAD-G-A-01] Inner Tube:1');
#34=NEXT_ASSEMBLY_USAGE_OCCURRENCE('[HEAD-G-A-02] Wideband Dish:1',
'[HEAD-G-A-02] Wideband Dish:1','[HEAD-G-A-02] Wideband Dish:1',#2684,#2687,
'[HEAD-G-A-02] Wideband Dish:1');
#35=NEXT_ASSEMBLY_USAGE_OCCURRENCE('[HEAD-G-A-03] Shortband Dish:1',
'[HEAD-G-A-03] Shortband Dish:1','[HEAD-G-A-03] Shortband Dish:1',#2684,
#2688,'[HEAD-G-A-03] Shortband Dish:1');
#36=NEXT_ASSEMBLY_USAGE_OCCURRENCE('[HEAD-G-A-04] Feedhorn:1',
'[HEAD-G-A-04] Feedhorn:1','[HEAD-G-A-04] Feedhorn:1',#2684,#2689,
'[HEAD-G-A-04] Feedhorn:1');
#37=NEXT_ASSEMBLY_USAGE_OCCURRENCE('[HEAD-G-A-05] Top Hat:1',
'[HEAD-G-A-05] Top Hat:1','[HEAD-G-A-05] Top Hat:1',#2684,#2690,
'[HEAD-G-A-05] Top Hat:1');
#38=NEXT_ASSEMBLY_USAGE_OCCURRENCE('[HEAD-G-A-06] Upper Tube:1',
'[HEAD-G-A-06] Upper Tube:1','[HEAD-G-A-06] Upper Tube:1',#2684,#2691,
'[HEAD-G-A-06] Upper Tube:1');
#39=CONICAL_SURFACE('',#1440,0.393875,0.0876120400898301);
#40=SPHERICAL_SURFACE('',#1426,1.);
#41=SPHERICAL_SURFACE('',#1429,0.9);
#42=SPHERICAL_SURFACE('',#1443,0.4);
#43=SPHERICAL_SURFACE('',#1444,0.5);
#44=SPHERICAL_SURFACE('',#1464,0.048);
#45=SPHERICAL_SURFACE('',#1468,0.03125);
#46=SPHERICAL_SURFACE('',#1474,0.05125);
#47=SPHERICAL_SURFACE('',#1476,0.05125);
#48=SPHERICAL_SURFACE('',#1478,0.05125);
#49=SPHERICAL_SURFACE('',#1480,0.05125);
#50=SPHERICAL_SURFACE('',#1482,0.05125);
#51=SPHERICAL_SURFACE('',#1484,0.05125);
#52=SPHERICAL_SURFACE('',#1486,0.05125);
#53=SPHERICAL_SURFACE('',#1488,0.05125);
#54=SPHERICAL_SURFACE('',#1490,0.05125);
#55=SPHERICAL_SURFACE('',#1492,0.05125);
#56=SPHERICAL_SURFACE('',#1494,0.05125);
#57=SPHERICAL_SURFACE('',#1496,0.05125);
#58=SPHERICAL_SURFACE('',#1498,0.05125);
#59=SPHERICAL_SURFACE('',#1500,0.05125);
#60=SPHERICAL_SURFACE('',#1502,0.05125);
#61=SPHERICAL_SURFACE('',#1504,0.05125);
#62=TOROIDAL_SURFACE('',#1408,0.326992816741373,0.032);
#63=TOROIDAL_SURFACE('',#1416,0.445000000000001,0.18);
#64=TOROIDAL_SURFACE('',#1420,0.435000000000001,0.09);
#65=TOROIDAL_SURFACE('',#1452,0.01625,0.015);
#66=TOROIDAL_SURFACE('',#1557,0.93,0.02);
#67=SHAPE_REPRESENTATION_RELATIONSHIP('SRR','None',#2676,#74);
#68=SHAPE_REPRESENTATION_RELATIONSHIP('SRR','None',#2677,#75);
#69=SHAPE_REPRESENTATION_RELATIONSHIP('SRR','None',#2678,#76);
#70=SHAPE_REPRESENTATION_RELATIONSHIP('SRR','None',#2679,#77);
#71=SHAPE_REPRESENTATION_RELATIONSHIP('SRR','None',#2680,#78);
#72=SHAPE_REPRESENTATION_RELATIONSHIP('SRR','None',#2681,#79);
#73=SHAPE_REPRESENTATION_RELATIONSHIP('SRR','None',#2682,#80);
#74=ADVANCED_BREP_SHAPE_REPRESENTATION('',(#109),#2637);
#75=ADVANCED_BREP_SHAPE_REPRESENTATION('',(#110),#2638);
#76=ADVANCED_BREP_SHAPE_REPRESENTATION('',(#111),#2639);
#77=ADVANCED_BREP_SHAPE_REPRESENTATION('',(#112),#2640);
#78=ADVANCED_BREP_SHAPE_REPRESENTATION('',(#113),#2641);
#79=ADVANCED_BREP_SHAPE_REPRESENTATION('',(#114),#2642);
#80=ADVANCED_BREP_SHAPE_REPRESENTATION('',(#115),#2643);
#81=STYLED_ITEM('',(#2720),#109);
#82=STYLED_ITEM('',(#2721),#110);
#83=STYLED_ITEM('',(#2720),#111);
#84=STYLED_ITEM('',(#2720),#1229);
#85=STYLED_ITEM('',(#2720),#112);
#86=STYLED_ITEM('',(#2722),#1235);
#87=STYLED_ITEM('',(#2722),#1236);
#88=STYLED_ITEM('',(#2720),#1237);
#89=STYLED_ITEM('',(#2723),#1241);
#90=STYLED_ITEM('',(#2721),#113);
#91=STYLED_ITEM('',(#2722),#1243);
#92=STYLED_ITEM('',(#2721),#1244);
#93=STYLED_ITEM('',(#2722),#1245);
#94=STYLED_ITEM('',(#2722),#1246);
#95=STYLED_ITEM('',(#2722),#1247);
#96=STYLED_ITEM('',(#2721),#1248);
#97=STYLED_ITEM('',(#2722),#1249);
#98=STYLED_ITEM('',(#2722),#1250);
#99=STYLED_ITEM('',(#2722),#1251);
#100=STYLED_ITEM('',(#2722),#1252);
#101=STYLED_ITEM('',(#2721),#1253);
#102=STYLED_ITEM('',(#2722),#1254);
#103=STYLED_ITEM('',(#2722),#1255);
#104=STYLED_ITEM('',(#2721),#1256);
#105=STYLED_ITEM('',(#2722),#1257);
#106=STYLED_ITEM('',(#2722),#1258);
#107=STYLED_ITEM('',(#2724),#114);
#108=STYLED_ITEM('',(#2720),#115);
#109=MANIFOLD_SOLID_BREP('Body1',#1302);
#110=MANIFOLD_SOLID_BREP('Body1',#1303);
#111=MANIFOLD_SOLID_BREP('Body1',#1304);
#112=MANIFOLD_SOLID_BREP('Body1',#1305);
#113=MANIFOLD_SOLID_BREP('Body1',#1306);
#114=MANIFOLD_SOLID_BREP('Body1',#1307);
#115=MANIFOLD_SOLID_BREP('Body1',#1308);
#116=PLANE('',#1396);
#117=PLANE('',#1397);
#118=PLANE('',#1405);
#119=PLANE('',#1406);
#120=PLANE('',#1430);
#121=PLANE('',#1431);
#122=PLANE('',#1432);
#123=PLANE('',#1448);
#124=PLANE('',#1449);
#125=PLANE('',#1450);
#126=PLANE('',#1466);
#127=PLANE('',#1467);
#128=PLANE('',#1564);
#129=PLANE('',#1565);
#130=PLANE('',#1566);
#131=PLANE('',#1567);
#132=PLANE('',#1568);
#133=PLANE('',#1569);
#134=PLANE('',#1570);
#135=PLANE('',#1571);
#136=PLANE('',#1572);
#137=PLANE('',#1573);
#138=PLANE('',#1574);
#139=PLANE('',#1575);
#140=PLANE('',#1576);
#141=PLANE('',#1577);
#142=PLANE('',#1578);
#143=PLANE('',#1579);
#144=PLANE('',#1580);
#145=PLANE('',#1581);
#146=PLANE('',#1582);
#147=PLANE('',#1583);
#148=PLANE('',#1591);
#149=PLANE('',#1592);
#150=FACE_BOUND('',#401,.T.);
#151=FACE_BOUND('',#403,.T.);
#152=FACE_BOUND('',#405,.T.);
#153=FACE_BOUND('',#407,.T.);
#154=FACE_BOUND('',#411,.T.);
#155=FACE_BOUND('',#413,.T.);
#156=FACE_BOUND('',#421,.T.);
#157=FACE_BOUND('',#424,.T.);
#158=FACE_BOUND('',#426,.T.);
#159=FACE_BOUND('',#428,.T.);
#160=FACE_BOUND('',#434,.T.);
#161=FACE_BOUND('',#437,.T.);
#162=FACE_BOUND('',#439,.T.);
#163=FACE_BOUND('',#441,.T.);
#164=FACE_BOUND('',#446,.T.);
#165=FACE_BOUND('',#488,.T.);
#166=FACE_BOUND('',#490,.T.);
#167=FACE_BOUND('',#492,.T.);
#168=FACE_BOUND('',#494,.T.);
#169=FACE_BOUND('',#496,.T.);
#170=FACE_BOUND('',#498,.T.);
#171=FACE_BOUND('',#500,.T.);
#172=FACE_BOUND('',#502,.T.);
#173=FACE_BOUND('',#504,.T.);
#174=FACE_BOUND('',#506,.T.);
#175=FACE_BOUND('',#508,.T.);
#176=FACE_BOUND('',#510,.T.);
#177=FACE_BOUND('',#512,.T.);
#178=FACE_BOUND('',#514,.T.);
#179=FACE_BOUND('',#516,.T.);
#180=FACE_BOUND('',#518,.T.);
#181=FACE_BOUND('',#520,.T.);
#182=FACE_BOUND('',#522,.T.);
#183=FACE_BOUND('',#523,.T.);
#184=FACE_BOUND('',#524,.T.);
#185=FACE_BOUND('',#525,.T.);
#186=FACE_BOUND('',#526,.T.);
#187=FACE_BOUND('',#527,.T.);
#188=FACE_BOUND('',#528,.T.);
#189=FACE_BOUND('',#529,.T.);
#190=FACE_BOUND('',#530,.T.);
#191=FACE_BOUND('',#531,.T.);
#192=FACE_BOUND('',#532,.T.);
#193=FACE_BOUND('',#533,.T.);
#194=FACE_BOUND('',#534,.T.);
#195=FACE_BOUND('',#535,.T.);
#196=FACE_BOUND('',#536,.T.);
#197=FACE_BOUND('',#537,.T.);
#198=FACE_BOUND('',#539,.T.);
#199=FACE_BOUND('',#544,.T.);
#200=FACE_BOUND('',#546,.T.);
#201=CIRCLE('',#1391,0.126625);
#202=CIRCLE('',#1392,0.126625);
#203=CIRCLE('',#1394,0.140625);
#204=CIRCLE('',#1395,0.140625);
#205=CIRCLE('',#1400,0.09);
#206=CIRCLE('',#1401,0.09);
#207=CIRCLE('',#1403,0.125);
#208=CIRCLE('',#1404,0.125);
#209=CIRCLE('',#1409,0.295);
#210=CIRCLE('',#1410,0.032);
#211=CIRCLE('',#1411,0.339047851459949);
#212=CIRCLE('',#1413,0.205);
#213=CIRCLE('',#1414,0.205);
#214=CIRCLE('',#1417,0.625000000000001);
#215=CIRCLE('',#1418,0.18);
#216=CIRCLE('',#1419,0.542682926829269);
#217=CIRCLE('',#1421,0.483333333333334);
#218=CIRCLE('',#1422,0.09);
#219=CIRCLE('',#1423,0.525000000000001);
#220=CIRCLE('',#1425,0.625000000000001);
#221=CIRCLE('',#1428,0.525000000000001);
#222=CIRCLE('',#1435,0.05);
#223=CIRCLE('',#1436,0.05);
#224=CIRCLE('',#1438,0.2);
#225=CIRCLE('',#1439,0.2);
#226=CIRCLE('',#1441,0.393875);
#227=CIRCLE('',#1442,0.4);
#228=CIRCLE('',#1445,0.5);
#229=CIRCLE('',#1446,0.5);
#230=CIRCLE('',#1447,0.295);
#231=CIRCLE('',#1453,0.03125);
#232=CIRCLE('',#1454,0.015);
#233=CIRCLE('',#1455,0.01625);
#234=CIRCLE('',#1457,0.03125);
#235=CIRCLE('',#1458,0.03125);
#236=CIRCLE('',#1461,0.048);
#237=CIRCLE('',#1462,0.048);
#238=CIRCLE('',#1463,0.048);
#239=CIRCLE('',#1465,0.048);
#240=CIRCLE('',#1469,0.03125);
#241=CIRCLE('',#1472,0.1525);
#242=CIRCLE('',#1473,0.1525);
#243=CIRCLE('',#1475,0.0500000000000001);
#244=CIRCLE('',#1477,0.05);
#245=CIRCLE('',#1479,0.05);
#246=CIRCLE('',#1481,0.05);
#247=CIRCLE('',#1483,0.05);
#248=CIRCLE('',#1485,0.05);
#249=CIRCLE('',#1487,0.05);
#250=CIRCLE('',#1489,0.0500000000000001);
#251=CIRCLE('',#1491,0.0500000000000001);
#252=CIRCLE('',#1493,0.0500000000000001);
#253=CIRCLE('',#1495,0.05);
#254=CIRCLE('',#1497,0.0499999999999999);
#255=CIRCLE('',#1499,0.05);
#256=CIRCLE('',#1501,0.05);
#257=CIRCLE('',#1503,0.05);
#258=CIRCLE('',#1505,0.0500000000000001);
#259=CIRCLE('',#1507,0.0625);
#260=CIRCLE('',#1508,0.0625);
#261=CIRCLE('',#1510,0.0625);
#262=CIRCLE('',#1511,0.0625);
#263=CIRCLE('',#1513,0.0625);
#264=CIRCLE('',#1514,0.0625);
#265=CIRCLE('',#1516,0.0625);
#266=CIRCLE('',#1517,0.0625);
#267=CIRCLE('',#1519,0.0625);
#268=CIRCLE('',#1520,0.0625);
#269=CIRCLE('',#1522,0.0625);
#270=CIRCLE('',#1523,0.0625);
#271=CIRCLE('',#1525,0.0625);
#272=CIRCLE('',#1526,0.0625);
#273=CIRCLE('',#1528,0.0625);
#274=CIRCLE('',#1529,0.0625);
#275=CIRCLE('',#1531,0.0625);
#276=CIRCLE('',#1532,0.0625);
#277=CIRCLE('',#1534,0.0625);
#278=CIRCLE('',#1535,0.0625);
#279=CIRCLE('',#1537,0.0625);
#280=CIRCLE('',#1538,0.0625);
#281=CIRCLE('',#1540,0.0625);
#282=CIRCLE('',#1541,0.0625);
#283=CIRCLE('',#1543,0.0625);
#284=CIRCLE('',#1544,0.0625);
#285=CIRCLE('',#1546,0.0625);
#286=CIRCLE('',#1547,0.0625);
#287=CIRCLE('',#1549,0.0625);
#288=CIRCLE('',#1550,0.0625);
#289=CIRCLE('',#1552,0.0625);
#290=CIRCLE('',#1553,0.0625);
#291=CIRCLE('',#1555,0.75);
#292=CIRCLE('',#1556,0.75);
#293=CIRCLE('',#1558,0.93);
#294=CIRCLE('',#1559,0.02);
#295=CIRCLE('',#1560,0.95);
#296=CIRCLE('',#1561,0.95);
#297=CIRCLE('',#1563,0.95);
#298=CIRCLE('',#1586,0.126625);
#299=CIRCLE('',#1587,0.126625);
#300=CIRCLE('',#1589,0.140625);
#301=CIRCLE('',#1590,0.140625);
#302=FACE_OUTER_BOUND('',#399,.T.);
#303=FACE_OUTER_BOUND('',#400,.T.);
#304=FACE_OUTER_BOUND('',#402,.T.);
#305=FACE_OUTER_BOUND('',#404,.T.);
#306=FACE_OUTER_BOUND('',#406,.T.);
#307=FACE_OUTER_BOUND('',#408,.T.);
#308=FACE_OUTER_BOUND('',#409,.T.);
#309=FACE_OUTER_BOUND('',#410,.T.);
#310=FACE_OUTER_BOUND('',#412,.T.);
#311=FACE_OUTER_BOUND('',#414,.T.);
#312=FACE_OUTER_BOUND('',#415,.T.);
#313=FACE_OUTER_BOUND('',#416,.T.);
#314=FACE_OUTER_BOUND('',#417,.T.);
#315=FACE_OUTER_BOUND('',#418,.T.);
#316=FACE_OUTER_BOUND('',#419,.T.);
#317=FACE_OUTER_BOUND('',#420,.T.);
#318=FACE_OUTER_BOUND('',#422,.T.);
#319=FACE_OUTER_BOUND('',#423,.T.);
#320=FACE_OUTER_BOUND('',#425,.T.);
#321=FACE_OUTER_BOUND('',#427,.T.);
#322=FACE_OUTER_BOUND('',#429,.T.);
#323=FACE_OUTER_BOUND('',#430,.T.);
#324=FACE_OUTER_BOUND('',#431,.T.);
#325=FACE_OUTER_BOUND('',#432,.T.);
#326=FACE_OUTER_BOUND('',#433,.T.);
#327=FACE_OUTER_BOUND('',#435,.T.);
#328=FACE_OUTER_BOUND('',#436,.T.);
#329=FACE_OUTER_BOUND('',#438,.T.);
#330=FACE_OUTER_BOUND('',#440,.T.);
#331=FACE_OUTER_BOUND('',#442,.T.);
#332=FACE_OUTER_BOUND('',#443,.T.);
#333=FACE_OUTER_BOUND('',#444,.T.);
#334=FACE_OUTER_BOUND('',#445,.T.);
#335=FACE_OUTER_BOUND('',#447,.T.);
#336=FACE_OUTER_BOUND('',#448,.T.);
#337=FACE_OUTER_BOUND('',#449,.T.);
#338=FACE_OUTER_BOUND('',#450,.T.);
#339=FACE_OUTER_BOUND('',#451,.T.);
#340=FACE_OUTER_BOUND('',#452,.T.);
#341=FACE_OUTER_BOUND('',#453,.T.);
#342=FACE_OUTER_BOUND('',#454,.T.);
#343=FACE_OUTER_BOUND('',#455,.T.);
#344=FACE_OUTER_BOUND('',#456,.T.);
#345=FACE_OUTER_BOUND('',#457,.T.);
#346=FACE_OUTER_BOUND('',#458,.T.);
#347=FACE_OUTER_BOUND('',#459,.T.);
#348=FACE_OUTER_BOUND('',#460,.T.);
#349=FACE_OUTER_BOUND('',#461,.T.);
#350=FACE_OUTER_BOUND('',#462,.T.);
#351=FACE_OUTER_BOUND('',#463,.T.);
#352=FACE_OUTER_BOUND('',#464,.T.);
#353=FACE_OUTER_BOUND('',#465,.T.);
#354=FACE_OUTER_BOUND('',#466,.T.);
#355=FACE_OUTER_BOUND('',#467,.T.);
#356=FACE_OUTER_BOUND('',#468,.T.);
#357=FACE_OUTER_BOUND('',#469,.T.);
#358=FACE_OUTER_BOUND('',#470,.T.);
#359=FACE_OUTER_BOUND('',#471,.T.);
#360=FACE_OUTER_BOUND('',#472,.T.);
#361=FACE_OUTER_BOUND('',#473,.T.);
#362=FACE_OUTER_BOUND('',#474,.T.);
#363=FACE_OUTER_BOUND('',#475,.T.);
#364=FACE_OUTER_BOUND('',#476,.T.);
#365=FACE_OUTER_BOUND('',#477,.T.);
#366=FACE_OUTER_BOUND('',#478,.T.);
#367=FACE_OUTER_BOUND('',#479,.T.);
#368=FACE_OUTER_BOUND('',#480,.T.);
#369=FACE_OUTER_BOUND('',#481,.T.);
#370=FACE_OUTER_BOUND('',#482,.T.);
#371=FACE_OUTER_BOUND('',#483,.T.);
#372=FACE_OUTER_BOUND('',#484,.T.);
#373=FACE_OUTER_BOUND('',#485,.T.);
#374=FACE_OUTER_BOUND('',#486,.T.);
#375=FACE_OUTER_BOUND('',#487,.T.);
#376=FACE_OUTER_BOUND('',#489,.T.);
#377=FACE_OUTER_BOUND('',#491,.T.);
#378=FACE_OUTER_BOUND('',#493,.T.);
#379=FACE_OUTER_BOUND('',#495,.T.);
#380=FACE_OUTER_BOUND('',#497,.T.);
#381=FACE_OUTER_BOUND('',#499,.T.);
#382=FACE_OUTER_BOUND('',#501,.T.);
#383=FACE_OUTER_BOUND('',#503,.T.);
#384=FACE_OUTER_BOUND('',#505,.T.);
#385=FACE_OUTER_BOUND('',#507,.T.);
#386=FACE_OUTER_BOUND('',#509,.T.);
#387=FACE_OUTER_BOUND('',#511,.T.);
#388=FACE_OUTER_BOUND('',#513,.T.);
#389=FACE_OUTER_BOUND('',#515,.T.);
#390=FACE_OUTER_BOUND('',#517,.T.);
#391=FACE_OUTER_BOUND('',#519,.T.);
#392=FACE_OUTER_BOUND('',#521,.T.);
#393=FACE_OUTER_BOUND('',#538,.T.);
#394=FACE_OUTER_BOUND('',#540,.T.);
#395=FACE_OUTER_BOUND('',#541,.T.);
#396=FACE_OUTER_BOUND('',#542,.T.);
#397=FACE_OUTER_BOUND('',#543,.T.);
#398=FACE_OUTER_BOUND('',#545,.T.);
#399=EDGE_LOOP('',(#878,#879,#880,#881,#882,#883));
#400=EDGE_LOOP('',(#884,#885,#886,#887));
#401=EDGE_LOOP('',(#888,#889));
#402=EDGE_LOOP('',(#890,#891,#892,#893));
#403=EDGE_LOOP('',(#894,#895));
#404=EDGE_LOOP('',(#896));
#405=EDGE_LOOP('',(#897));
#406=EDGE_LOOP('',(#898));
#407=EDGE_LOOP('',(#899));
#408=EDGE_LOOP('',(#900,#901,#902,#903));
#409=EDGE_LOOP('',(#904,#905,#906,#907));
#410=EDGE_LOOP('',(#908));
#411=EDGE_LOOP('',(#909));
#412=EDGE_LOOP('',(#910));
#413=EDGE_LOOP('',(#911));
#414=EDGE_LOOP('',(#912,#913,#914,#915));
#415=EDGE_LOOP('',(#916,#917,#918,#919));
#416=EDGE_LOOP('',(#920));
#417=EDGE_LOOP('',(#921,#922,#923,#924));
#418=EDGE_LOOP('',(#925,#926,#927,#928));
#419=EDGE_LOOP('',(#929,#930,#931,#932));
#420=EDGE_LOOP('',(#933));
#421=EDGE_LOOP('',(#934));
#422=EDGE_LOOP('',(#935,#936,#937,#938));
#423=EDGE_LOOP('',(#939));
#424=EDGE_LOOP('',(#940));
#425=EDGE_LOOP('',(#941));
#426=EDGE_LOOP('',(#942));
#427=EDGE_LOOP('',(#943));
#428=EDGE_LOOP('',(#944));
#429=EDGE_LOOP('',(#945));
#430=EDGE_LOOP('',(#946,#947,#948,#949));
#431=EDGE_LOOP('',(#950,#951,#952,#953));
#432=EDGE_LOOP('',(#954,#955,#956,#957));
#433=EDGE_LOOP('',(#958));
#434=EDGE_LOOP('',(#959));
#435=EDGE_LOOP('',(#960,#961,#962,#963));
#436=EDGE_LOOP('',(#964));
#437=EDGE_LOOP('',(#965));
#438=EDGE_LOOP('',(#966));
#439=EDGE_LOOP('',(#967));
#440=EDGE_LOOP('',(#968));
#441=EDGE_LOOP('',(#969));
#442=EDGE_LOOP('',(#970,#971,#972,#973));
#443=EDGE_LOOP('',(#974,#975,#976,#977,#978,#979));
#444=EDGE_LOOP('',(#980,#981,#982,#983,#984));
#445=EDGE_LOOP('',(#985,#986,#987,#988,#989,#990,#991,#992,#993));
#446=EDGE_LOOP('',(#994,#995));
#447=EDGE_LOOP('',(#996,#997,#998,#999));
#448=EDGE_LOOP('',(#1000));
#449=EDGE_LOOP('',(#1001));
#450=EDGE_LOOP('',(#1002,#1003,#1004,#1005));
#451=EDGE_LOOP('',(#1006,#1007,#1008,#1009));
#452=EDGE_LOOP('',(#1010));
#453=EDGE_LOOP('',(#1011));
#454=EDGE_LOOP('',(#1012));
#455=EDGE_LOOP('',(#1013));
#456=EDGE_LOOP('',(#1014));
#457=EDGE_LOOP('',(#1015));
#458=EDGE_LOOP('',(#1016));
#459=EDGE_LOOP('',(#1017));
#460=EDGE_LOOP('',(#1018));
#461=EDGE_LOOP('',(#1019));
#462=EDGE_LOOP('',(#1020));
#463=EDGE_LOOP('',(#1021));
#464=EDGE_LOOP('',(#1022));
#465=EDGE_LOOP('',(#1023));
#466=EDGE_LOOP('',(#1024));
#467=EDGE_LOOP('',(#1025));
#468=EDGE_LOOP('',(#1026,#1027,#1028,#1029));
#469=EDGE_LOOP('',(#1030,#1031,#1032,#1033));
#470=EDGE_LOOP('',(#1034,#1035,#1036,#1037));
#471=EDGE_LOOP('',(#1038,#1039,#1040,#1041));
#472=EDGE_LOOP('',(#1042,#1043,#1044,#1045));
#473=EDGE_LOOP('',(#1046,#1047,#1048,#1049));
#474=EDGE_LOOP('',(#1050,#1051,#1052,#1053));
#475=EDGE_LOOP('',(#1054,#1055,#1056,#1057));
#476=EDGE_LOOP('',(#1058,#1059,#1060,#1061));
#477=EDGE_LOOP('',(#1062,#1063,#1064,#1065));
#478=EDGE_LOOP('',(#1066,#1067,#1068,#1069));
#479=EDGE_LOOP('',(#1070,#1071,#1072,#1073));
#480=EDGE_LOOP('',(#1074,#1075,#1076,#1077));
#481=EDGE_LOOP('',(#1078,#1079,#1080,#1081));
#482=EDGE_LOOP('',(#1082,#1083,#1084,#1085));
#483=EDGE_LOOP('',(#1086,#1087,#1088,#1089));
#484=EDGE_LOOP('',(#1090,#1091,#1092,#1093));
#485=EDGE_LOOP('',(#1094,#1095,#1096,#1097,#1098));
#486=EDGE_LOOP('',(#1099,#1100,#1101,#1102,#1103));
#487=EDGE_LOOP('',(#1104));
#488=EDGE_LOOP('',(#1105));
#489=EDGE_LOOP('',(#1106));
#490=EDGE_LOOP('',(#1107));
#491=EDGE_LOOP('',(#1108));
#492=EDGE_LOOP('',(#1109));
#493=EDGE_LOOP('',(#1110));
#494=EDGE_LOOP('',(#1111));
#495=EDGE_LOOP('',(#1112));
#496=EDGE_LOOP('',(#1113));
#497=EDGE_LOOP('',(#1114));
#498=EDGE_LOOP('',(#1115));
#499=EDGE_LOOP('',(#1116));
#500=EDGE_LOOP('',(#1117));
#501=EDGE_LOOP('',(#1118));
#502=EDGE_LOOP('',(#1119));
#503=EDGE_LOOP('',(#1120));
#504=EDGE_LOOP('',(#1121));
#505=EDGE_LOOP('',(#1122));
#506=EDGE_LOOP('',(#1123));
#507=EDGE_LOOP('',(#1124));
#508=EDGE_LOOP('',(#1125));
#509=EDGE_LOOP('',(#1126));
#510=EDGE_LOOP('',(#1127));
#511=EDGE_LOOP('',(#1128));
#512=EDGE_LOOP('',(#1129));
#513=EDGE_LOOP('',(#1130));
#514=EDGE_LOOP('',(#1131));
#515=EDGE_LOOP('',(#1132));
#516=EDGE_LOOP('',(#1133));
#517=EDGE_LOOP('',(#1134));
#518=EDGE_LOOP('',(#1135));
#519=EDGE_LOOP('',(#1136));
#520=EDGE_LOOP('',(#1137));
#521=EDGE_LOOP('',(#1138));
#522=EDGE_LOOP('',(#1139));
#523=EDGE_LOOP('',(#1140));
#524=EDGE_LOOP('',(#1141));
#525=EDGE_LOOP('',(#1142));
#526=EDGE_LOOP('',(#1143));
#527=EDGE_LOOP('',(#1144));
#528=EDGE_LOOP('',(#1145));
#529=EDGE_LOOP('',(#1146));
#530=EDGE_LOOP('',(#1147));
#531=EDGE_LOOP('',(#1148));
#532=EDGE_LOOP('',(#1149));
#533=EDGE_LOOP('',(#1150));
#534=EDGE_LOOP('',(#1151));
#535=EDGE_LOOP('',(#1152));
#536=EDGE_LOOP('',(#1153));
#537=EDGE_LOOP('',(#1154));
#538=EDGE_LOOP('',(#1155));
#539=EDGE_LOOP('',(#1156));
#540=EDGE_LOOP('',(#1157));
#541=EDGE_LOOP('',(#1158,#1159,#1160,#1161));
#542=EDGE_LOOP('',(#1162,#1163,#1164,#1165));
#543=EDGE_LOOP('',(#1166));
#544=EDGE_LOOP('',(#1167));
#545=EDGE_LOOP('',(#1168));
#546=EDGE_LOOP('',(#1169));
#547=LINE('',#2094,#583);
#548=LINE('',#2146,#584);
#549=LINE('',#2152,#585);
#550=LINE('',#2161,#586);
#551=LINE('',#2167,#587);
#552=LINE('',#2182,#588);
#553=LINE('',#2267,#589);
#554=LINE('',#2271,#590);
#555=LINE('',#2282,#591);
#556=LINE('',#2288,#592);
#557=LINE('',#2294,#593);
#558=LINE('',#2319,#594);
#559=LINE('',#2379,#595);
#560=LINE('',#2402,#596);
#561=LINE('',#2404,#597);
#562=LINE('',#2421,#598);
#563=LINE('',#2475,#599);
#564=LINE('',#2481,#600);
#565=LINE('',#2487,#601);
#566=LINE('',#2493,#602);
#567=LINE('',#2499,#603);
#568=LINE('',#2505,#604);
#569=LINE('',#2511,#605);
#570=LINE('',#2517,#606);
#571=LINE('',#2523,#607);
#572=LINE('',#2529,#608);
#573=LINE('',#2535,#609);
#574=LINE('',#2541,#610);
#575=LINE('',#2547,#611);
#576=LINE('',#2553,#612);
#577=LINE('',#2559,#613);
#578=LINE('',#2565,#614);
#579=LINE('',#2571,#615);
#580=LINE('',#2584,#616);
#581=LINE('',#2610,#617);
#582=LINE('',#2616,#618);
#583=VECTOR('',#1606,0.02344);
#584=VECTOR('',#1611,0.126625);
#585=VECTOR('',#1618,0.140625);
#586=VECTOR('',#1631,0.09);
#587=VECTOR('',#1638,0.125);
#588=VECTOR('',#1659,0.205);
#589=VECTOR('',#1684,0.625);
#590=VECTOR('',#1689,0.525000000000001);
#591=VECTOR('',#1706,0.05);
#592=VECTOR('',#1713,0.2);
#593=VECTOR('',#1720,0.393875);
#594=VECTOR('',#1755,0.03125);
#595=VECTOR('',#1758,0.03125);
#596=VECTOR('',#1763,0.048);
#597=VECTOR('',#1764,0.048);
#598=VECTOR('',#1787,0.1525);
#599=VECTOR('',#1858,0.0625);
#600=VECTOR('',#1865,0.0625);
#601=VECTOR('',#1872,0.0625);
#602=VECTOR('',#1879,0.0625);
#603=VECTOR('',#1886,0.0625);
#604=VECTOR('',#1893,0.0625);
#605=VECTOR('',#1900,0.0625);
#606=VECTOR('',#1907,0.0625);
#607=VECTOR('',#1914,0.0625);
#608=VECTOR('',#1921,0.0625);
#609=VECTOR('',#1928,0.0625);
#610=VECTOR('',#1935,0.0625);
#611=VECTOR('',#1942,0.0625);
#612=VECTOR('',#1949,0.0625);
#613=VECTOR('',#1956,0.0625);
#614=VECTOR('',#1963,0.0625000000000001);
#615=VECTOR('',#1970,0.75);
#616=VECTOR('',#1987,0.95);
#617=VECTOR('',#2034,0.126625);
#618=VECTOR('',#2041,0.140625);
#619=B_SPLINE_CURVE_WITH_KNOTS('',3,(#2067,#2068,#2069,#2070,#2071,#2072,
#2073,#2074,#2075,#2076,#2077,#2078,#2079,#2080,#2081,#2082,#2083,#2084,
#2085,#2086,#2087,#2088,#2089,#2090,#2091,#2092),.UNSPECIFIED.,.F.,.F.,
(4,2,2,2,2,2,2,2,2,2,2,2,4),(0.0899314577306139,0.112413862401089,0.134896267071565,
0.157379591266396,0.179862915461228,0.202346239656059,0.224829563850891,
0.247311968521366,0.269794373191841,0.292276777862316,0.314759182532792,
0.337242506727623,0.359725830922455),.UNSPECIFIED.);
#620=B_SPLINE_CURVE_WITH_KNOTS('',3,(#2096,#2097,#2098,#2099,#2100,#2101,
#2102,#2103,#2104,#2105),.UNSPECIFIED.,.F.,.F.,(4,2,2,2,4),(0.359554472014265,
0.382026926752102,0.40449938148994,0.426971235753886,0.449443090017831),
 .UNSPECIFIED.);
#621=B_SPLINE_CURVE_WITH_KNOTS('',3,(#2106,#2107,#2108,#2109,#2110,#2111,
#2112,#2113,#2114,#2115,#2116,#2117,#2118,#2119,#2120,#2121,#2122,#2123,
#2124,#2125,#2126,#2127,#2128,#2129,#2130,#2131),.UNSPECIFIED.,.F.,.F.,
(4,2,2,2,2,2,2,2,2,2,2,2,4),(0.0898886180035663,0.112360472267512,0.134832326531458,
0.157304781269295,0.179777236007132,0.20224969074497,0.224722145482807,
0.247193999746753,0.269665854010699,0.292137708274644,0.31460956253859,
0.337082017276428,0.359554472014265),.UNSPECIFIED.);
#622=B_SPLINE_CURVE_WITH_KNOTS('',3,(#2132,#2133,#2134,#2135,#2136,#2137,
#2138,#2139,#2140,#2141),.UNSPECIFIED.,.F.,.F.,(4,2,2,2,4),(0.359725830922455,
0.382209155117286,0.404692479312118,0.427174883982593,0.449657288653068),
 .UNSPECIFIED.);
#623=B_SPLINE_CURVE_WITH_KNOTS('',3,(#2186,#2187,#2188,#2189,#2190,#2191,
#2192,#2193,#2194,#2195,#2196,#2197,#2198,#2199,#2200,#2201,#2202,#2203,
#2204,#2205,#2206,#2207,#2208,#2209,#2210,#2211,#2212,#2213,#2214,#2215,
#2216,#2217,#2218,#2219,#2220,#2221,#2222,#2223,#2224,#2225,#2226,#2227,
#2228,#2229,#2230,#2231,#2232,#2233,#2234,#2235,#2236,#2237,#2238,#2239,
#2240,#2241,#2242,#2243,#2244,#2245,#2246,#2247,#2248,#2249,#2250,#2251),
 .UNSPECIFIED.,.T.,.F.,(4,2,2,2,2,2,2,2,2,2,2,2,2,2,2,2,2,2,2,2,2,2,2,2,
2,2,2,2,2,2,2,2,4),(-5.51131928719962,-5.21936153653085,-4.92740378586209,
-4.63544603519333,-4.48946715985895,-4.34348828452457,-4.23848887496214,
-4.18598917018093,-4.13348946539971,-4.0809897606185,-4.02849005583728,
-3.92349064627486,-3.77751177094047,-3.63153289560609,-3.33957514493733,
-3.04761739426857,-2.75565964359981,-2.46370189293105,-2.17174414226228,
-1.87978639159352,-1.73380751625914,-1.58782864092476,-1.48282923136233,
-1.43032952658112,-1.3778298217999,-1.32533011701869,-1.27283041223748,
-1.16783100267505,-1.02185212734067,-0.875873252006286,-0.583915501337524,
-0.291957750668762,0.),.UNSPECIFIED.);
#624=B_SPLINE_CURVE_WITH_KNOTS('',3,(#2321,#2322,#2323,#2324,#2325,#2326,
#2327,#2328,#2329,#2330,#2331,#2332,#2333,#2334,#2335,#2336,#2337,#2338),
 .UNSPECIFIED.,.F.,.F.,(4,2,2,2,2,2,2,2,4),(0.124267718802483,0.155182827187462,
0.186097935572441,0.217316686588704,0.248535437604966,0.279754188621228,
0.310972939637491,0.34188804802247,0.372803156407449),.UNSPECIFIED.);
#625=B_SPLINE_CURVE_WITH_KNOTS('',3,(#2339,#2340,#2341,#2342,#2343,#2344,
#2345,#2346,#2347,#2348,#2349,#2350,#2351,#2352,#2353,#2354,#2355,#2356,
#2357),.UNSPECIFIED.,.F.,.F.,(4,2,2,2,3,2,2,2,4),(-0.124267718802483,-0.0933526104175039,
-0.0624375020325246,-0.0312187510162623,5.55111512312578E-17,0.0312187510162623,
0.0624375020325244,0.0933526104175037,0.124267718802483),.UNSPECIFIED.);
#626=B_SPLINE_CURVE_WITH_KNOTS('',3,(#2361,#2362,#2363,#2364,#2365,#2366,
#2367,#2368,#2369,#2370,#2371,#2372,#2373,#2374,#2375,#2376,#2377,#2378),
 .UNSPECIFIED.,.F.,.F.,(4,2,2,2,2,2,2,2,4),(0.124267718802483,0.155182827187462,
0.186097935572442,0.217316686588704,0.248535437604966,0.279754188621228,
0.31097293963749,0.34188804802247,0.372803156407449),.UNSPECIFIED.);
#627=B_SPLINE_CURVE_WITH_KNOTS('',3,(#2380,#2381,#2382,#2383,#2384,#2385,
#2386,#2387,#2388,#2389,#2390,#2391,#2392,#2393,#2394,#2395,#2396,#2397,
#2398),.UNSPECIFIED.,.F.,.F.,(4,2,2,2,3,2,2,2,4),(0.372803156407449,0.403718264792428,
0.434633373177407,0.46585212419367,0.497070875209932,0.528289626226194,
0.559508377242456,0.590423485627436,0.621338594012415),.UNSPECIFIED.);
#628=VERTEX_POINT('',#2065);
#629=VERTEX_POINT('',#2066);
#630=VERTEX_POINT('',#2093);
#631=VERTEX_POINT('',#2095);
#632=VERTEX_POINT('',#2143);
#633=VERTEX_POINT('',#2145);
#634=VERTEX_POINT('',#2149);
#635=VERTEX_POINT('',#2151);
#636=VERTEX_POINT('',#2158);
#637=VERTEX_POINT('',#2160);
#638=VERTEX_POINT('',#2164);
#639=VERTEX_POINT('',#2166);
#640=VERTEX_POINT('',#2173);
#641=VERTEX_POINT('',#2175);
#642=VERTEX_POINT('',#2179);
#643=VERTEX_POINT('',#2181);
#644=VERTEX_POINT('',#2185);
#645=VERTEX_POINT('',#2253);
#646=VERTEX_POINT('',#2255);
#647=VERTEX_POINT('',#2259);
#648=VERTEX_POINT('',#2261);
#649=VERTEX_POINT('',#2265);
#650=VERTEX_POINT('',#2270);
#651=VERTEX_POINT('',#2279);
#652=VERTEX_POINT('',#2281);
#653=VERTEX_POINT('',#2285);
#654=VERTEX_POINT('',#2287);
#655=VERTEX_POINT('',#2291);
#656=VERTEX_POINT('',#2293);
#657=VERTEX_POINT('',#2298);
#658=VERTEX_POINT('',#2300);
#659=VERTEX_POINT('',#2308);
#660=VERTEX_POINT('',#2310);
#661=VERTEX_POINT('',#2314);
#662=VERTEX_POINT('',#2315);
#663=VERTEX_POINT('',#2318);
#664=VERTEX_POINT('',#2320);
#665=VERTEX_POINT('',#2359);
#666=VERTEX_POINT('',#2360);
#667=VERTEX_POINT('',#2400);
#668=VERTEX_POINT('',#2403);
#669=VERTEX_POINT('',#2405);
#670=VERTEX_POINT('',#2409);
#671=VERTEX_POINT('',#2414);
#672=VERTEX_POINT('',#2418);
#673=VERTEX_POINT('',#2420);
#674=VERTEX_POINT('',#2424);
#675=VERTEX_POINT('',#2427);
#676=VERTEX_POINT('',#2430);
#677=VERTEX_POINT('',#2433);
#678=VERTEX_POINT('',#2436);
#679=VERTEX_POINT('',#2439);
#680=VERTEX_POINT('',#2442);
#681=VERTEX_POINT('',#2445);
#682=VERTEX_POINT('',#2448);
#683=VERTEX_POINT('',#2451);
#684=VERTEX_POINT('',#2454);
#685=VERTEX_POINT('',#2457);
#686=VERTEX_POINT('',#2460);
#687=VERTEX_POINT('',#2463);
#688=VERTEX_POINT('',#2466);
#689=VERTEX_POINT('',#2469);
#690=VERTEX_POINT('',#2472);
#691=VERTEX_POINT('',#2474);
#692=VERTEX_POINT('',#2478);
#693=VERTEX_POINT('',#2480);
#694=VERTEX_POINT('',#2484);
#695=VERTEX_POINT('',#2486);
#696=VERTEX_POINT('',#2490);
#697=VERTEX_POINT('',#2492);
#698=VERTEX_POINT('',#2496);
#699=VERTEX_POINT('',#2498);
#700=VERTEX_POINT('',#2502);
#701=VERTEX_POINT('',#2504);
#702=VERTEX_POINT('',#2508);
#703=VERTEX_POINT('',#2510);
#704=VERTEX_POINT('',#2514);
#705=VERTEX_POINT('',#2516);
#706=VERTEX_POINT('',#2520);
#707=VERTEX_POINT('',#2522);
#708=VERTEX_POINT('',#2526);
#709=VERTEX_POINT('',#2528);
#710=VERTEX_POINT('',#2532);
#711=VERTEX_POINT('',#2534);
#712=VERTEX_POINT('',#2538);
#713=VERTEX_POINT('',#2540);
#714=VERTEX_POINT('',#2544);
#715=VERTEX_POINT('',#2546);
#716=VERTEX_POINT('',#2550);
#717=VERTEX_POINT('',#2552);
#718=VERTEX_POINT('',#2556);
#719=VERTEX_POINT('',#2558);
#720=VERTEX_POINT('',#2562);
#721=VERTEX_POINT('',#2564);
#722=VERTEX_POINT('',#2568);
#723=VERTEX_POINT('',#2570);
#724=VERTEX_POINT('',#2574);
#725=VERTEX_POINT('',#2576);
#726=VERTEX_POINT('',#2578);
#727=VERTEX_POINT('',#2582);
#728=VERTEX_POINT('',#2607);
#729=VERTEX_POINT('',#2609);
#730=VERTEX_POINT('',#2613);
#731=VERTEX_POINT('',#2615);
#732=EDGE_CURVE('',#628,#629,#619,.T.);
#733=EDGE_CURVE('',#629,#630,#547,.T.);
#734=EDGE_CURVE('',#631,#630,#620,.F.);
#735=EDGE_CURVE('',#630,#631,#621,.F.);
#736=EDGE_CURVE('',#629,#628,#622,.T.);
#737=EDGE_CURVE('',#632,#632,#201,.T.);
#738=EDGE_CURVE('',#632,#633,#548,.T.);
#739=EDGE_CURVE('',#633,#633,#202,.T.);
#740=EDGE_CURVE('',#634,#634,#203,.T.);
#741=EDGE_CURVE('',#634,#635,#549,.T.);
#742=EDGE_CURVE('',#635,#635,#204,.T.);
#743=EDGE_CURVE('',#636,#636,#205,.T.);
#744=EDGE_CURVE('',#636,#637,#550,.T.);
#745=EDGE_CURVE('',#637,#637,#206,.T.);
#746=EDGE_CURVE('',#638,#638,#207,.T.);
#747=EDGE_CURVE('',#638,#639,#551,.T.);
#748=EDGE_CURVE('',#639,#639,#208,.T.);
#749=EDGE_CURVE('',#640,#640,#209,.T.);
#750=EDGE_CURVE('',#640,#641,#210,.T.);
#751=EDGE_CURVE('',#641,#641,#211,.T.);
#752=EDGE_CURVE('',#642,#642,#212,.T.);
#753=EDGE_CURVE('',#642,#643,#552,.T.);
#754=EDGE_CURVE('',#643,#643,#213,.T.);
#755=EDGE_CURVE('',#644,#644,#623,.T.);
#756=EDGE_CURVE('',#645,#645,#214,.T.);
#757=EDGE_CURVE('',#645,#646,#215,.T.);
#758=EDGE_CURVE('',#646,#646,#216,.T.);
#759=EDGE_CURVE('',#647,#647,#217,.T.);
#760=EDGE_CURVE('',#647,#648,#218,.T.);
#761=EDGE_CURVE('',#648,#648,#219,.T.);
#762=EDGE_CURVE('',#649,#649,#220,.T.);
#763=EDGE_CURVE('',#649,#645,#553,.T.);
#764=EDGE_CURVE('',#648,#650,#554,.T.);
#765=EDGE_CURVE('',#650,#650,#221,.T.);
#766=EDGE_CURVE('',#651,#651,#222,.T.);
#767=EDGE_CURVE('',#651,#652,#555,.T.);
#768=EDGE_CURVE('',#652,#652,#223,.T.);
#769=EDGE_CURVE('',#653,#653,#224,.T.);
#770=EDGE_CURVE('',#653,#654,#556,.T.);
#771=EDGE_CURVE('',#654,#654,#225,.T.);
#772=EDGE_CURVE('',#655,#655,#226,.T.);
#773=EDGE_CURVE('',#655,#656,#557,.T.);
#774=EDGE_CURVE('',#656,#656,#227,.T.);
#775=EDGE_CURVE('',#657,#657,#228,.T.);
#776=EDGE_CURVE('',#657,#658,#229,.T.);
#777=EDGE_CURVE('',#658,#658,#230,.T.);
#778=EDGE_CURVE('',#659,#659,#231,.T.);
#779=EDGE_CURVE('',#659,#660,#232,.T.);
#780=EDGE_CURVE('',#660,#660,#233,.T.);
#781=EDGE_CURVE('',#661,#662,#234,.T.);
#782=EDGE_CURVE('',#662,#661,#235,.T.);
#783=EDGE_CURVE('',#662,#663,#558,.T.);
#784=EDGE_CURVE('',#663,#664,#624,.T.);
#785=EDGE_CURVE('',#664,#663,#625,.T.);
#786=EDGE_CURVE('',#665,#666,#626,.T.);
#787=EDGE_CURVE('',#666,#659,#559,.T.);
#788=EDGE_CURVE('',#666,#665,#627,.T.);
#789=EDGE_CURVE('',#667,#667,#236,.T.);
#790=EDGE_CURVE('',#667,#666,#560,.T.);
#791=EDGE_CURVE('',#665,#668,#561,.T.);
#792=EDGE_CURVE('',#668,#669,#237,.T.);
#793=EDGE_CURVE('',#669,#668,#238,.T.);
#794=EDGE_CURVE('',#670,#669,#239,.T.);
#795=EDGE_CURVE('',#671,#661,#240,.T.);
#796=EDGE_CURVE('',#672,#672,#241,.T.);
#797=EDGE_CURVE('',#672,#673,#562,.T.);
#798=EDGE_CURVE('',#673,#673,#242,.T.);
#799=EDGE_CURVE('',#674,#674,#243,.T.);
#800=EDGE_CURVE('',#675,#675,#244,.T.);
#801=EDGE_CURVE('',#676,#676,#245,.T.);
#802=EDGE_CURVE('',#677,#677,#246,.T.);
#803=EDGE_CURVE('',#678,#678,#247,.T.);
#804=EDGE_CURVE('',#679,#679,#248,.T.);
#805=EDGE_CURVE('',#680,#680,#249,.T.);
#806=EDGE_CURVE('',#681,#681,#250,.T.);
#807=EDGE_CURVE('',#682,#682,#251,.T.);
#808=EDGE_CURVE('',#683,#683,#252,.T.);
#809=EDGE_CURVE('',#684,#684,#253,.T.);
#810=EDGE_CURVE('',#685,#685,#254,.T.);
#811=EDGE_CURVE('',#686,#686,#255,.T.);
#812=EDGE_CURVE('',#687,#687,#256,.T.);
#813=EDGE_CURVE('',#688,#688,#257,.T.);
#814=EDGE_CURVE('',#689,#689,#258,.T.);
#815=EDGE_CURVE('',#690,#690,#259,.T.);
#816=EDGE_CURVE('',#690,#691,#563,.T.);
#817=EDGE_CURVE('',#691,#691,#260,.T.);
#818=EDGE_CURVE('',#692,#692,#261,.T.);
#819=EDGE_CURVE('',#692,#693,#564,.T.);
#820=EDGE_CURVE('',#693,#693,#262,.T.);
#821=EDGE_CURVE('',#694,#694,#263,.T.);
#822=EDGE_CURVE('',#694,#695,#565,.T.);
#823=EDGE_CURVE('',#695,#695,#264,.T.);
#824=EDGE_CURVE('',#696,#696,#265,.T.);
#825=EDGE_CURVE('',#696,#697,#566,.T.);
#826=EDGE_CURVE('',#697,#697,#266,.T.);
#827=EDGE_CURVE('',#698,#698,#267,.T.);
#828=EDGE_CURVE('',#698,#699,#567,.T.);
#829=EDGE_CURVE('',#699,#699,#268,.T.);
#830=EDGE_CURVE('',#700,#700,#269,.T.);
#831=EDGE_CURVE('',#700,#701,#568,.T.);
#832=EDGE_CURVE('',#701,#701,#270,.T.);
#833=EDGE_CURVE('',#702,#702,#271,.T.);
#834=EDGE_CURVE('',#702,#703,#569,.T.);
#835=EDGE_CURVE('',#703,#703,#272,.T.);
#836=EDGE_CURVE('',#704,#704,#273,.T.);
#837=EDGE_CURVE('',#704,#705,#570,.T.);
#838=EDGE_CURVE('',#705,#705,#274,.T.);
#839=EDGE_CURVE('',#706,#706,#275,.T.);
#840=EDGE_CURVE('',#706,#707,#571,.T.);
#841=EDGE_CURVE('',#707,#707,#276,.T.);
#842=EDGE_CURVE('',#708,#708,#277,.T.);
#843=EDGE_CURVE('',#708,#709,#572,.T.);
#844=EDGE_CURVE('',#709,#709,#278,.T.);
#845=EDGE_CURVE('',#710,#710,#279,.T.);
#846=EDGE_CURVE('',#710,#711,#573,.T.);
#847=EDGE_CURVE('',#711,#711,#280,.T.);
#848=EDGE_CURVE('',#712,#712,#281,.T.);
#849=EDGE_CURVE('',#712,#713,#574,.T.);
#850=EDGE_CURVE('',#713,#713,#282,.T.);
#851=EDGE_CURVE('',#714,#714,#283,.T.);
#852=EDGE_CURVE('',#714,#715,#575,.T.);
#853=EDGE_CURVE('',#715,#715,#284,.T.);
#854=EDGE_CURVE('',#716,#716,#285,.T.);
#855=EDGE_CURVE('',#716,#717,#576,.T.);
#856=EDGE_CURVE('',#717,#717,#286,.T.);
#857=EDGE_CURVE('',#718,#718,#287,.T.);
#858=EDGE_CURVE('',#718,#719,#577,.T.);
#859=EDGE_CURVE('',#719,#719,#288,.T.);
#860=EDGE_CURVE('',#720,#720,#289,.T.);
#861=EDGE_CURVE('',#720,#721,#578,.T.);
#862=EDGE_CURVE('',#721,#721,#290,.T.);
#863=EDGE_CURVE('',#722,#722,#291,.T.);
#864=EDGE_CURVE('',#722,#723,#579,.T.);
#865=EDGE_CURVE('',#723,#723,#292,.T.);
#866=EDGE_CURVE('',#724,#724,#293,.T.);
#867=EDGE_CURVE('',#724,#725,#294,.T.);
#868=EDGE_CURVE('',#726,#725,#295,.T.);
#869=EDGE_CURVE('',#725,#726,#296,.T.);
#870=EDGE_CURVE('',#727,#727,#297,.T.);
#871=EDGE_CURVE('',#727,#726,#580,.T.);
#872=EDGE_CURVE('',#728,#728,#298,.T.);
#873=EDGE_CURVE('',#728,#729,#581,.T.);
#874=EDGE_CURVE('',#729,#729,#299,.T.);
#875=EDGE_CURVE('',#730,#730,#300,.T.);
#876=EDGE_CURVE('',#730,#731,#582,.T.);
#877=EDGE_CURVE('',#731,#731,#301,.T.);
#878=ORIENTED_EDGE('',*,*,#732,.T.);
#879=ORIENTED_EDGE('',*,*,#733,.T.);
#880=ORIENTED_EDGE('',*,*,#734,.F.);
#881=ORIENTED_EDGE('',*,*,#735,.F.);
#882=ORIENTED_EDGE('',*,*,#733,.F.);
#883=ORIENTED_EDGE('',*,*,#736,.T.);
#884=ORIENTED_EDGE('',*,*,#737,.T.);
#885=ORIENTED_EDGE('',*,*,#738,.T.);
#886=ORIENTED_EDGE('',*,*,#739,.F.);
#887=ORIENTED_EDGE('',*,*,#738,.F.);
#888=ORIENTED_EDGE('',*,*,#732,.F.);
#889=ORIENTED_EDGE('',*,*,#736,.F.);
#890=ORIENTED_EDGE('',*,*,#740,.T.);
#891=ORIENTED_EDGE('',*,*,#741,.T.);
#892=ORIENTED_EDGE('',*,*,#742,.F.);
#893=ORIENTED_EDGE('',*,*,#741,.F.);
#894=ORIENTED_EDGE('',*,*,#734,.T.);
#895=ORIENTED_EDGE('',*,*,#735,.T.);
#896=ORIENTED_EDGE('',*,*,#742,.T.);
#897=ORIENTED_EDGE('',*,*,#737,.F.);
#898=ORIENTED_EDGE('',*,*,#740,.F.);
#899=ORIENTED_EDGE('',*,*,#739,.T.);
#900=ORIENTED_EDGE('',*,*,#743,.T.);
#901=ORIENTED_EDGE('',*,*,#744,.T.);
#902=ORIENTED_EDGE('',*,*,#745,.F.);
#903=ORIENTED_EDGE('',*,*,#744,.F.);
#904=ORIENTED_EDGE('',*,*,#746,.T.);
#905=ORIENTED_EDGE('',*,*,#747,.T.);
#906=ORIENTED_EDGE('',*,*,#748,.F.);
#907=ORIENTED_EDGE('',*,*,#747,.F.);
#908=ORIENTED_EDGE('',*,*,#748,.T.);
#909=ORIENTED_EDGE('',*,*,#743,.F.);
#910=ORIENTED_EDGE('',*,*,#746,.F.);
#911=ORIENTED_EDGE('',*,*,#745,.T.);
#912=ORIENTED_EDGE('',*,*,#749,.F.);
#913=ORIENTED_EDGE('',*,*,#750,.T.);
#914=ORIENTED_EDGE('',*,*,#751,.F.);
#915=ORIENTED_EDGE('',*,*,#750,.F.);
#916=ORIENTED_EDGE('',*,*,#752,.F.);
#917=ORIENTED_EDGE('',*,*,#753,.T.);
#918=ORIENTED_EDGE('',*,*,#754,.T.);
#919=ORIENTED_EDGE('',*,*,#753,.F.);
#920=ORIENTED_EDGE('',*,*,#755,.T.);
#921=ORIENTED_EDGE('',*,*,#756,.F.);
#922=ORIENTED_EDGE('',*,*,#757,.T.);
#923=ORIENTED_EDGE('',*,*,#758,.F.);
#924=ORIENTED_EDGE('',*,*,#757,.F.);
#925=ORIENTED_EDGE('',*,*,#759,.F.);
#926=ORIENTED_EDGE('',*,*,#760,.T.);
#927=ORIENTED_EDGE('',*,*,#761,.F.);
#928=ORIENTED_EDGE('',*,*,#760,.F.);
#929=ORIENTED_EDGE('',*,*,#762,.F.);
#930=ORIENTED_EDGE('',*,*,#763,.T.);
#931=ORIENTED_EDGE('',*,*,#756,.T.);
#932=ORIENTED_EDGE('',*,*,#763,.F.);
#933=ORIENTED_EDGE('',*,*,#758,.T.);
#934=ORIENTED_EDGE('',*,*,#755,.F.);
#935=ORIENTED_EDGE('',*,*,#761,.T.);
#936=ORIENTED_EDGE('',*,*,#764,.T.);
#937=ORIENTED_EDGE('',*,*,#765,.T.);
#938=ORIENTED_EDGE('',*,*,#764,.F.);
#939=ORIENTED_EDGE('',*,*,#759,.T.);
#940=ORIENTED_EDGE('',*,*,#751,.T.);
#941=ORIENTED_EDGE('',*,*,#762,.T.);
#942=ORIENTED_EDGE('',*,*,#765,.F.);
#943=ORIENTED_EDGE('',*,*,#749,.T.);
#944=ORIENTED_EDGE('',*,*,#754,.F.);
#945=ORIENTED_EDGE('',*,*,#752,.T.);
#946=ORIENTED_EDGE('',*,*,#766,.F.);
#947=ORIENTED_EDGE('',*,*,#767,.T.);
#948=ORIENTED_EDGE('',*,*,#768,.T.);
#949=ORIENTED_EDGE('',*,*,#767,.F.);
#950=ORIENTED_EDGE('',*,*,#769,.F.);
#951=ORIENTED_EDGE('',*,*,#770,.T.);
#952=ORIENTED_EDGE('',*,*,#771,.T.);
#953=ORIENTED_EDGE('',*,*,#770,.F.);
#954=ORIENTED_EDGE('',*,*,#772,.F.);
#955=ORIENTED_EDGE('',*,*,#773,.T.);
#956=ORIENTED_EDGE('',*,*,#774,.T.);
#957=ORIENTED_EDGE('',*,*,#773,.F.);
#958=ORIENTED_EDGE('',*,*,#772,.T.);
#959=ORIENTED_EDGE('',*,*,#768,.F.);
#960=ORIENTED_EDGE('',*,*,#775,.F.);
#961=ORIENTED_EDGE('',*,*,#776,.T.);
#962=ORIENTED_EDGE('',*,*,#777,.T.);
#963=ORIENTED_EDGE('',*,*,#776,.F.);
#964=ORIENTED_EDGE('',*,*,#775,.T.);
#965=ORIENTED_EDGE('',*,*,#774,.F.);
#966=ORIENTED_EDGE('',*,*,#771,.F.);
#967=ORIENTED_EDGE('',*,*,#766,.T.);
#968=ORIENTED_EDGE('',*,*,#777,.F.);
#969=ORIENTED_EDGE('',*,*,#769,.T.);
#970=ORIENTED_EDGE('',*,*,#778,.F.);
#971=ORIENTED_EDGE('',*,*,#779,.T.);
#972=ORIENTED_EDGE('',*,*,#780,.F.);
#973=ORIENTED_EDGE('',*,*,#779,.F.);
#974=ORIENTED_EDGE('',*,*,#781,.F.);
#975=ORIENTED_EDGE('',*,*,#782,.F.);
#976=ORIENTED_EDGE('',*,*,#783,.T.);
#977=ORIENTED_EDGE('',*,*,#784,.T.);
#978=ORIENTED_EDGE('',*,*,#785,.T.);
#979=ORIENTED_EDGE('',*,*,#783,.F.);
#980=ORIENTED_EDGE('',*,*,#786,.T.);
#981=ORIENTED_EDGE('',*,*,#787,.T.);
#982=ORIENTED_EDGE('',*,*,#778,.T.);
#983=ORIENTED_EDGE('',*,*,#787,.F.);
#984=ORIENTED_EDGE('',*,*,#788,.T.);
#985=ORIENTED_EDGE('',*,*,#789,.F.);
#986=ORIENTED_EDGE('',*,*,#790,.T.);
#987=ORIENTED_EDGE('',*,*,#786,.F.);
#988=ORIENTED_EDGE('',*,*,#791,.T.);
#989=ORIENTED_EDGE('',*,*,#792,.T.);
#990=ORIENTED_EDGE('',*,*,#793,.T.);
#991=ORIENTED_EDGE('',*,*,#791,.F.);
#992=ORIENTED_EDGE('',*,*,#788,.F.);
#993=ORIENTED_EDGE('',*,*,#790,.F.);
#994=ORIENTED_EDGE('',*,*,#785,.F.);
#995=ORIENTED_EDGE('',*,*,#784,.F.);
#996=ORIENTED_EDGE('',*,*,#793,.F.);
#997=ORIENTED_EDGE('',*,*,#794,.F.);
#998=ORIENTED_EDGE('',*,*,#794,.T.);
#999=ORIENTED_EDGE('',*,*,#792,.F.);
#1000=ORIENTED_EDGE('',*,*,#789,.T.);
#1001=ORIENTED_EDGE('',*,*,#780,.T.);
#1002=ORIENTED_EDGE('',*,*,#781,.T.);
#1003=ORIENTED_EDGE('',*,*,#782,.T.);
#1004=ORIENTED_EDGE('',*,*,#795,.F.);
#1005=ORIENTED_EDGE('',*,*,#795,.T.);
#1006=ORIENTED_EDGE('',*,*,#796,.F.);
#1007=ORIENTED_EDGE('',*,*,#797,.T.);
#1008=ORIENTED_EDGE('',*,*,#798,.T.);
#1009=ORIENTED_EDGE('',*,*,#797,.F.);
#1010=ORIENTED_EDGE('',*,*,#799,.F.);
#1011=ORIENTED_EDGE('',*,*,#800,.F.);
#1012=ORIENTED_EDGE('',*,*,#801,.F.);
#1013=ORIENTED_EDGE('',*,*,#802,.F.);
#1014=ORIENTED_EDGE('',*,*,#803,.F.);
#1015=ORIENTED_EDGE('',*,*,#804,.F.);
#1016=ORIENTED_EDGE('',*,*,#805,.F.);
#1017=ORIENTED_EDGE('',*,*,#806,.F.);
#1018=ORIENTED_EDGE('',*,*,#807,.F.);
#1019=ORIENTED_EDGE('',*,*,#808,.F.);
#1020=ORIENTED_EDGE('',*,*,#809,.F.);
#1021=ORIENTED_EDGE('',*,*,#810,.F.);
#1022=ORIENTED_EDGE('',*,*,#811,.F.);
#1023=ORIENTED_EDGE('',*,*,#812,.F.);
#1024=ORIENTED_EDGE('',*,*,#813,.F.);
#1025=ORIENTED_EDGE('',*,*,#814,.F.);
#1026=ORIENTED_EDGE('',*,*,#815,.T.);
#1027=ORIENTED_EDGE('',*,*,#816,.T.);
#1028=ORIENTED_EDGE('',*,*,#817,.F.);
#1029=ORIENTED_EDGE('',*,*,#816,.F.);
#1030=ORIENTED_EDGE('',*,*,#818,.T.);
#1031=ORIENTED_EDGE('',*,*,#819,.T.);
#1032=ORIENTED_EDGE('',*,*,#820,.F.);
#1033=ORIENTED_EDGE('',*,*,#819,.F.);
#1034=ORIENTED_EDGE('',*,*,#821,.T.);
#1035=ORIENTED_EDGE('',*,*,#822,.T.);
#1036=ORIENTED_EDGE('',*,*,#823,.F.);
#1037=ORIENTED_EDGE('',*,*,#822,.F.);
#1038=ORIENTED_EDGE('',*,*,#824,.T.);
#1039=ORIENTED_EDGE('',*,*,#825,.T.);
#1040=ORIENTED_EDGE('',*,*,#826,.F.);
#1041=ORIENTED_EDGE('',*,*,#825,.F.);
#1042=ORIENTED_EDGE('',*,*,#827,.T.);
#1043=ORIENTED_EDGE('',*,*,#828,.T.);
#1044=ORIENTED_EDGE('',*,*,#829,.F.);
#1045=ORIENTED_EDGE('',*,*,#828,.F.);
#1046=ORIENTED_EDGE('',*,*,#830,.T.);
#1047=ORIENTED_EDGE('',*,*,#831,.T.);
#1048=ORIENTED_EDGE('',*,*,#832,.F.);
#1049=ORIENTED_EDGE('',*,*,#831,.F.);
#1050=ORIENTED_EDGE('',*,*,#833,.T.);
#1051=ORIENTED_EDGE('',*,*,#834,.T.);
#1052=ORIENTED_EDGE('',*,*,#835,.F.);
#1053=ORIENTED_EDGE('',*,*,#834,.F.);
#1054=ORIENTED_EDGE('',*,*,#836,.T.);
#1055=ORIENTED_EDGE('',*,*,#837,.T.);
#1056=ORIENTED_EDGE('',*,*,#838,.F.);
#1057=ORIENTED_EDGE('',*,*,#837,.F.);
#1058=ORIENTED_EDGE('',*,*,#839,.T.);
#1059=ORIENTED_EDGE('',*,*,#840,.T.);
#1060=ORIENTED_EDGE('',*,*,#841,.F.);
#1061=ORIENTED_EDGE('',*,*,#840,.F.);
#1062=ORIENTED_EDGE('',*,*,#842,.T.);
#1063=ORIENTED_EDGE('',*,*,#843,.T.);
#1064=ORIENTED_EDGE('',*,*,#844,.F.);
#1065=ORIENTED_EDGE('',*,*,#843,.F.);
#1066=ORIENTED_EDGE('',*,*,#845,.T.);
#1067=ORIENTED_EDGE('',*,*,#846,.T.);
#1068=ORIENTED_EDGE('',*,*,#847,.F.);
#1069=ORIENTED_EDGE('',*,*,#846,.F.);
#1070=ORIENTED_EDGE('',*,*,#848,.T.);
#1071=ORIENTED_EDGE('',*,*,#849,.T.);
#1072=ORIENTED_EDGE('',*,*,#850,.F.);
#1073=ORIENTED_EDGE('',*,*,#849,.F.);
#1074=ORIENTED_EDGE('',*,*,#851,.T.);
#1075=ORIENTED_EDGE('',*,*,#852,.T.);
#1076=ORIENTED_EDGE('',*,*,#853,.F.);
#1077=ORIENTED_EDGE('',*,*,#852,.F.);
#1078=ORIENTED_EDGE('',*,*,#854,.T.);
#1079=ORIENTED_EDGE('',*,*,#855,.T.);
#1080=ORIENTED_EDGE('',*,*,#856,.F.);
#1081=ORIENTED_EDGE('',*,*,#855,.F.);
#1082=ORIENTED_EDGE('',*,*,#857,.T.);
#1083=ORIENTED_EDGE('',*,*,#858,.T.);
#1084=ORIENTED_EDGE('',*,*,#859,.F.);
#1085=ORIENTED_EDGE('',*,*,#858,.F.);
#1086=ORIENTED_EDGE('',*,*,#860,.T.);
#1087=ORIENTED_EDGE('',*,*,#861,.T.);
#1088=ORIENTED_EDGE('',*,*,#862,.F.);
#1089=ORIENTED_EDGE('',*,*,#861,.F.);
#1090=ORIENTED_EDGE('',*,*,#863,.T.);
#1091=ORIENTED_EDGE('',*,*,#864,.T.);
#1092=ORIENTED_EDGE('',*,*,#865,.F.);
#1093=ORIENTED_EDGE('',*,*,#864,.F.);
#1094=ORIENTED_EDGE('',*,*,#866,.F.);
#1095=ORIENTED_EDGE('',*,*,#867,.T.);
#1096=ORIENTED_EDGE('',*,*,#868,.F.);
#1097=ORIENTED_EDGE('',*,*,#869,.F.);
#1098=ORIENTED_EDGE('',*,*,#867,.F.);
#1099=ORIENTED_EDGE('',*,*,#870,.T.);
#1100=ORIENTED_EDGE('',*,*,#871,.T.);
#1101=ORIENTED_EDGE('',*,*,#868,.T.);
#1102=ORIENTED_EDGE('',*,*,#869,.T.);
#1103=ORIENTED_EDGE('',*,*,#871,.F.);
#1104=ORIENTED_EDGE('',*,*,#817,.T.);
#1105=ORIENTED_EDGE('',*,*,#799,.T.);
#1106=ORIENTED_EDGE('',*,*,#862,.T.);
#1107=ORIENTED_EDGE('',*,*,#800,.T.);
#1108=ORIENTED_EDGE('',*,*,#859,.T.);
#1109=ORIENTED_EDGE('',*,*,#801,.T.);
#1110=ORIENTED_EDGE('',*,*,#856,.T.);
#1111=ORIENTED_EDGE('',*,*,#802,.T.);
#1112=ORIENTED_EDGE('',*,*,#853,.T.);
#1113=ORIENTED_EDGE('',*,*,#803,.T.);
#1114=ORIENTED_EDGE('',*,*,#850,.T.);
#1115=ORIENTED_EDGE('',*,*,#804,.T.);
#1116=ORIENTED_EDGE('',*,*,#847,.T.);
#1117=ORIENTED_EDGE('',*,*,#805,.T.);
#1118=ORIENTED_EDGE('',*,*,#844,.T.);
#1119=ORIENTED_EDGE('',*,*,#806,.T.);
#1120=ORIENTED_EDGE('',*,*,#841,.T.);
#1121=ORIENTED_EDGE('',*,*,#807,.T.);
#1122=ORIENTED_EDGE('',*,*,#838,.T.);
#1123=ORIENTED_EDGE('',*,*,#808,.T.);
#1124=ORIENTED_EDGE('',*,*,#835,.T.);
#1125=ORIENTED_EDGE('',*,*,#809,.T.);
#1126=ORIENTED_EDGE('',*,*,#832,.T.);
#1127=ORIENTED_EDGE('',*,*,#810,.T.);
#1128=ORIENTED_EDGE('',*,*,#829,.T.);
#1129=ORIENTED_EDGE('',*,*,#811,.T.);
#1130=ORIENTED_EDGE('',*,*,#826,.T.);
#1131=ORIENTED_EDGE('',*,*,#812,.T.);
#1132=ORIENTED_EDGE('',*,*,#823,.T.);
#1133=ORIENTED_EDGE('',*,*,#813,.T.);
#1134=ORIENTED_EDGE('',*,*,#866,.T.);
#1135=ORIENTED_EDGE('',*,*,#863,.F.);
#1136=ORIENTED_EDGE('',*,*,#870,.F.);
#1137=ORIENTED_EDGE('',*,*,#798,.F.);
#1138=ORIENTED_EDGE('',*,*,#865,.T.);
#1139=ORIENTED_EDGE('',*,*,#815,.F.);
#1140=ORIENTED_EDGE('',*,*,#818,.F.);
#1141=ORIENTED_EDGE('',*,*,#821,.F.);
#1142=ORIENTED_EDGE('',*,*,#824,.F.);
#1143=ORIENTED_EDGE('',*,*,#827,.F.);
#1144=ORIENTED_EDGE('',*,*,#830,.F.);
#1145=ORIENTED_EDGE('',*,*,#833,.F.);
#1146=ORIENTED_EDGE('',*,*,#836,.F.);
#1147=ORIENTED_EDGE('',*,*,#839,.F.);
#1148=ORIENTED_EDGE('',*,*,#842,.F.);
#1149=ORIENTED_EDGE('',*,*,#845,.F.);
#1150=ORIENTED_EDGE('',*,*,#848,.F.);
#1151=ORIENTED_EDGE('',*,*,#851,.F.);
#1152=ORIENTED_EDGE('',*,*,#854,.F.);
#1153=ORIENTED_EDGE('',*,*,#857,.F.);
#1154=ORIENTED_EDGE('',*,*,#860,.F.);
#1155=ORIENTED_EDGE('',*,*,#820,.T.);
#1156=ORIENTED_EDGE('',*,*,#814,.T.);
#1157=ORIENTED_EDGE('',*,*,#796,.T.);
#1158=ORIENTED_EDGE('',*,*,#872,.T.);
#1159=ORIENTED_EDGE('',*,*,#873,.T.);
#1160=ORIENTED_EDGE('',*,*,#874,.F.);
#1161=ORIENTED_EDGE('',*,*,#873,.F.);
#1162=ORIENTED_EDGE('',*,*,#875,.T.);
#1163=ORIENTED_EDGE('',*,*,#876,.T.);
#1164=ORIENTED_EDGE('',*,*,#877,.F.);
#1165=ORIENTED_EDGE('',*,*,#876,.F.);
#1166=ORIENTED_EDGE('',*,*,#877,.T.);
#1167=ORIENTED_EDGE('',*,*,#872,.F.);
#1168=ORIENTED_EDGE('',*,*,#875,.F.);
#1169=ORIENTED_EDGE('',*,*,#874,.T.);
#1170=CYLINDRICAL_SURFACE('',#1389,0.02344);
#1171=CYLINDRICAL_SURFACE('',#1390,0.126625);
#1172=CYLINDRICAL_SURFACE('',#1393,0.140625);
#1173=CYLINDRICAL_SURFACE('',#1399,0.09);
#1174=CYLINDRICAL_SURFACE('',#1402,0.125);
#1175=CYLINDRICAL_SURFACE('',#1412,0.205);
#1176=CYLINDRICAL_SURFACE('',#1415,0.1435);
#1177=CYLINDRICAL_SURFACE('',#1424,0.625000000000001);
#1178=CYLINDRICAL_SURFACE('',#1427,0.525000000000001);
#1179=CYLINDRICAL_SURFACE('',#1434,0.05);
#1180=CYLINDRICAL_SURFACE('',#1437,0.2);
#1181=CYLINDRICAL_SURFACE('',#1456,0.03125);
#1182=CYLINDRICAL_SURFACE('',#1459,0.03125);
#1183=CYLINDRICAL_SURFACE('',#1460,0.048);
#1184=CYLINDRICAL_SURFACE('',#1471,0.1525);
#1185=CYLINDRICAL_SURFACE('',#1506,0.0625);
#1186=CYLINDRICAL_SURFACE('',#1509,0.0625);
#1187=CYLINDRICAL_SURFACE('',#1512,0.0625);
#1188=CYLINDRICAL_SURFACE('',#1515,0.0625);
#1189=CYLINDRICAL_SURFACE('',#1518,0.0625);
#1190=CYLINDRICAL_SURFACE('',#1521,0.0625);
#1191=CYLINDRICAL_SURFACE('',#1524,0.0625);
#1192=CYLINDRICAL_SURFACE('',#1527,0.0625);
#1193=CYLINDRICAL_SURFACE('',#1530,0.0625);
#1194=CYLINDRICAL_SURFACE('',#1533,0.0625);
#1195=CYLINDRICAL_SURFACE('',#1536,0.0625);
#1196=CYLINDRICAL_SURFACE('',#1539,0.0625);
#1197=CYLINDRICAL_SURFACE('',#1542,0.0625);
#1198=CYLINDRICAL_SURFACE('',#1545,0.0625);
#1199=CYLINDRICAL_SURFACE('',#1548,0.0625);
#1200=CYLINDRICAL_SURFACE('',#1551,0.0625000000000001);
#1201=CYLINDRICAL_SURFACE('',#1554,0.75);
#1202=CYLINDRICAL_SURFACE('',#1562,0.95);
#1203=CYLINDRICAL_SURFACE('',#1585,0.126625);
#1204=CYLINDRICAL_SURFACE('',#1588,0.140625);
#1205=ADVANCED_FACE('',(#302),#1170,.F.);
#1206=ADVANCED_FACE('',(#303,#150),#1171,.F.);
#1207=ADVANCED_FACE('',(#304,#151),#1172,.T.);
#1208=ADVANCED_FACE('',(#305,#152),#116,.T.);
#1209=ADVANCED_FACE('',(#306,#153),#117,.F.);
#1210=ADVANCED_FACE('',(#307),#1173,.F.);
#1211=ADVANCED_FACE('',(#308),#1174,.T.);
#1212=ADVANCED_FACE('',(#309,#154),#118,.T.);
#1213=ADVANCED_FACE('',(#310,#155),#119,.F.);
#1214=ADVANCED_FACE('',(#311),#62,.F.);
#1215=ADVANCED_FACE('',(#312),#1175,.F.);
#1216=ADVANCED_FACE('',(#313),#1176,.F.);
#1217=ADVANCED_FACE('',(#314),#63,.T.);
#1218=ADVANCED_FACE('',(#315),#64,.F.);
#1219=ADVANCED_FACE('',(#316),#1177,.T.);
#1220=ADVANCED_FACE('',(#317,#156),#40,.T.);
#1221=ADVANCED_FACE('',(#318),#1178,.F.);
#1222=ADVANCED_FACE('',(#319,#157),#41,.F.);
#1223=ADVANCED_FACE('',(#320,#158),#120,.F.);
#1224=ADVANCED_FACE('',(#321,#159),#121,.F.);
#1225=ADVANCED_FACE('',(#322),#122,.F.);
#1226=ADVANCED_FACE('',(#323),#1179,.F.);
#1227=ADVANCED_FACE('',(#324),#1180,.T.);
#1228=ADVANCED_FACE('',(#325),#39,.F.);
#1229=ADVANCED_FACE('',(#326,#160),#42,.F.);
#1230=ADVANCED_FACE('',(#327),#43,.T.);
#1231=ADVANCED_FACE('',(#328,#161),#123,.F.);
#1232=ADVANCED_FACE('',(#329,#162),#124,.T.);
#1233=ADVANCED_FACE('',(#330,#163),#125,.T.);
#1234=ADVANCED_FACE('',(#331),#65,.T.);
#1235=ADVANCED_FACE('',(#332),#1181,.T.);
#1236=ADVANCED_FACE('',(#333),#1182,.T.);
#1237=ADVANCED_FACE('',(#334,#164),#1183,.T.);
#1238=ADVANCED_FACE('',(#335),#44,.T.);
#1239=ADVANCED_FACE('',(#336),#126,.T.);
#1240=ADVANCED_FACE('',(#337),#127,.F.);
#1241=ADVANCED_FACE('',(#338),#45,.T.);
#1242=ADVANCED_FACE('',(#339),#1184,.F.);
#1243=ADVANCED_FACE('',(#340),#46,.T.);
#1244=ADVANCED_FACE('',(#341),#47,.T.);
#1245=ADVANCED_FACE('',(#342),#48,.T.);
#1246=ADVANCED_FACE('',(#343),#49,.T.);
#1247=ADVANCED_FACE('',(#344),#50,.T.);
#1248=ADVANCED_FACE('',(#345),#51,.T.);
#1249=ADVANCED_FACE('',(#346),#52,.T.);
#1250=ADVANCED_FACE('',(#347),#53,.T.);
#1251=ADVANCED_FACE('',(#348),#54,.T.);
#1252=ADVANCED_FACE('',(#349),#55,.T.);
#1253=ADVANCED_FACE('',(#350),#56,.T.);
#1254=ADVANCED_FACE('',(#351),#57,.T.);
#1255=ADVANCED_FACE('',(#352),#58,.T.);
#1256=ADVANCED_FACE('',(#353),#59,.T.);
#1257=ADVANCED_FACE('',(#354),#60,.T.);
#1258=ADVANCED_FACE('',(#355),#61,.T.);
#1259=ADVANCED_FACE('',(#356),#1185,.T.);
#1260=ADVANCED_FACE('',(#357),#1186,.T.);
#1261=ADVANCED_FACE('',(#358),#1187,.T.);
#1262=ADVANCED_FACE('',(#359),#1188,.T.);
#1263=ADVANCED_FACE('',(#360),#1189,.T.);
#1264=ADVANCED_FACE('',(#361),#1190,.T.);
#1265=ADVANCED_FACE('',(#362),#1191,.T.);
#1266=ADVANCED_FACE('',(#363),#1192,.T.);
#1267=ADVANCED_FACE('',(#364),#1193,.T.);
#1268=ADVANCED_FACE('',(#365),#1194,.T.);
#1269=ADVANCED_FACE('',(#366),#1195,.T.);
#1270=ADVANCED_FACE('',(#367),#1196,.T.);
#1271=ADVANCED_FACE('',(#368),#1197,.T.);
#1272=ADVANCED_FACE('',(#369),#1198,.T.);
#1273=ADVANCED_FACE('',(#370),#1199,.T.);
#1274=ADVANCED_FACE('',(#371),#1200,.T.);
#1275=ADVANCED_FACE('',(#372),#1201,.T.);
#1276=ADVANCED_FACE('',(#373),#66,.T.);
#1277=ADVANCED_FACE('',(#374),#1202,.T.);
#1278=ADVANCED_FACE('',(#375,#165),#128,.T.);
#1279=ADVANCED_FACE('',(#376,#166),#129,.T.);
#1280=ADVANCED_FACE('',(#377,#167),#130,.T.);
#1281=ADVANCED_FACE('',(#378,#168),#131,.T.);
#1282=ADVANCED_FACE('',(#379,#169),#132,.T.);
#1283=ADVANCED_FACE('',(#380,#170),#133,.T.);
#1284=ADVANCED_FACE('',(#381,#171),#134,.T.);
#1285=ADVANCED_FACE('',(#382,#172),#135,.T.);
#1286=ADVANCED_FACE('',(#383,#173),#136,.T.);
#1287=ADVANCED_FACE('',(#384,#174),#137,.T.);
#1288=ADVANCED_FACE('',(#385,#175),#138,.T.);
#1289=ADVANCED_FACE('',(#386,#176),#139,.T.);
#1290=ADVANCED_FACE('',(#387,#177),#140,.T.);
#1291=ADVANCED_FACE('',(#388,#178),#141,.T.);
#1292=ADVANCED_FACE('',(#389,#179),#142,.T.);
#1293=ADVANCED_FACE('',(#390,#180),#143,.T.);
#1294=ADVANCED_FACE('',(#391,#181),#144,.F.);
#1295=ADVANCED_FACE('',(#392,#182,#183,#184,#185,#186,#187,#188,#189,#190,
#191,#192,#193,#194,#195,#196,#197),#145,.T.);
#1296=ADVANCED_FACE('',(#393,#198),#146,.T.);
#1297=ADVANCED_FACE('',(#394),#147,.F.);
#1298=ADVANCED_FACE('',(#395),#1203,.F.);
#1299=ADVANCED_FACE('',(#396),#1204,.T.);
#1300=ADVANCED_FACE('',(#397,#199),#148,.T.);
#1301=ADVANCED_FACE('',(#398,#200),#149,.F.);
#1302=CLOSED_SHELL('',(#1205,#1206,#1207,#1208,#1209));
#1303=CLOSED_SHELL('',(#1210,#1211,#1212,#1213));
#1304=CLOSED_SHELL('',(#1214,#1215,#1216,#1217,#1218,#1219,#1220,#1221,
#1222,#1223,#1224,#1225));
#1305=CLOSED_SHELL('',(#1226,#1227,#1228,#1229,#1230,#1231,#1232,#1233));
#1306=CLOSED_SHELL('',(#1234,#1235,#1236,#1237,#1238,#1239,#1240,#1241));
#1307=CLOSED_SHELL('',(#1242,#1243,#1244,#1245,#1246,#1247,#1248,#1249,
#1250,#1251,#1252,#1253,#1254,#1255,#1256,#1257,#1258,#1259,#1260,#1261,
#1262,#1263,#1264,#1265,#1266,#1267,#1268,#1269,#1270,#1271,#1272,#1273,
#1274,#1275,#1276,#1277,#1278,#1279,#1280,#1281,#1282,#1283,#1284,#1285,
#1286,#1287,#1288,#1289,#1290,#1291,#1292,#1293,#1294,#1295,#1296,#1297));
#1308=CLOSED_SHELL('',(#1298,#1299,#1300,#1301));
#1309=DERIVED_UNIT_ELEMENT(#1323,1.);
#1310=DERIVED_UNIT_ELEMENT(#2648,-3.);
#1311=DERIVED_UNIT_ELEMENT(#1323,1.);
#1312=DERIVED_UNIT_ELEMENT(#2648,-3.);
#1313=DERIVED_UNIT_ELEMENT(#1323,1.);
#1314=DERIVED_UNIT_ELEMENT(#2648,-3.);
#1315=DERIVED_UNIT_ELEMENT(#1323,1.);
#1316=DERIVED_UNIT_ELEMENT(#2648,-3.);
#1317=DERIVED_UNIT_ELEMENT(#1323,1.);
#1318=DERIVED_UNIT_ELEMENT(#2648,-3.);
#1319=DERIVED_UNIT_ELEMENT(#1323,1.);
#1320=DERIVED_UNIT_ELEMENT(#2648,-3.);
#1321=DERIVED_UNIT_ELEMENT(#1323,1.);
#1322=DERIVED_UNIT_ELEMENT(#2648,-3.);
#1323=(
MASS_UNIT()
NAMED_UNIT(*)
SI_UNIT(.KILO.,.GRAM.)
);
#1324=DERIVED_UNIT((#1309,#1310));
#1325=DERIVED_UNIT((#1311,#1312));
#1326=DERIVED_UNIT((#1313,#1314));
#1327=DERIVED_UNIT((#1315,#1316));
#1328=DERIVED_UNIT((#1317,#1318));
#1329=DERIVED_UNIT((#1319,#1320));
#1330=DERIVED_UNIT((#1321,#1322));
#1331=MEASURE_REPRESENTATION_ITEM('density measure',
POSITIVE_RATIO_MEASURE(7850.),#1324);
#1332=MEASURE_REPRESENTATION_ITEM('density measure',
POSITIVE_RATIO_MEASURE(7850.),#1325);
#1333=MEASURE_REPRESENTATION_ITEM('density measure',
POSITIVE_RATIO_MEASURE(7850.),#1326);
#1334=MEASURE_REPRESENTATION_ITEM('density measure',
POSITIVE_RATIO_MEASURE(7850.),#1327);
#1335=MEASURE_REPRESENTATION_ITEM('density measure',
POSITIVE_RATIO_MEASURE(7850.),#1328);
#1336=MEASURE_REPRESENTATION_ITEM('density measure',
POSITIVE_RATIO_MEASURE(7850.),#1329);
#1337=MEASURE_REPRESENTATION_ITEM('density measure',
POSITIVE_RATIO_MEASURE(7850.),#1330);
#1338=PROPERTY_DEFINITION_REPRESENTATION(#1373,#1352);
#1339=PROPERTY_DEFINITION_REPRESENTATION(#1374,#1353);
#1340=PROPERTY_DEFINITION_REPRESENTATION(#1375,#1354);
#1341=PROPERTY_DEFINITION_REPRESENTATION(#1376,#1355);
#1342=PROPERTY_DEFINITION_REPRESENTATION(#1377,#1356);
#1343=PROPERTY_DEFINITION_REPRESENTATION(#1378,#1357);
#1344=PROPERTY_DEFINITION_REPRESENTATION(#1379,#1358);
#1345=PROPERTY_DEFINITION_REPRESENTATION(#1380,#1359);
#1346=PROPERTY_DEFINITION_REPRESENTATION(#1381,#1360);
#1347=PROPERTY_DEFINITION_REPRESENTATION(#1382,#1361);
#1348=PROPERTY_DEFINITION_REPRESENTATION(#1383,#1362);
#1349=PROPERTY_DEFINITION_REPRESENTATION(#1384,#1363);
#1350=PROPERTY_DEFINITION_REPRESENTATION(#1385,#1364);
#1351=PROPERTY_DEFINITION_REPRESENTATION(#1386,#1365);
#1352=REPRESENTATION('material name',(#1366),#2637);
#1353=REPRESENTATION('density',(#1331),#2637);
#1354=REPRESENTATION('material name',(#1367),#2638);
#1355=REPRESENTATION('density',(#1332),#2638);
#1356=REPRESENTATION('material name',(#1368),#2639);
#1357=REPRESENTATION('density',(#1333),#2639);
#1358=REPRESENTATION('material name',(#1369),#2640);
#1359=REPRESENTATION('density',(#1334),#2640);
#1360=REPRESENTATION('material name',(#1370),#2641);
#1361=REPRESENTATION('density',(#1335),#2641);
#1362=REPRESENTATION('material name',(#1371),#2642);
#1363=REPRESENTATION('density',(#1336),#2642);
#1364=REPRESENTATION('material name',(#1372),#2643);
#1365=REPRESENTATION('density',(#1337),#2643);
#1366=DESCRIPTIVE_REPRESENTATION_ITEM('Steel','Steel');
#1367=DESCRIPTIVE_REPRESENTATION_ITEM('Steel','Steel');
#1368=DESCRIPTIVE_REPRESENTATION_ITEM('Steel','Steel');
#1369=DESCRIPTIVE_REPRESENTATION_ITEM('Steel','Steel');
#1370=DESCRIPTIVE_REPRESENTATION_ITEM('Steel','Steel');
#1371=DESCRIPTIVE_REPRESENTATION_ITEM('Steel','Steel');
#1372=DESCRIPTIVE_REPRESENTATION_ITEM('Steel','Steel');
#1373=PROPERTY_DEFINITION('material property','material name',#2685);
#1374=PROPERTY_DEFINITION('material property','density of part',#2685);
#1375=PROPERTY_DEFINITION('material property','material name',#2686);
#1376=PROPERTY_DEFINITION('material property','density of part',#2686);
#1377=PROPERTY_DEFINITION('material property','material name',#2687);
#1378=PROPERTY_DEFINITION('material property','density of part',#2687);
#1379=PROPERTY_DEFINITION('material property','material name',#2688);
#1380=PROPERTY_DEFINITION('material property','density of part',#2688);
#1381=PROPERTY_DEFINITION('material property','material name',#2689);
#1382=PROPERTY_DEFINITION('material property','density of part',#2689);
#1383=PROPERTY_DEFINITION('material property','material name',#2690);
#1384=PROPERTY_DEFINITION('material property','density of part',#2690);
#1385=PROPERTY_DEFINITION('material property','material name',#2691);
#1386=PROPERTY_DEFINITION('material property','density of part',#2691);
#1387=AXIS2_PLACEMENT_3D('',#2062,#1600,#1601);
#1388=AXIS2_PLACEMENT_3D('',#2063,#1602,#1603);
#1389=AXIS2_PLACEMENT_3D('',#2064,#1604,#1605);
#1390=AXIS2_PLACEMENT_3D('',#2142,#1607,#1608);
#1391=AXIS2_PLACEMENT_3D('',#2144,#1609,#1610);
#1392=AXIS2_PLACEMENT_3D('',#2147,#1612,#1613);
#1393=AXIS2_PLACEMENT_3D('',#2148,#1614,#1615);
#1394=AXIS2_PLACEMENT_3D('',#2150,#1616,#1617);
#1395=AXIS2_PLACEMENT_3D('',#2153,#1619,#1620);
#1396=AXIS2_PLACEMENT_3D('',#2154,#1621,#1622);
#1397=AXIS2_PLACEMENT_3D('',#2155,#1623,#1624);
#1398=AXIS2_PLACEMENT_3D('',#2156,#1625,#1626);
#1399=AXIS2_PLACEMENT_3D('',#2157,#1627,#1628);
#1400=AXIS2_PLACEMENT_3D('',#2159,#1629,#1630);
#1401=AXIS2_PLACEMENT_3D('',#2162,#1632,#1633);
#1402=AXIS2_PLACEMENT_3D('',#2163,#1634,#1635);
#1403=AXIS2_PLACEMENT_3D('',#2165,#1636,#1637);
#1404=AXIS2_PLACEMENT_3D('',#2168,#1639,#1640);
#1405=AXIS2_PLACEMENT_3D('',#2169,#1641,#1642);
#1406=AXIS2_PLACEMENT_3D('',#2170,#1643,#1644);
#1407=AXIS2_PLACEMENT_3D('',#2171,#1645,#1646);
#1408=AXIS2_PLACEMENT_3D('',#2172,#1647,#1648);
#1409=AXIS2_PLACEMENT_3D('',#2174,#1649,#1650);
#1410=AXIS2_PLACEMENT_3D('',#2176,#1651,#1652);
#1411=AXIS2_PLACEMENT_3D('',#2177,#1653,#1654);
#1412=AXIS2_PLACEMENT_3D('',#2178,#1655,#1656);
#1413=AXIS2_PLACEMENT_3D('',#2180,#1657,#1658);
#1414=AXIS2_PLACEMENT_3D('',#2183,#1660,#1661);
#1415=AXIS2_PLACEMENT_3D('',#2184,#1662,#1663);
#1416=AXIS2_PLACEMENT_3D('',#2252,#1664,#1665);
#1417=AXIS2_PLACEMENT_3D('',#2254,#1666,#1667);
#1418=AXIS2_PLACEMENT_3D('',#2256,#1668,#1669);
#1419=AXIS2_PLACEMENT_3D('',#2257,#1670,#1671);
#1420=AXIS2_PLACEMENT_3D('',#2258,#1672,#1673);
#1421=AXIS2_PLACEMENT_3D('',#2260,#1674,#1675);
#1422=AXIS2_PLACEMENT_3D('',#2262,#1676,#1677);
#1423=AXIS2_PLACEMENT_3D('',#2263,#1678,#1679);
#1424=AXIS2_PLACEMENT_3D('',#2264,#1680,#1681);
#1425=AXIS2_PLACEMENT_3D('',#2266,#1682,#1683);
#1426=AXIS2_PLACEMENT_3D('',#2268,#1685,#1686);
#1427=AXIS2_PLACEMENT_3D('',#2269,#1687,#1688);
#1428=AXIS2_PLACEMENT_3D('',#2272,#1690,#1691);
#1429=AXIS2_PLACEMENT_3D('',#2273,#1692,#1693);
#1430=AXIS2_PLACEMENT_3D('',#2274,#1694,#1695);
#1431=AXIS2_PLACEMENT_3D('',#2275,#1696,#1697);
#1432=AXIS2_PLACEMENT_3D('',#2276,#1698,#1699);
#1433=AXIS2_PLACEMENT_3D('',#2277,#1700,#1701);
#1434=AXIS2_PLACEMENT_3D('',#2278,#1702,#1703);
#1435=AXIS2_PLACEMENT_3D('',#2280,#1704,#1705);
#1436=AXIS2_PLACEMENT_3D('',#2283,#1707,#1708);
#1437=AXIS2_PLACEMENT_3D('',#2284,#1709,#1710);
#1438=AXIS2_PLACEMENT_3D('',#2286,#1711,#1712);
#1439=AXIS2_PLACEMENT_3D('',#2289,#1714,#1715);
#1440=AXIS2_PLACEMENT_3D('',#2290,#1716,#1717);
#1441=AXIS2_PLACEMENT_3D('',#2292,#1718,#1719);
#1442=AXIS2_PLACEMENT_3D('',#2295,#1721,#1722);
#1443=AXIS2_PLACEMENT_3D('',#2296,#1723,#1724);
#1444=AXIS2_PLACEMENT_3D('',#2297,#1725,#1726);
#1445=AXIS2_PLACEMENT_3D('',#2299,#1727,#1728);
#1446=AXIS2_PLACEMENT_3D('',#2301,#1729,#1730);
#1447=AXIS2_PLACEMENT_3D('',#2302,#1731,#1732);
#1448=AXIS2_PLACEMENT_3D('',#2303,#1733,#1734);
#1449=AXIS2_PLACEMENT_3D('',#2304,#1735,#1736);
#1450=AXIS2_PLACEMENT_3D('',#2305,#1737,#1738);
#1451=AXIS2_PLACEMENT_3D('',#2306,#1739,#1740);
#1452=AXIS2_PLACEMENT_3D('',#2307,#1741,#1742);
#1453=AXIS2_PLACEMENT_3D('',#2309,#1743,#1744);
#1454=AXIS2_PLACEMENT_3D('',#2311,#1745,#1746);
#1455=AXIS2_PLACEMENT_3D('',#2312,#1747,#1748);
#1456=AXIS2_PLACEMENT_3D('',#2313,#1749,#1750);
#1457=AXIS2_PLACEMENT_3D('',#2316,#1751,#1752);
#1458=AXIS2_PLACEMENT_3D('',#2317,#1753,#1754);
#1459=AXIS2_PLACEMENT_3D('',#2358,#1756,#1757);
#1460=AXIS2_PLACEMENT_3D('',#2399,#1759,#1760);
#1461=AXIS2_PLACEMENT_3D('',#2401,#1761,#1762);
#1462=AXIS2_PLACEMENT_3D('',#2406,#1765,#1766);
#1463=AXIS2_PLACEMENT_3D('',#2407,#1767,#1768);
#1464=AXIS2_PLACEMENT_3D('',#2408,#1769,#1770);
#1465=AXIS2_PLACEMENT_3D('',#2410,#1771,#1772);
#1466=AXIS2_PLACEMENT_3D('',#2411,#1773,#1774);
#1467=AXIS2_PLACEMENT_3D('',#2412,#1775,#1776);
#1468=AXIS2_PLACEMENT_3D('',#2413,#1777,#1778);
#1469=AXIS2_PLACEMENT_3D('',#2415,#1779,#1780);
#1470=AXIS2_PLACEMENT_3D('',#2416,#1781,#1782);
#1471=AXIS2_PLACEMENT_3D('',#2417,#1783,#1784);
#1472=AXIS2_PLACEMENT_3D('',#2419,#1785,#1786);
#1473=AXIS2_PLACEMENT_3D('',#2422,#1788,#1789);
#1474=AXIS2_PLACEMENT_3D('',#2423,#1790,#1791);
#1475=AXIS2_PLACEMENT_3D('',#2425,#1792,#1793);
#1476=AXIS2_PLACEMENT_3D('',#2426,#1794,#1795);
#1477=AXIS2_PLACEMENT_3D('',#2428,#1796,#1797);
#1478=AXIS2_PLACEMENT_3D('',#2429,#1798,#1799);
#1479=AXIS2_PLACEMENT_3D('',#2431,#1800,#1801);
#1480=AXIS2_PLACEMENT_3D('',#2432,#1802,#1803);
#1481=AXIS2_PLACEMENT_3D('',#2434,#1804,#1805);
#1482=AXIS2_PLACEMENT_3D('',#2435,#1806,#1807);
#1483=AXIS2_PLACEMENT_3D('',#2437,#1808,#1809);
#1484=AXIS2_PLACEMENT_3D('',#2438,#1810,#1811);
#1485=AXIS2_PLACEMENT_3D('',#2440,#1812,#1813);
#1486=AXIS2_PLACEMENT_3D('',#2441,#1814,#1815);
#1487=AXIS2_PLACEMENT_3D('',#2443,#1816,#1817);
#1488=AXIS2_PLACEMENT_3D('',#2444,#1818,#1819);
#1489=AXIS2_PLACEMENT_3D('',#2446,#1820,#1821);
#1490=AXIS2_PLACEMENT_3D('',#2447,#1822,#1823);
#1491=AXIS2_PLACEMENT_3D('',#2449,#1824,#1825);
#1492=AXIS2_PLACEMENT_3D('',#2450,#1826,#1827);
#1493=AXIS2_PLACEMENT_3D('',#2452,#1828,#1829);
#1494=AXIS2_PLACEMENT_3D('',#2453,#1830,#1831);
#1495=AXIS2_PLACEMENT_3D('',#2455,#1832,#1833);
#1496=AXIS2_PLACEMENT_3D('',#2456,#1834,#1835);
#1497=AXIS2_PLACEMENT_3D('',#2458,#1836,#1837);
#1498=AXIS2_PLACEMENT_3D('',#2459,#1838,#1839);
#1499=AXIS2_PLACEMENT_3D('',#2461,#1840,#1841);
#1500=AXIS2_PLACEMENT_3D('',#2462,#1842,#1843);
#1501=AXIS2_PLACEMENT_3D('',#2464,#1844,#1845);
#1502=AXIS2_PLACEMENT_3D('',#2465,#1846,#1847);
#1503=AXIS2_PLACEMENT_3D('',#2467,#1848,#1849);
#1504=AXIS2_PLACEMENT_3D('',#2468,#1850,#1851);
#1505=AXIS2_PLACEMENT_3D('',#2470,#1852,#1853);
#1506=AXIS2_PLACEMENT_3D('',#2471,#1854,#1855);
#1507=AXIS2_PLACEMENT_3D('',#2473,#1856,#1857);
#1508=AXIS2_PLACEMENT_3D('',#2476,#1859,#1860);
#1509=AXIS2_PLACEMENT_3D('',#2477,#1861,#1862);
#1510=AXIS2_PLACEMENT_3D('',#2479,#1863,#1864);
#1511=AXIS2_PLACEMENT_3D('',#2482,#1866,#1867);
#1512=AXIS2_PLACEMENT_3D('',#2483,#1868,#1869);
#1513=AXIS2_PLACEMENT_3D('',#2485,#1870,#1871);
#1514=AXIS2_PLACEMENT_3D('',#2488,#1873,#1874);
#1515=AXIS2_PLACEMENT_3D('',#2489,#1875,#1876);
#1516=AXIS2_PLACEMENT_3D('',#2491,#1877,#1878);
#1517=AXIS2_PLACEMENT_3D('',#2494,#1880,#1881);
#1518=AXIS2_PLACEMENT_3D('',#2495,#1882,#1883);
#1519=AXIS2_PLACEMENT_3D('',#2497,#1884,#1885);
#1520=AXIS2_PLACEMENT_3D('',#2500,#1887,#1888);
#1521=AXIS2_PLACEMENT_3D('',#2501,#1889,#1890);
#1522=AXIS2_PLACEMENT_3D('',#2503,#1891,#1892);
#1523=AXIS2_PLACEMENT_3D('',#2506,#1894,#1895);
#1524=AXIS2_PLACEMENT_3D('',#2507,#1896,#1897);
#1525=AXIS2_PLACEMENT_3D('',#2509,#1898,#1899);
#1526=AXIS2_PLACEMENT_3D('',#2512,#1901,#1902);
#1527=AXIS2_PLACEMENT_3D('',#2513,#1903,#1904);
#1528=AXIS2_PLACEMENT_3D('',#2515,#1905,#1906);
#1529=AXIS2_PLACEMENT_3D('',#2518,#1908,#1909);
#1530=AXIS2_PLACEMENT_3D('',#2519,#1910,#1911);
#1531=AXIS2_PLACEMENT_3D('',#2521,#1912,#1913);
#1532=AXIS2_PLACEMENT_3D('',#2524,#1915,#1916);
#1533=AXIS2_PLACEMENT_3D('',#2525,#1917,#1918);
#1534=AXIS2_PLACEMENT_3D('',#2527,#1919,#1920);
#1535=AXIS2_PLACEMENT_3D('',#2530,#1922,#1923);
#1536=AXIS2_PLACEMENT_3D('',#2531,#1924,#1925);
#1537=AXIS2_PLACEMENT_3D('',#2533,#1926,#1927);
#1538=AXIS2_PLACEMENT_3D('',#2536,#1929,#1930);
#1539=AXIS2_PLACEMENT_3D('',#2537,#1931,#1932);
#1540=AXIS2_PLACEMENT_3D('',#2539,#1933,#1934);
#1541=AXIS2_PLACEMENT_3D('',#2542,#1936,#1937);
#1542=AXIS2_PLACEMENT_3D('',#2543,#1938,#1939);
#1543=AXIS2_PLACEMENT_3D('',#2545,#1940,#1941);
#1544=AXIS2_PLACEMENT_3D('',#2548,#1943,#1944);
#1545=AXIS2_PLACEMENT_3D('',#2549,#1945,#1946);
#1546=AXIS2_PLACEMENT_3D('',#2551,#1947,#1948);
#1547=AXIS2_PLACEMENT_3D('',#2554,#1950,#1951);
#1548=AXIS2_PLACEMENT_3D('',#2555,#1952,#1953);
#1549=AXIS2_PLACEMENT_3D('',#2557,#1954,#1955);
#1550=AXIS2_PLACEMENT_3D('',#2560,#1957,#1958);
#1551=AXIS2_PLACEMENT_3D('',#2561,#1959,#1960);
#1552=AXIS2_PLACEMENT_3D('',#2563,#1961,#1962);
#1553=AXIS2_PLACEMENT_3D('',#2566,#1964,#1965);
#1554=AXIS2_PLACEMENT_3D('',#2567,#1966,#1967);
#1555=AXIS2_PLACEMENT_3D('',#2569,#1968,#1969);
#1556=AXIS2_PLACEMENT_3D('',#2572,#1971,#1972);
#1557=AXIS2_PLACEMENT_3D('',#2573,#1973,#1974);
#1558=AXIS2_PLACEMENT_3D('',#2575,#1975,#1976);
#1559=AXIS2_PLACEMENT_3D('',#2577,#1977,#1978);
#1560=AXIS2_PLACEMENT_3D('',#2579,#1979,#1980);
#1561=AXIS2_PLACEMENT_3D('',#2580,#1981,#1982);
#1562=AXIS2_PLACEMENT_3D('',#2581,#1983,#1984);
#1563=AXIS2_PLACEMENT_3D('',#2583,#1985,#1986);
#1564=AXIS2_PLACEMENT_3D('',#2585,#1988,#1989);
#1565=AXIS2_PLACEMENT_3D('',#2586,#1990,#1991);
#1566=AXIS2_PLACEMENT_3D('',#2587,#1992,#1993);
#1567=AXIS2_PLACEMENT_3D('',#2588,#1994,#1995);
#1568=AXIS2_PLACEMENT_3D('',#2589,#1996,#1997);
#1569=AXIS2_PLACEMENT_3D('',#2590,#1998,#1999);
#1570=AXIS2_PLACEMENT_3D('',#2591,#2000,#2001);
#1571=AXIS2_PLACEMENT_3D('',#2592,#2002,#2003);
#1572=AXIS2_PLACEMENT_3D('',#2593,#2004,#2005);
#1573=AXIS2_PLACEMENT_3D('',#2594,#2006,#2007);
#1574=AXIS2_PLACEMENT_3D('',#2595,#2008,#2009);
#1575=AXIS2_PLACEMENT_3D('',#2596,#2010,#2011);
#1576=AXIS2_PLACEMENT_3D('',#2597,#2012,#2013);
#1577=AXIS2_PLACEMENT_3D('',#2598,#2014,#2015);
#1578=AXIS2_PLACEMENT_3D('',#2599,#2016,#2017);
#1579=AXIS2_PLACEMENT_3D('',#2600,#2018,#2019);
#1580=AXIS2_PLACEMENT_3D('',#2601,#2020,#2021);
#1581=AXIS2_PLACEMENT_3D('',#2602,#2022,#2023);
#1582=AXIS2_PLACEMENT_3D('',#2603,#2024,#2025);
#1583=AXIS2_PLACEMENT_3D('',#2604,#2026,#2027);
#1584=AXIS2_PLACEMENT_3D('',#2605,#2028,#2029);
#1585=AXIS2_PLACEMENT_3D('',#2606,#2030,#2031);
#1586=AXIS2_PLACEMENT_3D('',#2608,#2032,#2033);
#1587=AXIS2_PLACEMENT_3D('',#2611,#2035,#2036);
#1588=AXIS2_PLACEMENT_3D('',#2612,#2037,#2038);
#1589=AXIS2_PLACEMENT_3D('',#2614,#2039,#2040);
#1590=AXIS2_PLACEMENT_3D('',#2617,#2042,#2043);
#1591=AXIS2_PLACEMENT_3D('',#2618,#2044,#2045);
#1592=AXIS2_PLACEMENT_3D('',#2619,#2046,#2047);
#1593=AXIS2_PLACEMENT_3D('',#2620,#2048,#2049);
#1594=AXIS2_PLACEMENT_3D('',#2621,#2050,#2051);
#1595=AXIS2_PLACEMENT_3D('',#2622,#2052,#2053);
#1596=AXIS2_PLACEMENT_3D('',#2623,#2054,#2055);
#1597=AXIS2_PLACEMENT_3D('',#2624,#2056,#2057);
#1598=AXIS2_PLACEMENT_3D('',#2625,#2058,#2059);
#1599=AXIS2_PLACEMENT_3D('',#2626,#2060,#2061);
#1600=DIRECTION('axis',(0.,0.,1.));
#1601=DIRECTION('refdir',(1.,0.,0.));
#1602=DIRECTION('axis',(0.,0.,1.));
#1603=DIRECTION('refdir',(1.,0.,0.));
#1604=DIRECTION('center_axis',(0.,0.,-1.));
#1605=DIRECTION('ref_axis',(-1.,0.,0.));
#1606=DIRECTION('',(0.,0.,-1.));
#1607=DIRECTION('center_axis',(0.,-1.,0.));
#1608=DIRECTION('ref_axis',(0.,0.,-1.));
#1609=DIRECTION('center_axis',(0.,1.,0.));
#1610=DIRECTION('ref_axis',(0.,0.,1.));
#1611=DIRECTION('',(0.,-1.,0.));
#1612=DIRECTION('center_axis',(0.,1.,0.));
#1613=DIRECTION('ref_axis',(0.,0.,1.));
#1614=DIRECTION('center_axis',(0.,-1.,0.));
#1615=DIRECTION('ref_axis',(0.,0.,-1.));
#1616=DIRECTION('center_axis',(0.,1.,0.));
#1617=DIRECTION('ref_axis',(0.,0.,1.));
#1618=DIRECTION('',(0.,1.,0.));
#1619=DIRECTION('center_axis',(0.,1.,0.));
#1620=DIRECTION('ref_axis',(0.,0.,1.));
#1621=DIRECTION('center_axis',(0.,1.,0.));
#1622=DIRECTION('ref_axis',(0.,0.,1.));
#1623=DIRECTION('center_axis',(0.,1.,0.));
#1624=DIRECTION('ref_axis',(0.,0.,1.));
#1625=DIRECTION('axis',(0.,0.,1.));
#1626=DIRECTION('refdir',(1.,0.,0.));
#1627=DIRECTION('center_axis',(0.,-1.,0.));
#1628=DIRECTION('ref_axis',(0.,0.,-1.));
#1629=DIRECTION('center_axis',(0.,1.,0.));
#1630=DIRECTION('ref_axis',(0.,0.,1.));
#1631=DIRECTION('',(0.,-1.,0.));
#1632=DIRECTION('center_axis',(0.,1.,0.));
#1633=DIRECTION('ref_axis',(0.,0.,1.));
#1634=DIRECTION('center_axis',(0.,-1.,0.));
#1635=DIRECTION('ref_axis',(0.,0.,-1.));
#1636=DIRECTION('center_axis',(0.,1.,0.));
#1637=DIRECTION('ref_axis',(0.,0.,1.));
#1638=DIRECTION('',(0.,1.,0.));
#1639=DIRECTION('center_axis',(0.,1.,0.));
#1640=DIRECTION('ref_axis',(0.,0.,1.));
#1641=DIRECTION('center_axis',(0.,1.,0.));
#1642=DIRECTION('ref_axis',(0.,0.,1.));
#1643=DIRECTION('center_axis',(0.,1.,0.));
#1644=DIRECTION('ref_axis',(0.,0.,1.));
#1645=DIRECTION('axis',(0.,0.,1.));
#1646=DIRECTION('refdir',(1.,0.,0.));
#1647=DIRECTION('center_axis',(0.,-1.2935391030212E-16,1.));
#1648=DIRECTION('ref_axis',(0.,-1.,-1.15972692159568E-16));
#1649=DIRECTION('center_axis',(0.,0.,1.));
#1650=DIRECTION('ref_axis',(1.,0.,0.));
#1651=DIRECTION('center_axis',(1.,1.22464679914735E-16,1.58412852208686E-32));
#1652=DIRECTION('ref_axis',(-1.22464679914735E-16,1.,1.21756107254139E-16));
#1653=DIRECTION('center_axis',(0.,1.2935391030212E-16,-1.));
#1654=DIRECTION('ref_axis',(0.,-1.,-1.2935391030212E-16));
#1655=DIRECTION('center_axis',(0.,0.,1.));
#1656=DIRECTION('ref_axis',(1.,0.,0.));
#1657=DIRECTION('center_axis',(0.,0.,1.));
#1658=DIRECTION('ref_axis',(1.,0.,0.));
#1659=DIRECTION('',(0.,0.,1.));
#1660=DIRECTION('center_axis',(0.,0.,1.));
#1661=DIRECTION('ref_axis',(1.,0.,0.));
#1662=DIRECTION('center_axis',(0.,1.,1.0927391974657E-16));
#1663=DIRECTION('ref_axis',(0.,-1.0927391974657E-16,1.));
#1664=DIRECTION('center_axis',(0.,-3.07141784028543E-15,1.));
#1665=DIRECTION('ref_axis',(0.,-1.,-3.07254222065012E-15));
#1666=DIRECTION('center_axis',(0.,-3.07141784028543E-15,1.));
#1667=DIRECTION('ref_axis',(0.,-1.,-3.07141784028543E-15));
#1668=DIRECTION('center_axis',(-1.,-1.22464679914735E-16,-3.76140202694963E-31));
#1669=DIRECTION('ref_axis',(-1.22464679914735E-16,1.,3.07059714487863E-15));
#1670=DIRECTION('center_axis',(0.,3.07141784028543E-15,-1.));
#1671=DIRECTION('ref_axis',(0.,-1.,-3.07141784028543E-15));
#1672=DIRECTION('center_axis',(0.,-3.07141784028543E-15,1.));
#1673=DIRECTION('ref_axis',(0.,-1.,-3.07128661127703E-15));
#1674=DIRECTION('center_axis',(0.,-3.07141784028543E-15,1.));
#1675=DIRECTION('ref_axis',(0.,-1.,-3.07141784028543E-15));
#1676=DIRECTION('center_axis',(1.,1.22464679914735E-16,3.76140202694963E-31));
#1677=DIRECTION('ref_axis',(-1.22464679914735E-16,1.,3.07137767287682E-15));
#1678=DIRECTION('center_axis',(0.,3.07141784028543E-15,-1.));
#1679=DIRECTION('ref_axis',(0.,-1.,-3.07141784028543E-15));
#1680=DIRECTION('center_axis',(0.,-3.07141784028543E-15,1.));
#1681=DIRECTION('ref_axis',(0.,-1.,-3.07141784028543E-15));
#1682=DIRECTION('center_axis',(0.,-3.07141784028543E-15,1.));
#1683=DIRECTION('ref_axis',(0.,-1.,-3.07141784028543E-15));
#1684=DIRECTION('',(0.,3.07141784028543E-15,-1.));
#1685=DIRECTION('center_axis',(-1.,6.12323399573677E-17,0.));
#1686=DIRECTION('ref_axis',(0.,1.,2.99760216648792E-15));
#1687=DIRECTION('center_axis',(0.,-3.07141784028543E-15,1.));
#1688=DIRECTION('ref_axis',(0.,-1.,-3.07141784028543E-15));
#1689=DIRECTION('',(0.,-3.07141784028543E-15,1.));
#1690=DIRECTION('center_axis',(0.,-3.07141784028543E-15,1.));
#1691=DIRECTION('ref_axis',(0.,-1.,-3.07141784028543E-15));
#1692=DIRECTION('center_axis',(-1.,6.12323399573677E-17,0.));
#1693=DIRECTION('ref_axis',(0.,1.,3.08395284618099E-15));
#1694=DIRECTION('center_axis',(0.,3.07141784028543E-15,-1.));
#1695=DIRECTION('ref_axis',(0.,1.,3.07141784028543E-15));
#1696=DIRECTION('center_axis',(0.,0.,-1.));
#1697=DIRECTION('ref_axis',(-1.,0.,0.));
#1698=DIRECTION('center_axis',(0.,0.,-1.));
#1699=DIRECTION('ref_axis',(-1.,0.,0.));
#1700=DIRECTION('axis',(0.,0.,1.));
#1701=DIRECTION('refdir',(1.,0.,0.));
#1702=DIRECTION('center_axis',(0.,0.,1.));
#1703=DIRECTION('ref_axis',(1.,0.,0.));
#1704=DIRECTION('center_axis',(0.,0.,1.));
#1705=DIRECTION('ref_axis',(1.,0.,0.));
#1706=DIRECTION('',(0.,0.,1.));
#1707=DIRECTION('center_axis',(0.,0.,1.));
#1708=DIRECTION('ref_axis',(1.,0.,0.));
#1709=DIRECTION('center_axis',(0.,0.,1.));
#1710=DIRECTION('ref_axis',(1.,0.,0.));
#1711=DIRECTION('center_axis',(0.,0.,1.));
#1712=DIRECTION('ref_axis',(1.,0.,0.));
#1713=DIRECTION('',(0.,0.,-1.));
#1714=DIRECTION('center_axis',(0.,0.,1.));
#1715=DIRECTION('ref_axis',(1.,0.,0.));
#1716=DIRECTION('center_axis',(0.,0.,1.));
#1717=DIRECTION('ref_axis',(1.,0.,0.));
#1718=DIRECTION('center_axis',(0.,0.,1.));
#1719=DIRECTION('ref_axis',(1.,0.,0.));
#1720=DIRECTION('',(-0.087500000000002,-1.07156594925396E-17,0.996164519544839));
#1721=DIRECTION('center_axis',(0.,0.,1.));
#1722=DIRECTION('ref_axis',(1.,0.,0.));
#1723=DIRECTION('center_axis',(-1.,6.12323399573677E-17,0.));
#1724=DIRECTION('ref_axis',(0.,1.,0.));
#1725=DIRECTION('center_axis',(6.12323399573677E-17,0.,1.));
#1726=DIRECTION('ref_axis',(1.,0.,0.));
#1727=DIRECTION('center_axis',(0.,0.,1.));
#1728=DIRECTION('ref_axis',(1.,0.,0.));
#1729=DIRECTION('center_axis',(1.22464679914735E-16,-1.,0.));
#1730=DIRECTION('ref_axis',(-1.,-1.22464679914735E-16,0.));
#1731=DIRECTION('center_axis',(0.,0.,1.));
#1732=DIRECTION('ref_axis',(1.,0.,0.));
#1733=DIRECTION('center_axis',(0.,0.,-1.));
#1734=DIRECTION('ref_axis',(-1.,0.,0.));
#1735=DIRECTION('center_axis',(0.,0.,-1.));
#1736=DIRECTION('ref_axis',(-1.,0.,0.));
#1737=DIRECTION('center_axis',(0.,0.,-1.));
#1738=DIRECTION('ref_axis',(-1.,0.,0.));
#1739=DIRECTION('axis',(0.,0.,1.));
#1740=DIRECTION('refdir',(1.,0.,0.));
#1741=DIRECTION('center_axis',(0.,1.,0.));
#1742=DIRECTION('ref_axis',(0.,0.,1.));
#1743=DIRECTION('center_axis',(0.,1.,0.));
#1744=DIRECTION('ref_axis',(0.,0.,1.));
#1745=DIRECTION('center_axis',(-1.,0.,1.22464679914735E-16));
#1746=DIRECTION('ref_axis',(-1.22464679914735E-16,0.,-1.));
#1747=DIRECTION('center_axis',(0.,-1.,0.));
#1748=DIRECTION('ref_axis',(0.,0.,1.));
#1749=DIRECTION('center_axis',(0.,1.,0.));
#1750=DIRECTION('ref_axis',(0.,0.,1.));
#1751=DIRECTION('center_axis',(0.,1.,0.));
#1752=DIRECTION('ref_axis',(0.,0.,1.));
#1753=DIRECTION('center_axis',(0.,1.,0.));
#1754=DIRECTION('ref_axis',(0.,0.,1.));
#1755=DIRECTION('',(0.,-1.,0.));
#1756=DIRECTION('center_axis',(0.,1.,0.));
#1757=DIRECTION('ref_axis',(0.,0.,1.));
#1758=DIRECTION('',(0.,-1.,0.));
#1759=DIRECTION('center_axis',(0.,-1.78683557501587E-19,-1.));
#1760=DIRECTION('ref_axis',(0.,1.,-1.78683557501587E-19));
#1761=DIRECTION('center_axis',(0.,-1.78683557501587E-19,-1.));
#1762=DIRECTION('ref_axis',(0.,1.,-1.78683557501587E-19));
#1763=DIRECTION('',(0.,1.78683557501587E-19,1.));
#1764=DIRECTION('',(0.,1.78683557501587E-19,1.));
#1765=DIRECTION('center_axis',(0.,-1.78683557501587E-19,-1.));
#1766=DIRECTION('ref_axis',(0.,1.,-1.78683557501587E-19));
#1767=DIRECTION('center_axis',(0.,-1.78683557501587E-19,-1.));
#1768=DIRECTION('ref_axis',(0.,1.,-1.78683557501587E-19));
#1769=DIRECTION('center_axis',(6.12323399573677E-17,0.,1.));
#1770=DIRECTION('ref_axis',(1.,0.,0.));
#1771=DIRECTION('center_axis',(1.22464679914735E-16,-1.,0.));
#1772=DIRECTION('ref_axis',(-1.,-1.22464679914735E-16,0.));
#1773=DIRECTION('center_axis',(0.,-1.78683557501587E-19,-1.));
#1774=DIRECTION('ref_axis',(0.,1.,-1.78683557501587E-19));
#1775=DIRECTION('center_axis',(0.,1.,0.));
#1776=DIRECTION('ref_axis',(0.,0.,1.));
#1777=DIRECTION('center_axis',(6.12323399573676E-17,1.,0.));
#1778=DIRECTION('ref_axis',(1.,0.,0.));
#1779=DIRECTION('center_axis',(0.,0.,1.));
#1780=DIRECTION('ref_axis',(-1.,0.,0.));
#1781=DIRECTION('axis',(0.,0.,1.));
#1782=DIRECTION('refdir',(1.,0.,0.));
#1783=DIRECTION('center_axis',(0.,-1.,0.));
#1784=DIRECTION('ref_axis',(0.,0.,-1.));
#1785=DIRECTION('center_axis',(0.,-1.,0.));
#1786=DIRECTION('ref_axis',(0.,0.,1.));
#1787=DIRECTION('',(0.,-1.,0.));
#1788=DIRECTION('center_axis',(0.,-1.,0.));
#1789=DIRECTION('ref_axis',(0.,0.,-1.));
#1790=DIRECTION('center_axis',(-0.382683432365078,0.,-0.923879532511292));
#1791=DIRECTION('ref_axis',(-0.923879532511291,0.,0.382683432365079));
#1792=DIRECTION('center_axis',(0.,-1.,0.));
#1793=DIRECTION('ref_axis',(-0.382683432365077,0.,-0.923879532511292));
#1794=DIRECTION('center_axis',(-0.707106781186539,0.,-0.707106781186556));
#1795=DIRECTION('ref_axis',(-0.707106781186556,0.,0.707106781186539));
#1796=DIRECTION('center_axis',(0.,-1.,0.));
#1797=DIRECTION('ref_axis',(-0.707106781186539,0.,-0.707106781186556));
#1798=DIRECTION('center_axis',(-0.923879532511283,0.,-0.3826834323651));
#1799=DIRECTION('ref_axis',(-0.3826834323651,0.,0.923879532511283));
#1800=DIRECTION('center_axis',(0.,-1.,0.));
#1801=DIRECTION('ref_axis',(-0.923879532511282,0.,-0.3826834323651));
#1802=DIRECTION('center_axis',(-1.,0.,-1.08314441426845E-14));
#1803=DIRECTION('ref_axis',(-1.08314441426845E-14,0.,1.));
#1804=DIRECTION('center_axis',(0.,-1.,0.));
#1805=DIRECTION('ref_axis',(-1.,0.,-1.0244429976241E-14));
#1806=DIRECTION('center_axis',(-0.92387953251129,0.,0.382683432365081));
#1807=DIRECTION('ref_axis',(0.382683432365081,0.,0.92387953251129));
#1808=DIRECTION('center_axis',(0.,-1.,0.));
#1809=DIRECTION('ref_axis',(-0.923879532511291,0.,0.382683432365081));
#1810=DIRECTION('center_axis',(-0.707106781186554,0.,0.707106781186541));
#1811=DIRECTION('ref_axis',(0.707106781186541,0.,0.707106781186554));
#1812=DIRECTION('center_axis',(0.,-1.,0.));
#1813=DIRECTION('ref_axis',(-0.707106781186553,0.,0.707106781186542));
#1814=DIRECTION('center_axis',(-0.382683432365097,0.,0.923879532511284));
#1815=DIRECTION('ref_axis',(0.923879532511284,0.,0.382683432365097));
#1816=DIRECTION('center_axis',(0.,-1.,0.));
#1817=DIRECTION('ref_axis',(-0.382683432365097,0.,0.923879532511284));
#1818=DIRECTION('center_axis',(0.,0.,1.));
#1819=DIRECTION('ref_axis',(1.,0.,0.));
#1820=DIRECTION('center_axis',(0.,-1.,0.));
#1821=DIRECTION('ref_axis',(0.,0.,1.));
#1822=DIRECTION('center_axis',(0.382683432365084,0.,0.923879532511289));
#1823=DIRECTION('ref_axis',(0.923879532511289,0.,-0.382683432365084));
#1824=DIRECTION('center_axis',(0.,-1.,0.));
#1825=DIRECTION('ref_axis',(0.382683432365084,0.,0.923879532511289));
#1826=DIRECTION('center_axis',(0.707106781186544,0.,0.707106781186551));
#1827=DIRECTION('ref_axis',(0.707106781186551,0.,-0.707106781186544));
#1828=DIRECTION('center_axis',(0.,-1.,0.));
#1829=DIRECTION('ref_axis',(0.707106781186544,0.,0.707106781186551));
#1830=DIRECTION('center_axis',(0.923879532511285,0.,0.382683432365095));
#1831=DIRECTION('ref_axis',(0.382683432365093,0.,-0.923879532511285));
#1832=DIRECTION('center_axis',(0.,-1.,0.));
#1833=DIRECTION('ref_axis',(0.923879532511285,0.,0.382683432365094));
#1834=DIRECTION('center_axis',(1.,0.,3.79100544993956E-15));
#1835=DIRECTION('ref_axis',(4.33257765707378E-15,0.,-1.));
#1836=DIRECTION('center_axis',(0.,-1.,0.));
#1837=DIRECTION('ref_axis',(1.,0.,3.41480999208033E-15));
#1838=DIRECTION('center_axis',(0.923879532511288,0.,-0.382683432365087));
#1839=DIRECTION('ref_axis',(-0.382683432365086,0.,-0.923879532511289));
#1840=DIRECTION('center_axis',(0.,-1.,0.));
#1841=DIRECTION('ref_axis',(0.923879532511288,0.,-0.382683432365087));
#1842=DIRECTION('center_axis',(0.707106781186548,0.,-0.707106781186547));
#1843=DIRECTION('ref_axis',(-0.707106781186547,0.,-0.707106781186548));
#1844=DIRECTION('center_axis',(0.,-1.,0.));
#1845=DIRECTION('ref_axis',(0.707106781186549,0.,-0.707106781186546));
#1846=DIRECTION('center_axis',(0.38268343236509,0.,-0.923879532511287));
#1847=DIRECTION('ref_axis',(-0.923879532511286,0.,-0.382683432365091));
#1848=DIRECTION('center_axis',(0.,-1.,0.));
#1849=DIRECTION('ref_axis',(0.38268343236509,0.,-0.923879532511287));
#1850=DIRECTION('center_axis',(0.,0.,-1.));
#1851=DIRECTION('ref_axis',(-1.,0.,0.));
#1852=DIRECTION('center_axis',(0.,-1.,0.));
#1853=DIRECTION('ref_axis',(0.,0.,-1.));
#1854=DIRECTION('center_axis',(0.,-1.,0.));
#1855=DIRECTION('ref_axis',(0.,0.,-1.));
#1856=DIRECTION('center_axis',(0.,1.,0.));
#1857=DIRECTION('ref_axis',(0.,0.,1.));
#1858=DIRECTION('',(0.,1.,0.));
#1859=DIRECTION('center_axis',(0.,1.,0.));
#1860=DIRECTION('ref_axis',(0.,0.,1.));
#1861=DIRECTION('center_axis',(0.,-1.,0.));
#1862=DIRECTION('ref_axis',(0.,0.,-1.));
#1863=DIRECTION('center_axis',(0.,1.,0.));
#1864=DIRECTION('ref_axis',(0.,0.,1.));
#1865=DIRECTION('',(0.,1.,0.));
#1866=DIRECTION('center_axis',(0.,1.,0.));
#1867=DIRECTION('ref_axis',(0.,0.,1.));
#1868=DIRECTION('center_axis',(0.,-1.,0.));
#1869=DIRECTION('ref_axis',(0.,0.,-1.));
#1870=DIRECTION('center_axis',(0.,1.,0.));
#1871=DIRECTION('ref_axis',(0.,0.,1.));
#1872=DIRECTION('',(0.,1.,0.));
#1873=DIRECTION('center_axis',(0.,1.,0.));
#1874=DIRECTION('ref_axis',(0.,0.,1.));
#1875=DIRECTION('center_axis',(0.,-1.,0.));
#1876=DIRECTION('ref_axis',(0.,0.,-1.));
#1877=DIRECTION('center_axis',(0.,1.,0.));
#1878=DIRECTION('ref_axis',(0.,0.,1.));
#1879=DIRECTION('',(0.,1.,0.));
#1880=DIRECTION('center_axis',(0.,1.,0.));
#1881=DIRECTION('ref_axis',(0.,0.,1.));
#1882=DIRECTION('center_axis',(0.,-1.,0.));
#1883=DIRECTION('ref_axis',(0.,0.,-1.));
#1884=DIRECTION('center_axis',(0.,1.,0.));
#1885=DIRECTION('ref_axis',(0.,0.,1.));
#1886=DIRECTION('',(0.,1.,0.));
#1887=DIRECTION('center_axis',(0.,1.,0.));
#1888=DIRECTION('ref_axis',(0.,0.,1.));
#1889=DIRECTION('center_axis',(0.,-1.,0.));
#1890=DIRECTION('ref_axis',(0.,0.,-1.));
#1891=DIRECTION('center_axis',(0.,1.,0.));
#1892=DIRECTION('ref_axis',(0.,0.,1.));
#1893=DIRECTION('',(0.,1.,0.));
#1894=DIRECTION('center_axis',(0.,1.,0.));
#1895=DIRECTION('ref_axis',(0.,0.,1.));
#1896=DIRECTION('center_axis',(0.,-1.,0.));
#1897=DIRECTION('ref_axis',(0.,0.,-1.));
#1898=DIRECTION('center_axis',(0.,1.,0.));
#1899=DIRECTION('ref_axis',(0.,0.,1.));
#1900=DIRECTION('',(0.,1.,0.));
#1901=DIRECTION('center_axis',(0.,1.,0.));
#1902=DIRECTION('ref_axis',(0.,0.,1.));
#1903=DIRECTION('center_axis',(0.,-1.,0.));
#1904=DIRECTION('ref_axis',(0.,0.,-1.));
#1905=DIRECTION('center_axis',(0.,1.,0.));
#1906=DIRECTION('ref_axis',(0.,0.,1.));
#1907=DIRECTION('',(0.,1.,0.));
#1908=DIRECTION('center_axis',(0.,1.,0.));
#1909=DIRECTION('ref_axis',(0.,0.,1.));
#1910=DIRECTION('center_axis',(0.,-1.,0.));
#1911=DIRECTION('ref_axis',(0.,0.,-1.));
#1912=DIRECTION('center_axis',(0.,1.,0.));
#1913=DIRECTION('ref_axis',(0.,0.,1.));
#1914=DIRECTION('',(0.,1.,0.));
#1915=DIRECTION('center_axis',(0.,1.,0.));
#1916=DIRECTION('ref_axis',(0.,0.,1.));
#1917=DIRECTION('center_axis',(0.,-1.,0.));
#1918=DIRECTION('ref_axis',(0.,0.,-1.));
#1919=DIRECTION('center_axis',(0.,1.,0.));
#1920=DIRECTION('ref_axis',(0.,0.,1.));
#1921=DIRECTION('',(0.,1.,0.));
#1922=DIRECTION('center_axis',(0.,1.,0.));
#1923=DIRECTION('ref_axis',(0.,0.,1.));
#1924=DIRECTION('center_axis',(0.,-1.,0.));
#1925=DIRECTION('ref_axis',(0.,0.,-1.));
#1926=DIRECTION('center_axis',(0.,1.,0.));
#1927=DIRECTION('ref_axis',(0.,0.,1.));
#1928=DIRECTION('',(0.,1.,0.));
#1929=DIRECTION('center_axis',(0.,1.,0.));
#1930=DIRECTION('ref_axis',(0.,0.,1.));
#1931=DIRECTION('center_axis',(0.,-1.,0.));
#1932=DIRECTION('ref_axis',(0.,0.,-1.));
#1933=DIRECTION('center_axis',(0.,1.,0.));
#1934=DIRECTION('ref_axis',(0.,0.,1.));
#1935=DIRECTION('',(0.,1.,0.));
#1936=DIRECTION('center_axis',(0.,1.,0.));
#1937=DIRECTION('ref_axis',(0.,0.,1.));
#1938=DIRECTION('center_axis',(0.,-1.,0.));
#1939=DIRECTION('ref_axis',(0.,0.,-1.));
#1940=DIRECTION('center_axis',(0.,1.,0.));
#1941=DIRECTION('ref_axis',(0.,0.,1.));
#1942=DIRECTION('',(0.,1.,0.));
#1943=DIRECTION('center_axis',(0.,1.,0.));
#1944=DIRECTION('ref_axis',(0.,0.,1.));
#1945=DIRECTION('center_axis',(0.,-1.,0.));
#1946=DIRECTION('ref_axis',(0.,0.,-1.));
#1947=DIRECTION('center_axis',(0.,1.,0.));
#1948=DIRECTION('ref_axis',(0.,0.,1.));
#1949=DIRECTION('',(0.,1.,0.));
#1950=DIRECTION('center_axis',(0.,1.,0.));
#1951=DIRECTION('ref_axis',(0.,0.,1.));
#1952=DIRECTION('center_axis',(0.,-1.,0.));
#1953=DIRECTION('ref_axis',(0.,0.,-1.));
#1954=DIRECTION('center_axis',(0.,1.,0.));
#1955=DIRECTION('ref_axis',(0.,0.,1.));
#1956=DIRECTION('',(0.,1.,0.));
#1957=DIRECTION('center_axis',(0.,1.,0.));
#1958=DIRECTION('ref_axis',(0.,0.,1.));
#1959=DIRECTION('center_axis',(0.,-1.,0.));
#1960=DIRECTION('ref_axis',(0.,0.,-1.));
#1961=DIRECTION('center_axis',(0.,1.,0.));
#1962=DIRECTION('ref_axis',(0.,0.,1.));
#1963=DIRECTION('',(0.,1.,0.));
#1964=DIRECTION('center_axis',(0.,1.,0.));
#1965=DIRECTION('ref_axis',(0.,0.,1.));
#1966=DIRECTION('center_axis',(0.,-1.,0.));
#1967=DIRECTION('ref_axis',(0.,0.,-1.));
#1968=DIRECTION('center_axis',(0.,1.,0.));
#1969=DIRECTION('ref_axis',(0.,0.,1.));
#1970=DIRECTION('',(0.,1.,0.));
#1971=DIRECTION('center_axis',(0.,1.,0.));
#1972=DIRECTION('ref_axis',(0.,0.,1.));
#1973=DIRECTION('center_axis',(0.,1.,0.));
#1974=DIRECTION('ref_axis',(0.,0.,1.));
#1975=DIRECTION('center_axis',(0.,1.,0.));
#1976=DIRECTION('ref_axis',(0.,0.,1.));
#1977=DIRECTION('center_axis',(-1.,0.,1.22464679914735E-16));
#1978=DIRECTION('ref_axis',(-1.22464679914735E-16,0.,-1.));
#1979=DIRECTION('center_axis',(0.,-1.,0.));
#1980=DIRECTION('ref_axis',(0.,0.,1.));
#1981=DIRECTION('center_axis',(0.,-1.,0.));
#1982=DIRECTION('ref_axis',(0.,0.,1.));
#1983=DIRECTION('center_axis',(0.,-1.,0.));
#1984=DIRECTION('ref_axis',(0.,0.,-1.));
#1985=DIRECTION('center_axis',(0.,1.,0.));
#1986=DIRECTION('ref_axis',(0.,0.,1.));
#1987=DIRECTION('',(0.,1.,0.));
#1988=DIRECTION('center_axis',(0.,1.,0.));
#1989=DIRECTION('ref_axis',(0.,0.,1.));
#1990=DIRECTION('center_axis',(0.,1.,0.));
#1991=DIRECTION('ref_axis',(0.,0.,1.));
#1992=DIRECTION('center_axis',(0.,1.,0.));
#1993=DIRECTION('ref_axis',(0.,0.,1.));
#1994=DIRECTION('center_axis',(0.,1.,0.));
#1995=DIRECTION('ref_axis',(0.,0.,1.));
#1996=DIRECTION('center_axis',(0.,1.,0.));
#1997=DIRECTION('ref_axis',(0.,0.,1.));
#1998=DIRECTION('center_axis',(0.,1.,0.));
#1999=DIRECTION('ref_axis',(0.,0.,1.));
#2000=DIRECTION('center_axis',(0.,1.,0.));
#2001=DIRECTION('ref_axis',(0.,0.,1.));
#2002=DIRECTION('center_axis',(0.,1.,0.));
#2003=DIRECTION('ref_axis',(0.,0.,1.));
#2004=DIRECTION('center_axis',(0.,1.,0.));
#2005=DIRECTION('ref_axis',(0.,0.,1.));
#2006=DIRECTION('center_axis',(0.,1.,0.));
#2007=DIRECTION('ref_axis',(0.,0.,1.));
#2008=DIRECTION('center_axis',(0.,1.,0.));
#2009=DIRECTION('ref_axis',(0.,0.,1.));
#2010=DIRECTION('center_axis',(0.,1.,0.));
#2011=DIRECTION('ref_axis',(0.,0.,1.));
#2012=DIRECTION('center_axis',(0.,1.,0.));
#2013=DIRECTION('ref_axis',(0.,0.,1.));
#2014=DIRECTION('center_axis',(0.,1.,0.));
#2015=DIRECTION('ref_axis',(0.,0.,1.));
#2016=DIRECTION('center_axis',(0.,1.,0.));
#2017=DIRECTION('ref_axis',(0.,0.,1.));
#2018=DIRECTION('center_axis',(0.,1.,0.));
#2019=DIRECTION('ref_axis',(0.,0.,1.));
#2020=DIRECTION('center_axis',(0.,1.,0.));
#2021=DIRECTION('ref_axis',(0.,0.,1.));
#2022=DIRECTION('center_axis',(0.,1.,0.));
#2023=DIRECTION('ref_axis',(0.,0.,1.));
#2024=DIRECTION('center_axis',(0.,1.,0.));
#2025=DIRECTION('ref_axis',(0.,0.,1.));
#2026=DIRECTION('center_axis',(0.,1.,0.));
#2027=DIRECTION('ref_axis',(0.,0.,1.));
#2028=DIRECTION('axis',(0.,0.,1.));
#2029=DIRECTION('refdir',(1.,0.,0.));
#2030=DIRECTION('center_axis',(0.,-1.,0.));
#2031=DIRECTION('ref_axis',(0.,0.,-1.));
#2032=DIRECTION('center_axis',(0.,1.,0.));
#2033=DIRECTION('ref_axis',(0.,0.,1.));
#2034=DIRECTION('',(0.,-1.,0.));
#2035=DIRECTION('center_axis',(0.,1.,0.));
#2036=DIRECTION('ref_axis',(0.,0.,1.));
#2037=DIRECTION('center_axis',(0.,-1.,0.));
#2038=DIRECTION('ref_axis',(0.,0.,-1.));
#2039=DIRECTION('center_axis',(0.,1.,0.));
#2040=DIRECTION('ref_axis',(0.,0.,1.));
#2041=DIRECTION('',(0.,1.,0.));
#2042=DIRECTION('center_axis',(0.,1.,0.));
#2043=DIRECTION('ref_axis',(0.,0.,1.));
#2044=DIRECTION('center_axis',(0.,1.,0.));
#2045=DIRECTION('ref_axis',(0.,0.,1.));
#2046=DIRECTION('center_axis',(0.,1.,0.));
#2047=DIRECTION('ref_axis',(0.,0.,1.));
#2048=DIRECTION('',(0.,0.,1.));
#2049=DIRECTION('',(1.,0.,0.));
#2050=DIRECTION('',(1.11022302462516E-16,0.,-1.));
#2051=DIRECTION('',(-1.,0.,-1.11022302462516E-16));
#2052=DIRECTION('',(0.,0.,1.));
#2053=DIRECTION('',(1.,0.,0.));
#2054=DIRECTION('',(0.,0.,1.));
#2055=DIRECTION('',(1.,0.,0.));
#2056=DIRECTION('',(0.,0.,1.));
#2057=DIRECTION('',(1.,0.,0.));
#2058=DIRECTION('',(0.,0.,1.));
#2059=DIRECTION('',(1.,0.,0.));
#2060=DIRECTION('',(0.,0.,1.));
#2061=DIRECTION('',(1.,0.,0.));
#2062=CARTESIAN_POINT('',(0.,0.,0.));
#2063=CARTESIAN_POINT('',(0.,0.,0.));
#2064=CARTESIAN_POINT('Origin',(0.,0.07,-0.140625));
#2065=CARTESIAN_POINT('',(1.84220090467726E-17,0.09344,-0.126625));
#2066=CARTESIAN_POINT('',(0.02344,0.07,-0.124436558233503));
#2067=CARTESIAN_POINT('Ctrl Pts',(-1.70740499604016E-18,0.09344,-0.126625));
#2068=CARTESIAN_POINT('Ctrl Pts',(-0.00295044680714899,0.09344,-0.126625));
#2069=CARTESIAN_POINT('Ctrl Pts',(-0.00609294992819728,0.0928489618450426,
-0.126511426602358));
#2070=CARTESIAN_POINT('Ctrl Pts',(-0.0118661157998708,0.0904546910975779,
-0.126100992843272));
#2071=CARTESIAN_POINT('Ctrl Pts',(-0.0144973351065922,0.0886518307954331,
-0.12580980914683));
#2072=CARTESIAN_POINT('Ctrl Pts',(-0.0186519157543161,0.0844972501477093,
-0.125261275742227));
#2073=CARTESIAN_POINT('Ctrl Pts',(-0.0204547094579737,0.0818660671026415,
-0.124967882724526));
#2074=CARTESIAN_POINT('Ctrl Pts',(-0.0228489318872427,0.076093026589549,
-0.124552371255477));
#2075=CARTESIAN_POINT('Ctrl Pts',(-0.02344,0.0729505674796367,-0.124436558233503));
#2076=CARTESIAN_POINT('Ctrl Pts',(-0.02344,0.0670494325203633,-0.124436558233503));
#2077=CARTESIAN_POINT('Ctrl Pts',(-0.0228489318872426,0.0639069734104509,
-0.124552371255477));
#2078=CARTESIAN_POINT('Ctrl Pts',(-0.0204547094579737,0.0581339328973585,
-0.124967882724526));
#2079=CARTESIAN_POINT('Ctrl Pts',(-0.018651915754316,0.0555027498522908,
-0.125261275742227));
#2080=CARTESIAN_POINT('Ctrl Pts',(-0.0144973351065922,0.051348169204567,
-0.12580980914683));
#2081=CARTESIAN_POINT('Ctrl Pts',(-0.0118661157998709,0.0495453089024222,
-0.126100992843272));
#2082=CARTESIAN_POINT('Ctrl Pts',(-0.00609294992819738,0.0471510381549574,
-0.126511426602358));
#2083=CARTESIAN_POINT('Ctrl Pts',(-0.00295044680714898,0.0465600000000001,
-0.126625));
#2084=CARTESIAN_POINT('Ctrl Pts',(0.00295044680714898,0.0465600000000001,
-0.126625));
#2085=CARTESIAN_POINT('Ctrl Pts',(0.00609294992819738,0.0471510381549574,
-0.126511426602358));
#2086=CARTESIAN_POINT('Ctrl Pts',(0.0118661157998709,0.0495453089024222,
-0.126100992843272));
#2087=CARTESIAN_POINT('Ctrl Pts',(0.0144973351065922,0.051348169204567,
-0.12580980914683));
#2088=CARTESIAN_POINT('Ctrl Pts',(0.018651915754316,0.0555027498522908,
-0.125261275742227));
#2089=CARTESIAN_POINT('Ctrl Pts',(0.0204547094579737,0.0581339328973585,
-0.124967882724526));
#2090=CARTESIAN_POINT('Ctrl Pts',(0.0228489318872426,0.0639069734104509,
-0.124552371255477));
#2091=CARTESIAN_POINT('Ctrl Pts',(0.02344,0.0670494325203633,-0.124436558233503));
#2092=CARTESIAN_POINT('Ctrl Pts',(0.02344,0.07,-0.124436558233503));
#2093=CARTESIAN_POINT('',(0.02344,0.07,-0.138657697316088));
#2094=CARTESIAN_POINT('',(0.02344,0.07,-0.140625));
#2095=CARTESIAN_POINT('',(-5.43607564020248E-14,0.04655999999956,-0.140625000000073));
#2096=CARTESIAN_POINT('Ctrl Pts',(0.02344,0.07,-0.138657697316088));
#2097=CARTESIAN_POINT('Ctrl Pts',(0.02344,0.067050858958289,-0.138657697316088));
#2098=CARTESIAN_POINT('Ctrl Pts',(0.022849484273816,0.0639089856925605,
-0.138761518787926));
#2099=CARTESIAN_POINT('Ctrl Pts',(0.0204556545805967,0.0581355318911958,
-0.139134554319989));
#2100=CARTESIAN_POINT('Ctrl Pts',(0.0186526347559832,0.0555034688539577,
-0.139398167044046));
#2101=CARTESIAN_POINT('Ctrl Pts',(0.0144965866725019,0.0513474207704765,
-0.139891452560207));
#2102=CARTESIAN_POINT('Ctrl Pts',(0.0118644997968833,0.0495443573925793,
-0.140153458046486));
#2103=CARTESIAN_POINT('Ctrl Pts',(0.00609096410305612,0.0471504960756519,
-0.140522803536388));
#2104=CARTESIAN_POINT('Ctrl Pts',(0.00294906223936294,0.04656,-0.140625));
#2105=CARTESIAN_POINT('Ctrl Pts',(-8.19554398099279E-18,0.04656,-0.140625));
#2106=CARTESIAN_POINT('Ctrl Pts',(-8.19554398099279E-18,0.04656,-0.140625));
#2107=CARTESIAN_POINT('Ctrl Pts',(-0.00294906223936297,0.04656,-0.140625));
#2108=CARTESIAN_POINT('Ctrl Pts',(-0.00609096410305613,0.0471504960756519,
-0.140522803536388));
#2109=CARTESIAN_POINT('Ctrl Pts',(-0.0118644997968834,0.0495443573925793,
-0.140153458046486));
#2110=CARTESIAN_POINT('Ctrl Pts',(-0.0144965866725019,0.0513474207704767,
-0.139891452560207));
#2111=CARTESIAN_POINT('Ctrl Pts',(-0.0186526347559831,0.0555034688539579,
-0.139398167044046));
#2112=CARTESIAN_POINT('Ctrl Pts',(-0.0204556545805968,0.0581355318911959,
-0.139134554319989));
#2113=CARTESIAN_POINT('Ctrl Pts',(-0.022849484273816,0.0639089856925606,
-0.138761518787926));
#2114=CARTESIAN_POINT('Ctrl Pts',(-0.02344,0.0670508589582891,-0.138657697316088));
#2115=CARTESIAN_POINT('Ctrl Pts',(-0.02344,0.0729491410417109,-0.138657697316088));
#2116=CARTESIAN_POINT('Ctrl Pts',(-0.022849484273816,0.0760910143074395,
-0.138761518787926));
#2117=CARTESIAN_POINT('Ctrl Pts',(-0.0204556545805968,0.0818644681088042,
-0.139134554319989));
#2118=CARTESIAN_POINT('Ctrl Pts',(-0.0186526347559832,0.0844965311460422,
-0.139398167044046));
#2119=CARTESIAN_POINT('Ctrl Pts',(-0.0144965866725019,0.0886525792295234,
-0.139891452560207));
#2120=CARTESIAN_POINT('Ctrl Pts',(-0.0118644997968833,0.0904556426074207,
-0.140153458046486));
#2121=CARTESIAN_POINT('Ctrl Pts',(-0.00609096410305615,0.0928495039243481,
-0.140522803536388));
#2122=CARTESIAN_POINT('Ctrl Pts',(-0.00294906223936295,0.09344,-0.140625));
#2123=CARTESIAN_POINT('Ctrl Pts',(0.00294906223936295,0.09344,-0.140625));
#2124=CARTESIAN_POINT('Ctrl Pts',(0.00609096410305615,0.0928495039243481,
-0.140522803536388));
#2125=CARTESIAN_POINT('Ctrl Pts',(0.0118644997968833,0.0904556426074207,
-0.140153458046486));
#2126=CARTESIAN_POINT('Ctrl Pts',(0.0144965866725019,0.0886525792295234,
-0.139891452560207));
#2127=CARTESIAN_POINT('Ctrl Pts',(0.0186526347559832,0.0844965311460422,
-0.139398167044046));
#2128=CARTESIAN_POINT('Ctrl Pts',(0.0204556545805968,0.0818644681088042,
-0.139134554319989));
#2129=CARTESIAN_POINT('Ctrl Pts',(0.022849484273816,0.0760910143074395,
-0.138761518787926));
#2130=CARTESIAN_POINT('Ctrl Pts',(0.02344,0.0729491410417109,-0.138657697316088));
#2131=CARTESIAN_POINT('Ctrl Pts',(0.02344,0.07,-0.138657697316088));
#2132=CARTESIAN_POINT('Ctrl Pts',(0.02344,0.07,-0.124436558233503));
#2133=CARTESIAN_POINT('Ctrl Pts',(0.02344,0.0729505674796367,-0.124436558233503));
#2134=CARTESIAN_POINT('Ctrl Pts',(0.0228489318872427,0.076093026589549,
-0.124552371255477));
#2135=CARTESIAN_POINT('Ctrl Pts',(0.0204547094579737,0.0818660671026415,
-0.124967882724526));
#2136=CARTESIAN_POINT('Ctrl Pts',(0.0186519157543161,0.0844972501477093,
-0.125261275742227));
#2137=CARTESIAN_POINT('Ctrl Pts',(0.0144973351065922,0.0886518307954331,
-0.12580980914683));
#2138=CARTESIAN_POINT('Ctrl Pts',(0.0118661157998708,0.0904546910975779,
-0.126100992843272));
#2139=CARTESIAN_POINT('Ctrl Pts',(0.00609294992819728,0.0928489618450426,
-0.126511426602358));
#2140=CARTESIAN_POINT('Ctrl Pts',(0.00295044680714899,0.09344,-0.126625));
#2141=CARTESIAN_POINT('Ctrl Pts',(-1.70740499604016E-18,0.09344,-0.126625));
#2142=CARTESIAN_POINT('Origin',(0.,1.125,0.));
#2143=CARTESIAN_POINT('',(-1.55070900942034E-17,1.125,0.126625));
#2144=CARTESIAN_POINT('Origin',(0.,1.125,0.));
#2145=CARTESIAN_POINT('',(-1.55070900942034E-17,1.74838271594513E-16,0.126625));
#2146=CARTESIAN_POINT('',(-1.55070900942034E-17,1.125,0.126625));
#2147=CARTESIAN_POINT('Origin',(0.,0.,0.));
#2148=CARTESIAN_POINT('Origin',(0.,1.125,0.));
#2149=CARTESIAN_POINT('',(-1.72215956130097E-17,0.,0.140625));
#2150=CARTESIAN_POINT('Origin',(0.,0.,0.));
#2151=CARTESIAN_POINT('',(-1.72215956130097E-17,1.125,0.140625));
#2152=CARTESIAN_POINT('',(-1.72215956130097E-17,1.125,0.140625));
#2153=CARTESIAN_POINT('Origin',(0.,1.125,0.));
#2154=CARTESIAN_POINT('Origin',(0.,1.125,0.));
#2155=CARTESIAN_POINT('Origin',(0.,0.,0.));
#2156=CARTESIAN_POINT('',(0.,0.,0.));
#2157=CARTESIAN_POINT('Origin',(0.,1.56,0.));
#2158=CARTESIAN_POINT('',(-1.10218211923262E-17,1.56,0.09));
#2159=CARTESIAN_POINT('Origin',(0.,1.56,0.));
#2160=CARTESIAN_POINT('',(-1.10218211923262E-17,-1.74838271594513E-16,0.09));
#2161=CARTESIAN_POINT('',(-1.10218211923262E-17,1.56,0.09));
#2162=CARTESIAN_POINT('Origin',(0.,0.,0.));
#2163=CARTESIAN_POINT('Origin',(0.,1.56,0.));
#2164=CARTESIAN_POINT('',(-1.53080849893419E-17,0.,0.125));
#2165=CARTESIAN_POINT('Origin',(0.,0.,0.));
#2166=CARTESIAN_POINT('',(-1.53080849893419E-17,1.56,0.125));
#2167=CARTESIAN_POINT('',(-1.53080849893419E-17,1.56,0.125));
#2168=CARTESIAN_POINT('Origin',(0.,1.56,0.));
#2169=CARTESIAN_POINT('Origin',(0.,1.56,0.));
#2170=CARTESIAN_POINT('Origin',(0.,0.,0.));
#2171=CARTESIAN_POINT('',(0.,0.,0.));
#2172=CARTESIAN_POINT('Origin',(0.,-8.77012789363279E-20,-0.124052049185588));
#2173=CARTESIAN_POINT('',(-3.61270805748469E-17,0.295,-0.124730043988617));
#2174=CARTESIAN_POINT('Origin',(0.,0.,-0.124730043988617));
#2175=CARTESIAN_POINT('',(-4.15213866048213E-17,0.339047851459948,-0.153694521044964));
#2176=CARTESIAN_POINT('Origin',(-4.00450706366499E-17,0.326992816741373,
-0.124052049185588));
#2177=CARTESIAN_POINT('Origin',(0.,-1.0034830956043E-16,-0.153694521044964));
#2178=CARTESIAN_POINT('Origin',(0.,0.,0.));
#2179=CARTESIAN_POINT('',(-0.205,-2.51052593825207E-17,-0.175500000000002));
#2180=CARTESIAN_POINT('Origin',(0.,0.,-0.175500000000002));
#2181=CARTESIAN_POINT('',(-0.205,-2.51052593825207E-17,-0.124730043988617));
#2182=CARTESIAN_POINT('',(-0.205,-2.51052593825207E-17,0.));
#2183=CARTESIAN_POINT('Origin',(0.,0.,-0.124730043988617));
#2184=CARTESIAN_POINT('Origin',(0.,0.625,-0.339000000000002));
#2185=CARTESIAN_POINT('',(1.7853757350529E-14,0.483218118451707,-0.195499999999997));
#2186=CARTESIAN_POINT('Ctrl Pts',(-0.14055418168698,-9.83465277719135E-17,
-0.310072988223749));
#2187=CARTESIAN_POINT('Ctrl Pts',(-0.14055418168698,0.0383146654420946,
-0.310072988223749));
#2188=CARTESIAN_POINT('Ctrl Pts',(-0.140161689163948,0.0781084716340462,
-0.307860059129806));
#2189=CARTESIAN_POINT('Ctrl Pts',(-0.137784823493174,0.157882744260429,
-0.29862255765642));
#2190=CARTESIAN_POINT('Ctrl Pts',(-0.135796439192896,0.19786329079901,-0.291599709659741));
#2191=CARTESIAN_POINT('Ctrl Pts',(-0.128110773085604,0.275345219523595,
-0.273608510060124));
#2192=CARTESIAN_POINT('Ctrl Pts',(-0.122471244764267,0.312685327531346,
-0.262698640218523));
#2193=CARTESIAN_POINT('Ctrl Pts',(-0.10851712766726,0.365145249846978,-0.244800514192944));
#2194=CARTESIAN_POINT('Ctrl Pts',(-0.102955611460101,0.382010597249494,
-0.238595013548683));
#2195=CARTESIAN_POINT('Ctrl Pts',(-0.0889436963757641,0.414258523823563,
-0.225995390481145));
#2196=CARTESIAN_POINT('Ctrl Pts',(-0.080597685672486,0.429678713137416,
-0.219581691642175));
#2197=CARTESIAN_POINT('Ctrl Pts',(-0.0612962980628718,0.454146528829847,
-0.208922700486338));
#2198=CARTESIAN_POINT('Ctrl Pts',(-0.0510683954397196,0.464284898093749,
-0.20432841804124));
#2199=CARTESIAN_POINT('Ctrl Pts',(-0.0332686333740817,0.475207952400151,
-0.199273506737629));
#2200=CARTESIAN_POINT('Ctrl Pts',(-0.0269253073863572,0.478152934444073,
-0.197891331351477));
#2201=CARTESIAN_POINT('Ctrl Pts',(-0.0137362575062111,0.482158931774794,
-0.196003693084058));
#2202=CARTESIAN_POINT('Ctrl Pts',(-0.00688972503690483,0.483218118451696,
-0.195500000000002));
#2203=CARTESIAN_POINT('Ctrl Pts',(0.00688972503690483,0.483218118451696,
-0.195500000000002));
#2204=CARTESIAN_POINT('Ctrl Pts',(0.0137362575062111,0.482158931774794,
-0.196003693084058));
#2205=CARTESIAN_POINT('Ctrl Pts',(0.0269253073863572,0.478152934444073,
-0.197891331351477));
#2206=CARTESIAN_POINT('Ctrl Pts',(0.0332686333740817,0.475207952400151,
-0.199273506737629));
#2207=CARTESIAN_POINT('Ctrl Pts',(0.0510683954397196,0.464284898093749,
-0.20432841804124));
#2208=CARTESIAN_POINT('Ctrl Pts',(0.0612962980628718,0.454146528829847,
-0.208922700486338));
#2209=CARTESIAN_POINT('Ctrl Pts',(0.0805976856724861,0.429678713137416,
-0.219581691642175));
#2210=CARTESIAN_POINT('Ctrl Pts',(0.0889436963757641,0.414258523823563,
-0.225995390481145));
#2211=CARTESIAN_POINT('Ctrl Pts',(0.102955611460101,0.382010597249494,-0.238595013548683));
#2212=CARTESIAN_POINT('Ctrl Pts',(0.10851712766726,0.365145249846978,-0.244800514192944));
#2213=CARTESIAN_POINT('Ctrl Pts',(0.122471244764267,0.312685327531346,-0.262698640218523));
#2214=CARTESIAN_POINT('Ctrl Pts',(0.128110773085604,0.275345219523595,-0.273608510060124));
#2215=CARTESIAN_POINT('Ctrl Pts',(0.135796439192896,0.19786329079901,-0.291599709659741));
#2216=CARTESIAN_POINT('Ctrl Pts',(0.137784823493174,0.157882744260429,-0.29862255765642));
#2217=CARTESIAN_POINT('Ctrl Pts',(0.140161689163948,0.0781084716340462,
-0.307860059129806));
#2218=CARTESIAN_POINT('Ctrl Pts',(0.14055418168698,0.0383146654420947,-0.310072988223749));
#2219=CARTESIAN_POINT('Ctrl Pts',(0.14055418168698,-0.0383146654420948,
-0.310072988223749));
#2220=CARTESIAN_POINT('Ctrl Pts',(0.140161689163948,-0.0781084716340464,
-0.307860059129806));
#2221=CARTESIAN_POINT('Ctrl Pts',(0.137784823493174,-0.157882744260429,
-0.29862255765642));
#2222=CARTESIAN_POINT('Ctrl Pts',(0.135796439192896,-0.19786329079901,-0.291599709659741));
#2223=CARTESIAN_POINT('Ctrl Pts',(0.128110773085604,-0.275345219523595,
-0.273608510060124));
#2224=CARTESIAN_POINT('Ctrl Pts',(0.122471244764267,-0.312685327531346,
-0.262698640218523));
#2225=CARTESIAN_POINT('Ctrl Pts',(0.10851712766726,-0.365145249846978,-0.244800514192944));
#2226=CARTESIAN_POINT('Ctrl Pts',(0.102955611460101,-0.382010597249494,
-0.238595013548683));
#2227=CARTESIAN_POINT('Ctrl Pts',(0.0889436963757641,-0.414258523823563,
-0.225995390481145));
#2228=CARTESIAN_POINT('Ctrl Pts',(0.080597685672486,-0.429678713137416,
-0.219581691642176));
#2229=CARTESIAN_POINT('Ctrl Pts',(0.0612962980628718,-0.454146528829848,
-0.208922700486339));
#2230=CARTESIAN_POINT('Ctrl Pts',(0.0510683954397196,-0.464284898093749,
-0.20432841804124));
#2231=CARTESIAN_POINT('Ctrl Pts',(0.0332686333740815,-0.475207952400152,
-0.199273506737629));
#2232=CARTESIAN_POINT('Ctrl Pts',(0.026925307386357,-0.478152934444073,
-0.197891331351477));
#2233=CARTESIAN_POINT('Ctrl Pts',(0.0137362575062108,-0.482158931774794,
-0.196003693084058));
#2234=CARTESIAN_POINT('Ctrl Pts',(0.00688972503690474,-0.483218118451696,
-0.195500000000002));
#2235=CARTESIAN_POINT('Ctrl Pts',(-0.00688972503690474,-0.483218118451696,
-0.195500000000002));
#2236=CARTESIAN_POINT('Ctrl Pts',(-0.0137362575062108,-0.482158931774794,
-0.196003693084058));
#2237=CARTESIAN_POINT('Ctrl Pts',(-0.026925307386357,-0.478152934444073,
-0.197891331351477));
#2238=CARTESIAN_POINT('Ctrl Pts',(-0.0332686333740815,-0.475207952400152,
-0.199273506737629));
#2239=CARTESIAN_POINT('Ctrl Pts',(-0.0510683954397196,-0.464284898093749,
-0.20432841804124));
#2240=CARTESIAN_POINT('Ctrl Pts',(-0.0612962980628718,-0.454146528829848,
-0.208922700486339));
#2241=CARTESIAN_POINT('Ctrl Pts',(-0.080597685672486,-0.429678713137416,
-0.219581691642176));
#2242=CARTESIAN_POINT('Ctrl Pts',(-0.0889436963757641,-0.414258523823563,
-0.225995390481145));
#2243=CARTESIAN_POINT('Ctrl Pts',(-0.102955611460101,-0.382010597249494,
-0.238595013548683));
#2244=CARTESIAN_POINT('Ctrl Pts',(-0.10851712766726,-0.365145249846978,
-0.244800514192944));
#2245=CARTESIAN_POINT('Ctrl Pts',(-0.122471244764267,-0.312685327531346,
-0.262698640218523));
#2246=CARTESIAN_POINT('Ctrl Pts',(-0.128110773085604,-0.275345219523595,
-0.273608510060124));
#2247=CARTESIAN_POINT('Ctrl Pts',(-0.135796439192896,-0.19786329079901,
-0.291599709659741));
#2248=CARTESIAN_POINT('Ctrl Pts',(-0.137784823493174,-0.157882744260429,
-0.29862255765642));
#2249=CARTESIAN_POINT('Ctrl Pts',(-0.140161689163948,-0.0781084716340464,
-0.307860059129806));
#2250=CARTESIAN_POINT('Ctrl Pts',(-0.14055418168698,-0.0383146654420948,
-0.310072988223749));
#2251=CARTESIAN_POINT('Ctrl Pts',(-0.14055418168698,-9.83465277719135E-17,
-0.310072988223749));
#2252=CARTESIAN_POINT('Origin',(0.,-5.9761835279512E-16,-0.00874886569779513));
#2253=CARTESIAN_POINT('',(-7.65404249467096E-17,0.625,-0.00874886569779321));
#2254=CARTESIAN_POINT('Origin',(0.,-5.9761835279512E-16,-0.00874886569779513));
#2255=CARTESIAN_POINT('',(-6.64594909293385E-17,0.542682926829272,-0.15993764109487));
#2256=CARTESIAN_POINT('Origin',(-5.44967825620573E-17,0.445,-0.00874886569779377));
#2257=CARTESIAN_POINT('Origin',(0.,2.371609499731E-15,-0.159937641094872));
#2258=CARTESIAN_POINT('Origin',(0.,-6.1440778929674E-16,-0.00328251843582195));
#2259=CARTESIAN_POINT('',(-5.91912619587891E-17,0.483333333333336,-0.0792027982620229));
#2260=CARTESIAN_POINT('Origin',(0.,2.12363906312155E-15,-0.0792027982620243));
#2261=CARTESIAN_POINT('',(-6.42939569552361E-17,0.525,-0.00328251843582034));
#2262=CARTESIAN_POINT('Origin',(-5.32721357629099E-17,0.435,-0.00328251843582062));
#2263=CARTESIAN_POINT('Origin',(0.,-6.1440778929674E-16,-0.00328251843582195));
#2264=CARTESIAN_POINT('Origin',(0.,5.12221498812049E-17,-0.22));
#2265=CARTESIAN_POINT('',(-7.65404249467096E-17,0.625,3.05966975290397E-16));
#2266=CARTESIAN_POINT('Origin',(0.,-6.24489774981584E-16,-1.63910879619856E-15));
#2267=CARTESIAN_POINT('',(-7.65404249467096E-17,0.625000000000001,-0.219999999999998));
#2268=CARTESIAN_POINT('Origin',(0.,-2.0818995585505E-16,0.68));
#2269=CARTESIAN_POINT('Origin',(0.,5.12221498812049E-17,-0.22));
#2270=CARTESIAN_POINT('',(-6.42939569552361E-17,0.525,2.18547839493141E-16));
#2271=CARTESIAN_POINT('',(-6.42939569552361E-17,0.525000000000001,-0.219999999999998));
#2272=CARTESIAN_POINT('Origin',(0.,-6.24489774981585E-16,-1.40007209675293E-15));
#2273=CARTESIAN_POINT('Origin',(0.,-2.0818995585505E-16,0.68));
#2274=CARTESIAN_POINT('Origin',(0.,4.31145630124071E-30,-1.5099545087581E-15));
#2275=CARTESIAN_POINT('Origin',(0.,0.,-0.124730043988617));
#2276=CARTESIAN_POINT('Origin',(0.,0.,-0.175500000000002));
#2277=CARTESIAN_POINT('',(0.,0.,0.));
#2278=CARTESIAN_POINT('Origin',(0.,0.,-0.449471578500074));
#2279=CARTESIAN_POINT('',(-0.05,-6.12323399573677E-18,-0.449471578500074));
#2280=CARTESIAN_POINT('Origin',(0.,0.,-0.449471578500074));
#2281=CARTESIAN_POINT('',(-0.05,-6.12323399573677E-18,-0.396862696659688));
#2282=CARTESIAN_POINT('',(-0.05,-6.12323399573677E-18,-0.449471578500074));
#2283=CARTESIAN_POINT('Origin',(0.,0.,-0.396862696659688));
#2284=CARTESIAN_POINT('Origin',(0.,0.,0.));
#2285=CARTESIAN_POINT('',(-0.2,-2.44929359829471E-17,-0.403701622488689));
#2286=CARTESIAN_POINT('Origin',(0.,0.,-0.403701622488689));
#2287=CARTESIAN_POINT('',(-0.2,-2.44929359829471E-17,-0.449471578500074));
#2288=CARTESIAN_POINT('',(-0.2,-2.44929359829471E-17,0.));
#2289=CARTESIAN_POINT('Origin',(0.,0.,-0.449471578500074));
#2290=CARTESIAN_POINT('Origin',(0.,0.,-0.0697315163681386));
#2291=CARTESIAN_POINT('',(-0.393875,-4.82357758014164E-17,-0.0697315163681386));
#2292=CARTESIAN_POINT('Origin',(0.,0.,-0.0697315163681386));
#2293=CARTESIAN_POINT('',(-0.4,-4.89858719658941E-17,1.09273919746571E-17));
#2294=CARTESIAN_POINT('',(-0.393875,-4.82357758014164E-17,-0.0697315163681386));
#2295=CARTESIAN_POINT('Origin',(0.,0.,0.));
#2296=CARTESIAN_POINT('Origin',(0.,0.,0.));
#2297=CARTESIAN_POINT('Origin',(0.,0.,0.));
#2298=CARTESIAN_POINT('',(-0.5,-6.12323399573677E-17,0.));
#2299=CARTESIAN_POINT('Origin',(0.,0.,0.));
#2300=CARTESIAN_POINT('',(-0.295,-3.61270805748469E-17,-0.403701622488689));
#2301=CARTESIAN_POINT('Origin',(0.,0.,0.));
#2302=CARTESIAN_POINT('Origin',(0.,0.,-0.403701622488689));
#2303=CARTESIAN_POINT('Origin',(0.,0.,0.));
#2304=CARTESIAN_POINT('Origin',(0.,0.,-0.449471578500074));
#2305=CARTESIAN_POINT('Origin',(0.,0.,-0.403701622488689));
#2306=CARTESIAN_POINT('',(0.,0.,0.));
#2307=CARTESIAN_POINT('Origin',(0.,-0.165,-0.09375));
#2308=CARTESIAN_POINT('',(-3.82702124733548E-18,-0.165,-0.125));
#2309=CARTESIAN_POINT('Origin',(0.,-0.165,-0.09375));
#2310=CARTESIAN_POINT('',(-1.99005104861444E-18,-0.18,-0.11));
#2311=CARTESIAN_POINT('Origin',(-1.99005104861444E-18,-0.165,-0.11));
#2312=CARTESIAN_POINT('Origin',(0.,-0.18,-0.09375));
#2313=CARTESIAN_POINT('Origin',(0.,-0.18,-0.09375));
#2314=CARTESIAN_POINT('',(-0.03125,0.0725,-0.09375));
#2315=CARTESIAN_POINT('',(-3.82702124733547E-18,0.0724999999999999,-0.125));
#2316=CARTESIAN_POINT('Origin',(0.,0.0725,-0.09375));
#2317=CARTESIAN_POINT('Origin',(0.,0.0725,-0.09375));
#2318=CARTESIAN_POINT('',(-1.21579405999087E-17,0.048,-0.125));
#2319=CARTESIAN_POINT('',(-3.82702124733547E-18,-0.18,-0.125));
#2320=CARTESIAN_POINT('',(-3.44750131047545E-19,0.048,-0.0625000000000001));
#2321=CARTESIAN_POINT('Ctrl Pts',(1.36592399683213E-18,0.048,-0.125));
#2322=CARTESIAN_POINT('Ctrl Pts',(-0.00405710083792378,0.048,-0.125));
#2323=CARTESIAN_POINT('Ctrl Pts',(-0.00830238903586479,0.0474424006694413,
-0.124163022470513));
#2324=CARTESIAN_POINT('Ctrl Pts',(-0.0159721979659464,0.0454378686340632,
-0.120930331537493));
#2325=CARTESIAN_POINT('Ctrl Pts',(-0.0194036531033436,0.0440079961799233,
-0.118540520720816));
#2326=CARTESIAN_POINT('Ctrl Pts',(-0.0248169751429928,0.0412007881415015,
-0.113127198681166));
#2327=CARTESIAN_POINT('Ctrl Pts',(-0.0271890576852916,0.039608015638616,
-0.109701907092011));
#2328=CARTESIAN_POINT('Ctrl Pts',(-0.030405203744712,0.0371962879540042,
-0.102070526867894));
#2329=CARTESIAN_POINT('Ctrl Pts',(-0.03125,0.0364340156996179,-0.0978469489522655));
#2330=CARTESIAN_POINT('Ctrl Pts',(-0.03125,0.0364340156996179,-0.0896530510477347));
#2331=CARTESIAN_POINT('Ctrl Pts',(-0.030405203744712,0.0371962879540042,
-0.0854294731321062));
#2332=CARTESIAN_POINT('Ctrl Pts',(-0.0271890576852916,0.039608015638616,
-0.0777980929079895));
#2333=CARTESIAN_POINT('Ctrl Pts',(-0.0248169751429928,0.0412007881415015,
-0.0743728013188336));
#2334=CARTESIAN_POINT('Ctrl Pts',(-0.0194036531033436,0.0440079961799233,
-0.0689594792791844));
#2335=CARTESIAN_POINT('Ctrl Pts',(-0.0159721979659464,0.0454378686340632,
-0.0665696684625067));
#2336=CARTESIAN_POINT('Ctrl Pts',(-0.0083023890358648,0.0474424006694413,
-0.0633369775294869));
#2337=CARTESIAN_POINT('Ctrl Pts',(-0.00405710083792379,0.048,-0.0625000000000001));
#2338=CARTESIAN_POINT('Ctrl Pts',(-8.87850597940885E-18,0.048,-0.0625000000000001));
#2339=CARTESIAN_POINT('Ctrl Pts',(-6.82961998416066E-18,0.048,-0.0625000000000001));
#2340=CARTESIAN_POINT('Ctrl Pts',(0.00405710083792378,0.048,-0.0625000000000001));
#2341=CARTESIAN_POINT('Ctrl Pts',(0.00830238903586479,0.0474424006694413,
-0.0633369775294869));
#2342=CARTESIAN_POINT('Ctrl Pts',(0.0159721979659464,0.0454378686340632,
-0.0665696684625067));
#2343=CARTESIAN_POINT('Ctrl Pts',(0.0194036531033436,0.0440079961799233,
-0.0689594792791844));
#2344=CARTESIAN_POINT('Ctrl Pts',(0.0248169751429928,0.0412007881415015,
-0.0743728013188336));
#2345=CARTESIAN_POINT('Ctrl Pts',(0.0271890576852916,0.039608015638616,
-0.0777980929079895));
#2346=CARTESIAN_POINT('Ctrl Pts',(0.030405203744712,0.0371962879540042,
-0.0854294731321062));
#2347=CARTESIAN_POINT('Ctrl Pts',(0.03125,0.0364340156996179,-0.0896530510477347));
#2348=CARTESIAN_POINT('Ctrl Pts',(0.03125,0.0364340156996179,-0.09375));
#2349=CARTESIAN_POINT('Ctrl Pts',(0.03125,0.0364340156996179,-0.0978469489522654));
#2350=CARTESIAN_POINT('Ctrl Pts',(0.030405203744712,0.0371962879540042,
-0.102070526867894));
#2351=CARTESIAN_POINT('Ctrl Pts',(0.0271890576852916,0.039608015638616,
-0.109701907092011));
#2352=CARTESIAN_POINT('Ctrl Pts',(0.0248169751429928,0.0412007881415015,
-0.113127198681166));
#2353=CARTESIAN_POINT('Ctrl Pts',(0.0194036531033436,0.0440079961799233,
-0.118540520720816));
#2354=CARTESIAN_POINT('Ctrl Pts',(0.0159721979659464,0.0454378686340632,
-0.120930331537493));
#2355=CARTESIAN_POINT('Ctrl Pts',(0.00830238903586483,0.0474424006694413,
-0.124163022470513));
#2356=CARTESIAN_POINT('Ctrl Pts',(0.00405710083792379,0.048,-0.125));
#2357=CARTESIAN_POINT('Ctrl Pts',(4.09777199049639E-18,0.048,-0.125));
#2358=CARTESIAN_POINT('Origin',(0.,-0.18,-0.09375));
#2359=CARTESIAN_POINT('',(3.44750131047545E-19,-0.048,-0.0625000000000001));
#2360=CARTESIAN_POINT('',(-2.25499162287577E-18,-0.048,-0.125));
#2361=CARTESIAN_POINT('Ctrl Pts',(-3.41480999208033E-18,-0.048,-0.0625000000000001));
#2362=CARTESIAN_POINT('Ctrl Pts',(-0.00405710083792379,-0.048,-0.0625000000000001));
#2363=CARTESIAN_POINT('Ctrl Pts',(-0.00830238903586482,-0.0474424006694413,
-0.0633369775294869));
#2364=CARTESIAN_POINT('Ctrl Pts',(-0.0159721979659464,-0.0454378686340632,
-0.0665696684625067));
#2365=CARTESIAN_POINT('Ctrl Pts',(-0.0194036531033436,-0.0440079961799233,
-0.0689594792791845));
#2366=CARTESIAN_POINT('Ctrl Pts',(-0.0248169751429928,-0.0412007881415015,
-0.0743728013188337));
#2367=CARTESIAN_POINT('Ctrl Pts',(-0.0271890576852916,-0.039608015638616,
-0.0777980929079896));
#2368=CARTESIAN_POINT('Ctrl Pts',(-0.030405203744712,-0.0371962879540042,
-0.0854294731321063));
#2369=CARTESIAN_POINT('Ctrl Pts',(-0.03125,-0.0364340156996179,-0.0896530510477347));
#2370=CARTESIAN_POINT('Ctrl Pts',(-0.03125,-0.0364340156996179,-0.0978469489522654));
#2371=CARTESIAN_POINT('Ctrl Pts',(-0.030405203744712,-0.0371962879540042,
-0.102070526867894));
#2372=CARTESIAN_POINT('Ctrl Pts',(-0.0271890576852916,-0.039608015638616,
-0.109701907092011));
#2373=CARTESIAN_POINT('Ctrl Pts',(-0.0248169751429928,-0.0412007881415014,
-0.113127198681166));
#2374=CARTESIAN_POINT('Ctrl Pts',(-0.0194036531033436,-0.0440079961799233,
-0.118540520720816));
#2375=CARTESIAN_POINT('Ctrl Pts',(-0.0159721979659464,-0.0454378686340632,
-0.120930331537493));
#2376=CARTESIAN_POINT('Ctrl Pts',(-0.00830238903586483,-0.0474424006694413,
-0.124163022470513));
#2377=CARTESIAN_POINT('Ctrl Pts',(-0.0040571008379238,-0.048,-0.125));
#2378=CARTESIAN_POINT('Ctrl Pts',(-4.78073398891246E-18,-0.048,-0.125));
#2379=CARTESIAN_POINT('',(-3.82702124733547E-18,-0.18,-0.125));
#2380=CARTESIAN_POINT('Ctrl Pts',(-6.82961998416066E-19,-0.048,-0.125));
#2381=CARTESIAN_POINT('Ctrl Pts',(0.00405710083792378,-0.048,-0.125));
#2382=CARTESIAN_POINT('Ctrl Pts',(0.00830238903586479,-0.0474424006694413,
-0.124163022470513));
#2383=CARTESIAN_POINT('Ctrl Pts',(0.0159721979659464,-0.0454378686340632,
-0.120930331537493));
#2384=CARTESIAN_POINT('Ctrl Pts',(0.0194036531033436,-0.0440079961799233,
-0.118540520720816));
#2385=CARTESIAN_POINT('Ctrl Pts',(0.0248169751429928,-0.0412007881415015,
-0.113127198681166));
#2386=CARTESIAN_POINT('Ctrl Pts',(0.0271890576852916,-0.039608015638616,
-0.109701907092011));
#2387=CARTESIAN_POINT('Ctrl Pts',(0.030405203744712,-0.0371962879540042,
-0.102070526867894));
#2388=CARTESIAN_POINT('Ctrl Pts',(0.03125,-0.0364340156996179,-0.0978469489522655));
#2389=CARTESIAN_POINT('Ctrl Pts',(0.03125,-0.0364340156996179,-0.09375));
#2390=CARTESIAN_POINT('Ctrl Pts',(0.03125,-0.0364340156996179,-0.0896530510477347));
#2391=CARTESIAN_POINT('Ctrl Pts',(0.030405203744712,-0.0371962879540042,
-0.0854294731321063));
#2392=CARTESIAN_POINT('Ctrl Pts',(0.0271890576852916,-0.039608015638616,
-0.0777980929079896));
#2393=CARTESIAN_POINT('Ctrl Pts',(0.0248169751429928,-0.0412007881415015,
-0.0743728013188337));
#2394=CARTESIAN_POINT('Ctrl Pts',(0.0194036531033436,-0.0440079961799233,
-0.0689594792791845));
#2395=CARTESIAN_POINT('Ctrl Pts',(0.0159721979659464,-0.0454378686340632,
-0.0665696684625067));
#2396=CARTESIAN_POINT('Ctrl Pts',(0.00830238903586482,-0.0474424006694413,
-0.0633369775294869));
#2397=CARTESIAN_POINT('Ctrl Pts',(0.00405710083792379,-0.048,-0.0625000000000001));
#2398=CARTESIAN_POINT('Ctrl Pts',(-6.82961998416066E-19,-0.048,-0.0625000000000001));
#2399=CARTESIAN_POINT('Origin',(0.,6.12323399573653E-19,-0.7155));
#2400=CARTESIAN_POINT('',(-5.8783046359073E-18,-0.048,-0.7155));
#2401=CARTESIAN_POINT('Origin',(0.,6.12323399573653E-19,-0.7155));
#2402=CARTESIAN_POINT('',(-5.8783046359073E-18,-0.048,-0.7155));
#2403=CARTESIAN_POINT('',(-5.8783046359073E-18,-0.048,-0.048));
#2404=CARTESIAN_POINT('',(-5.8783046359073E-18,-0.048,-0.7155));
#2405=CARTESIAN_POINT('',(-0.048,-8.49228951855789E-33,-0.048));
#2406=CARTESIAN_POINT('Origin',(0.,7.31594674205962E-19,-0.048));
#2407=CARTESIAN_POINT('Origin',(0.,7.31594674205962E-19,-0.048));
#2408=CARTESIAN_POINT('Origin',(0.,5.87830463590729E-18,-0.048));
#2409=CARTESIAN_POINT('',(-2.93915231795365E-18,5.87830463590729E-18,-1.09273919746571E-17));
#2410=CARTESIAN_POINT('Origin',(0.,5.87830463590729E-18,-0.048));
#2411=CARTESIAN_POINT('Origin',(0.,6.12323399573653E-19,-0.7155));
#2412=CARTESIAN_POINT('Origin',(0.,-0.18,-0.09375));
#2413=CARTESIAN_POINT('Origin',(0.,0.0725,-0.09375));
#2414=CARTESIAN_POINT('',(-1.91351062366774E-18,0.10375,-0.09375));
#2415=CARTESIAN_POINT('Origin',(0.,0.0725,-0.09375));
#2416=CARTESIAN_POINT('',(0.,0.,0.));
#2417=CARTESIAN_POINT('Origin',(0.,0.676335136523794,0.));
#2418=CARTESIAN_POINT('',(-1.86758636869971E-17,0.145,0.1525));
#2419=CARTESIAN_POINT('Origin',(0.,0.145,0.));
#2420=CARTESIAN_POINT('',(-1.86758636869971E-17,-8.74191357972564E-17,0.1525));
#2421=CARTESIAN_POINT('',(-1.86758636869971E-17,0.676335136523794,0.1525));
#2422=CARTESIAN_POINT('Origin',(0.,0.,0.));
#2423=CARTESIAN_POINT('Origin',(-0.0555617860016236,0.25375,-0.635074120033488));
#2424=CARTESIAN_POINT('',(-0.00936780937605901,0.265,-0.654208291651742));
#2425=CARTESIAN_POINT('Origin',(-0.0555617860016236,0.265,-0.635074120033488));
#2426=CARTESIAN_POINT('Origin',(-0.294364740937327,0.25375,-0.56546940615112));
#2427=CARTESIAN_POINT('',(-0.259009401878,0.265,-0.600824745210447));
#2428=CARTESIAN_POINT('Origin',(-0.294364740937327,0.265,-0.56546940615112));
#2429=CARTESIAN_POINT('Origin',(-0.488353332488344,0.25375,-0.409777101175174));
#2430=CARTESIAN_POINT('',(-0.469219160870089,0.265,-0.455971077800738));
#2431=CARTESIAN_POINT('Origin',(-0.488353332488344,0.265,-0.409777101175174));
#2432=CARTESIAN_POINT('Origin',(-0.607994556101993,0.25375,-0.19169994718398));
#2433=CARTESIAN_POINT('',(-0.607994556101992,0.265,-0.24169994718398));
#2434=CARTESIAN_POINT('Origin',(-0.607994556101993,0.265,-0.19169994718398));
#2435=CARTESIAN_POINT('Origin',(-0.635074120033488,0.25375,0.0555617860016259));
#2436=CARTESIAN_POINT('',(-0.654208291651742,0.265,0.00936780937606133));
#2437=CARTESIAN_POINT('Origin',(-0.635074120033488,0.265,0.0555617860016259));
#2438=CARTESIAN_POINT('Origin',(-0.565469406151119,0.25375,0.294364740937329));
#2439=CARTESIAN_POINT('',(-0.600824745210446,0.265,0.259009401878002));
#2440=CARTESIAN_POINT('Origin',(-0.565469406151119,0.265,0.294364740937329));
#2441=CARTESIAN_POINT('Origin',(-0.409777101175172,0.25375,0.488353332488345));
#2442=CARTESIAN_POINT('',(-0.455971077800737,0.265,0.46921916087009));
#2443=CARTESIAN_POINT('Origin',(-0.409777101175172,0.265,0.488353332488345));
#2444=CARTESIAN_POINT('Origin',(-0.191699947183974,0.25375,0.607994556101995));
#2445=CARTESIAN_POINT('',(-0.241699947183974,0.265,0.607994556101995));
#2446=CARTESIAN_POINT('Origin',(-0.191699947183974,0.265,0.607994556101995));
#2447=CARTESIAN_POINT('Origin',(0.0555617860016284,0.25375,0.635074120033488));
#2448=CARTESIAN_POINT('',(0.00936780937606393,0.265,0.654208291651742));
#2449=CARTESIAN_POINT('Origin',(0.0555617860016284,0.265,0.635074120033488));
#2450=CARTESIAN_POINT('Origin',(0.294364740937331,0.25375,0.565469406151118));
#2451=CARTESIAN_POINT('',(0.259009401878004,0.265,0.600824745210445));
#2452=CARTESIAN_POINT('Origin',(0.294364740937331,0.265,0.565469406151118));
#2453=CARTESIAN_POINT('Origin',(0.488353332488347,0.25375,0.409777101175171));
#2454=CARTESIAN_POINT('',(0.469219160870092,0.265,0.455971077800735));
#2455=CARTESIAN_POINT('Origin',(0.488353332488347,0.265,0.409777101175171));
#2456=CARTESIAN_POINT('Origin',(0.607994556101994,0.25375,0.191699947183976));
#2457=CARTESIAN_POINT('',(0.607994556101994,0.265,0.241699947183976));
#2458=CARTESIAN_POINT('Origin',(0.607994556101994,0.265,0.191699947183976));
#2459=CARTESIAN_POINT('Origin',(0.635074120033488,0.25375,-0.0555617860016306));
#2460=CARTESIAN_POINT('',(0.654208291651742,0.265,-0.00936780937606618));
#2461=CARTESIAN_POINT('Origin',(0.635074120033488,0.265,-0.0555617860016306));
#2462=CARTESIAN_POINT('Origin',(0.565469406151117,0.25375,-0.294364740937333));
#2463=CARTESIAN_POINT('',(0.600824745210444,0.265,-0.259009401878006));
#2464=CARTESIAN_POINT('Origin',(0.565469406151117,0.265,-0.294364740937333));
#2465=CARTESIAN_POINT('Origin',(0.409777101175169,0.25375,-0.488353332488348));
#2466=CARTESIAN_POINT('',(0.455971077800733,0.265,-0.469219160870094));
#2467=CARTESIAN_POINT('Origin',(0.409777101175169,0.265,-0.488353332488348));
#2468=CARTESIAN_POINT('Origin',(0.191699947183974,0.25375,-0.607994556101995));
#2469=CARTESIAN_POINT('',(0.241699947183974,0.265,-0.607994556101995));
#2470=CARTESIAN_POINT('Origin',(0.191699947183974,0.265,-0.607994556101995));
#2471=CARTESIAN_POINT('Origin',(-0.0555617860016323,0.265,-0.635074120033488));
#2472=CARTESIAN_POINT('',(-0.0555617860016323,0.245,-0.572574120033488));
#2473=CARTESIAN_POINT('Origin',(-0.0555617860016323,0.245,-0.635074120033488));
#2474=CARTESIAN_POINT('',(-0.0555617860016323,0.265,-0.572574120033488));
#2475=CARTESIAN_POINT('',(-0.0555617860016323,0.265,-0.572574120033488));
#2476=CARTESIAN_POINT('Origin',(-0.0555617860016323,0.265,-0.635074120033488));
#2477=CARTESIAN_POINT('Origin',(0.191699947183974,0.265,-0.607994556101995));
#2478=CARTESIAN_POINT('',(0.191699947183974,0.245,-0.545494556101995));
#2479=CARTESIAN_POINT('Origin',(0.191699947183974,0.245,-0.607994556101995));
#2480=CARTESIAN_POINT('',(0.191699947183974,0.265,-0.545494556101995));
#2481=CARTESIAN_POINT('',(0.191699947183974,0.265,-0.545494556101995));
#2482=CARTESIAN_POINT('Origin',(0.191699947183974,0.265,-0.607994556101995));
#2483=CARTESIAN_POINT('Origin',(0.409777101175169,0.265,-0.488353332488349));
#2484=CARTESIAN_POINT('',(0.409777101175169,0.245,-0.425853332488349));
#2485=CARTESIAN_POINT('Origin',(0.409777101175169,0.245,-0.488353332488349));
#2486=CARTESIAN_POINT('',(0.409777101175169,0.265,-0.425853332488349));
#2487=CARTESIAN_POINT('',(0.409777101175169,0.265,-0.425853332488349));
#2488=CARTESIAN_POINT('Origin',(0.409777101175169,0.265,-0.488353332488349));
#2489=CARTESIAN_POINT('Origin',(0.565469406151116,0.265,-0.294364740937334));
#2490=CARTESIAN_POINT('',(0.565469406151116,0.245,-0.231864740937334));
#2491=CARTESIAN_POINT('Origin',(0.565469406151116,0.245,-0.294364740937334));
#2492=CARTESIAN_POINT('',(0.565469406151116,0.265,-0.231864740937334));
#2493=CARTESIAN_POINT('',(0.565469406151116,0.265,-0.231864740937334));
#2494=CARTESIAN_POINT('Origin',(0.565469406151116,0.265,-0.294364740937334));
#2495=CARTESIAN_POINT('Origin',(0.635074120033488,0.265,-0.055561786001632));
#2496=CARTESIAN_POINT('',(0.635074120033488,0.245,0.00693821399836791));
#2497=CARTESIAN_POINT('Origin',(0.635074120033488,0.245,-0.055561786001632));
#2498=CARTESIAN_POINT('',(0.635074120033488,0.265,0.00693821399836791));
#2499=CARTESIAN_POINT('',(0.635074120033488,0.265,0.00693821399836791));
#2500=CARTESIAN_POINT('Origin',(0.635074120033488,0.265,-0.055561786001632));
#2501=CARTESIAN_POINT('Origin',(0.607994556101995,0.265,0.191699947183974));
#2502=CARTESIAN_POINT('',(0.607994556101995,0.245,0.254199947183974));
#2503=CARTESIAN_POINT('Origin',(0.607994556101995,0.245,0.191699947183974));
#2504=CARTESIAN_POINT('',(0.607994556101995,0.265,0.254199947183974));
#2505=CARTESIAN_POINT('',(0.607994556101995,0.265,0.254199947183974));
#2506=CARTESIAN_POINT('Origin',(0.607994556101995,0.265,0.191699947183974));
#2507=CARTESIAN_POINT('Origin',(0.488353332488348,0.265,0.409777101175169));
#2508=CARTESIAN_POINT('',(0.488353332488348,0.245,0.472277101175169));
#2509=CARTESIAN_POINT('Origin',(0.488353332488348,0.245,0.409777101175169));
#2510=CARTESIAN_POINT('',(0.488353332488348,0.265,0.472277101175169));
#2511=CARTESIAN_POINT('',(0.488353332488348,0.265,0.472277101175169));
#2512=CARTESIAN_POINT('Origin',(0.488353332488348,0.265,0.409777101175169));
#2513=CARTESIAN_POINT('Origin',(0.294364740937334,0.265,0.565469406151116));
#2514=CARTESIAN_POINT('',(0.294364740937334,0.245,0.627969406151116));
#2515=CARTESIAN_POINT('Origin',(0.294364740937334,0.245,0.565469406151116));
#2516=CARTESIAN_POINT('',(0.294364740937334,0.265,0.627969406151116));
#2517=CARTESIAN_POINT('',(0.294364740937334,0.265,0.627969406151116));
#2518=CARTESIAN_POINT('Origin',(0.294364740937334,0.265,0.565469406151116));
#2519=CARTESIAN_POINT('Origin',(0.0555617860016323,0.265,0.635074120033488));
#2520=CARTESIAN_POINT('',(0.0555617860016323,0.245,0.697574120033488));
#2521=CARTESIAN_POINT('Origin',(0.0555617860016323,0.245,0.635074120033488));
#2522=CARTESIAN_POINT('',(0.0555617860016323,0.265,0.697574120033488));
#2523=CARTESIAN_POINT('',(0.0555617860016323,0.265,0.697574120033488));
#2524=CARTESIAN_POINT('Origin',(0.0555617860016323,0.265,0.635074120033488));
#2525=CARTESIAN_POINT('Origin',(-0.191699947183974,0.265,0.607994556101995));
#2526=CARTESIAN_POINT('',(-0.191699947183974,0.245,0.670494556101995));
#2527=CARTESIAN_POINT('Origin',(-0.191699947183974,0.245,0.607994556101995));
#2528=CARTESIAN_POINT('',(-0.191699947183974,0.265,0.670494556101995));
#2529=CARTESIAN_POINT('',(-0.191699947183974,0.265,0.670494556101995));
#2530=CARTESIAN_POINT('Origin',(-0.191699947183974,0.265,0.607994556101995));
#2531=CARTESIAN_POINT('Origin',(-0.409777101175169,0.265,0.488353332488349));
#2532=CARTESIAN_POINT('',(-0.409777101175169,0.245,0.550853332488349));
#2533=CARTESIAN_POINT('Origin',(-0.409777101175169,0.245,0.488353332488349));
#2534=CARTESIAN_POINT('',(-0.409777101175169,0.265,0.550853332488349));
#2535=CARTESIAN_POINT('',(-0.409777101175169,0.265,0.550853332488349));
#2536=CARTESIAN_POINT('Origin',(-0.409777101175169,0.265,0.488353332488349));
#2537=CARTESIAN_POINT('Origin',(-0.565469406151116,0.265,0.294364740937334));
#2538=CARTESIAN_POINT('',(-0.565469406151116,0.245,0.356864740937334));
#2539=CARTESIAN_POINT('Origin',(-0.565469406151116,0.245,0.294364740937334));
#2540=CARTESIAN_POINT('',(-0.565469406151116,0.265,0.356864740937334));
#2541=CARTESIAN_POINT('',(-0.565469406151116,0.265,0.356864740937334));
#2542=CARTESIAN_POINT('Origin',(-0.565469406151116,0.265,0.294364740937334));
#2543=CARTESIAN_POINT('Origin',(-0.635074120033488,0.265,0.0555617860016323));
#2544=CARTESIAN_POINT('',(-0.635074120033488,0.245,0.118061786001632));
#2545=CARTESIAN_POINT('Origin',(-0.635074120033488,0.245,0.0555617860016323));
#2546=CARTESIAN_POINT('',(-0.635074120033488,0.265,0.118061786001632));
#2547=CARTESIAN_POINT('',(-0.635074120033488,0.265,0.118061786001632));
#2548=CARTESIAN_POINT('Origin',(-0.635074120033488,0.265,0.0555617860016323));
#2549=CARTESIAN_POINT('Origin',(-0.607994556101995,0.265,-0.191699947183974));
#2550=CARTESIAN_POINT('',(-0.607994556101995,0.245,-0.129199947183974));
#2551=CARTESIAN_POINT('Origin',(-0.607994556101995,0.245,-0.191699947183974));
#2552=CARTESIAN_POINT('',(-0.607994556101995,0.265,-0.129199947183974));
#2553=CARTESIAN_POINT('',(-0.607994556101995,0.265,-0.129199947183974));
#2554=CARTESIAN_POINT('Origin',(-0.607994556101995,0.265,-0.191699947183974));
#2555=CARTESIAN_POINT('Origin',(-0.488353332488348,0.265,-0.409777101175168));
#2556=CARTESIAN_POINT('',(-0.488353332488348,0.245,-0.347277101175168));
#2557=CARTESIAN_POINT('Origin',(-0.488353332488348,0.245,-0.409777101175168));
#2558=CARTESIAN_POINT('',(-0.488353332488348,0.265,-0.347277101175168));
#2559=CARTESIAN_POINT('',(-0.488353332488348,0.265,-0.347277101175168));
#2560=CARTESIAN_POINT('Origin',(-0.488353332488348,0.265,-0.409777101175168));
#2561=CARTESIAN_POINT('Origin',(-0.294364740937334,0.265,-0.565469406151116));
#2562=CARTESIAN_POINT('',(-0.294364740937334,0.245,-0.502969406151116));
#2563=CARTESIAN_POINT('Origin',(-0.294364740937334,0.245,-0.565469406151116));
#2564=CARTESIAN_POINT('',(-0.294364740937334,0.265,-0.502969406151116));
#2565=CARTESIAN_POINT('',(-0.294364740937334,0.265,-0.502969406151116));
#2566=CARTESIAN_POINT('Origin',(-0.294364740937334,0.265,-0.565469406151116));
#2567=CARTESIAN_POINT('Origin',(0.,0.245,0.));
#2568=CARTESIAN_POINT('',(-9.18485099360515E-17,0.065,0.75));
#2569=CARTESIAN_POINT('Origin',(0.,0.065,0.));
#2570=CARTESIAN_POINT('',(-9.18485099360515E-17,0.245,0.75));
#2571=CARTESIAN_POINT('',(-9.18485099360515E-17,0.245,0.75));
#2572=CARTESIAN_POINT('Origin',(0.,0.245,0.));
#2573=CARTESIAN_POINT('Origin',(0.,0.045,0.));
#2574=CARTESIAN_POINT('',(-1.13892152320704E-16,0.065,-0.93));
#2575=CARTESIAN_POINT('Origin',(0.,0.065,0.));
#2576=CARTESIAN_POINT('',(-1.16341445918999E-16,0.045,-0.95));
#2577=CARTESIAN_POINT('Origin',(-1.13892152320704E-16,0.045,-0.93));
#2578=CARTESIAN_POINT('',(1.16341445918998E-16,0.045,0.95));
#2579=CARTESIAN_POINT('Origin',(0.,0.045,0.));
#2580=CARTESIAN_POINT('Origin',(0.,0.045,0.));
#2581=CARTESIAN_POINT('Origin',(0.,0.065,0.));
#2582=CARTESIAN_POINT('',(-1.16341445918999E-16,0.,0.95));
#2583=CARTESIAN_POINT('Origin',(0.,0.,0.));
#2584=CARTESIAN_POINT('',(-1.16341445918999E-16,0.065,0.95));
#2585=CARTESIAN_POINT('Origin',(-0.0555617860016323,0.265,-0.635074120033488));
#2586=CARTESIAN_POINT('Origin',(-0.294364740937334,0.265,-0.565469406151116));
#2587=CARTESIAN_POINT('Origin',(-0.488353332488348,0.265,-0.409777101175168));
#2588=CARTESIAN_POINT('Origin',(-0.607994556101995,0.265,-0.191699947183974));
#2589=CARTESIAN_POINT('Origin',(-0.635074120033488,0.265,0.0555617860016323));
#2590=CARTESIAN_POINT('Origin',(-0.565469406151116,0.265,0.294364740937334));
#2591=CARTESIAN_POINT('Origin',(-0.409777101175169,0.265,0.488353332488349));
#2592=CARTESIAN_POINT('Origin',(-0.191699947183974,0.265,0.607994556101995));
#2593=CARTESIAN_POINT('Origin',(0.0555617860016323,0.265,0.635074120033488));
#2594=CARTESIAN_POINT('Origin',(0.294364740937334,0.265,0.565469406151116));
#2595=CARTESIAN_POINT('Origin',(0.488353332488348,0.265,0.409777101175169));
#2596=CARTESIAN_POINT('Origin',(0.607994556101995,0.265,0.191699947183974));
#2597=CARTESIAN_POINT('Origin',(0.635074120033488,0.265,-0.055561786001632));
#2598=CARTESIAN_POINT('Origin',(0.565469406151116,0.265,-0.294364740937334));
#2599=CARTESIAN_POINT('Origin',(0.409777101175169,0.265,-0.488353332488349));
#2600=CARTESIAN_POINT('Origin',(0.,0.065,0.));
#2601=CARTESIAN_POINT('Origin',(0.,0.,0.));
#2602=CARTESIAN_POINT('Origin',(0.,0.245,0.));
#2603=CARTESIAN_POINT('Origin',(0.191699947183974,0.265,-0.607994556101995));
#2604=CARTESIAN_POINT('Origin',(0.,0.145,0.));
#2605=CARTESIAN_POINT('',(0.,0.,0.));
#2606=CARTESIAN_POINT('Origin',(0.,0.57,0.));
#2607=CARTESIAN_POINT('',(-1.55070900942034E-17,0.57,0.126625));
#2608=CARTESIAN_POINT('Origin',(0.,0.57,0.));
#2609=CARTESIAN_POINT('',(-1.55070900942034E-17,-8.74191357972564E-17,0.126625));
#2610=CARTESIAN_POINT('',(-1.55070900942034E-17,0.57,0.126625));
#2611=CARTESIAN_POINT('Origin',(0.,0.,0.));
#2612=CARTESIAN_POINT('Origin',(0.,0.57,0.));
#2613=CARTESIAN_POINT('',(-1.72215956130097E-17,8.74191357972564E-17,0.140625));
#2614=CARTESIAN_POINT('Origin',(0.,0.,0.));
#2615=CARTESIAN_POINT('',(-1.72215956130097E-17,0.57,0.140625));
#2616=CARTESIAN_POINT('',(-1.72215956130097E-17,0.57,0.140625));
#2617=CARTESIAN_POINT('Origin',(0.,0.57,0.));
#2618=CARTESIAN_POINT('Origin',(0.,0.57,0.));
#2619=CARTESIAN_POINT('Origin',(0.,0.,0.));
#2620=CARTESIAN_POINT('',(-5.33564061262551E-19,-0.675,-0.0190000000000001));
#2621=CARTESIAN_POINT('',(0.,-0.545,-0.0190000000000001));
#2622=CARTESIAN_POINT('',(0.,-3.58363933909753E-16,0.320000000000002));
#2623=CARTESIAN_POINT('',(0.,0.,0.598971578500074));
#2624=CARTESIAN_POINT('',(0.,-1.06059796211638E-16,0.86));
#2625=CARTESIAN_POINT('',(0.,0.875,-0.0189999999999999));
#2626=CARTESIAN_POINT('',(0.,0.45,-0.0189999999999999));
#2627=UNCERTAINTY_MEASURE_WITH_UNIT(LENGTH_MEASURE(0.000393700787401575),
#2646,'DISTANCE_ACCURACY_VALUE',
'Maximum model space distance between geometric entities at asserted c
onnectivities');
#2628=UNCERTAINTY_MEASURE_WITH_UNIT(LENGTH_MEASURE(0.000393700787401575),
#2646,'DISTANCE_ACCURACY_VALUE',
'Maximum model space distance between geometric entities at asserted c
onnectivities');
#2629=UNCERTAINTY_MEASURE_WITH_UNIT(LENGTH_MEASURE(0.000393700787401575),
#2646,'DISTANCE_ACCURACY_VALUE',
'Maximum model space distance between geometric entities at asserted c
onnectivities');
#2630=UNCERTAINTY_MEASURE_WITH_UNIT(LENGTH_MEASURE(0.000393700787401575),
#2646,'DISTANCE_ACCURACY_VALUE',
'Maximum model space distance between geometric entities at asserted c
onnectivities');
#2631=UNCERTAINTY_MEASURE_WITH_UNIT(LENGTH_MEASURE(0.000393700787401575),
#2646,'DISTANCE_ACCURACY_VALUE',
'Maximum model space distance between geometric entities at asserted c
onnectivities');
#2632=UNCERTAINTY_MEASURE_WITH_UNIT(LENGTH_MEASURE(0.000393700787401575),
#2646,'DISTANCE_ACCURACY_VALUE',
'Maximum model space distance between geometric entities at asserted c
onnectivities');
#2633=UNCERTAINTY_MEASURE_WITH_UNIT(LENGTH_MEASURE(0.000393700787401575),
#2646,'DISTANCE_ACCURACY_VALUE',
'Maximum model space distance between geometric entities at asserted c
onnectivities');
#2634=UNCERTAINTY_MEASURE_WITH_UNIT(LENGTH_MEASURE(0.000393700787401575),
#2646,'DISTANCE_ACCURACY_VALUE',
'Maximum model space distance between geometric entities at asserted c
onnectivities');
#2635=UNCERTAINTY_MEASURE_WITH_UNIT(LENGTH_MEASURE(0.000393700787401575),
#2646,'DISTANCE_ACCURACY_VALUE',
'Maximum model space distance between geometric entities at asserted c
onnectivities');
#2636=(
GEOMETRIC_REPRESENTATION_CONTEXT(3)
GLOBAL_UNCERTAINTY_ASSIGNED_CONTEXT((#2627))
GLOBAL_UNIT_ASSIGNED_CONTEXT((#2646,#2650,#2651))
REPRESENTATION_CONTEXT('','3D')
);
#2637=(
GEOMETRIC_REPRESENTATION_CONTEXT(3)
GLOBAL_UNCERTAINTY_ASSIGNED_CONTEXT((#2628))
GLOBAL_UNIT_ASSIGNED_CONTEXT((#2646,#2650,#2651))
REPRESENTATION_CONTEXT('','3D')
);
#2638=(
GEOMETRIC_REPRESENTATION_CONTEXT(3)
GLOBAL_UNCERTAINTY_ASSIGNED_CONTEXT((#2629))
GLOBAL_UNIT_ASSIGNED_CONTEXT((#2646,#2650,#2651))
REPRESENTATION_CONTEXT('','3D')
);
#2639=(
GEOMETRIC_REPRESENTATION_CONTEXT(3)
GLOBAL_UNCERTAINTY_ASSIGNED_CONTEXT((#2630))
GLOBAL_UNIT_ASSIGNED_CONTEXT((#2646,#2650,#2651))
REPRESENTATION_CONTEXT('','3D')
);
#2640=(
GEOMETRIC_REPRESENTATION_CONTEXT(3)
GLOBAL_UNCERTAINTY_ASSIGNED_CONTEXT((#2631))
GLOBAL_UNIT_ASSIGNED_CONTEXT((#2646,#2650,#2651))
REPRESENTATION_CONTEXT('','3D')
);
#2641=(
GEOMETRIC_REPRESENTATION_CONTEXT(3)
GLOBAL_UNCERTAINTY_ASSIGNED_CONTEXT((#2632))
GLOBAL_UNIT_ASSIGNED_CONTEXT((#2646,#2650,#2651))
REPRESENTATION_CONTEXT('','3D')
);
#2642=(
GEOMETRIC_REPRESENTATION_CONTEXT(3)
GLOBAL_UNCERTAINTY_ASSIGNED_CONTEXT((#2633))
GLOBAL_UNIT_ASSIGNED_CONTEXT((#2646,#2650,#2651))
REPRESENTATION_CONTEXT('','3D')
);
#2643=(
GEOMETRIC_REPRESENTATION_CONTEXT(3)
GLOBAL_UNCERTAINTY_ASSIGNED_CONTEXT((#2634))
GLOBAL_UNIT_ASSIGNED_CONTEXT((#2646,#2650,#2651))
REPRESENTATION_CONTEXT('','3D')
);
#2644=(
GEOMETRIC_REPRESENTATION_CONTEXT(3)
GLOBAL_UNCERTAINTY_ASSIGNED_CONTEXT((#2635))
GLOBAL_UNIT_ASSIGNED_CONTEXT((#2646,#2650,#2651))
REPRESENTATION_CONTEXT('','3D')
);
#2645=DIMENSIONAL_EXPONENTS(1.,0.,0.,0.,0.,0.,0.);
#2646=(
CONVERSION_BASED_UNIT('inch',#2649)
LENGTH_UNIT()
NAMED_UNIT(#2645)
);
#2647=(
LENGTH_UNIT()
NAMED_UNIT(*)
SI_UNIT(.MILLI.,.METRE.)
);
#2648=(
LENGTH_UNIT()
NAMED_UNIT(*)
SI_UNIT($,.METRE.)
);
#2649=LENGTH_MEASURE_WITH_UNIT(LENGTH_MEASURE(25.4),#2647);
#2650=(
NAMED_UNIT(*)
PLANE_ANGLE_UNIT()
SI_UNIT($,.RADIAN.)
);
#2651=(
NAMED_UNIT(*)
SI_UNIT($,.STERADIAN.)
SOLID_ANGLE_UNIT()
);
#2652=SHAPE_DEFINITION_REPRESENTATION(#2660,#2675);
#2653=SHAPE_DEFINITION_REPRESENTATION(#2661,#2676);
#2654=SHAPE_DEFINITION_REPRESENTATION(#2662,#2677);
#2655=SHAPE_DEFINITION_REPRESENTATION(#2663,#2678);
#2656=SHAPE_DEFINITION_REPRESENTATION(#2664,#2679);
#2657=SHAPE_DEFINITION_REPRESENTATION(#2665,#2680);
#2658=SHAPE_DEFINITION_REPRESENTATION(#2666,#2681);
#2659=SHAPE_DEFINITION_REPRESENTATION(#2667,#2682);
#2660=PRODUCT_DEFINITION_SHAPE('',$,#2684);
#2661=PRODUCT_DEFINITION_SHAPE('',$,#2685);
#2662=PRODUCT_DEFINITION_SHAPE('',$,#2686);
#2663=PRODUCT_DEFINITION_SHAPE('',$,#2687);
#2664=PRODUCT_DEFINITION_SHAPE('',$,#2688);
#2665=PRODUCT_DEFINITION_SHAPE('',$,#2689);
#2666=PRODUCT_DEFINITION_SHAPE('',$,#2690);
#2667=PRODUCT_DEFINITION_SHAPE('',$,#2691);
#2668=PRODUCT_DEFINITION_SHAPE($,$,#32);
#2669=PRODUCT_DEFINITION_SHAPE($,$,#33);
#2670=PRODUCT_DEFINITION_SHAPE($,$,#34);
#2671=PRODUCT_DEFINITION_SHAPE($,$,#35);
#2672=PRODUCT_DEFINITION_SHAPE($,$,#36);
#2673=PRODUCT_DEFINITION_SHAPE($,$,#37);
#2674=PRODUCT_DEFINITION_SHAPE($,$,#38);
#2675=SHAPE_REPRESENTATION('',(#1387,#1593,#1594,#1595,#1596,#1597,#1598,
#1599),#2636);
#2676=SHAPE_REPRESENTATION('',(#1388),#2637);
#2677=SHAPE_REPRESENTATION('',(#1398),#2638);
#2678=SHAPE_REPRESENTATION('',(#1407),#2639);
#2679=SHAPE_REPRESENTATION('',(#1433),#2640);
#2680=SHAPE_REPRESENTATION('',(#1451),#2641);
#2681=SHAPE_REPRESENTATION('',(#1470),#2642);
#2682=SHAPE_REPRESENTATION('',(#1584),#2643);
#2683=PRODUCT_DEFINITION_CONTEXT('part definition',#2709,'design');
#2684=PRODUCT_DEFINITION('MFRC','MFRC',#2692,#2683);
#2685=PRODUCT_DEFINITION('[HEAD-G-A-00] Outer Tube',
'[HEAD-G-A-00] Outer Tube',#2693,#2683);
#2686=PRODUCT_DEFINITION('[HEAD-G-A-01] Inner Tube',
'[HEAD-G-A-01] Inner Tube',#2694,#2683);
#2687=PRODUCT_DEFINITION('[HEAD-G-A-02] Wideband Dish',
'[HEAD-G-A-02] Wideband Dish',#2695,#2683);
#2688=PRODUCT_DEFINITION('[HEAD-G-A-03] Shortband Dish',
'[HEAD-G-A-03] Shortband Dish',#2696,#2683);
#2689=PRODUCT_DEFINITION('[HEAD-G-A-04] Feedhorn',
'[HEAD-G-A-04] Feedhorn',#2697,#2683);
#2690=PRODUCT_DEFINITION('[HEAD-G-A-05] Top Hat',
'[HEAD-G-A-05] Top Hat',#2698,#2683);
#2691=PRODUCT_DEFINITION('[HEAD-G-A-06] Upper Tube',
'[HEAD-G-A-06] Upper Tube',#2699,#2683);
#2692=PRODUCT_DEFINITION_FORMATION('',$,#2711);
#2693=PRODUCT_DEFINITION_FORMATION('',$,#2712);
#2694=PRODUCT_DEFINITION_FORMATION('',$,#2713);
#2695=PRODUCT_DEFINITION_FORMATION('',$,#2714);
#2696=PRODUCT_DEFINITION_FORMATION('',$,#2715);
#2697=PRODUCT_DEFINITION_FORMATION('',$,#2716);
#2698=PRODUCT_DEFINITION_FORMATION('',$,#2717);
#2699=PRODUCT_DEFINITION_FORMATION('',$,#2718);
#2700=PRODUCT_RELATED_PRODUCT_CATEGORY('MFRC','MFRC',(#2711));
#2701=PRODUCT_RELATED_PRODUCT_CATEGORY('[HEAD-G-A-00] Outer Tube',
'[HEAD-G-A-00] Outer Tube',(#2712));
#2702=PRODUCT_RELATED_PRODUCT_CATEGORY('[HEAD-G-A-01] Inner Tube',
'[HEAD-G-A-01] Inner Tube',(#2713));
#2703=PRODUCT_RELATED_PRODUCT_CATEGORY('[HEAD-G-A-02] Wideband Dish',
'[HEAD-G-A-02] Wideband Dish',(#2714));
#2704=PRODUCT_RELATED_PRODUCT_CATEGORY('[HEAD-G-A-03] Shortband Dish',
'[HEAD-G-A-03] Shortband Dish',(#2715));
#2705=PRODUCT_RELATED_PRODUCT_CATEGORY('[HEAD-G-A-04] Feedhorn',
'[HEAD-G-A-04] Feedhorn',(#2716));
#2706=PRODUCT_RELATED_PRODUCT_CATEGORY('[HEAD-G-A-05] Top Hat',
'[HEAD-G-A-05] Top Hat',(#2717));
#2707=PRODUCT_RELATED_PRODUCT_CATEGORY('[HEAD-G-A-06] Upper Tube',
'[HEAD-G-A-06] Upper Tube',(#2718));
#2708=APPLICATION_PROTOCOL_DEFINITION('international standard',
'automotive_design',2009,#2709);
#2709=APPLICATION_CONTEXT(
'Core Data for Automotive Mechanical Design Process');
#2710=PRODUCT_CONTEXT('part definition',#2709,'mechanical');
#2711=PRODUCT('MFRC','MFRC','STEP AP214',(#2710));
#2712=PRODUCT('[HEAD-G-A-00] Outer Tube','[HEAD-G-A-00] Outer Tube',$,(#2710));
#2713=PRODUCT('[HEAD-G-A-01] Inner Tube','[HEAD-G-A-01] Inner Tube',$,(#2710));
#2714=PRODUCT('[HEAD-G-A-02] Wideband Dish',
'[HEAD-G-A-02] Wideband Dish',$,(#2710));
#2715=PRODUCT('[HEAD-G-A-03] Shortband Dish',
'[HEAD-G-A-03] Shortband Dish',$,(#2710));
#2716=PRODUCT('[HEAD-G-A-04] Feedhorn','[HEAD-G-A-04] Feedhorn',$,(#2710));
#2717=PRODUCT('[HEAD-G-A-05] Top Hat','[HEAD-G-A-05] Top Hat',$,(#2710));
#2718=PRODUCT('[HEAD-G-A-06] Upper Tube','[HEAD-G-A-06] Upper Tube',$,(#2710));
#2719=PRESENTATION_STYLE_ASSIGNMENT((#2725));
#2720=PRESENTATION_STYLE_ASSIGNMENT((#2726));
#2721=PRESENTATION_STYLE_ASSIGNMENT((#2727));
#2722=PRESENTATION_STYLE_ASSIGNMENT((#2728));
#2723=PRESENTATION_STYLE_ASSIGNMENT((#2729));
#2724=PRESENTATION_STYLE_ASSIGNMENT((#2730));
#2725=SURFACE_STYLE_USAGE(.BOTH.,#2731);
#2726=SURFACE_STYLE_USAGE(.BOTH.,#2732);
#2727=SURFACE_STYLE_USAGE(.BOTH.,#2733);
#2728=SURFACE_STYLE_USAGE(.BOTH.,#2734);
#2729=SURFACE_STYLE_USAGE(.BOTH.,#2735);
#2730=SURFACE_STYLE_USAGE(.BOTH.,#2736);
#2731=SURFACE_SIDE_STYLE('',(#2737));
#2732=SURFACE_SIDE_STYLE('',(#2738));
#2733=SURFACE_SIDE_STYLE('',(#2739));
#2734=SURFACE_SIDE_STYLE('',(#2740));
#2735=SURFACE_SIDE_STYLE('',(#2741));
#2736=SURFACE_SIDE_STYLE('',(#2742));
#2737=SURFACE_STYLE_FILL_AREA(#2743);
#2738=SURFACE_STYLE_FILL_AREA(#2744);
#2739=SURFACE_STYLE_FILL_AREA(#2745);
#2740=SURFACE_STYLE_FILL_AREA(#2746);
#2741=SURFACE_STYLE_FILL_AREA(#2747);
#2742=SURFACE_STYLE_FILL_AREA(#2748);
#2743=FILL_AREA_STYLE('Steel - Satin',(#2749));
#2744=FILL_AREA_STYLE('Silver - Satin',(#2750));
#2745=FILL_AREA_STYLE('Opaque(202,209,238)',(#2751));
#2746=FILL_AREA_STYLE('Gold - Polished',(#2752));
#2747=FILL_AREA_STYLE('Paint - Metallic (Red)',(#2753));
#2748=FILL_AREA_STYLE('Aluminum - Anodized Rough (Grey)',(#2754));
#2749=FILL_AREA_STYLE_COLOUR('Steel - Satin',#2755);
#2750=FILL_AREA_STYLE_COLOUR('Silver - Satin',#2756);
#2751=FILL_AREA_STYLE_COLOUR('Opaque(202,209,238)',#2757);
#2752=FILL_AREA_STYLE_COLOUR('Gold - Polished',#2758);
#2753=FILL_AREA_STYLE_COLOUR('Paint - Metallic (Red)',#2759);
#2754=FILL_AREA_STYLE_COLOUR('Aluminum - Anodized Rough (Grey)',#2760);
#2755=COLOUR_RGB('Steel - Satin',0.627450980392157,0.627450980392157,0.627450980392157);
#2756=COLOUR_RGB('Silver - Satin',0.984313725490196,0.980392156862745,0.96078431372549);
#2757=COLOUR_RGB('Opaque(202,209,238)',0.792156862745098,0.819607843137255,
0.933333333333333);
#2758=COLOUR_RGB('Gold - Polished',0.956862745098039,0.898039215686275,
0.654901960784314);
#2759=COLOUR_RGB('Paint - Metallic (Red)',0.768627450980392,0.207843137254902,
0.152941176470588);
#2760=COLOUR_RGB('Aluminum - Anodized Rough (Grey)',0.537254901960784,0.537254901960784,
0.537254901960784);
ENDSEC;
END-ISO-10303-21;
