ISO-10303-21;
HEADER;
/* Generated by software containing ST-Developer
 * from STEP Tools, Inc. (www.steptools.com) 
 */

FILE_DESCRIPTION(
/* description */ ('STEP AP214'),
/* implementation_level */ '2;1');

FILE_NAME(
/* name */ 'MicrophoneColor.step',
/* time_stamp */ '2026-08-08T16:01:06-04:00',
/* author */ (''),
/* organization */ (''),
/* preprocessor_version */ 'ST-DEVELOPER v20.1',
/* originating_system */ 'Autodesk Translation Framework v15.8.0.0',
/* authorisation */ '');

FILE_SCHEMA (('AUTOMOTIVE_DESIGN { 1 0 10303 214 3 1 1 }'));
ENDSEC;

DATA;
#10=MECHANICAL_DESIGN_GEOMETRIC_PRESENTATION_REPRESENTATION('',(#134,#135,
#136,#137,#138,#139,#140,#141),#4739);
#11=ITEM_DEFINED_TRANSFORMATION($,$,#2267,#2498);
#12=ITEM_DEFINED_TRANSFORMATION($,$,#2296,#2499);
#13=ITEM_DEFINED_TRANSFORMATION($,$,#2315,#2500);
#14=ITEM_DEFINED_TRANSFORMATION($,$,#2328,#2501);
#15=ITEM_DEFINED_TRANSFORMATION($,$,#2372,#2502);
#16=ITEM_DEFINED_TRANSFORMATION($,$,#2383,#2503);
#17=ITEM_DEFINED_TRANSFORMATION($,$,#2449,#2504);
#18=ITEM_DEFINED_TRANSFORMATION($,$,#2458,#2505);
#19=ITEM_DEFINED_TRANSFORMATION($,$,#2449,#2506);
#20=ITEM_DEFINED_TRANSFORMATION($,$,#2458,#2507);
#21=(
REPRESENTATION_RELATIONSHIP($,$,#4776,#4775)
REPRESENTATION_RELATIONSHIP_WITH_TRANSFORMATION(#11)
SHAPE_REPRESENTATION_RELATIONSHIP()
);
#22=(
REPRESENTATION_RELATIONSHIP($,$,#4777,#4775)
REPRESENTATION_RELATIONSHIP_WITH_TRANSFORMATION(#12)
SHAPE_REPRESENTATION_RELATIONSHIP()
);
#23=(
REPRESENTATION_RELATIONSHIP($,$,#4778,#4775)
REPRESENTATION_RELATIONSHIP_WITH_TRANSFORMATION(#13)
SHAPE_REPRESENTATION_RELATIONSHIP()
);
#24=(
REPRESENTATION_RELATIONSHIP($,$,#4779,#4775)
REPRESENTATION_RELATIONSHIP_WITH_TRANSFORMATION(#14)
SHAPE_REPRESENTATION_RELATIONSHIP()
);
#25=(
REPRESENTATION_RELATIONSHIP($,$,#4780,#4775)
REPRESENTATION_RELATIONSHIP_WITH_TRANSFORMATION(#15)
SHAPE_REPRESENTATION_RELATIONSHIP()
);
#26=(
REPRESENTATION_RELATIONSHIP($,$,#4781,#4775)
REPRESENTATION_RELATIONSHIP_WITH_TRANSFORMATION(#16)
SHAPE_REPRESENTATION_RELATIONSHIP()
);
#27=(
REPRESENTATION_RELATIONSHIP($,$,#4782,#4775)
REPRESENTATION_RELATIONSHIP_WITH_TRANSFORMATION(#17)
SHAPE_REPRESENTATION_RELATIONSHIP()
);
#28=(
REPRESENTATION_RELATIONSHIP($,$,#4783,#4775)
REPRESENTATION_RELATIONSHIP_WITH_TRANSFORMATION(#18)
SHAPE_REPRESENTATION_RELATIONSHIP()
);
#29=(
REPRESENTATION_RELATIONSHIP($,$,#4782,#4775)
REPRESENTATION_RELATIONSHIP_WITH_TRANSFORMATION(#19)
SHAPE_REPRESENTATION_RELATIONSHIP()
);
#30=(
REPRESENTATION_RELATIONSHIP($,$,#4783,#4775)
REPRESENTATION_RELATIONSHIP_WITH_TRANSFORMATION(#20)
SHAPE_REPRESENTATION_RELATIONSHIP()
);
#31=CONTEXT_DEPENDENT_SHAPE_REPRESENTATION(#21,#4765);
#32=CONTEXT_DEPENDENT_SHAPE_REPRESENTATION(#22,#4766);
#33=CONTEXT_DEPENDENT_SHAPE_REPRESENTATION(#23,#4767);
#34=CONTEXT_DEPENDENT_SHAPE_REPRESENTATION(#24,#4768);
#35=CONTEXT_DEPENDENT_SHAPE_REPRESENTATION(#25,#4769);
#36=CONTEXT_DEPENDENT_SHAPE_REPRESENTATION(#26,#4770);
#37=CONTEXT_DEPENDENT_SHAPE_REPRESENTATION(#27,#4771);
#38=CONTEXT_DEPENDENT_SHAPE_REPRESENTATION(#28,#4772);
#39=CONTEXT_DEPENDENT_SHAPE_REPRESENTATION(#29,#4773);
#40=CONTEXT_DEPENDENT_SHAPE_REPRESENTATION(#30,#4774);
#41=NEXT_ASSEMBLY_USAGE_OCCURRENCE('[HEAD-F-A-00] Tube:1',
'[HEAD-F-A-00] Tube:1','[HEAD-F-A-00] Tube:1',#4785,#4786,
'[HEAD-F-A-00] Tube:1');
#42=NEXT_ASSEMBLY_USAGE_OCCURRENCE('[HEAD-F-A-01] Front Cap:1',
'[HEAD-F-A-01] Front Cap:1','[HEAD-F-A-01] Front Cap:1',#4785,#4787,
'[HEAD-F-A-01] Front Cap:1');
#43=NEXT_ASSEMBLY_USAGE_OCCURRENCE('[HEAD-F-A-02] Mesh:1',
'[HEAD-F-A-02] Mesh:1','[HEAD-F-A-02] Mesh:1',#4785,#4788,
'[HEAD-F-A-02] Mesh:1');
#44=NEXT_ASSEMBLY_USAGE_OCCURRENCE(
'[ELEC-MISC] Electret Condenser Microphone:1',
'[ELEC-MISC] Electret Condenser Microphone:1',
'[ELEC-MISC] Electret Condenser Microphone:1',#4785,#4789,
'[ELEC-MISC] Electret Condenser Microphone:1');
#45=NEXT_ASSEMBLY_USAGE_OCCURRENCE('[HEAD-F-A-03] Rear Cap:1',
'[HEAD-F-A-03] Rear Cap:1','[HEAD-F-A-03] Rear Cap:1',#4785,#4790,
'[HEAD-F-A-03] Rear Cap:1');
#46=NEXT_ASSEMBLY_USAGE_OCCURRENCE('[HEAD-F-A-04] Wire Passthrough:1',
'[HEAD-F-A-04] Wire Passthrough:1','[HEAD-F-A-04] Wire Passthrough:1',#4785,
#4791,'[HEAD-F-A-04] Wire Passthrough:1');
#47=NEXT_ASSEMBLY_USAGE_OCCURRENCE('[HEAD-F-A-05] Spacer:1',
'[HEAD-F-A-05] Spacer:1','[HEAD-F-A-05] Spacer:1',#4785,#4792,
'[HEAD-F-A-05] Spacer:1');
#48=NEXT_ASSEMBLY_USAGE_OCCURRENCE('[HEAD-F-B-01] Hinge:1',
'[HEAD-F-B-01] Hinge:1','[HEAD-F-B-01] Hinge:1',#4785,#4793,
'[HEAD-F-B-01] Hinge:1');
#49=NEXT_ASSEMBLY_USAGE_OCCURRENCE('[HEAD-F-A-05] Spacer:2',
'[HEAD-F-A-05] Spacer:2','[HEAD-F-A-05] Spacer:2',#4785,#4792,
'[HEAD-F-A-05] Spacer:2');
#50=NEXT_ASSEMBLY_USAGE_OCCURRENCE('[HEAD-F-B-01] Hinge:2',
'[HEAD-F-B-01] Hinge:2','[HEAD-F-B-01] Hinge:2',#4785,#4793,
'[HEAD-F-B-01] Hinge:2');
#51=SPHERICAL_SURFACE('',#2373,0.496842105263157);
#52=B_SPLINE_SURFACE_WITH_KNOTS('',1,2,((#3457,#3458,#3459),(#3460,#3461,
#3462)),.UNSPECIFIED.,.F.,.F.,.F.,(2,2),(3,3),(0.,1.),(0.,1.),
 .UNSPECIFIED.);
#53=B_SPLINE_SURFACE_WITH_KNOTS('',1,2,((#3466,#3467,#3468),(#3469,#3470,
#3471)),.UNSPECIFIED.,.F.,.F.,.F.,(2,2),(3,3),(0.,1.),(0.,1.),
 .UNSPECIFIED.);
#54=B_SPLINE_SURFACE_WITH_KNOTS('',1,2,((#3490,#3491,#3492),(#3493,#3494,
#3495)),.UNSPECIFIED.,.F.,.F.,.F.,(2,2),(3,3),(0.,1.),(0.,1.),
 .UNSPECIFIED.);
#55=B_SPLINE_SURFACE_WITH_KNOTS('',1,2,((#3511,#3512,#3513),(#3514,#3515,
#3516)),.UNSPECIFIED.,.F.,.F.,.F.,(2,2),(3,3),(0.,1.),(0.,1.),
 .UNSPECIFIED.);
#56=B_SPLINE_SURFACE_WITH_KNOTS('',1,2,((#3520,#3521,#3522),(#3523,#3524,
#3525)),.UNSPECIFIED.,.F.,.F.,.F.,(2,2),(3,3),(0.,1.),(0.,1.),
 .UNSPECIFIED.);
#57=B_SPLINE_SURFACE_WITH_KNOTS('',1,2,((#3544,#3545,#3546),(#3547,#3548,
#3549)),.UNSPECIFIED.,.F.,.F.,.F.,(2,2),(3,3),(0.,1.),(0.,1.),
 .UNSPECIFIED.);
#58=B_SPLINE_CURVE_WITH_KNOTS('',2,(#3307,#3308,#3309),.UNSPECIFIED.,.F.,
 .F.,(3,3),(0.,1.),.UNSPECIFIED.);
#59=B_SPLINE_CURVE_WITH_KNOTS('',2,(#3310,#3311,#3312),.UNSPECIFIED.,.F.,
 .F.,(3,3),(0.,1.),.UNSPECIFIED.);
#60=B_SPLINE_CURVE_WITH_KNOTS('',3,(#3315,#3316,#3317,#3318,#3319,#3320,
#3321,#3322),.UNSPECIFIED.,.F.,.F.,(4,2,2,4),(9.99999805227513E-7,0.00711519820978469,
0.0164408026207665,0.0329103708986986),.UNSPECIFIED.);
#61=B_SPLINE_CURVE_WITH_KNOTS('',3,(#3324,#3325,#3326,#3327,#3328,#3329,
#3330,#3331,#3332,#3333),.UNSPECIFIED.,.F.,.F.,(4,2,2,2,4),(9.99999989361731E-7,
0.0100504055861439,0.0202152344877176,0.0305958440383916,0.0405315376177761),
 .UNSPECIFIED.);
#62=B_SPLINE_CURVE_WITH_KNOTS('',3,(#3335,#3336,#3337,#3338,#3339,#3340,
#3341,#3342),.UNSPECIFIED.,.F.,.F.,(4,2,2,4),(1.0000003709516E-6,0.0162303510345863,
0.0253997907335567,0.032434580281265),.UNSPECIFIED.);
#63=B_SPLINE_CURVE_WITH_KNOTS('',3,(#3343,#3344,#3345,#3346,#3347,#3348,
#3349,#3350,#3351,#3352),.UNSPECIFIED.,.F.,.F.,(4,2,2,2,4),(9.99999348017569E-7,
0.00972151586366588,0.0200715864374035,0.0304410915574449,0.0401404070165979),
 .UNSPECIFIED.);
#64=B_SPLINE_CURVE_WITH_KNOTS('',2,(#3369,#3370,#3371),.UNSPECIFIED.,.F.,
 .F.,(3,3),(0.,1.),.UNSPECIFIED.);
#65=B_SPLINE_CURVE_WITH_KNOTS('',2,(#3372,#3373,#3374),.UNSPECIFIED.,.F.,
 .F.,(3,3),(0.,1.),.UNSPECIFIED.);
#66=B_SPLINE_CURVE_WITH_KNOTS('',3,(#3377,#3378,#3379,#3380,#3381,#3382,
#3383,#3384,#3385,#3386),.UNSPECIFIED.,.F.,.F.,(4,2,2,2,4),(9.99999712070688E-7,
0.00970724583255738,0.0200841316293652,0.0304422037580069,0.0401712107708567),
 .UNSPECIFIED.);
#67=B_SPLINE_CURVE_WITH_KNOTS('',3,(#3388,#3389,#3390,#3391,#3392,#3393,
#3394,#3395),.UNSPECIFIED.,.F.,.F.,(4,2,2,4),(9.9999983411285E-7,0.00703470727079526,
0.0162031661215783,0.0324253385140141),.UNSPECIFIED.);
#68=B_SPLINE_CURVE_WITH_KNOTS('',3,(#3397,#3398,#3399,#3400,#3401,#3402,
#3403,#3404,#3405,#3406),.UNSPECIFIED.,.F.,.F.,(4,2,2,2,4),(9.99999625530675E-7,
0.00987182526501922,0.0201740255552335,0.0304080223096369,0.0405186724798025),
 .UNSPECIFIED.);
#69=B_SPLINE_CURVE_WITH_KNOTS('',3,(#3407,#3408,#3409,#3410,#3411,#3412,
#3413,#3414),.UNSPECIFIED.,.F.,.F.,(4,2,2,4),(1.00000047835953E-6,0.0164784862289821,
0.0258082457014629,0.032925650100603),.UNSPECIFIED.);
#70=B_SPLINE_CURVE_WITH_KNOTS('',2,(#3463,#3464,#3465),.UNSPECIFIED.,.F.,
 .F.,(3,3),(0.,1.),.UNSPECIFIED.);
#71=B_SPLINE_CURVE_WITH_KNOTS('',2,(#3472,#3473,#3474),.UNSPECIFIED.,.F.,
 .F.,(3,3),(0.,1.),.UNSPECIFIED.);
#72=B_SPLINE_CURVE_WITH_KNOTS('',2,(#3487,#3488,#3489),.UNSPECIFIED.,.F.,
 .F.,(3,3),(0.,1.),.UNSPECIFIED.);
#73=B_SPLINE_CURVE_WITH_KNOTS('',2,(#3496,#3497,#3498),.UNSPECIFIED.,.F.,
 .F.,(3,3),(0.,1.),.UNSPECIFIED.);
#74=B_SPLINE_CURVE_WITH_KNOTS('',2,(#3517,#3518,#3519),.UNSPECIFIED.,.F.,
 .F.,(3,3),(0.,1.),.UNSPECIFIED.);
#75=B_SPLINE_CURVE_WITH_KNOTS('',2,(#3526,#3527,#3528),.UNSPECIFIED.,.F.,
 .F.,(3,3),(0.,1.),.UNSPECIFIED.);
#76=B_SPLINE_CURVE_WITH_KNOTS('',2,(#3541,#3542,#3543),.UNSPECIFIED.,.F.,
 .F.,(3,3),(0.,1.),.UNSPECIFIED.);
#77=B_SPLINE_CURVE_WITH_KNOTS('',2,(#3550,#3551,#3552),.UNSPECIFIED.,.F.,
 .F.,(3,3),(0.,1.),.UNSPECIFIED.);
#78=B_SPLINE_CURVE_WITH_KNOTS('',3,(#3636,#3637,#3638,#3639,#3640,#3641,
#3642,#3643,#3644,#3645,#3646,#3647,#3648,#3649,#3650,#3651,#3652,#3653,
#3654,#3655,#3656,#3657,#3658,#3659,#3660,#3661,#3662,#3663,#3664,#3665,
#3666,#3667,#3668,#3669,#3670,#3671,#3672,#3673,#3674,#3675),
 .UNSPECIFIED.,.F.,.F.,(4,3,3,3,3,3,3,3,3,3,3,3,3,4),(5.42101086242752E-19,
0.000290331700136364,0.000362194942342155,0.000383814401945213,0.000674700192489216,
0.000736856703268031,0.000767628803890425,0.000959536004863031,0.00105548960534933,
0.00112900628200852,0.00115144320583564,0.00124739680632194,0.00148293470845776,
0.00153525760778085),.UNSPECIFIED.);
#79=B_SPLINE_CURVE_WITH_KNOTS('',3,(#3679,#3680,#3681,#3682,#3683,#3684,
#3685,#3686,#3687,#3688,#3689,#3690,#3691,#3692,#3693,#3694,#3695,#3696,
#3697,#3698,#3699,#3700,#3701,#3702,#3703,#3704,#3705,#3706,#3707,#3708,
#3709),.UNSPECIFIED.,.F.,.F.,(4,3,3,3,3,3,3,3,3,3,4),(0.,0.00035681914251289,
0.000409330054484443,0.000727428982069589,0.000773608537374927,0.000804699311336029,
0.00109710064135291,0.00116041280606239,0.00118210915648061,0.00148919041487731,
0.00154721707474986),.UNSPECIFIED.);
#80=B_SPLINE_CURVE_WITH_KNOTS('',3,(#3713,#3714,#3715,#3716,#3717,#3718,
#3719,#3720,#3721,#3722,#3723,#3724,#3725,#3726,#3727,#3728,#3729,#3730,
#3731,#3732,#3733,#3734,#3735,#3736,#3737,#3738,#3739,#3740,#3741,#3742,
#3743,#3744,#3745,#3746,#3747,#3748,#3749,#3750,#3751,#3752),
 .UNSPECIFIED.,.F.,.F.,(4,3,3,3,3,3,3,3,3,3,3,3,3,4),(0.,0.000290331700147557,
0.000362194942342164,0.000383814401945212,0.000674700192479703,0.00073685670326803,
0.000767628803890425,0.000959536004863031,0.00105548960534933,0.00112900628200852,
0.00115144320583564,0.00124739680632194,0.00148293470844919,0.00153525760778085),
 .UNSPECIFIED.);
#81=B_SPLINE_CURVE_WITH_KNOTS('',3,(#3755,#3756,#3757,#3758,#3759,#3760,
#3761,#3762,#3763,#3764,#3765,#3766,#3767,#3768,#3769,#3770,#3771,#3772,
#3773,#3774,#3775,#3776,#3777,#3778,#3779,#3780,#3781,#3782,#3783,#3784,
#3785),.UNSPECIFIED.,.F.,.F.,(4,3,3,3,3,3,3,3,3,3,4),(0.,0.000356819142511253,
0.000409330054484539,0.000727428982064441,0.000773608537374928,0.000804699311336031,
0.001097100641352,0.00116041280606239,0.00118210915648061,0.00148919041488905,
0.00154721707474986),.UNSPECIFIED.);
#82=B_SPLINE_CURVE_WITH_KNOTS('',3,(#3790,#3791,#3792,#3793,#3794,#3795,
#3796,#3797,#3798,#3799,#3800,#3801,#3802,#3803,#3804,#3805,#3806,#3807,
#3808,#3809,#3810,#3811,#3812,#3813,#3814,#3815,#3816,#3817,#3818,#3819,
#3820),.UNSPECIFIED.,.F.,.F.,(4,3,3,3,3,3,3,3,3,3,4),(0.,0.000356819142511195,
0.000409330054484539,0.000727428982064724,0.000773608537374928,0.000804699311336033,
0.00109710064135289,0.00116041280606239,0.00118210915648061,0.00148919041488459,
0.00154721707474986),.UNSPECIFIED.);
#83=B_SPLINE_CURVE_WITH_KNOTS('',3,(#3824,#3825,#3826,#3827,#3828,#3829,
#3830,#3831,#3832,#3833,#3834,#3835,#3836,#3837,#3838,#3839,#3840,#3841,
#3842,#3843,#3844,#3845,#3846,#3847,#3848,#3849,#3850,#3851,#3852,#3853,
#3854,#3855,#3856,#3857,#3858,#3859,#3860,#3861,#3862,#3863),
 .UNSPECIFIED.,.F.,.F.,(4,3,3,3,3,3,3,3,3,3,3,3,3,4),(5.42101086242752E-19,
0.000290331700136426,0.000362194942342159,0.000383814401945213,0.000674700192482085,
0.000736856703268035,0.000767628803890425,0.000959536004863032,0.00105548960534933,
0.00112900628200852,0.00115144320583564,0.00124739680632194,0.00148293470845499,
0.00153525760778085),.UNSPECIFIED.);
#84=B_SPLINE_CURVE_WITH_KNOTS('',3,(#3867,#3868,#3869,#3870,#3871,#3872,
#3873,#3874,#3875,#3876,#3877,#3878,#3879,#3880,#3881,#3882,#3883,#3884,
#3885,#3886,#3887,#3888,#3889,#3890,#3891,#3892,#3893,#3894,#3895,#3896,
#3897),.UNSPECIFIED.,.F.,.F.,(4,3,3,3,3,3,3,3,3,3,4),(0.,0.000356819142513105,
0.000409330054484445,0.000727428982069663,0.000773608537374928,0.000804699311336028,
0.00109710064135213,0.00116041280606239,0.00118210915648061,0.00148919041488255,
0.00154721707474986),.UNSPECIFIED.);
#85=B_SPLINE_CURVE_WITH_KNOTS('',3,(#3900,#3901,#3902,#3903,#3904,#3905,
#3906,#3907,#3908,#3909,#3910,#3911,#3912,#3913,#3914,#3915,#3916,#3917,
#3918,#3919,#3920,#3921,#3922,#3923,#3924,#3925,#3926,#3927,#3928,#3929,
#3930,#3931,#3932,#3933,#3934,#3935,#3936,#3937,#3938,#3939),
 .UNSPECIFIED.,.F.,.F.,(4,3,3,3,3,3,3,3,3,3,3,3,3,4),(0.,0.000290331700146457,
0.000362194942342166,0.000383814401945213,0.000674700192480078,0.000736856703268031,
0.000767628803890425,0.000959536004863032,0.00105548960534933,0.00112900628200852,
0.00115144320583564,0.00124739680632194,0.00148293470845028,0.00153525760778085),
 .UNSPECIFIED.);
#86=B_SPLINE_CURVE_WITH_KNOTS('',3,(#4002,#4003,#4004,#4005,#4006,#4007,
#4008,#4009,#4010,#4011,#4012,#4013,#4014,#4015,#4016,#4017,#4018,#4019,
#4020,#4021,#4022,#4023,#4024,#4025,#4026,#4027,#4028,#4029,#4030,#4031,
#4032),.UNSPECIFIED.,.F.,.F.,(4,3,3,3,3,3,3,3,3,3,4),(0.,0.000167960077984265,
0.000207485463283893,0.000220090026835515,0.00038139335636267,0.000429168501045706,
0.00044018005367103,0.000622842298146515,0.000657869534184919,0.000818102740997872,
0.000880360107342057),.UNSPECIFIED.);
#87=B_SPLINE_CURVE_WITH_KNOTS('',3,(#4034,#4035,#4036,#4037,#4038,#4039,
#4040,#4041,#4042,#4043,#4044,#4045,#4046,#4047,#4048,#4049,#4050,#4051,
#4052,#4053,#4054,#4055,#4056,#4057,#4058,#4059,#4060,#4061,#4062,#4063,
#4064),.UNSPECIFIED.,.F.,.F.,(4,3,3,3,3,3,3,3,3,3,4),(0.,0.000167960077996871,
0.000207485463283892,0.000220090026835514,0.000381393356368598,0.000429168501045701,
0.000440180053671028,0.000622842298145734,0.000657869534185046,0.000818102740995909,
0.000880360107342056),.UNSPECIFIED.);
#88=B_SPLINE_CURVE_WITH_KNOTS('',3,(#4066,#4067,#4068,#4069,#4070,#4071,
#4072,#4073,#4074,#4075,#4076,#4077,#4078,#4079,#4080,#4081,#4082,#4083,
#4084,#4085,#4086,#4087,#4088,#4089,#4090,#4091,#4092,#4093,#4094,#4095,
#4096,#4097,#4098,#4099,#4100,#4101,#4102),.UNSPECIFIED.,.F.,.F.,(4,3,3,
3,3,3,3,3,3,3,3,3,4),(0.,0.00016346141667152,0.000208713937143038,0.000222931916891359,
0.000266532598247744,0.000353260589904803,0.000439988581561861,0.00045147480026898,
0.000596655405614002,0.000659982872342793,0.00067295030131695,0.000810481939153717,
0.000879977163123724),.UNSPECIFIED.);
#89=B_SPLINE_CURVE_WITH_KNOTS('',3,(#4104,#4105,#4106,#4107,#4108,#4109,
#4110,#4111,#4112,#4113,#4114,#4115,#4116,#4117,#4118,#4119,#4120,#4121,
#4122,#4123,#4124,#4125,#4126,#4127,#4128,#4129,#4130,#4131,#4132,#4133,
#4134,#4135,#4136,#4137,#4138,#4139,#4140),.UNSPECIFIED.,.F.,.F.,(4,3,3,
3,3,3,3,3,3,3,3,3,4),(2.16840434497101E-19,0.00016346141667853,0.000208713937143021,
0.000222931916891354,0.000266532598247731,0.000353260589904795,0.00043998858156186,
0.000451474800268975,0.00059665540561697,0.000659982872342791,0.000672950301316939,
0.000810481939149212,0.000879977163123722),.UNSPECIFIED.);
#90=B_SPLINE_CURVE_WITH_KNOTS('',3,(#4298,#4299,#4300,#4301,#4302,#4303,
#4304,#4305,#4306,#4307,#4308,#4309,#4310,#4311,#4312,#4313,#4314,#4315,
#4316,#4317,#4318,#4319,#4320,#4321,#4322,#4323,#4324,#4325,#4326,#4327,
#4328,#4329,#4330,#4331,#4332,#4333,#4334),.UNSPECIFIED.,.F.,.F.,(4,3,3,
3,3,3,3,3,3,3,3,3,4),(0.,0.000163461416676558,0.000208713937143025,0.000222931916891356,
0.000266532598247735,0.000353260589904799,0.000439988581561863,0.000451474800268975,
0.000596655405616901,0.000659982872342793,0.000672950301316943,0.000810481939149004,
0.000879977163123722),.UNSPECIFIED.);
#91=B_SPLINE_CURVE_WITH_KNOTS('',3,(#4336,#4337,#4338,#4339,#4340,#4341,
#4342,#4343,#4344,#4345,#4346,#4347,#4348,#4349,#4350,#4351,#4352,#4353,
#4354,#4355,#4356,#4357,#4358,#4359,#4360,#4361,#4362,#4363,#4364,#4365,
#4366,#4367,#4368,#4369,#4370,#4371,#4372),.UNSPECIFIED.,.F.,.F.,(4,3,3,
3,3,3,3,3,3,3,3,3,4),(0.,0.000163461416673331,0.000208713937142975,0.000222931916891356,
0.000266532598247696,0.000353260589904779,0.000439988581561862,0.000451474800268974,
0.000596655405618815,0.000659982872342793,0.00067295030131694,0.000810481939145564,
0.000879977163123724),.UNSPECIFIED.);
#92=B_SPLINE_CURVE_WITH_KNOTS('',3,(#4374,#4375,#4376,#4377,#4378,#4379,
#4380,#4381,#4382,#4383,#4384,#4385,#4386,#4387,#4388,#4389,#4390,#4391,
#4392,#4393,#4394,#4395,#4396,#4397,#4398,#4399,#4400,#4401,#4402,#4403,
#4404),.UNSPECIFIED.,.F.,.F.,(4,3,3,3,3,3,3,3,3,3,4),(0.,0.000167960077987863,
0.000207485463283893,0.000220090026835514,0.000381393356368759,0.000429168501045702,
0.000440180053671029,0.000622842298145169,0.000657869534185096,0.000818102740994856,
0.000880360107342057),.UNSPECIFIED.);
#93=B_SPLINE_CURVE_WITH_KNOTS('',3,(#4406,#4407,#4408,#4409,#4410,#4411,
#4412,#4413,#4414,#4415,#4416,#4417,#4418,#4419,#4420,#4421,#4422,#4423,
#4424,#4425,#4426,#4427,#4428,#4429,#4430,#4431,#4432,#4433,#4434,#4435,
#4436),.UNSPECIFIED.,.F.,.F.,(4,3,3,3,3,3,3,3,3,3,4),(0.,0.000167960077988207,
0.000207485463283887,0.000220090026835515,0.000381393356357299,0.000429168501045703,
0.00044018005367103,0.000622842298146151,0.000657869534184899,0.000818102740997654,
0.000880360107342057),.UNSPECIFIED.);
#94=(
BOUNDED_SURFACE()
B_SPLINE_SURFACE(3,2,((#3291,#3292,#3293),(#3294,#3295,#3296),(#3297,#3298,
#3299),(#3300,#3301,#3302)),.UNSPECIFIED.,.F.,.F.,.F.)
B_SPLINE_SURFACE_WITH_KNOTS((4,4),(3,3),(0.,1.),(0.,1.),.UNSPECIFIED.)
GEOMETRIC_REPRESENTATION_ITEM()
RATIONAL_B_SPLINE_SURFACE(((1.,1.,1.),(0.422195178749013,0.422195178749013,
0.422195178749013),(0.422195178749013,0.422195178749013,0.422195178749013),
(1.,1.,1.)))
REPRESENTATION_ITEM('')
SURFACE()
);
#95=(
BOUNDED_SURFACE()
B_SPLINE_SURFACE(3,2,((#3353,#3354,#3355),(#3356,#3357,#3358),(#3359,#3360,
#3361),(#3362,#3363,#3364)),.UNSPECIFIED.,.F.,.F.,.F.)
B_SPLINE_SURFACE_WITH_KNOTS((4,4),(3,3),(0.,1.),(0.,1.),.UNSPECIFIED.)
GEOMETRIC_REPRESENTATION_ITEM()
RATIONAL_B_SPLINE_SURFACE(((1.,1.,1.),(0.422195178749014,0.422195178749014,
0.422195178749014),(0.422195178749014,0.422195178749014,0.422195178749014),
(1.,1.,1.)))
REPRESENTATION_ITEM('')
SURFACE()
);
#96=(
BOUNDED_SURFACE()
B_SPLINE_SURFACE(3,2,((#3475,#3476,#3477),(#3478,#3479,#3480),(#3481,#3482,
#3483),(#3484,#3485,#3486)),.UNSPECIFIED.,.F.,.F.,.F.)
B_SPLINE_SURFACE_WITH_KNOTS((4,4),(3,3),(0.,1.),(0.,1.),.UNSPECIFIED.)
GEOMETRIC_REPRESENTATION_ITEM()
RATIONAL_B_SPLINE_SURFACE(((1.,1.,1.),(0.803420346337862,0.803420346337862,
0.803420346337862),(0.803420346337862,0.803420346337862,0.803420346337862),
(1.,1.,1.)))
REPRESENTATION_ITEM('')
SURFACE()
);
#97=(
BOUNDED_SURFACE()
B_SPLINE_SURFACE(3,2,((#3499,#3500,#3501),(#3502,#3503,#3504),(#3505,#3506,
#3507),(#3508,#3509,#3510)),.UNSPECIFIED.,.F.,.F.,.F.)
B_SPLINE_SURFACE_WITH_KNOTS((4,4),(3,3),(0.,1.),(0.,1.),.UNSPECIFIED.)
GEOMETRIC_REPRESENTATION_ITEM()
RATIONAL_B_SPLINE_SURFACE(((1.,1.,1.),(0.739174286005813,0.739174286005813,
0.739174286005813),(0.739174286005813,0.739174286005813,0.739174286005813),
(1.,1.,1.)))
REPRESENTATION_ITEM('')
SURFACE()
);
#98=(
BOUNDED_SURFACE()
B_SPLINE_SURFACE(3,2,((#3529,#3530,#3531),(#3532,#3533,#3534),(#3535,#3536,
#3537),(#3538,#3539,#3540)),.UNSPECIFIED.,.F.,.F.,.F.)
B_SPLINE_SURFACE_WITH_KNOTS((4,4),(3,3),(0.,1.),(0.,1.),.UNSPECIFIED.)
GEOMETRIC_REPRESENTATION_ITEM()
RATIONAL_B_SPLINE_SURFACE(((1.,1.,1.),(0.739174286005812,0.739174286005812,
0.739174286005812),(0.739174286005812,0.739174286005812,0.739174286005812),
(1.,1.,1.)))
REPRESENTATION_ITEM('')
SURFACE()
);
#99=(
BOUNDED_SURFACE()
B_SPLINE_SURFACE(3,2,((#3553,#3554,#3555),(#3556,#3557,#3558),(#3559,#3560,
#3561),(#3562,#3563,#3564)),.UNSPECIFIED.,.F.,.F.,.F.)
B_SPLINE_SURFACE_WITH_KNOTS((4,4),(3,3),(0.,1.),(0.,1.),.UNSPECIFIED.)
GEOMETRIC_REPRESENTATION_ITEM()
RATIONAL_B_SPLINE_SURFACE(((1.,1.,1.),(0.803420346337862,0.803420346337862,
0.803420346337862),(0.803420346337862,0.803420346337862,0.803420346337862),
(1.,1.,1.)))
REPRESENTATION_ITEM('')
SURFACE()
);
#100=(
BOUNDED_SURFACE()
B_SPLINE_SURFACE(3,2,((#4141,#4142,#4143),(#4144,#4145,#4146),(#4147,#4148,
#4149),(#4150,#4151,#4152),(#4153,#4154,#4155),(#4156,#4157,#4158),(#4159,
#4160,#4161),(#4162,#4163,#4164),(#4165,#4166,#4167),(#4168,#4169,#4170)),
 .UNSPECIFIED.,.F.,.F.,.F.)
B_SPLINE_SURFACE_WITH_KNOTS((4,2,2,2,4),(3,3),(-2.16840434497101E-19,0.000408247008143951,
0.000816494016287903,0.00122474102443185,0.00163298803257581),(0.,1.),
 .UNSPECIFIED.)
GEOMETRIC_REPRESENTATION_ITEM()
RATIONAL_B_SPLINE_SURFACE(((1.,0.707106781186546,1.),(1.,0.716937547870923,
1.),(1.,0.73109740064811,1.),(1.,0.76289832677098,1.),(1.,0.780342563531992,
1.),(1.,0.812185356789994,1.),(1.,0.826678233936151,1.),(1.,0.846925021742315,
1.),(1.,0.852853457564524,1.),(1.,0.852802865422442,1.)))
REPRESENTATION_ITEM('')
SURFACE()
);
#101=(
BOUNDED_SURFACE()
B_SPLINE_SURFACE(3,2,((#4177,#4178,#4179),(#4180,#4181,#4182),(#4183,#4184,
#4185),(#4186,#4187,#4188),(#4189,#4190,#4191),(#4192,#4193,#4194),(#4195,
#4196,#4197),(#4198,#4199,#4200),(#4201,#4202,#4203),(#4204,#4205,#4206)),
 .UNSPECIFIED.,.F.,.F.,.F.)
B_SPLINE_SURFACE_WITH_KNOTS((4,2,2,2,4),(3,3),(0.,0.000408223601341981,
0.000816447202683963,0.00122467080402594,0.00163289440536793),(0.,1.),
 .UNSPECIFIED.)
GEOMETRIC_REPRESENTATION_ITEM()
RATIONAL_B_SPLINE_SURFACE(((1.,0.852802865422442,1.),(1.,0.852913078202972,
1.),(1.,0.847005717364643,1.),(1.,0.826688586174283,1.),(1.,0.812188085291132,
1.),(1.,0.78038368376532,1.),(1.,0.76287477124165,1.),(1.,0.731262480976157,
1.),(1.,0.716886847540368,1.),(1.,0.707106781186546,1.)))
REPRESENTATION_ITEM('')
SURFACE()
);
#102=(
BOUNDED_SURFACE()
B_SPLINE_SURFACE(3,2,((#4208,#4209,#4210),(#4211,#4212,#4213),(#4214,#4215,
#4216),(#4217,#4218,#4219),(#4220,#4221,#4222),(#4223,#4224,#4225),(#4226,
#4227,#4228),(#4229,#4230,#4231),(#4232,#4233,#4234),(#4235,#4236,#4237)),
 .UNSPECIFIED.,.F.,.F.,.F.)
B_SPLINE_SURFACE_WITH_KNOTS((4,2,2,2,4),(3,3),(0.,0.000408223601341981,
0.000816447202683963,0.00122467080402594,0.00163289440536793),(0.,1.),
 .UNSPECIFIED.)
GEOMETRIC_REPRESENTATION_ITEM()
RATIONAL_B_SPLINE_SURFACE(((1.,0.852802865422442,1.),(1.,0.852913078202972,
1.),(1.,0.847005717364643,1.),(1.,0.826688586174283,1.),(1.,0.812188085291072,
1.),(1.,0.780383683765381,1.),(1.,0.762874771241664,1.),(1.,0.731262480976141,
1.),(1.,0.716886847540378,1.),(1.,0.707106781186547,1.)))
REPRESENTATION_ITEM('')
SURFACE()
);
#103=(
BOUNDED_SURFACE()
B_SPLINE_SURFACE(3,2,((#4243,#4244,#4245),(#4246,#4247,#4248),(#4249,#4250,
#4251),(#4252,#4253,#4254),(#4255,#4256,#4257),(#4258,#4259,#4260),(#4261,
#4262,#4263),(#4264,#4265,#4266),(#4267,#4268,#4269),(#4270,#4271,#4272)),
 .UNSPECIFIED.,.F.,.F.,.F.)
B_SPLINE_SURFACE_WITH_KNOTS((4,2,2,2,4),(3,3),(0.,0.000408247008143951,
0.000816494016287902,0.00122474102443185,0.0016329880325758),(0.,1.),
 .UNSPECIFIED.)
GEOMETRIC_REPRESENTATION_ITEM()
RATIONAL_B_SPLINE_SURFACE(((1.,0.707106781186548,1.),(1.,0.716937547870945,
1.),(1.,0.731097400648079,1.),(1.,0.76289832677101,1.),(1.,0.780342563532015,
1.),(1.,0.812185356789971,1.),(1.,0.826678233936167,1.),(1.,0.8469250217423,
1.),(1.,0.852853457564535,1.),(1.,0.852802865422442,1.)))
REPRESENTATION_ITEM('')
SURFACE()
);
#104=(
BOUNDED_SURFACE()
B_SPLINE_SURFACE(3,2,((#4437,#4438,#4439),(#4440,#4441,#4442),(#4443,#4444,
#4445),(#4446,#4447,#4448),(#4449,#4450,#4451),(#4452,#4453,#4454),(#4455,
#4456,#4457),(#4458,#4459,#4460),(#4461,#4462,#4463),(#4464,#4465,#4466)),
 .UNSPECIFIED.,.F.,.F.,.F.)
B_SPLINE_SURFACE_WITH_KNOTS((4,2,2,2,4),(3,3),(0.,0.000408223601341981,
0.000816447202683963,0.00122467080402594,0.00163289440536793),(0.,1.),
 .UNSPECIFIED.)
GEOMETRIC_REPRESENTATION_ITEM()
RATIONAL_B_SPLINE_SURFACE(((1.,0.852802865422442,1.),(1.,0.852913078202949,
1.),(1.,0.847005717364674,1.),(1.,0.826688586174253,1.),(1.,0.812188085291125,
1.),(1.,0.780383683765328,1.),(1.,0.76287477124165,1.),(1.,0.731262480976157,
1.),(1.,0.716886847540368,1.),(1.,0.707106781186546,1.)))
REPRESENTATION_ITEM('')
SURFACE()
);
#105=(
BOUNDED_SURFACE()
B_SPLINE_SURFACE(3,2,((#4473,#4474,#4475),(#4476,#4477,#4478),(#4479,#4480,
#4481),(#4482,#4483,#4484),(#4485,#4486,#4487),(#4488,#4489,#4490),(#4491,
#4492,#4493),(#4494,#4495,#4496),(#4497,#4498,#4499),(#4500,#4501,#4502)),
 .UNSPECIFIED.,.F.,.F.,.F.)
B_SPLINE_SURFACE_WITH_KNOTS((4,2,2,2,4),(3,3),(0.,0.000408247008143951,
0.000816494016287901,0.00122474102443185,0.0016329880325758),(0.,1.),
 .UNSPECIFIED.)
GEOMETRIC_REPRESENTATION_ITEM()
RATIONAL_B_SPLINE_SURFACE(((1.,0.707106781186548,1.),(1.,0.716937547870939,
1.),(1.,0.731097400648087,1.),(1.,0.762898326771003,1.),(1.,0.780342563532015,
1.),(1.,0.812185356789971,1.),(1.,0.826678233936189,1.),(1.,0.846925021742278,
1.),(1.,0.852853457564552,1.),(1.,0.852802865422442,1.)))
REPRESENTATION_ITEM('')
SURFACE()
);
#106=(
BOUNDED_SURFACE()
B_SPLINE_SURFACE(3,2,((#4504,#4505,#4506),(#4507,#4508,#4509),(#4510,#4511,
#4512),(#4513,#4514,#4515),(#4516,#4517,#4518),(#4519,#4520,#4521),(#4522,
#4523,#4524),(#4525,#4526,#4527),(#4528,#4529,#4530),(#4531,#4532,#4533)),
 .UNSPECIFIED.,.F.,.F.,.F.)
B_SPLINE_SURFACE_WITH_KNOTS((4,2,2,2,4),(3,3),(0.,0.000408247008143951,
0.000816494016287903,0.00122474102443185,0.00163298803257581),(0.,1.),
 .UNSPECIFIED.)
GEOMETRIC_REPRESENTATION_ITEM()
RATIONAL_B_SPLINE_SURFACE(((1.,0.707106781186546,1.),(1.,0.716937547870923,
1.),(1.,0.73109740064811,1.),(1.,0.76289832677098,1.),(1.,0.780342563531992,
1.),(1.,0.812185356789994,1.),(1.,0.826678233936174,1.),(1.,0.846925021742293,
1.),(1.,0.852853457564541,1.),(1.,0.852802865422442,1.)))
REPRESENTATION_ITEM('')
SURFACE()
);
#107=(
BOUNDED_SURFACE()
B_SPLINE_SURFACE(3,2,((#4539,#4540,#4541),(#4542,#4543,#4544),(#4545,#4546,
#4547),(#4548,#4549,#4550),(#4551,#4552,#4553),(#4554,#4555,#4556),(#4557,
#4558,#4559),(#4560,#4561,#4562),(#4563,#4564,#4565),(#4566,#4567,#4568)),
 .UNSPECIFIED.,.F.,.F.,.F.)
B_SPLINE_SURFACE_WITH_KNOTS((4,2,2,2,4),(3,3),(0.,0.000408223601341981,
0.000816447202683963,0.00122467080402594,0.00163289440536793),(0.,1.),
 .UNSPECIFIED.)
GEOMETRIC_REPRESENTATION_ITEM()
RATIONAL_B_SPLINE_SURFACE(((1.,0.852802865422442,1.),(1.,0.852913078202972,
1.),(1.,0.847005717364643,1.),(1.,0.826688586174283,1.),(1.,0.812188085291079,
1.),(1.,0.780383683765373,1.),(1.,0.762874771241649,1.),(1.,0.731262480976157,
1.),(1.,0.716886847540367,1.),(1.,0.707106781186547,1.)))
REPRESENTATION_ITEM('')
SURFACE()
);
#108=TOROIDAL_SURFACE('',#2316,0.1575,0.03);
#109=TOROIDAL_SURFACE('',#2335,0.177755905511811,0.0137795275590551);
#110=TOROIDAL_SURFACE('',#2340,0.177755905511811,0.0137795275590551);
#111=TOROIDAL_SURFACE('',#2375,0.1975,0.0625);
#112=TOROIDAL_SURFACE('',#2417,0.165,0.02);
#113=TOROIDAL_SURFACE('',#2425,0.165,0.02);
#114=TOROIDAL_SURFACE('',#2441,0.165,0.02);
#115=TOROIDAL_SURFACE('',#2445,0.165,0.02);
#116=OPEN_SHELL('',(#2062,#2063,#2064,#2065,#2066));
#117=SHELL_BASED_SURFACE_MODEL('Body1',(#116));
#118=CONICAL_SURFACE('',#2297,0.1875,0.785398163397451);
#119=CONICAL_SURFACE('',#2332,0.171259842519685,0.78539816339745);
#120=SHAPE_REPRESENTATION_RELATIONSHIP('SRR','None',#4776,#127);
#121=SHAPE_REPRESENTATION_RELATIONSHIP('SRR','None',#4777,#128);
#122=SHAPE_REPRESENTATION_RELATIONSHIP('SRR','None',#4779,#129);
#123=SHAPE_REPRESENTATION_RELATIONSHIP('SRR','None',#4780,#130);
#124=SHAPE_REPRESENTATION_RELATIONSHIP('SRR','None',#4781,#131);
#125=SHAPE_REPRESENTATION_RELATIONSHIP('SRR','None',#4782,#132);
#126=SHAPE_REPRESENTATION_RELATIONSHIP('SRR','None',#4783,#133);
#127=ADVANCED_BREP_SHAPE_REPRESENTATION('',(#142),#4731);
#128=ADVANCED_BREP_SHAPE_REPRESENTATION('',(#143),#4732);
#129=ADVANCED_BREP_SHAPE_REPRESENTATION('',(#144),#4734);
#130=ADVANCED_BREP_SHAPE_REPRESENTATION('',(#145),#4735);
#131=ADVANCED_BREP_SHAPE_REPRESENTATION('',(#146),#4736);
#132=ADVANCED_BREP_SHAPE_REPRESENTATION('',(#147),#4737);
#133=ADVANCED_BREP_SHAPE_REPRESENTATION('',(#148),#4738);
#134=STYLED_ITEM('',(#4825),#142);
#135=STYLED_ITEM('',(#4826),#143);
#136=STYLED_ITEM('',(#4826),#117);
#137=STYLED_ITEM('',(#4827),#144);
#138=STYLED_ITEM('',(#4828),#145);
#139=STYLED_ITEM('',(#4827),#146);
#140=STYLED_ITEM('',(#4827),#147);
#141=STYLED_ITEM('',(#4828),#148);
#142=MANIFOLD_SOLID_BREP('Body1',#2170);
#143=MANIFOLD_SOLID_BREP('Body1',#2171);
#144=MANIFOLD_SOLID_BREP('Body1',#2172);
#145=MANIFOLD_SOLID_BREP('Body1',#2173);
#146=MANIFOLD_SOLID_BREP('Body1',#2174);
#147=MANIFOLD_SOLID_BREP('Body1',#2175);
#148=MANIFOLD_SOLID_BREP('Body1',#2176);
#149=PLANE('',#2285);
#150=PLANE('',#2286);
#151=PLANE('',#2287);
#152=PLANE('',#2288);
#153=PLANE('',#2289);
#154=PLANE('',#2290);
#155=PLANE('',#2291);
#156=PLANE('',#2292);
#157=PLANE('',#2293);
#158=PLANE('',#2294);
#159=PLANE('',#2295);
#160=PLANE('',#2311);
#161=PLANE('',#2312);
#162=PLANE('',#2313);
#163=PLANE('',#2314);
#164=PLANE('',#2326);
#165=PLANE('',#2327);
#166=PLANE('',#2348);
#167=PLANE('',#2350);
#168=PLANE('',#2357);
#169=PLANE('',#2358);
#170=PLANE('',#2359);
#171=PLANE('',#2360);
#172=PLANE('',#2361);
#173=PLANE('',#2362);
#174=PLANE('',#2363);
#175=PLANE('',#2364);
#176=PLANE('',#2365);
#177=PLANE('',#2366);
#178=PLANE('',#2367);
#179=PLANE('',#2368);
#180=PLANE('',#2369);
#181=PLANE('',#2370);
#182=PLANE('',#2371);
#183=PLANE('',#2381);
#184=PLANE('',#2382);
#185=PLANE('',#2394);
#186=PLANE('',#2403);
#187=PLANE('',#2404);
#188=PLANE('',#2405);
#189=PLANE('',#2406);
#190=PLANE('',#2408);
#191=PLANE('',#2410);
#192=PLANE('',#2427);
#193=PLANE('',#2429);
#194=PLANE('',#2430);
#195=PLANE('',#2432);
#196=PLANE('',#2456);
#197=PLANE('',#2457);
#198=PLANE('',#2465);
#199=PLANE('',#2466);
#200=PLANE('',#2467);
#201=PLANE('',#2468);
#202=PLANE('',#2474);
#203=PLANE('',#2479);
#204=PLANE('',#2484);
#205=PLANE('',#2485);
#206=PLANE('',#2486);
#207=PLANE('',#2487);
#208=PLANE('',#2489);
#209=PLANE('',#2490);
#210=PLANE('',#2491);
#211=PLANE('',#2494);
#212=PLANE('',#2495);
#213=PLANE('',#2496);
#214=FACE_BOUND('',#382,.T.);
#215=FACE_BOUND('',#383,.T.);
#216=FACE_BOUND('',#385,.T.);
#217=FACE_BOUND('',#386,.T.);
#218=FACE_BOUND('',#388,.T.);
#219=FACE_BOUND('',#390,.T.);
#220=FACE_BOUND('',#400,.T.);
#221=FACE_BOUND('',#407,.T.);
#222=FACE_BOUND('',#409,.T.);
#223=FACE_BOUND('',#411,.T.);
#224=FACE_BOUND('',#413,.T.);
#225=FACE_BOUND('',#418,.T.);
#226=FACE_BOUND('',#426,.T.);
#227=FACE_BOUND('',#428,.T.);
#228=FACE_BOUND('',#430,.T.);
#229=FACE_BOUND('',#432,.T.);
#230=FACE_BOUND('',#433,.T.);
#231=FACE_BOUND('',#434,.T.);
#232=FACE_BOUND('',#435,.T.);
#233=FACE_BOUND('',#438,.T.);
#234=FACE_BOUND('',#440,.T.);
#235=FACE_BOUND('',#468,.T.);
#236=FACE_BOUND('',#471,.T.);
#237=FACE_BOUND('',#472,.T.);
#238=FACE_BOUND('',#474,.T.);
#239=FACE_BOUND('',#475,.T.);
#240=FACE_BOUND('',#477,.T.);
#241=FACE_BOUND('',#479,.T.);
#242=FACE_BOUND('',#515,.T.);
#243=FACE_BOUND('',#517,.T.);
#244=FACE_BOUND('',#525,.T.);
#245=FACE_BOUND('',#527,.T.);
#246=FACE_BOUND('',#529,.T.);
#247=FACE_BOUND('',#532,.T.);
#248=FACE_BOUND('',#535,.T.);
#249=FACE_OUTER_BOUND('',#380,.T.);
#250=FACE_OUTER_BOUND('',#381,.T.);
#251=FACE_OUTER_BOUND('',#384,.T.);
#252=FACE_OUTER_BOUND('',#387,.T.);
#253=FACE_OUTER_BOUND('',#389,.T.);
#254=FACE_OUTER_BOUND('',#391,.T.);
#255=FACE_OUTER_BOUND('',#392,.T.);
#256=FACE_OUTER_BOUND('',#393,.T.);
#257=FACE_OUTER_BOUND('',#394,.T.);
#258=FACE_OUTER_BOUND('',#395,.T.);
#259=FACE_OUTER_BOUND('',#396,.T.);
#260=FACE_OUTER_BOUND('',#397,.T.);
#261=FACE_OUTER_BOUND('',#398,.T.);
#262=FACE_OUTER_BOUND('',#399,.T.);
#263=FACE_OUTER_BOUND('',#401,.T.);
#264=FACE_OUTER_BOUND('',#402,.T.);
#265=FACE_OUTER_BOUND('',#403,.T.);
#266=FACE_OUTER_BOUND('',#404,.T.);
#267=FACE_OUTER_BOUND('',#405,.T.);
#268=FACE_OUTER_BOUND('',#406,.T.);
#269=FACE_OUTER_BOUND('',#408,.T.);
#270=FACE_OUTER_BOUND('',#410,.T.);
#271=FACE_OUTER_BOUND('',#412,.T.);
#272=FACE_OUTER_BOUND('',#414,.T.);
#273=FACE_OUTER_BOUND('',#415,.T.);
#274=FACE_OUTER_BOUND('',#416,.T.);
#275=FACE_OUTER_BOUND('',#417,.T.);
#276=FACE_OUTER_BOUND('',#419,.T.);
#277=FACE_OUTER_BOUND('',#420,.T.);
#278=FACE_OUTER_BOUND('',#421,.T.);
#279=FACE_OUTER_BOUND('',#422,.T.);
#280=FACE_OUTER_BOUND('',#423,.T.);
#281=FACE_OUTER_BOUND('',#424,.T.);
#282=FACE_OUTER_BOUND('',#425,.T.);
#283=FACE_OUTER_BOUND('',#427,.T.);
#284=FACE_OUTER_BOUND('',#429,.T.);
#285=FACE_OUTER_BOUND('',#431,.T.);
#286=FACE_OUTER_BOUND('',#436,.T.);
#287=FACE_OUTER_BOUND('',#437,.T.);
#288=FACE_OUTER_BOUND('',#439,.T.);
#289=FACE_OUTER_BOUND('',#441,.T.);
#290=FACE_OUTER_BOUND('',#442,.T.);
#291=FACE_OUTER_BOUND('',#443,.T.);
#292=FACE_OUTER_BOUND('',#444,.T.);
#293=FACE_OUTER_BOUND('',#445,.T.);
#294=FACE_OUTER_BOUND('',#446,.T.);
#295=FACE_OUTER_BOUND('',#447,.T.);
#296=FACE_OUTER_BOUND('',#448,.T.);
#297=FACE_OUTER_BOUND('',#449,.T.);
#298=FACE_OUTER_BOUND('',#450,.T.);
#299=FACE_OUTER_BOUND('',#451,.T.);
#300=FACE_OUTER_BOUND('',#452,.T.);
#301=FACE_OUTER_BOUND('',#453,.T.);
#302=FACE_OUTER_BOUND('',#454,.T.);
#303=FACE_OUTER_BOUND('',#455,.T.);
#304=FACE_OUTER_BOUND('',#456,.T.);
#305=FACE_OUTER_BOUND('',#457,.T.);
#306=FACE_OUTER_BOUND('',#458,.T.);
#307=FACE_OUTER_BOUND('',#459,.T.);
#308=FACE_OUTER_BOUND('',#460,.T.);
#309=FACE_OUTER_BOUND('',#461,.T.);
#310=FACE_OUTER_BOUND('',#462,.T.);
#311=FACE_OUTER_BOUND('',#463,.T.);
#312=FACE_OUTER_BOUND('',#464,.T.);
#313=FACE_OUTER_BOUND('',#465,.T.);
#314=FACE_OUTER_BOUND('',#466,.T.);
#315=FACE_OUTER_BOUND('',#467,.T.);
#316=FACE_OUTER_BOUND('',#469,.T.);
#317=FACE_OUTER_BOUND('',#470,.T.);
#318=FACE_OUTER_BOUND('',#473,.T.);
#319=FACE_OUTER_BOUND('',#476,.T.);
#320=FACE_OUTER_BOUND('',#478,.T.);
#321=FACE_OUTER_BOUND('',#480,.T.);
#322=FACE_OUTER_BOUND('',#481,.T.);
#323=FACE_OUTER_BOUND('',#482,.T.);
#324=FACE_OUTER_BOUND('',#483,.T.);
#325=FACE_OUTER_BOUND('',#484,.T.);
#326=FACE_OUTER_BOUND('',#485,.T.);
#327=FACE_OUTER_BOUND('',#486,.T.);
#328=FACE_OUTER_BOUND('',#487,.T.);
#329=FACE_OUTER_BOUND('',#488,.T.);
#330=FACE_OUTER_BOUND('',#489,.T.);
#331=FACE_OUTER_BOUND('',#490,.T.);
#332=FACE_OUTER_BOUND('',#491,.T.);
#333=FACE_OUTER_BOUND('',#492,.T.);
#334=FACE_OUTER_BOUND('',#493,.T.);
#335=FACE_OUTER_BOUND('',#494,.T.);
#336=FACE_OUTER_BOUND('',#495,.T.);
#337=FACE_OUTER_BOUND('',#496,.T.);
#338=FACE_OUTER_BOUND('',#497,.T.);
#339=FACE_OUTER_BOUND('',#498,.T.);
#340=FACE_OUTER_BOUND('',#499,.T.);
#341=FACE_OUTER_BOUND('',#500,.T.);
#342=FACE_OUTER_BOUND('',#501,.T.);
#343=FACE_OUTER_BOUND('',#502,.T.);
#344=FACE_OUTER_BOUND('',#503,.T.);
#345=FACE_OUTER_BOUND('',#504,.T.);
#346=FACE_OUTER_BOUND('',#505,.T.);
#347=FACE_OUTER_BOUND('',#506,.T.);
#348=FACE_OUTER_BOUND('',#507,.T.);
#349=FACE_OUTER_BOUND('',#508,.T.);
#350=FACE_OUTER_BOUND('',#509,.T.);
#351=FACE_OUTER_BOUND('',#510,.T.);
#352=FACE_OUTER_BOUND('',#511,.T.);
#353=FACE_OUTER_BOUND('',#512,.T.);
#354=FACE_OUTER_BOUND('',#513,.T.);
#355=FACE_OUTER_BOUND('',#514,.T.);
#356=FACE_OUTER_BOUND('',#516,.T.);
#357=FACE_OUTER_BOUND('',#518,.T.);
#358=FACE_OUTER_BOUND('',#519,.T.);
#359=FACE_OUTER_BOUND('',#520,.T.);
#360=FACE_OUTER_BOUND('',#521,.T.);
#361=FACE_OUTER_BOUND('',#522,.T.);
#362=FACE_OUTER_BOUND('',#523,.T.);
#363=FACE_OUTER_BOUND('',#524,.T.);
#364=FACE_OUTER_BOUND('',#526,.T.);
#365=FACE_OUTER_BOUND('',#528,.T.);
#366=FACE_OUTER_BOUND('',#530,.T.);
#367=FACE_OUTER_BOUND('',#531,.T.);
#368=FACE_OUTER_BOUND('',#533,.T.);
#369=FACE_OUTER_BOUND('',#534,.T.);
#370=FACE_OUTER_BOUND('',#536,.T.);
#371=FACE_OUTER_BOUND('',#537,.T.);
#372=FACE_OUTER_BOUND('',#538,.T.);
#373=FACE_OUTER_BOUND('',#539,.T.);
#374=FACE_OUTER_BOUND('',#540,.T.);
#375=FACE_OUTER_BOUND('',#541,.T.);
#376=FACE_OUTER_BOUND('',#542,.T.);
#377=FACE_OUTER_BOUND('',#543,.T.);
#378=FACE_OUTER_BOUND('',#544,.T.);
#379=FACE_OUTER_BOUND('',#545,.T.);
#380=EDGE_LOOP('',(#1423,#1424,#1425,#1426));
#381=EDGE_LOOP('',(#1427,#1428,#1429,#1430));
#382=EDGE_LOOP('',(#1431,#1432,#1433,#1434));
#383=EDGE_LOOP('',(#1435,#1436,#1437,#1438));
#384=EDGE_LOOP('',(#1439,#1440,#1441,#1442));
#385=EDGE_LOOP('',(#1443,#1444,#1445,#1446));
#386=EDGE_LOOP('',(#1447,#1448,#1449,#1450));
#387=EDGE_LOOP('',(#1451));
#388=EDGE_LOOP('',(#1452));
#389=EDGE_LOOP('',(#1453));
#390=EDGE_LOOP('',(#1454));
#391=EDGE_LOOP('',(#1455,#1456,#1457,#1458));
#392=EDGE_LOOP('',(#1459,#1460,#1461,#1462));
#393=EDGE_LOOP('',(#1463,#1464,#1465,#1466));
#394=EDGE_LOOP('',(#1467,#1468,#1469,#1470));
#395=EDGE_LOOP('',(#1471,#1472,#1473,#1474));
#396=EDGE_LOOP('',(#1475,#1476,#1477,#1478));
#397=EDGE_LOOP('',(#1479,#1480,#1481,#1482));
#398=EDGE_LOOP('',(#1483,#1484,#1485,#1486));
#399=EDGE_LOOP('',(#1487));
#400=EDGE_LOOP('',(#1488));
#401=EDGE_LOOP('',(#1489,#1490,#1491,#1492));
#402=EDGE_LOOP('',(#1493,#1494,#1495,#1496));
#403=EDGE_LOOP('',(#1497,#1498,#1499,#1500));
#404=EDGE_LOOP('',(#1501,#1502,#1503,#1504));
#405=EDGE_LOOP('',(#1505,#1506,#1507,#1508));
#406=EDGE_LOOP('',(#1509));
#407=EDGE_LOOP('',(#1510));
#408=EDGE_LOOP('',(#1511));
#409=EDGE_LOOP('',(#1512));
#410=EDGE_LOOP('',(#1513));
#411=EDGE_LOOP('',(#1514));
#412=EDGE_LOOP('',(#1515));
#413=EDGE_LOOP('',(#1516));
#414=EDGE_LOOP('',(#1517,#1518,#1519,#1520,#1521));
#415=EDGE_LOOP('',(#1522,#1523,#1524,#1525,#1526));
#416=EDGE_LOOP('',(#1527,#1528,#1529,#1530));
#417=EDGE_LOOP('',(#1531));
#418=EDGE_LOOP('',(#1532));
#419=EDGE_LOOP('',(#1533));
#420=EDGE_LOOP('',(#1534,#1535,#1536,#1537));
#421=EDGE_LOOP('',(#1538,#1539,#1540,#1541));
#422=EDGE_LOOP('',(#1542,#1543,#1544,#1545,#1546));
#423=EDGE_LOOP('',(#1547,#1548,#1549,#1550,#1551));
#424=EDGE_LOOP('',(#1552,#1553,#1554,#1555,#1556,#1557));
#425=EDGE_LOOP('',(#1558,#1559,#1560));
#426=EDGE_LOOP('',(#1561,#1562,#1563,#1564));
#427=EDGE_LOOP('',(#1565,#1566,#1567));
#428=EDGE_LOOP('',(#1568,#1569,#1570,#1571));
#429=EDGE_LOOP('',(#1572));
#430=EDGE_LOOP('',(#1573));
#431=EDGE_LOOP('',(#1574));
#432=EDGE_LOOP('',(#1575,#1576,#1577,#1578));
#433=EDGE_LOOP('',(#1579,#1580,#1581,#1582));
#434=EDGE_LOOP('',(#1583,#1584,#1585,#1586,#1587,#1588));
#435=EDGE_LOOP('',(#1589,#1590,#1591,#1592,#1593,#1594));
#436=EDGE_LOOP('',(#1595,#1596,#1597,#1598));
#437=EDGE_LOOP('',(#1599));
#438=EDGE_LOOP('',(#1600));
#439=EDGE_LOOP('',(#1601));
#440=EDGE_LOOP('',(#1602));
#441=EDGE_LOOP('',(#1603,#1604,#1605,#1606));
#442=EDGE_LOOP('',(#1607,#1608,#1609));
#443=EDGE_LOOP('',(#1610,#1611,#1612));
#444=EDGE_LOOP('',(#1613,#1614,#1615));
#445=EDGE_LOOP('',(#1616,#1617,#1618));
#446=EDGE_LOOP('',(#1619,#1620,#1621));
#447=EDGE_LOOP('',(#1622,#1623,#1624));
#448=EDGE_LOOP('',(#1625,#1626,#1627));
#449=EDGE_LOOP('',(#1628,#1629,#1630));
#450=EDGE_LOOP('',(#1631,#1632,#1633));
#451=EDGE_LOOP('',(#1634,#1635,#1636));
#452=EDGE_LOOP('',(#1637,#1638,#1639,#1640));
#453=EDGE_LOOP('',(#1641,#1642,#1643,#1644));
#454=EDGE_LOOP('',(#1645,#1646,#1647,#1648));
#455=EDGE_LOOP('',(#1649,#1650,#1651,#1652));
#456=EDGE_LOOP('',(#1653,#1654,#1655,#1656));
#457=EDGE_LOOP('',(#1657,#1658,#1659,#1660));
#458=EDGE_LOOP('',(#1661,#1662,#1663,#1664));
#459=EDGE_LOOP('',(#1665,#1666,#1667,#1668));
#460=EDGE_LOOP('',(#1669,#1670,#1671,#1672));
#461=EDGE_LOOP('',(#1673,#1674,#1675,#1676));
#462=EDGE_LOOP('',(#1677));
#463=EDGE_LOOP('',(#1678));
#464=EDGE_LOOP('',(#1679,#1680,#1681,#1682));
#465=EDGE_LOOP('',(#1683,#1684,#1685,#1686));
#466=EDGE_LOOP('',(#1687));
#467=EDGE_LOOP('',(#1688));
#468=EDGE_LOOP('',(#1689));
#469=EDGE_LOOP('',(#1690,#1691,#1692,#1693));
#470=EDGE_LOOP('',(#1694,#1695,#1696,#1697));
#471=EDGE_LOOP('',(#1698,#1699,#1700,#1701,#1702,#1703,#1704,#1705));
#472=EDGE_LOOP('',(#1706,#1707,#1708,#1709,#1710,#1711,#1712,#1713));
#473=EDGE_LOOP('',(#1714,#1715,#1716,#1717));
#474=EDGE_LOOP('',(#1718,#1719,#1720,#1721,#1722,#1723,#1724,#1725));
#475=EDGE_LOOP('',(#1726,#1727,#1728,#1729,#1730,#1731,#1732,#1733));
#476=EDGE_LOOP('',(#1734,#1735));
#477=EDGE_LOOP('',(#1736));
#478=EDGE_LOOP('',(#1737,#1738));
#479=EDGE_LOOP('',(#1739));
#480=EDGE_LOOP('',(#1740,#1741,#1742,#1743));
#481=EDGE_LOOP('',(#1744,#1745,#1746,#1747));
#482=EDGE_LOOP('',(#1748,#1749,#1750,#1751));
#483=EDGE_LOOP('',(#1752,#1753,#1754,#1755));
#484=EDGE_LOOP('',(#1756,#1757,#1758,#1759));
#485=EDGE_LOOP('',(#1760,#1761,#1762,#1763));
#486=EDGE_LOOP('',(#1764,#1765,#1766,#1767));
#487=EDGE_LOOP('',(#1768,#1769,#1770,#1771));
#488=EDGE_LOOP('',(#1772,#1773,#1774,#1775));
#489=EDGE_LOOP('',(#1776,#1777,#1778,#1779));
#490=EDGE_LOOP('',(#1780,#1781,#1782,#1783));
#491=EDGE_LOOP('',(#1784,#1785,#1786,#1787));
#492=EDGE_LOOP('',(#1788,#1789,#1790,#1791));
#493=EDGE_LOOP('',(#1792,#1793,#1794,#1795));
#494=EDGE_LOOP('',(#1796,#1797,#1798,#1799));
#495=EDGE_LOOP('',(#1800,#1801,#1802,#1803));
#496=EDGE_LOOP('',(#1804,#1805,#1806,#1807));
#497=EDGE_LOOP('',(#1808,#1809,#1810,#1811));
#498=EDGE_LOOP('',(#1812,#1813,#1814,#1815));
#499=EDGE_LOOP('',(#1816,#1817,#1818,#1819));
#500=EDGE_LOOP('',(#1820,#1821,#1822,#1823));
#501=EDGE_LOOP('',(#1824,#1825,#1826,#1827));
#502=EDGE_LOOP('',(#1828,#1829,#1830,#1831));
#503=EDGE_LOOP('',(#1832,#1833,#1834,#1835));
#504=EDGE_LOOP('',(#1836,#1837,#1838,#1839));
#505=EDGE_LOOP('',(#1840,#1841,#1842,#1843));
#506=EDGE_LOOP('',(#1844,#1845,#1846,#1847));
#507=EDGE_LOOP('',(#1848,#1849,#1850,#1851));
#508=EDGE_LOOP('',(#1852,#1853,#1854,#1855));
#509=EDGE_LOOP('',(#1856,#1857,#1858,#1859));
#510=EDGE_LOOP('',(#1860,#1861,#1862,#1863));
#511=EDGE_LOOP('',(#1864,#1865,#1866,#1867));
#512=EDGE_LOOP('',(#1868,#1869,#1870,#1871));
#513=EDGE_LOOP('',(#1872,#1873,#1874,#1875));
#514=EDGE_LOOP('',(#1876));
#515=EDGE_LOOP('',(#1877));
#516=EDGE_LOOP('',(#1878));
#517=EDGE_LOOP('',(#1879));
#518=EDGE_LOOP('',(#1880,#1881,#1882,#1883));
#519=EDGE_LOOP('',(#1884,#1885,#1886,#1887));
#520=EDGE_LOOP('',(#1888,#1889,#1890,#1891));
#521=EDGE_LOOP('',(#1892,#1893,#1894,#1895));
#522=EDGE_LOOP('',(#1896,#1897,#1898,#1899));
#523=EDGE_LOOP('',(#1900,#1901,#1902,#1903));
#524=EDGE_LOOP('',(#1904,#1905,#1906,#1907));
#525=EDGE_LOOP('',(#1908,#1909,#1910,#1911));
#526=EDGE_LOOP('',(#1912,#1913,#1914,#1915,#1916,#1917,#1918,#1919,#1920,
#1921,#1922,#1923,#1924,#1925));
#527=EDGE_LOOP('',(#1926));
#528=EDGE_LOOP('',(#1927,#1928,#1929,#1930,#1931,#1932,#1933,#1934,#1935,
#1936,#1937,#1938,#1939,#1940));
#529=EDGE_LOOP('',(#1941));
#530=EDGE_LOOP('',(#1942,#1943,#1944,#1945));
#531=EDGE_LOOP('',(#1946,#1947,#1948,#1949));
#532=EDGE_LOOP('',(#1950));
#533=EDGE_LOOP('',(#1951,#1952,#1953,#1954));
#534=EDGE_LOOP('',(#1955,#1956,#1957,#1958));
#535=EDGE_LOOP('',(#1959));
#536=EDGE_LOOP('',(#1960,#1961,#1962,#1963));
#537=EDGE_LOOP('',(#1964,#1965,#1966,#1967));
#538=EDGE_LOOP('',(#1968,#1969,#1970,#1971));
#539=EDGE_LOOP('',(#1972,#1973,#1974,#1975));
#540=EDGE_LOOP('',(#1976,#1977,#1978,#1979,#1980,#1981));
#541=EDGE_LOOP('',(#1982,#1983,#1984,#1985,#1986,#1987));
#542=EDGE_LOOP('',(#1988,#1989,#1990,#1991));
#543=EDGE_LOOP('',(#1992,#1993,#1994,#1995));
#544=EDGE_LOOP('',(#1996,#1997,#1998,#1999));
#545=EDGE_LOOP('',(#2000,#2001,#2002,#2003));
#546=LINE('',#3141,#689);
#547=LINE('',#3147,#690);
#548=LINE('',#3151,#691);
#549=LINE('',#3155,#692);
#550=LINE('',#3159,#693);
#551=LINE('',#3163,#694);
#552=LINE('',#3169,#695);
#553=LINE('',#3173,#696);
#554=LINE('',#3177,#697);
#555=LINE('',#3181,#698);
#556=LINE('',#3185,#699);
#557=LINE('',#3190,#700);
#558=LINE('',#3191,#701);
#559=LINE('',#3193,#702);
#560=LINE('',#3195,#703);
#561=LINE('',#3198,#704);
#562=LINE('',#3199,#705);
#563=LINE('',#3201,#706);
#564=LINE('',#3203,#707);
#565=LINE('',#3211,#708);
#566=LINE('',#3217,#709);
#567=LINE('',#3223,#710);
#568=LINE('',#3228,#711);
#569=LINE('',#3233,#712);
#570=LINE('',#3251,#713);
#571=LINE('',#3256,#714);
#572=LINE('',#3265,#715);
#573=LINE('',#3271,#716);
#574=LINE('',#3290,#717);
#575=LINE('',#3421,#718);
#576=LINE('',#3425,#719);
#577=LINE('',#3426,#720);
#578=LINE('',#3429,#721);
#579=LINE('',#3433,#722);
#580=LINE('',#3434,#723);
#581=LINE('',#3436,#724);
#582=LINE('',#3438,#725);
#583=LINE('',#3442,#726);
#584=LINE('',#3445,#727);
#585=LINE('',#3447,#728);
#586=LINE('',#3451,#729);
#587=LINE('',#3567,#730);
#588=LINE('',#3569,#731);
#589=LINE('',#3570,#732);
#590=LINE('',#3573,#733);
#591=LINE('',#3574,#734);
#592=LINE('',#3577,#735);
#593=LINE('',#3578,#736);
#594=LINE('',#3580,#737);
#595=LINE('',#3584,#738);
#596=LINE('',#3586,#739);
#597=LINE('',#3587,#740);
#598=LINE('',#3590,#741);
#599=LINE('',#3591,#742);
#600=LINE('',#3594,#743);
#601=LINE('',#3595,#744);
#602=LINE('',#3597,#745);
#603=LINE('',#3612,#746);
#604=LINE('',#3622,#747);
#605=LINE('',#3625,#748);
#606=LINE('',#3630,#749);
#607=LINE('',#3677,#750);
#608=LINE('',#3754,#751);
#609=LINE('',#3788,#752);
#610=LINE('',#3865,#753);
#611=LINE('',#3941,#754);
#612=LINE('',#3942,#755);
#613=LINE('',#3945,#756);
#614=LINE('',#3949,#757);
#615=LINE('',#3953,#758);
#616=LINE('',#3957,#759);
#617=LINE('',#3961,#760);
#618=LINE('',#3965,#761);
#619=LINE('',#3969,#762);
#620=LINE('',#3973,#763);
#621=LINE('',#3979,#764);
#622=LINE('',#3981,#765);
#623=LINE('',#3982,#766);
#624=LINE('',#3985,#767);
#625=LINE('',#3988,#768);
#626=LINE('',#3991,#769);
#627=LINE('',#3994,#770);
#628=LINE('',#3997,#771);
#629=LINE('',#3999,#772);
#630=LINE('',#4000,#773);
#631=LINE('',#4275,#774);
#632=LINE('',#4278,#775);
#633=LINE('',#4281,#776);
#634=LINE('',#4283,#777);
#635=LINE('',#4284,#778);
#636=LINE('',#4287,#779);
#637=LINE('',#4290,#780);
#638=LINE('',#4293,#781);
#639=LINE('',#4295,#782);
#640=LINE('',#4296,#783);
#641=LINE('',#4574,#784);
#642=LINE('',#4580,#785);
#643=LINE('',#4589,#786);
#644=LINE('',#4595,#787);
#645=LINE('',#4600,#788);
#646=LINE('',#4602,#789);
#647=LINE('',#4604,#790);
#648=LINE('',#4605,#791);
#649=LINE('',#4609,#792);
#650=LINE('',#4611,#793);
#651=LINE('',#4613,#794);
#652=LINE('',#4614,#795);
#653=LINE('',#4618,#796);
#654=LINE('',#4620,#797);
#655=LINE('',#4622,#798);
#656=LINE('',#4623,#799);
#657=LINE('',#4627,#800);
#658=LINE('',#4629,#801);
#659=LINE('',#4631,#802);
#660=LINE('',#4632,#803);
#661=LINE('',#4638,#804);
#662=LINE('',#4642,#805);
#663=LINE('',#4648,#806);
#664=LINE('',#4650,#807);
#665=LINE('',#4652,#808);
#666=LINE('',#4657,#809);
#667=LINE('',#4659,#810);
#668=LINE('',#4661,#811);
#669=LINE('',#4667,#812);
#670=LINE('',#4669,#813);
#671=LINE('',#4671,#814);
#672=LINE('',#4676,#815);
#673=LINE('',#4678,#816);
#674=LINE('',#4680,#817);
#675=LINE('',#4683,#818);
#676=LINE('',#4684,#819);
#677=LINE('',#4685,#820);
#678=LINE('',#4687,#821);
#679=LINE('',#4689,#822);
#680=LINE('',#4690,#823);
#681=LINE('',#4693,#824);
#682=LINE('',#4695,#825);
#683=LINE('',#4697,#826);
#684=LINE('',#4699,#827);
#685=LINE('',#4702,#828);
#686=LINE('',#4704,#829);
#687=LINE('',#4706,#830);
#688=LINE('',#4708,#831);
#689=VECTOR('',#2516,0.24);
#690=VECTOR('',#2523,0.28);
#691=VECTOR('',#2526,39.3700787401575);
#692=VECTOR('',#2529,39.3700787401575);
#693=VECTOR('',#2532,39.3700787401575);
#694=VECTOR('',#2535,39.3700787401575);
#695=VECTOR('',#2542,0.21875);
#696=VECTOR('',#2545,39.3700787401575);
#697=VECTOR('',#2548,39.3700787401575);
#698=VECTOR('',#2551,39.3700787401575);
#699=VECTOR('',#2554,39.3700787401575);
#700=VECTOR('',#2563,39.3700787401575);
#701=VECTOR('',#2564,39.3700787401575);
#702=VECTOR('',#2567,39.3700787401575);
#703=VECTOR('',#2570,39.3700787401575);
#704=VECTOR('',#2575,39.3700787401575);
#705=VECTOR('',#2576,39.3700787401575);
#706=VECTOR('',#2579,39.3700787401575);
#707=VECTOR('',#2582,39.3700787401575);
#708=VECTOR('',#2593,0.1875);
#709=VECTOR('',#2600,0.203125);
#710=VECTOR('',#2607,0.24);
#711=VECTOR('',#2614,0.1875);
#712=VECTOR('',#2619,0.275);
#713=VECTOR('',#2646,0.1875);
#714=VECTOR('',#2651,0.203125);
#715=VECTOR('',#2664,0.175196850393701);
#716=VECTOR('',#2671,0.171259842519685);
#717=VECTOR('',#2696,0.191535433070866);
#718=VECTOR('',#2707,39.3700787401575);
#719=VECTOR('',#2710,39.3700787401575);
#720=VECTOR('',#2711,39.3700787401575);
#721=VECTOR('',#2712,39.3700787401575);
#722=VECTOR('',#2715,39.3700787401575);
#723=VECTOR('',#2716,39.3700787401575);
#724=VECTOR('',#2717,39.3700787401575);
#725=VECTOR('',#2718,39.3700787401575);
#726=VECTOR('',#2721,39.3700787401575);
#727=VECTOR('',#2724,39.3700787401575);
#728=VECTOR('',#2725,39.3700787401575);
#729=VECTOR('',#2728,39.3700787401575);
#730=VECTOR('',#2741,39.3700787401575);
#731=VECTOR('',#2742,39.3700787401575);
#732=VECTOR('',#2743,39.3700787401575);
#733=VECTOR('',#2746,39.3700787401575);
#734=VECTOR('',#2747,39.3700787401575);
#735=VECTOR('',#2750,39.3700787401575);
#736=VECTOR('',#2751,39.3700787401575);
#737=VECTOR('',#2754,39.3700787401575);
#738=VECTOR('',#2759,39.3700787401575);
#739=VECTOR('',#2760,39.3700787401575);
#740=VECTOR('',#2761,39.3700787401575);
#741=VECTOR('',#2764,39.3700787401575);
#742=VECTOR('',#2765,39.3700787401575);
#743=VECTOR('',#2768,39.3700787401575);
#744=VECTOR('',#2769,39.3700787401575);
#745=VECTOR('',#2772,39.3700787401575);
#746=VECTOR('',#2793,0.21875);
#747=VECTOR('',#2806,39.3700787401575);
#748=VECTOR('',#2809,39.3700787401575);
#749=VECTOR('',#2814,0.145);
#750=VECTOR('',#2819,39.3700787401575);
#751=VECTOR('',#2822,39.3700787401575);
#752=VECTOR('',#2823,39.3700787401575);
#753=VECTOR('',#2826,39.3700787401575);
#754=VECTOR('',#2831,39.3700787401575);
#755=VECTOR('',#2832,39.3700787401575);
#756=VECTOR('',#2833,39.3700787401575);
#757=VECTOR('',#2836,39.3700787401575);
#758=VECTOR('',#2839,39.3700787401575);
#759=VECTOR('',#2842,39.3700787401575);
#760=VECTOR('',#2845,39.3700787401575);
#761=VECTOR('',#2848,39.3700787401575);
#762=VECTOR('',#2851,39.3700787401575);
#763=VECTOR('',#2854,39.3700787401575);
#764=VECTOR('',#2863,39.3700787401575);
#765=VECTOR('',#2864,39.3700787401575);
#766=VECTOR('',#2865,39.3700787401575);
#767=VECTOR('',#2868,39.3700787401575);
#768=VECTOR('',#2871,39.3700787401575);
#769=VECTOR('',#2874,39.3700787401575);
#770=VECTOR('',#2877,39.3700787401575);
#771=VECTOR('',#2880,39.3700787401575);
#772=VECTOR('',#2881,39.3700787401575);
#773=VECTOR('',#2882,39.3700787401575);
#774=VECTOR('',#2917,39.3700787401575);
#775=VECTOR('',#2920,39.3700787401575);
#776=VECTOR('',#2923,39.3700787401575);
#777=VECTOR('',#2924,39.3700787401575);
#778=VECTOR('',#2925,39.3700787401575);
#779=VECTOR('',#2928,39.3700787401575);
#780=VECTOR('',#2931,39.3700787401575);
#781=VECTOR('',#2934,39.3700787401575);
#782=VECTOR('',#2935,39.3700787401575);
#783=VECTOR('',#2936,39.3700787401575);
#784=VECTOR('',#2975,0.145);
#785=VECTOR('',#2982,0.21);
#786=VECTOR('',#2995,0.0295275590551181);
#787=VECTOR('',#3002,0.0295275590551181);
#788=VECTOR('',#3007,39.3700787401575);
#789=VECTOR('',#3008,39.3700787401575);
#790=VECTOR('',#3009,39.3700787401575);
#791=VECTOR('',#3010,39.3700787401575);
#792=VECTOR('',#3013,39.3700787401575);
#793=VECTOR('',#3014,39.3700787401575);
#794=VECTOR('',#3015,39.3700787401575);
#795=VECTOR('',#3016,39.3700787401575);
#796=VECTOR('',#3019,39.3700787401575);
#797=VECTOR('',#3020,39.3700787401575);
#798=VECTOR('',#3021,39.3700787401575);
#799=VECTOR('',#3022,39.3700787401575);
#800=VECTOR('',#3025,39.3700787401575);
#801=VECTOR('',#3026,39.3700787401575);
#802=VECTOR('',#3027,39.3700787401575);
#803=VECTOR('',#3028,39.3700787401575);
#804=VECTOR('',#3035,39.3700787401575);
#805=VECTOR('',#3038,39.3700787401575);
#806=VECTOR('',#3045,39.3700787401575);
#807=VECTOR('',#3046,39.3700787401575);
#808=VECTOR('',#3047,39.3700787401575);
#809=VECTOR('',#3052,39.3700787401575);
#810=VECTOR('',#3053,39.3700787401575);
#811=VECTOR('',#3054,39.3700787401575);
#812=VECTOR('',#3061,39.3700787401575);
#813=VECTOR('',#3062,39.3700787401575);
#814=VECTOR('',#3063,39.3700787401575);
#815=VECTOR('',#3068,39.3700787401575);
#816=VECTOR('',#3069,39.3700787401575);
#817=VECTOR('',#3070,39.3700787401575);
#818=VECTOR('',#3075,39.3700787401575);
#819=VECTOR('',#3076,39.3700787401575);
#820=VECTOR('',#3077,39.3700787401575);
#821=VECTOR('',#3080,39.3700787401575);
#822=VECTOR('',#3083,39.3700787401575);
#823=VECTOR('',#3084,39.3700787401575);
#824=VECTOR('',#3089,39.3700787401575);
#825=VECTOR('',#3092,39.3700787401575);
#826=VECTOR('',#3095,39.3700787401575);
#827=VECTOR('',#3098,39.3700787401575);
#828=VECTOR('',#3103,39.3700787401575);
#829=VECTOR('',#3106,39.3700787401575);
#830=VECTOR('',#3109,39.3700787401575);
#831=VECTOR('',#3112,39.3700787401575);
#832=CIRCLE('',#2269,0.24);
#833=CIRCLE('',#2270,0.24);
#834=CIRCLE('',#2272,0.28);
#835=CIRCLE('',#2273,0.28);
#836=CIRCLE('',#2274,0.28);
#837=CIRCLE('',#2275,0.28);
#838=CIRCLE('',#2276,0.28);
#839=CIRCLE('',#2277,0.28);
#840=CIRCLE('',#2279,0.21875);
#841=CIRCLE('',#2280,0.21875);
#842=CIRCLE('',#2281,0.21875);
#843=CIRCLE('',#2282,0.21875);
#844=CIRCLE('',#2283,0.21875);
#845=CIRCLE('',#2284,0.21875);
#846=CIRCLE('',#2298,0.1875);
#847=CIRCLE('',#2299,0.2125);
#848=CIRCLE('',#2301,0.203125);
#849=CIRCLE('',#2302,0.203125);
#850=CIRCLE('',#2304,0.24);
#851=CIRCLE('',#2305,0.24);
#852=CIRCLE('',#2307,0.1875);
#853=CIRCLE('',#2309,0.275);
#854=CIRCLE('',#2310,0.275);
#855=CIRCLE('',#2317,0.1575);
#856=CIRCLE('',#2318,0.03);
#857=CIRCLE('',#2319,0.1875);
#858=CIRCLE('',#2320,0.1875);
#859=CIRCLE('',#2322,0.1875);
#860=CIRCLE('',#2324,0.203125);
#861=CIRCLE('',#2325,0.203125);
#862=CIRCLE('',#2330,0.175196850393701);
#863=CIRCLE('',#2331,0.175196850393701);
#864=CIRCLE('',#2333,0.161417322834646);
#865=CIRCLE('',#2334,0.171259842519685);
#866=CIRCLE('',#2336,0.177755905511811);
#867=CIRCLE('',#2337,0.0137795275590551);
#868=CIRCLE('',#2338,0.191535433070866);
#869=CIRCLE('',#2339,0.191535433070866);
#870=CIRCLE('',#2341,0.191535433070866);
#871=CIRCLE('',#2342,0.191535433070866);
#872=CIRCLE('',#2343,0.0137795275590551);
#873=CIRCLE('',#2344,0.177755905511811);
#874=CIRCLE('',#2346,0.0295275590551181);
#875=CIRCLE('',#2347,0.0295275590551181);
#876=CIRCLE('',#2349,0.153543307086614);
#877=CIRCLE('',#2351,0.0295275590551181);
#878=CIRCLE('',#2352,0.0295275590551181);
#879=CIRCLE('',#2353,0.00787401574803149);
#880=CIRCLE('',#2354,0.0078740157480315);
#881=CIRCLE('',#2355,0.00787401574803149);
#882=CIRCLE('',#2356,0.0078740157480315);
#883=CIRCLE('',#2374,0.225919418358073);
#884=CIRCLE('',#2376,0.26);
#885=CIRCLE('',#2377,0.0625);
#886=CIRCLE('',#2379,0.21875);
#887=CIRCLE('',#2380,0.21875);
#888=CIRCLE('',#2385,0.21);
#889=CIRCLE('',#2386,0.21);
#890=CIRCLE('',#2388,0.145);
#891=CIRCLE('',#2389,0.145);
#892=CIRCLE('',#2390,0.145);
#893=CIRCLE('',#2391,0.145);
#894=CIRCLE('',#2392,0.145);
#895=CIRCLE('',#2393,0.145);
#896=CIRCLE('',#2395,0.0200000000000001);
#897=CIRCLE('',#2396,0.02);
#898=CIRCLE('',#2397,0.02);
#899=CIRCLE('',#2398,0.0200000000000001);
#900=CIRCLE('',#2399,0.0200000000000001);
#901=CIRCLE('',#2400,0.0200000000000001);
#902=CIRCLE('',#2401,0.02);
#903=CIRCLE('',#2402,0.02);
#904=CIRCLE('',#2407,0.165);
#905=CIRCLE('',#2409,0.165);
#906=CIRCLE('',#2415,0.02);
#907=CIRCLE('',#2416,0.02);
#908=CIRCLE('',#2418,0.02);
#909=CIRCLE('',#2420,0.02);
#910=CIRCLE('',#2421,0.02);
#911=CIRCLE('',#2422,0.02);
#912=CIRCLE('',#2424,0.02);
#913=CIRCLE('',#2426,0.02);
#914=CIRCLE('',#2428,0.165);
#915=CIRCLE('',#2431,0.165);
#916=CIRCLE('',#2437,0.02);
#917=CIRCLE('',#2438,0.02);
#918=CIRCLE('',#2440,0.02);
#919=CIRCLE('',#2442,0.02);
#920=CIRCLE('',#2443,0.02);
#921=CIRCLE('',#2444,0.02);
#922=CIRCLE('',#2446,0.02);
#923=CIRCLE('',#2448,0.02);
#924=CIRCLE('',#2451,0.145);
#925=CIRCLE('',#2452,0.145);
#926=CIRCLE('',#2454,0.21);
#927=CIRCLE('',#2455,0.21);
#928=CIRCLE('',#2460,0.0295275590551181);
#929=CIRCLE('',#2461,0.0295275590551181);
#930=CIRCLE('',#2463,0.0295275590551181);
#931=CIRCLE('',#2464,0.0295275590551181);
#932=CIRCLE('',#2470,0.09375);
#933=CIRCLE('',#2471,0.09375);
#934=CIRCLE('',#2472,0.09375);
#935=CIRCLE('',#2473,0.09375);
#936=CIRCLE('',#2475,0.00600000000000002);
#937=CIRCLE('',#2476,0.02);
#938=CIRCLE('',#2477,0.02);
#939=CIRCLE('',#2478,0.00600000000000002);
#940=CIRCLE('',#2480,0.00600000000000002);
#941=CIRCLE('',#2481,0.02);
#942=CIRCLE('',#2482,0.02);
#943=CIRCLE('',#2483,0.00600000000000002);
#944=VERTEX_POINT('',#3138);
#945=VERTEX_POINT('',#3140);
#946=VERTEX_POINT('',#3144);
#947=VERTEX_POINT('',#3146);
#948=VERTEX_POINT('',#3149);
#949=VERTEX_POINT('',#3150);
#950=VERTEX_POINT('',#3152);
#951=VERTEX_POINT('',#3154);
#952=VERTEX_POINT('',#3157);
#953=VERTEX_POINT('',#3158);
#954=VERTEX_POINT('',#3160);
#955=VERTEX_POINT('',#3162);
#956=VERTEX_POINT('',#3166);
#957=VERTEX_POINT('',#3168);
#958=VERTEX_POINT('',#3171);
#959=VERTEX_POINT('',#3172);
#960=VERTEX_POINT('',#3174);
#961=VERTEX_POINT('',#3176);
#962=VERTEX_POINT('',#3179);
#963=VERTEX_POINT('',#3180);
#964=VERTEX_POINT('',#3182);
#965=VERTEX_POINT('',#3184);
#966=VERTEX_POINT('',#3208);
#967=VERTEX_POINT('',#3210);
#968=VERTEX_POINT('',#3214);
#969=VERTEX_POINT('',#3216);
#970=VERTEX_POINT('',#3220);
#971=VERTEX_POINT('',#3222);
#972=VERTEX_POINT('',#3226);
#973=VERTEX_POINT('',#3230);
#974=VERTEX_POINT('',#3232);
#975=VERTEX_POINT('',#3241);
#976=VERTEX_POINT('',#3243);
#977=VERTEX_POINT('',#3245);
#978=VERTEX_POINT('',#3249);
#979=VERTEX_POINT('',#3253);
#980=VERTEX_POINT('',#3255);
#981=VERTEX_POINT('',#3262);
#982=VERTEX_POINT('',#3264);
#983=VERTEX_POINT('',#3268);
#984=VERTEX_POINT('',#3270);
#985=VERTEX_POINT('',#3274);
#986=VERTEX_POINT('',#3276);
#987=VERTEX_POINT('',#3278);
#988=VERTEX_POINT('',#3282);
#989=VERTEX_POINT('',#3283);
#990=VERTEX_POINT('',#3286);
#991=VERTEX_POINT('',#3303);
#992=VERTEX_POINT('',#3304);
#993=VERTEX_POINT('',#3306);
#994=VERTEX_POINT('',#3313);
#995=VERTEX_POINT('',#3314);
#996=VERTEX_POINT('',#3323);
#997=VERTEX_POINT('',#3334);
#998=VERTEX_POINT('',#3365);
#999=VERTEX_POINT('',#3366);
#1000=VERTEX_POINT('',#3368);
#1001=VERTEX_POINT('',#3375);
#1002=VERTEX_POINT('',#3376);
#1003=VERTEX_POINT('',#3387);
#1004=VERTEX_POINT('',#3396);
#1005=VERTEX_POINT('',#3416);
#1006=VERTEX_POINT('',#3419);
#1007=VERTEX_POINT('',#3420);
#1008=VERTEX_POINT('',#3422);
#1009=VERTEX_POINT('',#3424);
#1010=VERTEX_POINT('',#3427);
#1011=VERTEX_POINT('',#3428);
#1012=VERTEX_POINT('',#3430);
#1013=VERTEX_POINT('',#3432);
#1014=VERTEX_POINT('',#3435);
#1015=VERTEX_POINT('',#3437);
#1016=VERTEX_POINT('',#3439);
#1017=VERTEX_POINT('',#3441);
#1018=VERTEX_POINT('',#3444);
#1019=VERTEX_POINT('',#3446);
#1020=VERTEX_POINT('',#3448);
#1021=VERTEX_POINT('',#3450);
#1022=VERTEX_POINT('',#3566);
#1023=VERTEX_POINT('',#3568);
#1024=VERTEX_POINT('',#3572);
#1025=VERTEX_POINT('',#3576);
#1026=VERTEX_POINT('',#3583);
#1027=VERTEX_POINT('',#3585);
#1028=VERTEX_POINT('',#3589);
#1029=VERTEX_POINT('',#3593);
#1030=VERTEX_POINT('',#3602);
#1031=VERTEX_POINT('',#3605);
#1032=VERTEX_POINT('',#3609);
#1033=VERTEX_POINT('',#3611);
#1034=VERTEX_POINT('',#3618);
#1035=VERTEX_POINT('',#3619);
#1036=VERTEX_POINT('',#3621);
#1037=VERTEX_POINT('',#3623);
#1038=VERTEX_POINT('',#3627);
#1039=VERTEX_POINT('',#3629);
#1040=VERTEX_POINT('',#3632);
#1041=VERTEX_POINT('',#3633);
#1042=VERTEX_POINT('',#3635);
#1043=VERTEX_POINT('',#3676);
#1044=VERTEX_POINT('',#3678);
#1045=VERTEX_POINT('',#3710);
#1046=VERTEX_POINT('',#3712);
#1047=VERTEX_POINT('',#3753);
#1048=VERTEX_POINT('',#3786);
#1049=VERTEX_POINT('',#3787);
#1050=VERTEX_POINT('',#3789);
#1051=VERTEX_POINT('',#3821);
#1052=VERTEX_POINT('',#3823);
#1053=VERTEX_POINT('',#3864);
#1054=VERTEX_POINT('',#3866);
#1055=VERTEX_POINT('',#3898);
#1056=VERTEX_POINT('',#3943);
#1057=VERTEX_POINT('',#3944);
#1058=VERTEX_POINT('',#3946);
#1059=VERTEX_POINT('',#3948);
#1060=VERTEX_POINT('',#3950);
#1061=VERTEX_POINT('',#3952);
#1062=VERTEX_POINT('',#3954);
#1063=VERTEX_POINT('',#3956);
#1064=VERTEX_POINT('',#3959);
#1065=VERTEX_POINT('',#3960);
#1066=VERTEX_POINT('',#3962);
#1067=VERTEX_POINT('',#3964);
#1068=VERTEX_POINT('',#3966);
#1069=VERTEX_POINT('',#3968);
#1070=VERTEX_POINT('',#3970);
#1071=VERTEX_POINT('',#3972);
#1072=VERTEX_POINT('',#3978);
#1073=VERTEX_POINT('',#3980);
#1074=VERTEX_POINT('',#3984);
#1075=VERTEX_POINT('',#3986);
#1076=VERTEX_POINT('',#3990);
#1077=VERTEX_POINT('',#3992);
#1078=VERTEX_POINT('',#3996);
#1079=VERTEX_POINT('',#3998);
#1080=VERTEX_POINT('',#4274);
#1081=VERTEX_POINT('',#4276);
#1082=VERTEX_POINT('',#4280);
#1083=VERTEX_POINT('',#4282);
#1084=VERTEX_POINT('',#4286);
#1085=VERTEX_POINT('',#4288);
#1086=VERTEX_POINT('',#4292);
#1087=VERTEX_POINT('',#4294);
#1088=VERTEX_POINT('',#4571);
#1089=VERTEX_POINT('',#4573);
#1090=VERTEX_POINT('',#4577);
#1091=VERTEX_POINT('',#4579);
#1092=VERTEX_POINT('',#4586);
#1093=VERTEX_POINT('',#4588);
#1094=VERTEX_POINT('',#4592);
#1095=VERTEX_POINT('',#4594);
#1096=VERTEX_POINT('',#4598);
#1097=VERTEX_POINT('',#4599);
#1098=VERTEX_POINT('',#4601);
#1099=VERTEX_POINT('',#4603);
#1100=VERTEX_POINT('',#4607);
#1101=VERTEX_POINT('',#4608);
#1102=VERTEX_POINT('',#4610);
#1103=VERTEX_POINT('',#4612);
#1104=VERTEX_POINT('',#4616);
#1105=VERTEX_POINT('',#4617);
#1106=VERTEX_POINT('',#4619);
#1107=VERTEX_POINT('',#4621);
#1108=VERTEX_POINT('',#4625);
#1109=VERTEX_POINT('',#4626);
#1110=VERTEX_POINT('',#4628);
#1111=VERTEX_POINT('',#4630);
#1112=VERTEX_POINT('',#4636);
#1113=VERTEX_POINT('',#4637);
#1114=VERTEX_POINT('',#4639);
#1115=VERTEX_POINT('',#4641);
#1116=VERTEX_POINT('',#4645);
#1117=VERTEX_POINT('',#4647);
#1118=VERTEX_POINT('',#4649);
#1119=VERTEX_POINT('',#4651);
#1120=VERTEX_POINT('',#4654);
#1121=VERTEX_POINT('',#4656);
#1122=VERTEX_POINT('',#4658);
#1123=VERTEX_POINT('',#4660);
#1124=VERTEX_POINT('',#4664);
#1125=VERTEX_POINT('',#4666);
#1126=VERTEX_POINT('',#4668);
#1127=VERTEX_POINT('',#4670);
#1128=VERTEX_POINT('',#4673);
#1129=VERTEX_POINT('',#4675);
#1130=VERTEX_POINT('',#4677);
#1131=VERTEX_POINT('',#4679);
#1132=EDGE_CURVE('',#944,#944,#832,.T.);
#1133=EDGE_CURVE('',#944,#945,#546,.T.);
#1134=EDGE_CURVE('',#945,#945,#833,.T.);
#1135=EDGE_CURVE('',#946,#946,#834,.T.);
#1136=EDGE_CURVE('',#946,#947,#547,.T.);
#1137=EDGE_CURVE('',#947,#947,#835,.T.);
#1138=EDGE_CURVE('',#948,#949,#548,.T.);
#1139=EDGE_CURVE('',#949,#950,#836,.T.);
#1140=EDGE_CURVE('',#950,#951,#549,.T.);
#1141=EDGE_CURVE('',#951,#948,#837,.T.);
#1142=EDGE_CURVE('',#952,#953,#550,.T.);
#1143=EDGE_CURVE('',#953,#954,#838,.T.);
#1144=EDGE_CURVE('',#954,#955,#551,.T.);
#1145=EDGE_CURVE('',#955,#952,#839,.T.);
#1146=EDGE_CURVE('',#956,#956,#840,.T.);
#1147=EDGE_CURVE('',#956,#957,#552,.T.);
#1148=EDGE_CURVE('',#957,#957,#841,.T.);
#1149=EDGE_CURVE('',#958,#959,#553,.T.);
#1150=EDGE_CURVE('',#960,#958,#842,.T.);
#1151=EDGE_CURVE('',#961,#960,#554,.T.);
#1152=EDGE_CURVE('',#959,#961,#843,.T.);
#1153=EDGE_CURVE('',#962,#963,#555,.T.);
#1154=EDGE_CURVE('',#964,#962,#844,.T.);
#1155=EDGE_CURVE('',#965,#964,#556,.T.);
#1156=EDGE_CURVE('',#963,#965,#845,.T.);
#1157=EDGE_CURVE('',#948,#958,#557,.T.);
#1158=EDGE_CURVE('',#949,#959,#558,.T.);
#1159=EDGE_CURVE('',#951,#960,#559,.T.);
#1160=EDGE_CURVE('',#950,#961,#560,.T.);
#1161=EDGE_CURVE('',#952,#962,#561,.T.);
#1162=EDGE_CURVE('',#953,#963,#562,.T.);
#1163=EDGE_CURVE('',#955,#964,#563,.T.);
#1164=EDGE_CURVE('',#954,#965,#564,.T.);
#1165=EDGE_CURVE('',#966,#966,#846,.T.);
#1166=EDGE_CURVE('',#966,#967,#565,.T.);
#1167=EDGE_CURVE('',#967,#967,#847,.T.);
#1168=EDGE_CURVE('',#968,#968,#848,.T.);
#1169=EDGE_CURVE('',#968,#969,#566,.T.);
#1170=EDGE_CURVE('',#969,#969,#849,.T.);
#1171=EDGE_CURVE('',#970,#970,#850,.T.);
#1172=EDGE_CURVE('',#970,#971,#567,.T.);
#1173=EDGE_CURVE('',#971,#971,#851,.T.);
#1174=EDGE_CURVE('',#972,#972,#852,.T.);
#1175=EDGE_CURVE('',#972,#966,#568,.T.);
#1176=EDGE_CURVE('',#973,#973,#853,.T.);
#1177=EDGE_CURVE('',#973,#974,#569,.T.);
#1178=EDGE_CURVE('',#974,#974,#854,.T.);
#1179=EDGE_CURVE('',#975,#975,#855,.T.);
#1180=EDGE_CURVE('',#975,#976,#856,.T.);
#1181=EDGE_CURVE('',#977,#976,#857,.T.);
#1182=EDGE_CURVE('',#976,#977,#858,.T.);
#1183=EDGE_CURVE('',#978,#978,#859,.T.);
#1184=EDGE_CURVE('',#978,#977,#570,.T.);
#1185=EDGE_CURVE('',#979,#979,#860,.T.);
#1186=EDGE_CURVE('',#979,#980,#571,.T.);
#1187=EDGE_CURVE('',#980,#980,#861,.T.);
#1188=EDGE_CURVE('',#981,#981,#862,.T.);
#1189=EDGE_CURVE('',#981,#982,#572,.T.);
#1190=EDGE_CURVE('',#982,#982,#863,.T.);
#1191=EDGE_CURVE('',#983,#983,#864,.T.);
#1192=EDGE_CURVE('',#983,#984,#573,.T.);
#1193=EDGE_CURVE('',#984,#984,#865,.T.);
#1194=EDGE_CURVE('',#985,#985,#866,.T.);
#1195=EDGE_CURVE('',#985,#986,#867,.T.);
#1196=EDGE_CURVE('',#987,#986,#868,.T.);
#1197=EDGE_CURVE('',#986,#987,#869,.T.);
#1198=EDGE_CURVE('',#988,#989,#870,.T.);
#1199=EDGE_CURVE('',#989,#988,#871,.T.);
#1200=EDGE_CURVE('',#989,#990,#872,.T.);
#1201=EDGE_CURVE('',#990,#990,#873,.T.);
#1202=EDGE_CURVE('',#988,#987,#574,.T.);
#1203=EDGE_CURVE('',#991,#992,#874,.T.);
#1204=EDGE_CURVE('',#991,#993,#58,.T.);
#1205=EDGE_CURVE('',#993,#992,#59,.T.);
#1206=EDGE_CURVE('',#994,#995,#60,.T.);
#1207=EDGE_CURVE('',#995,#996,#61,.T.);
#1208=EDGE_CURVE('',#996,#997,#62,.T.);
#1209=EDGE_CURVE('',#997,#994,#63,.T.);
#1210=EDGE_CURVE('',#998,#999,#875,.T.);
#1211=EDGE_CURVE('',#998,#1000,#64,.T.);
#1212=EDGE_CURVE('',#1000,#999,#65,.T.);
#1213=EDGE_CURVE('',#1001,#1002,#66,.T.);
#1214=EDGE_CURVE('',#1002,#1003,#67,.T.);
#1215=EDGE_CURVE('',#1003,#1004,#68,.T.);
#1216=EDGE_CURVE('',#1004,#1001,#69,.T.);
#1217=EDGE_CURVE('',#1005,#1005,#876,.T.);
#1218=EDGE_CURVE('',#1006,#1007,#575,.T.);
#1219=EDGE_CURVE('',#1007,#1008,#877,.T.);
#1220=EDGE_CURVE('',#1008,#1009,#576,.T.);
#1221=EDGE_CURVE('',#1009,#1006,#577,.T.);
#1222=EDGE_CURVE('',#1010,#1011,#578,.T.);
#1223=EDGE_CURVE('',#1011,#1012,#878,.T.);
#1224=EDGE_CURVE('',#1012,#1013,#579,.T.);
#1225=EDGE_CURVE('',#1013,#1010,#580,.T.);
#1226=EDGE_CURVE('',#1014,#991,#581,.T.);
#1227=EDGE_CURVE('',#992,#1015,#582,.T.);
#1228=EDGE_CURVE('',#1015,#1016,#879,.T.);
#1229=EDGE_CURVE('',#1016,#1017,#583,.T.);
#1230=EDGE_CURVE('',#1017,#1014,#880,.T.);
#1231=EDGE_CURVE('',#1018,#998,#584,.T.);
#1232=EDGE_CURVE('',#999,#1019,#585,.T.);
#1233=EDGE_CURVE('',#1019,#1020,#881,.T.);
#1234=EDGE_CURVE('',#1020,#1021,#586,.T.);
#1235=EDGE_CURVE('',#1021,#1018,#882,.T.);
#1236=EDGE_CURVE('',#1018,#1000,#70,.T.);
#1237=EDGE_CURVE('',#1019,#1000,#71,.T.);
#1238=EDGE_CURVE('',#1021,#1000,#72,.T.);
#1239=EDGE_CURVE('',#1020,#1000,#73,.T.);
#1240=EDGE_CURVE('',#1014,#993,#74,.T.);
#1241=EDGE_CURVE('',#1015,#993,#75,.T.);
#1242=EDGE_CURVE('',#1017,#993,#76,.T.);
#1243=EDGE_CURVE('',#1016,#993,#77,.T.);
#1244=EDGE_CURVE('',#1022,#1002,#587,.T.);
#1245=EDGE_CURVE('',#1023,#1022,#588,.T.);
#1246=EDGE_CURVE('',#1023,#1003,#589,.T.);
#1247=EDGE_CURVE('',#1024,#1001,#590,.T.);
#1248=EDGE_CURVE('',#1022,#1024,#591,.T.);
#1249=EDGE_CURVE('',#1025,#1004,#592,.T.);
#1250=EDGE_CURVE('',#1024,#1025,#593,.T.);
#1251=EDGE_CURVE('',#1025,#1023,#594,.T.);
#1252=EDGE_CURVE('',#1026,#995,#595,.T.);
#1253=EDGE_CURVE('',#1027,#1026,#596,.T.);
#1254=EDGE_CURVE('',#1027,#996,#597,.T.);
#1255=EDGE_CURVE('',#1028,#994,#598,.T.);
#1256=EDGE_CURVE('',#1026,#1028,#599,.T.);
#1257=EDGE_CURVE('',#1029,#997,#600,.T.);
#1258=EDGE_CURVE('',#1028,#1029,#601,.T.);
#1259=EDGE_CURVE('',#1029,#1027,#602,.T.);
#1260=EDGE_CURVE('',#1030,#1030,#883,.T.);
#1261=EDGE_CURVE('',#1031,#1031,#884,.T.);
#1262=EDGE_CURVE('',#1031,#1030,#885,.T.);
#1263=EDGE_CURVE('',#1032,#1032,#886,.T.);
#1264=EDGE_CURVE('',#1032,#1033,#603,.T.);
#1265=EDGE_CURVE('',#1033,#1033,#887,.T.);
#1266=EDGE_CURVE('',#1034,#1035,#888,.T.);
#1267=EDGE_CURVE('',#1034,#1036,#604,.T.);
#1268=EDGE_CURVE('',#1036,#1037,#889,.T.);
#1269=EDGE_CURVE('',#1035,#1037,#605,.T.);
#1270=EDGE_CURVE('',#1038,#1038,#890,.T.);
#1271=EDGE_CURVE('',#1038,#1039,#606,.T.);
#1272=EDGE_CURVE('',#1039,#1039,#891,.T.);
#1273=EDGE_CURVE('',#1040,#1041,#892,.T.);
#1274=EDGE_CURVE('',#1041,#1042,#78,.T.);
#1275=EDGE_CURVE('',#1042,#1043,#607,.T.);
#1276=EDGE_CURVE('',#1043,#1044,#79,.T.);
#1277=EDGE_CURVE('',#1044,#1045,#893,.T.);
#1278=EDGE_CURVE('',#1045,#1046,#80,.T.);
#1279=EDGE_CURVE('',#1046,#1047,#608,.T.);
#1280=EDGE_CURVE('',#1047,#1040,#81,.T.);
#1281=EDGE_CURVE('',#1048,#1049,#609,.T.);
#1282=EDGE_CURVE('',#1049,#1050,#82,.T.);
#1283=EDGE_CURVE('',#1050,#1051,#894,.T.);
#1284=EDGE_CURVE('',#1051,#1052,#83,.T.);
#1285=EDGE_CURVE('',#1052,#1053,#610,.T.);
#1286=EDGE_CURVE('',#1053,#1054,#84,.T.);
#1287=EDGE_CURVE('',#1054,#1055,#895,.T.);
#1288=EDGE_CURVE('',#1055,#1048,#85,.T.);
#1289=EDGE_CURVE('',#1037,#1036,#611,.T.);
#1290=EDGE_CURVE('',#1035,#1034,#612,.T.);
#1291=EDGE_CURVE('',#1056,#1057,#613,.T.);
#1292=EDGE_CURVE('',#1056,#1058,#896,.T.);
#1293=EDGE_CURVE('',#1059,#1058,#614,.T.);
#1294=EDGE_CURVE('',#1059,#1060,#897,.T.);
#1295=EDGE_CURVE('',#1061,#1060,#615,.T.);
#1296=EDGE_CURVE('',#1061,#1062,#898,.T.);
#1297=EDGE_CURVE('',#1063,#1062,#616,.T.);
#1298=EDGE_CURVE('',#1063,#1057,#899,.T.);
#1299=EDGE_CURVE('',#1064,#1065,#617,.T.);
#1300=EDGE_CURVE('',#1065,#1066,#900,.T.);
#1301=EDGE_CURVE('',#1066,#1067,#618,.T.);
#1302=EDGE_CURVE('',#1067,#1068,#901,.T.);
#1303=EDGE_CURVE('',#1068,#1069,#619,.T.);
#1304=EDGE_CURVE('',#1069,#1070,#902,.T.);
#1305=EDGE_CURVE('',#1070,#1071,#620,.T.);
#1306=EDGE_CURVE('',#1071,#1064,#903,.T.);
#1307=EDGE_CURVE('',#1058,#1072,#621,.T.);
#1308=EDGE_CURVE('',#1072,#1073,#622,.T.);
#1309=EDGE_CURVE('',#1073,#1059,#623,.T.);
#1310=EDGE_CURVE('',#1060,#1074,#624,.T.);
#1311=EDGE_CURVE('',#1074,#1075,#904,.T.);
#1312=EDGE_CURVE('',#1075,#1061,#625,.T.);
#1313=EDGE_CURVE('',#1057,#1076,#626,.T.);
#1314=EDGE_CURVE('',#1076,#1077,#905,.T.);
#1315=EDGE_CURVE('',#1077,#1056,#627,.T.);
#1316=EDGE_CURVE('',#1062,#1078,#628,.T.);
#1317=EDGE_CURVE('',#1078,#1079,#629,.T.);
#1318=EDGE_CURVE('',#1079,#1063,#630,.T.);
#1319=EDGE_CURVE('',#1073,#1074,#86,.T.);
#1320=EDGE_CURVE('',#1079,#1076,#87,.T.);
#1321=EDGE_CURVE('',#1077,#1072,#88,.T.);
#1322=EDGE_CURVE('',#1075,#1078,#89,.T.);
#1323=EDGE_CURVE('',#1078,#1053,#906,.T.);
#1324=EDGE_CURVE('',#1054,#1075,#907,.T.);
#1325=EDGE_CURVE('',#1055,#1074,#908,.T.);
#1326=EDGE_CURVE('',#1079,#1052,#909,.T.);
#1327=EDGE_CURVE('',#1048,#1073,#910,.T.);
#1328=EDGE_CURVE('',#1076,#1051,#911,.T.);
#1329=EDGE_CURVE('',#1049,#1072,#912,.T.);
#1330=EDGE_CURVE('',#1077,#1050,#913,.T.);
#1331=EDGE_CURVE('',#1066,#1080,#631,.T.);
#1332=EDGE_CURVE('',#1080,#1081,#914,.T.);
#1333=EDGE_CURVE('',#1081,#1067,#632,.T.);
#1334=EDGE_CURVE('',#1068,#1082,#633,.T.);
#1335=EDGE_CURVE('',#1082,#1083,#634,.T.);
#1336=EDGE_CURVE('',#1083,#1069,#635,.T.);
#1337=EDGE_CURVE('',#1070,#1084,#636,.T.);
#1338=EDGE_CURVE('',#1084,#1085,#915,.T.);
#1339=EDGE_CURVE('',#1085,#1071,#637,.T.);
#1340=EDGE_CURVE('',#1064,#1086,#638,.T.);
#1341=EDGE_CURVE('',#1086,#1087,#639,.T.);
#1342=EDGE_CURVE('',#1087,#1065,#640,.T.);
#1343=EDGE_CURVE('',#1085,#1086,#90,.T.);
#1344=EDGE_CURVE('',#1081,#1082,#91,.T.);
#1345=EDGE_CURVE('',#1087,#1080,#92,.T.);
#1346=EDGE_CURVE('',#1083,#1084,#93,.T.);
#1347=EDGE_CURVE('',#1084,#1045,#916,.T.);
#1348=EDGE_CURVE('',#1046,#1083,#917,.T.);
#1349=EDGE_CURVE('',#1047,#1082,#918,.T.);
#1350=EDGE_CURVE('',#1085,#1044,#919,.T.);
#1351=EDGE_CURVE('',#1040,#1081,#920,.T.);
#1352=EDGE_CURVE('',#1086,#1043,#921,.T.);
#1353=EDGE_CURVE('',#1041,#1080,#922,.T.);
#1354=EDGE_CURVE('',#1087,#1042,#923,.T.);
#1355=EDGE_CURVE('',#1088,#1088,#924,.T.);
#1356=EDGE_CURVE('',#1088,#1089,#641,.T.);
#1357=EDGE_CURVE('',#1089,#1089,#925,.T.);
#1358=EDGE_CURVE('',#1090,#1090,#926,.T.);
#1359=EDGE_CURVE('',#1090,#1091,#642,.T.);
#1360=EDGE_CURVE('',#1091,#1091,#927,.T.);
#1361=EDGE_CURVE('',#1092,#1092,#928,.T.);
#1362=EDGE_CURVE('',#1092,#1093,#643,.T.);
#1363=EDGE_CURVE('',#1093,#1093,#929,.T.);
#1364=EDGE_CURVE('',#1094,#1094,#930,.T.);
#1365=EDGE_CURVE('',#1094,#1095,#644,.T.);
#1366=EDGE_CURVE('',#1095,#1095,#931,.T.);
#1367=EDGE_CURVE('',#1096,#1097,#645,.T.);
#1368=EDGE_CURVE('',#1098,#1096,#646,.T.);
#1369=EDGE_CURVE('',#1099,#1098,#647,.T.);
#1370=EDGE_CURVE('',#1099,#1097,#648,.T.);
#1371=EDGE_CURVE('',#1100,#1101,#649,.T.);
#1372=EDGE_CURVE('',#1102,#1101,#650,.T.);
#1373=EDGE_CURVE('',#1103,#1102,#651,.T.);
#1374=EDGE_CURVE('',#1103,#1100,#652,.T.);
#1375=EDGE_CURVE('',#1104,#1105,#653,.T.);
#1376=EDGE_CURVE('',#1106,#1104,#654,.T.);
#1377=EDGE_CURVE('',#1106,#1107,#655,.T.);
#1378=EDGE_CURVE('',#1107,#1105,#656,.T.);
#1379=EDGE_CURVE('',#1108,#1109,#657,.T.);
#1380=EDGE_CURVE('',#1110,#1109,#658,.T.);
#1381=EDGE_CURVE('',#1111,#1110,#659,.T.);
#1382=EDGE_CURVE('',#1111,#1108,#660,.T.);
#1383=EDGE_CURVE('',#1109,#1100,#932,.T.);
#1384=EDGE_CURVE('',#1110,#1103,#933,.T.);
#1385=EDGE_CURVE('',#1112,#1113,#661,.T.);
#1386=EDGE_CURVE('',#1113,#1114,#934,.T.);
#1387=EDGE_CURVE('',#1114,#1115,#662,.T.);
#1388=EDGE_CURVE('',#1115,#1112,#935,.T.);
#1389=EDGE_CURVE('',#1102,#1116,#936,.T.);
#1390=EDGE_CURVE('',#1116,#1117,#663,.T.);
#1391=EDGE_CURVE('',#1117,#1118,#664,.T.);
#1392=EDGE_CURVE('',#1118,#1119,#665,.T.);
#1393=EDGE_CURVE('',#1119,#1096,#937,.T.);
#1394=EDGE_CURVE('',#1097,#1120,#938,.T.);
#1395=EDGE_CURVE('',#1120,#1121,#666,.T.);
#1396=EDGE_CURVE('',#1121,#1122,#667,.T.);
#1397=EDGE_CURVE('',#1122,#1123,#668,.T.);
#1398=EDGE_CURVE('',#1123,#1111,#939,.T.);
#1399=EDGE_CURVE('',#1108,#1124,#940,.T.);
#1400=EDGE_CURVE('',#1124,#1125,#669,.T.);
#1401=EDGE_CURVE('',#1125,#1126,#670,.T.);
#1402=EDGE_CURVE('',#1126,#1127,#671,.T.);
#1403=EDGE_CURVE('',#1127,#1107,#941,.T.);
#1404=EDGE_CURVE('',#1106,#1128,#942,.T.);
#1405=EDGE_CURVE('',#1128,#1129,#672,.T.);
#1406=EDGE_CURVE('',#1129,#1130,#673,.T.);
#1407=EDGE_CURVE('',#1130,#1131,#674,.T.);
#1408=EDGE_CURVE('',#1131,#1101,#943,.T.);
#1409=EDGE_CURVE('',#1112,#1098,#675,.T.);
#1410=EDGE_CURVE('',#1098,#1104,#676,.T.);
#1411=EDGE_CURVE('',#1113,#1104,#677,.T.);
#1412=EDGE_CURVE('',#1115,#1099,#678,.T.);
#1413=EDGE_CURVE('',#1114,#1105,#679,.T.);
#1414=EDGE_CURVE('',#1105,#1099,#680,.T.);
#1415=EDGE_CURVE('',#1124,#1123,#681,.T.);
#1416=EDGE_CURVE('',#1125,#1122,#682,.T.);
#1417=EDGE_CURVE('',#1126,#1121,#683,.T.);
#1418=EDGE_CURVE('',#1127,#1120,#684,.T.);
#1419=EDGE_CURVE('',#1128,#1119,#685,.T.);
#1420=EDGE_CURVE('',#1129,#1118,#686,.T.);
#1421=EDGE_CURVE('',#1130,#1117,#687,.T.);
#1422=EDGE_CURVE('',#1131,#1116,#688,.T.);
#1423=ORIENTED_EDGE('',*,*,#1132,.F.);
#1424=ORIENTED_EDGE('',*,*,#1133,.T.);
#1425=ORIENTED_EDGE('',*,*,#1134,.T.);
#1426=ORIENTED_EDGE('',*,*,#1133,.F.);
#1427=ORIENTED_EDGE('',*,*,#1135,.T.);
#1428=ORIENTED_EDGE('',*,*,#1136,.T.);
#1429=ORIENTED_EDGE('',*,*,#1137,.F.);
#1430=ORIENTED_EDGE('',*,*,#1136,.F.);
#1431=ORIENTED_EDGE('',*,*,#1138,.T.);
#1432=ORIENTED_EDGE('',*,*,#1139,.T.);
#1433=ORIENTED_EDGE('',*,*,#1140,.T.);
#1434=ORIENTED_EDGE('',*,*,#1141,.T.);
#1435=ORIENTED_EDGE('',*,*,#1142,.T.);
#1436=ORIENTED_EDGE('',*,*,#1143,.T.);
#1437=ORIENTED_EDGE('',*,*,#1144,.T.);
#1438=ORIENTED_EDGE('',*,*,#1145,.T.);
#1439=ORIENTED_EDGE('',*,*,#1146,.T.);
#1440=ORIENTED_EDGE('',*,*,#1147,.T.);
#1441=ORIENTED_EDGE('',*,*,#1148,.F.);
#1442=ORIENTED_EDGE('',*,*,#1147,.F.);
#1443=ORIENTED_EDGE('',*,*,#1149,.F.);
#1444=ORIENTED_EDGE('',*,*,#1150,.F.);
#1445=ORIENTED_EDGE('',*,*,#1151,.F.);
#1446=ORIENTED_EDGE('',*,*,#1152,.F.);
#1447=ORIENTED_EDGE('',*,*,#1153,.F.);
#1448=ORIENTED_EDGE('',*,*,#1154,.F.);
#1449=ORIENTED_EDGE('',*,*,#1155,.F.);
#1450=ORIENTED_EDGE('',*,*,#1156,.F.);
#1451=ORIENTED_EDGE('',*,*,#1137,.T.);
#1452=ORIENTED_EDGE('',*,*,#1134,.F.);
#1453=ORIENTED_EDGE('',*,*,#1135,.F.);
#1454=ORIENTED_EDGE('',*,*,#1148,.T.);
#1455=ORIENTED_EDGE('',*,*,#1157,.T.);
#1456=ORIENTED_EDGE('',*,*,#1149,.T.);
#1457=ORIENTED_EDGE('',*,*,#1158,.F.);
#1458=ORIENTED_EDGE('',*,*,#1138,.F.);
#1459=ORIENTED_EDGE('',*,*,#1159,.T.);
#1460=ORIENTED_EDGE('',*,*,#1150,.T.);
#1461=ORIENTED_EDGE('',*,*,#1157,.F.);
#1462=ORIENTED_EDGE('',*,*,#1141,.F.);
#1463=ORIENTED_EDGE('',*,*,#1160,.T.);
#1464=ORIENTED_EDGE('',*,*,#1151,.T.);
#1465=ORIENTED_EDGE('',*,*,#1159,.F.);
#1466=ORIENTED_EDGE('',*,*,#1140,.F.);
#1467=ORIENTED_EDGE('',*,*,#1158,.T.);
#1468=ORIENTED_EDGE('',*,*,#1152,.T.);
#1469=ORIENTED_EDGE('',*,*,#1160,.F.);
#1470=ORIENTED_EDGE('',*,*,#1139,.F.);
#1471=ORIENTED_EDGE('',*,*,#1161,.T.);
#1472=ORIENTED_EDGE('',*,*,#1153,.T.);
#1473=ORIENTED_EDGE('',*,*,#1162,.F.);
#1474=ORIENTED_EDGE('',*,*,#1142,.F.);
#1475=ORIENTED_EDGE('',*,*,#1163,.T.);
#1476=ORIENTED_EDGE('',*,*,#1154,.T.);
#1477=ORIENTED_EDGE('',*,*,#1161,.F.);
#1478=ORIENTED_EDGE('',*,*,#1145,.F.);
#1479=ORIENTED_EDGE('',*,*,#1164,.T.);
#1480=ORIENTED_EDGE('',*,*,#1155,.T.);
#1481=ORIENTED_EDGE('',*,*,#1163,.F.);
#1482=ORIENTED_EDGE('',*,*,#1144,.F.);
#1483=ORIENTED_EDGE('',*,*,#1162,.T.);
#1484=ORIENTED_EDGE('',*,*,#1156,.T.);
#1485=ORIENTED_EDGE('',*,*,#1164,.F.);
#1486=ORIENTED_EDGE('',*,*,#1143,.F.);
#1487=ORIENTED_EDGE('',*,*,#1132,.T.);
#1488=ORIENTED_EDGE('',*,*,#1146,.F.);
#1489=ORIENTED_EDGE('',*,*,#1165,.F.);
#1490=ORIENTED_EDGE('',*,*,#1166,.T.);
#1491=ORIENTED_EDGE('',*,*,#1167,.F.);
#1492=ORIENTED_EDGE('',*,*,#1166,.F.);
#1493=ORIENTED_EDGE('',*,*,#1168,.F.);
#1494=ORIENTED_EDGE('',*,*,#1169,.T.);
#1495=ORIENTED_EDGE('',*,*,#1170,.T.);
#1496=ORIENTED_EDGE('',*,*,#1169,.F.);
#1497=ORIENTED_EDGE('',*,*,#1171,.T.);
#1498=ORIENTED_EDGE('',*,*,#1172,.T.);
#1499=ORIENTED_EDGE('',*,*,#1173,.F.);
#1500=ORIENTED_EDGE('',*,*,#1172,.F.);
#1501=ORIENTED_EDGE('',*,*,#1174,.T.);
#1502=ORIENTED_EDGE('',*,*,#1175,.T.);
#1503=ORIENTED_EDGE('',*,*,#1165,.T.);
#1504=ORIENTED_EDGE('',*,*,#1175,.F.);
#1505=ORIENTED_EDGE('',*,*,#1176,.F.);
#1506=ORIENTED_EDGE('',*,*,#1177,.T.);
#1507=ORIENTED_EDGE('',*,*,#1178,.T.);
#1508=ORIENTED_EDGE('',*,*,#1177,.F.);
#1509=ORIENTED_EDGE('',*,*,#1178,.F.);
#1510=ORIENTED_EDGE('',*,*,#1171,.F.);
#1511=ORIENTED_EDGE('',*,*,#1176,.T.);
#1512=ORIENTED_EDGE('',*,*,#1167,.T.);
#1513=ORIENTED_EDGE('',*,*,#1173,.T.);
#1514=ORIENTED_EDGE('',*,*,#1170,.F.);
#1515=ORIENTED_EDGE('',*,*,#1168,.T.);
#1516=ORIENTED_EDGE('',*,*,#1174,.F.);
#1517=ORIENTED_EDGE('',*,*,#1179,.F.);
#1518=ORIENTED_EDGE('',*,*,#1180,.T.);
#1519=ORIENTED_EDGE('',*,*,#1181,.F.);
#1520=ORIENTED_EDGE('',*,*,#1182,.F.);
#1521=ORIENTED_EDGE('',*,*,#1180,.F.);
#1522=ORIENTED_EDGE('',*,*,#1183,.T.);
#1523=ORIENTED_EDGE('',*,*,#1184,.T.);
#1524=ORIENTED_EDGE('',*,*,#1181,.T.);
#1525=ORIENTED_EDGE('',*,*,#1182,.T.);
#1526=ORIENTED_EDGE('',*,*,#1184,.F.);
#1527=ORIENTED_EDGE('',*,*,#1185,.T.);
#1528=ORIENTED_EDGE('',*,*,#1186,.T.);
#1529=ORIENTED_EDGE('',*,*,#1187,.F.);
#1530=ORIENTED_EDGE('',*,*,#1186,.F.);
#1531=ORIENTED_EDGE('',*,*,#1187,.T.);
#1532=ORIENTED_EDGE('',*,*,#1183,.F.);
#1533=ORIENTED_EDGE('',*,*,#1179,.T.);
#1534=ORIENTED_EDGE('',*,*,#1188,.T.);
#1535=ORIENTED_EDGE('',*,*,#1189,.T.);
#1536=ORIENTED_EDGE('',*,*,#1190,.F.);
#1537=ORIENTED_EDGE('',*,*,#1189,.F.);
#1538=ORIENTED_EDGE('',*,*,#1191,.F.);
#1539=ORIENTED_EDGE('',*,*,#1192,.T.);
#1540=ORIENTED_EDGE('',*,*,#1193,.T.);
#1541=ORIENTED_EDGE('',*,*,#1192,.F.);
#1542=ORIENTED_EDGE('',*,*,#1194,.F.);
#1543=ORIENTED_EDGE('',*,*,#1195,.T.);
#1544=ORIENTED_EDGE('',*,*,#1196,.F.);
#1545=ORIENTED_EDGE('',*,*,#1197,.F.);
#1546=ORIENTED_EDGE('',*,*,#1195,.F.);
#1547=ORIENTED_EDGE('',*,*,#1198,.F.);
#1548=ORIENTED_EDGE('',*,*,#1199,.F.);
#1549=ORIENTED_EDGE('',*,*,#1200,.T.);
#1550=ORIENTED_EDGE('',*,*,#1201,.F.);
#1551=ORIENTED_EDGE('',*,*,#1200,.F.);
#1552=ORIENTED_EDGE('',*,*,#1198,.T.);
#1553=ORIENTED_EDGE('',*,*,#1199,.T.);
#1554=ORIENTED_EDGE('',*,*,#1202,.T.);
#1555=ORIENTED_EDGE('',*,*,#1196,.T.);
#1556=ORIENTED_EDGE('',*,*,#1197,.T.);
#1557=ORIENTED_EDGE('',*,*,#1202,.F.);
#1558=ORIENTED_EDGE('',*,*,#1203,.F.);
#1559=ORIENTED_EDGE('',*,*,#1204,.T.);
#1560=ORIENTED_EDGE('',*,*,#1205,.T.);
#1561=ORIENTED_EDGE('',*,*,#1206,.T.);
#1562=ORIENTED_EDGE('',*,*,#1207,.T.);
#1563=ORIENTED_EDGE('',*,*,#1208,.T.);
#1564=ORIENTED_EDGE('',*,*,#1209,.T.);
#1565=ORIENTED_EDGE('',*,*,#1210,.F.);
#1566=ORIENTED_EDGE('',*,*,#1211,.T.);
#1567=ORIENTED_EDGE('',*,*,#1212,.T.);
#1568=ORIENTED_EDGE('',*,*,#1213,.T.);
#1569=ORIENTED_EDGE('',*,*,#1214,.T.);
#1570=ORIENTED_EDGE('',*,*,#1215,.T.);
#1571=ORIENTED_EDGE('',*,*,#1216,.T.);
#1572=ORIENTED_EDGE('',*,*,#1191,.T.);
#1573=ORIENTED_EDGE('',*,*,#1217,.T.);
#1574=ORIENTED_EDGE('',*,*,#1217,.F.);
#1575=ORIENTED_EDGE('',*,*,#1218,.T.);
#1576=ORIENTED_EDGE('',*,*,#1219,.T.);
#1577=ORIENTED_EDGE('',*,*,#1220,.T.);
#1578=ORIENTED_EDGE('',*,*,#1221,.T.);
#1579=ORIENTED_EDGE('',*,*,#1222,.T.);
#1580=ORIENTED_EDGE('',*,*,#1223,.T.);
#1581=ORIENTED_EDGE('',*,*,#1224,.T.);
#1582=ORIENTED_EDGE('',*,*,#1225,.T.);
#1583=ORIENTED_EDGE('',*,*,#1226,.T.);
#1584=ORIENTED_EDGE('',*,*,#1203,.T.);
#1585=ORIENTED_EDGE('',*,*,#1227,.T.);
#1586=ORIENTED_EDGE('',*,*,#1228,.T.);
#1587=ORIENTED_EDGE('',*,*,#1229,.T.);
#1588=ORIENTED_EDGE('',*,*,#1230,.T.);
#1589=ORIENTED_EDGE('',*,*,#1231,.T.);
#1590=ORIENTED_EDGE('',*,*,#1210,.T.);
#1591=ORIENTED_EDGE('',*,*,#1232,.T.);
#1592=ORIENTED_EDGE('',*,*,#1233,.T.);
#1593=ORIENTED_EDGE('',*,*,#1234,.T.);
#1594=ORIENTED_EDGE('',*,*,#1235,.T.);
#1595=ORIENTED_EDGE('',*,*,#1223,.F.);
#1596=ORIENTED_EDGE('',*,*,#1222,.F.);
#1597=ORIENTED_EDGE('',*,*,#1225,.F.);
#1598=ORIENTED_EDGE('',*,*,#1224,.F.);
#1599=ORIENTED_EDGE('',*,*,#1194,.T.);
#1600=ORIENTED_EDGE('',*,*,#1188,.F.);
#1601=ORIENTED_EDGE('',*,*,#1201,.T.);
#1602=ORIENTED_EDGE('',*,*,#1193,.F.);
#1603=ORIENTED_EDGE('',*,*,#1219,.F.);
#1604=ORIENTED_EDGE('',*,*,#1218,.F.);
#1605=ORIENTED_EDGE('',*,*,#1221,.F.);
#1606=ORIENTED_EDGE('',*,*,#1220,.F.);
#1607=ORIENTED_EDGE('',*,*,#1231,.F.);
#1608=ORIENTED_EDGE('',*,*,#1236,.T.);
#1609=ORIENTED_EDGE('',*,*,#1211,.F.);
#1610=ORIENTED_EDGE('',*,*,#1232,.F.);
#1611=ORIENTED_EDGE('',*,*,#1212,.F.);
#1612=ORIENTED_EDGE('',*,*,#1237,.F.);
#1613=ORIENTED_EDGE('',*,*,#1235,.F.);
#1614=ORIENTED_EDGE('',*,*,#1238,.T.);
#1615=ORIENTED_EDGE('',*,*,#1236,.F.);
#1616=ORIENTED_EDGE('',*,*,#1234,.F.);
#1617=ORIENTED_EDGE('',*,*,#1239,.T.);
#1618=ORIENTED_EDGE('',*,*,#1238,.F.);
#1619=ORIENTED_EDGE('',*,*,#1233,.F.);
#1620=ORIENTED_EDGE('',*,*,#1237,.T.);
#1621=ORIENTED_EDGE('',*,*,#1239,.F.);
#1622=ORIENTED_EDGE('',*,*,#1226,.F.);
#1623=ORIENTED_EDGE('',*,*,#1240,.T.);
#1624=ORIENTED_EDGE('',*,*,#1204,.F.);
#1625=ORIENTED_EDGE('',*,*,#1227,.F.);
#1626=ORIENTED_EDGE('',*,*,#1205,.F.);
#1627=ORIENTED_EDGE('',*,*,#1241,.F.);
#1628=ORIENTED_EDGE('',*,*,#1230,.F.);
#1629=ORIENTED_EDGE('',*,*,#1242,.T.);
#1630=ORIENTED_EDGE('',*,*,#1240,.F.);
#1631=ORIENTED_EDGE('',*,*,#1229,.F.);
#1632=ORIENTED_EDGE('',*,*,#1243,.T.);
#1633=ORIENTED_EDGE('',*,*,#1242,.F.);
#1634=ORIENTED_EDGE('',*,*,#1228,.F.);
#1635=ORIENTED_EDGE('',*,*,#1241,.T.);
#1636=ORIENTED_EDGE('',*,*,#1243,.F.);
#1637=ORIENTED_EDGE('',*,*,#1214,.F.);
#1638=ORIENTED_EDGE('',*,*,#1244,.F.);
#1639=ORIENTED_EDGE('',*,*,#1245,.F.);
#1640=ORIENTED_EDGE('',*,*,#1246,.T.);
#1641=ORIENTED_EDGE('',*,*,#1213,.F.);
#1642=ORIENTED_EDGE('',*,*,#1247,.F.);
#1643=ORIENTED_EDGE('',*,*,#1248,.F.);
#1644=ORIENTED_EDGE('',*,*,#1244,.T.);
#1645=ORIENTED_EDGE('',*,*,#1216,.F.);
#1646=ORIENTED_EDGE('',*,*,#1249,.F.);
#1647=ORIENTED_EDGE('',*,*,#1250,.F.);
#1648=ORIENTED_EDGE('',*,*,#1247,.T.);
#1649=ORIENTED_EDGE('',*,*,#1215,.F.);
#1650=ORIENTED_EDGE('',*,*,#1246,.F.);
#1651=ORIENTED_EDGE('',*,*,#1251,.F.);
#1652=ORIENTED_EDGE('',*,*,#1249,.T.);
#1653=ORIENTED_EDGE('',*,*,#1245,.T.);
#1654=ORIENTED_EDGE('',*,*,#1248,.T.);
#1655=ORIENTED_EDGE('',*,*,#1250,.T.);
#1656=ORIENTED_EDGE('',*,*,#1251,.T.);
#1657=ORIENTED_EDGE('',*,*,#1207,.F.);
#1658=ORIENTED_EDGE('',*,*,#1252,.F.);
#1659=ORIENTED_EDGE('',*,*,#1253,.F.);
#1660=ORIENTED_EDGE('',*,*,#1254,.T.);
#1661=ORIENTED_EDGE('',*,*,#1206,.F.);
#1662=ORIENTED_EDGE('',*,*,#1255,.F.);
#1663=ORIENTED_EDGE('',*,*,#1256,.F.);
#1664=ORIENTED_EDGE('',*,*,#1252,.T.);
#1665=ORIENTED_EDGE('',*,*,#1209,.F.);
#1666=ORIENTED_EDGE('',*,*,#1257,.F.);
#1667=ORIENTED_EDGE('',*,*,#1258,.F.);
#1668=ORIENTED_EDGE('',*,*,#1255,.T.);
#1669=ORIENTED_EDGE('',*,*,#1208,.F.);
#1670=ORIENTED_EDGE('',*,*,#1254,.F.);
#1671=ORIENTED_EDGE('',*,*,#1259,.F.);
#1672=ORIENTED_EDGE('',*,*,#1257,.T.);
#1673=ORIENTED_EDGE('',*,*,#1253,.T.);
#1674=ORIENTED_EDGE('',*,*,#1256,.T.);
#1675=ORIENTED_EDGE('',*,*,#1258,.T.);
#1676=ORIENTED_EDGE('',*,*,#1259,.T.);
#1677=ORIENTED_EDGE('',*,*,#1190,.T.);
#1678=ORIENTED_EDGE('',*,*,#1260,.F.);
#1679=ORIENTED_EDGE('',*,*,#1261,.F.);
#1680=ORIENTED_EDGE('',*,*,#1262,.T.);
#1681=ORIENTED_EDGE('',*,*,#1260,.T.);
#1682=ORIENTED_EDGE('',*,*,#1262,.F.);
#1683=ORIENTED_EDGE('',*,*,#1263,.F.);
#1684=ORIENTED_EDGE('',*,*,#1264,.T.);
#1685=ORIENTED_EDGE('',*,*,#1265,.T.);
#1686=ORIENTED_EDGE('',*,*,#1264,.F.);
#1687=ORIENTED_EDGE('',*,*,#1263,.T.);
#1688=ORIENTED_EDGE('',*,*,#1261,.T.);
#1689=ORIENTED_EDGE('',*,*,#1265,.F.);
#1690=ORIENTED_EDGE('',*,*,#1266,.F.);
#1691=ORIENTED_EDGE('',*,*,#1267,.T.);
#1692=ORIENTED_EDGE('',*,*,#1268,.T.);
#1693=ORIENTED_EDGE('',*,*,#1269,.F.);
#1694=ORIENTED_EDGE('',*,*,#1270,.T.);
#1695=ORIENTED_EDGE('',*,*,#1271,.T.);
#1696=ORIENTED_EDGE('',*,*,#1272,.F.);
#1697=ORIENTED_EDGE('',*,*,#1271,.F.);
#1698=ORIENTED_EDGE('',*,*,#1273,.T.);
#1699=ORIENTED_EDGE('',*,*,#1274,.T.);
#1700=ORIENTED_EDGE('',*,*,#1275,.T.);
#1701=ORIENTED_EDGE('',*,*,#1276,.T.);
#1702=ORIENTED_EDGE('',*,*,#1277,.T.);
#1703=ORIENTED_EDGE('',*,*,#1278,.T.);
#1704=ORIENTED_EDGE('',*,*,#1279,.T.);
#1705=ORIENTED_EDGE('',*,*,#1280,.T.);
#1706=ORIENTED_EDGE('',*,*,#1281,.T.);
#1707=ORIENTED_EDGE('',*,*,#1282,.T.);
#1708=ORIENTED_EDGE('',*,*,#1283,.T.);
#1709=ORIENTED_EDGE('',*,*,#1284,.T.);
#1710=ORIENTED_EDGE('',*,*,#1285,.T.);
#1711=ORIENTED_EDGE('',*,*,#1286,.T.);
#1712=ORIENTED_EDGE('',*,*,#1287,.T.);
#1713=ORIENTED_EDGE('',*,*,#1288,.T.);
#1714=ORIENTED_EDGE('',*,*,#1289,.T.);
#1715=ORIENTED_EDGE('',*,*,#1267,.F.);
#1716=ORIENTED_EDGE('',*,*,#1290,.F.);
#1717=ORIENTED_EDGE('',*,*,#1269,.T.);
#1718=ORIENTED_EDGE('',*,*,#1291,.F.);
#1719=ORIENTED_EDGE('',*,*,#1292,.T.);
#1720=ORIENTED_EDGE('',*,*,#1293,.F.);
#1721=ORIENTED_EDGE('',*,*,#1294,.T.);
#1722=ORIENTED_EDGE('',*,*,#1295,.F.);
#1723=ORIENTED_EDGE('',*,*,#1296,.T.);
#1724=ORIENTED_EDGE('',*,*,#1297,.F.);
#1725=ORIENTED_EDGE('',*,*,#1298,.T.);
#1726=ORIENTED_EDGE('',*,*,#1299,.T.);
#1727=ORIENTED_EDGE('',*,*,#1300,.T.);
#1728=ORIENTED_EDGE('',*,*,#1301,.T.);
#1729=ORIENTED_EDGE('',*,*,#1302,.T.);
#1730=ORIENTED_EDGE('',*,*,#1303,.T.);
#1731=ORIENTED_EDGE('',*,*,#1304,.T.);
#1732=ORIENTED_EDGE('',*,*,#1305,.T.);
#1733=ORIENTED_EDGE('',*,*,#1306,.T.);
#1734=ORIENTED_EDGE('',*,*,#1266,.T.);
#1735=ORIENTED_EDGE('',*,*,#1290,.T.);
#1736=ORIENTED_EDGE('',*,*,#1270,.F.);
#1737=ORIENTED_EDGE('',*,*,#1268,.F.);
#1738=ORIENTED_EDGE('',*,*,#1289,.F.);
#1739=ORIENTED_EDGE('',*,*,#1272,.T.);
#1740=ORIENTED_EDGE('',*,*,#1307,.T.);
#1741=ORIENTED_EDGE('',*,*,#1308,.T.);
#1742=ORIENTED_EDGE('',*,*,#1309,.T.);
#1743=ORIENTED_EDGE('',*,*,#1293,.T.);
#1744=ORIENTED_EDGE('',*,*,#1310,.T.);
#1745=ORIENTED_EDGE('',*,*,#1311,.T.);
#1746=ORIENTED_EDGE('',*,*,#1312,.T.);
#1747=ORIENTED_EDGE('',*,*,#1295,.T.);
#1748=ORIENTED_EDGE('',*,*,#1313,.T.);
#1749=ORIENTED_EDGE('',*,*,#1314,.T.);
#1750=ORIENTED_EDGE('',*,*,#1315,.T.);
#1751=ORIENTED_EDGE('',*,*,#1291,.T.);
#1752=ORIENTED_EDGE('',*,*,#1316,.T.);
#1753=ORIENTED_EDGE('',*,*,#1317,.T.);
#1754=ORIENTED_EDGE('',*,*,#1318,.T.);
#1755=ORIENTED_EDGE('',*,*,#1297,.T.);
#1756=ORIENTED_EDGE('',*,*,#1309,.F.);
#1757=ORIENTED_EDGE('',*,*,#1319,.T.);
#1758=ORIENTED_EDGE('',*,*,#1310,.F.);
#1759=ORIENTED_EDGE('',*,*,#1294,.F.);
#1760=ORIENTED_EDGE('',*,*,#1318,.F.);
#1761=ORIENTED_EDGE('',*,*,#1320,.T.);
#1762=ORIENTED_EDGE('',*,*,#1313,.F.);
#1763=ORIENTED_EDGE('',*,*,#1298,.F.);
#1764=ORIENTED_EDGE('',*,*,#1315,.F.);
#1765=ORIENTED_EDGE('',*,*,#1321,.T.);
#1766=ORIENTED_EDGE('',*,*,#1307,.F.);
#1767=ORIENTED_EDGE('',*,*,#1292,.F.);
#1768=ORIENTED_EDGE('',*,*,#1312,.F.);
#1769=ORIENTED_EDGE('',*,*,#1322,.T.);
#1770=ORIENTED_EDGE('',*,*,#1316,.F.);
#1771=ORIENTED_EDGE('',*,*,#1296,.F.);
#1772=ORIENTED_EDGE('',*,*,#1323,.F.);
#1773=ORIENTED_EDGE('',*,*,#1322,.F.);
#1774=ORIENTED_EDGE('',*,*,#1324,.F.);
#1775=ORIENTED_EDGE('',*,*,#1286,.F.);
#1776=ORIENTED_EDGE('',*,*,#1324,.T.);
#1777=ORIENTED_EDGE('',*,*,#1311,.F.);
#1778=ORIENTED_EDGE('',*,*,#1325,.F.);
#1779=ORIENTED_EDGE('',*,*,#1287,.F.);
#1780=ORIENTED_EDGE('',*,*,#1323,.T.);
#1781=ORIENTED_EDGE('',*,*,#1285,.F.);
#1782=ORIENTED_EDGE('',*,*,#1326,.F.);
#1783=ORIENTED_EDGE('',*,*,#1317,.F.);
#1784=ORIENTED_EDGE('',*,*,#1325,.T.);
#1785=ORIENTED_EDGE('',*,*,#1319,.F.);
#1786=ORIENTED_EDGE('',*,*,#1327,.F.);
#1787=ORIENTED_EDGE('',*,*,#1288,.F.);
#1788=ORIENTED_EDGE('',*,*,#1326,.T.);
#1789=ORIENTED_EDGE('',*,*,#1284,.F.);
#1790=ORIENTED_EDGE('',*,*,#1328,.F.);
#1791=ORIENTED_EDGE('',*,*,#1320,.F.);
#1792=ORIENTED_EDGE('',*,*,#1327,.T.);
#1793=ORIENTED_EDGE('',*,*,#1308,.F.);
#1794=ORIENTED_EDGE('',*,*,#1329,.F.);
#1795=ORIENTED_EDGE('',*,*,#1281,.F.);
#1796=ORIENTED_EDGE('',*,*,#1328,.T.);
#1797=ORIENTED_EDGE('',*,*,#1283,.F.);
#1798=ORIENTED_EDGE('',*,*,#1330,.F.);
#1799=ORIENTED_EDGE('',*,*,#1314,.F.);
#1800=ORIENTED_EDGE('',*,*,#1329,.T.);
#1801=ORIENTED_EDGE('',*,*,#1321,.F.);
#1802=ORIENTED_EDGE('',*,*,#1330,.T.);
#1803=ORIENTED_EDGE('',*,*,#1282,.F.);
#1804=ORIENTED_EDGE('',*,*,#1331,.T.);
#1805=ORIENTED_EDGE('',*,*,#1332,.T.);
#1806=ORIENTED_EDGE('',*,*,#1333,.T.);
#1807=ORIENTED_EDGE('',*,*,#1301,.F.);
#1808=ORIENTED_EDGE('',*,*,#1334,.T.);
#1809=ORIENTED_EDGE('',*,*,#1335,.T.);
#1810=ORIENTED_EDGE('',*,*,#1336,.T.);
#1811=ORIENTED_EDGE('',*,*,#1303,.F.);
#1812=ORIENTED_EDGE('',*,*,#1337,.T.);
#1813=ORIENTED_EDGE('',*,*,#1338,.T.);
#1814=ORIENTED_EDGE('',*,*,#1339,.T.);
#1815=ORIENTED_EDGE('',*,*,#1305,.F.);
#1816=ORIENTED_EDGE('',*,*,#1340,.T.);
#1817=ORIENTED_EDGE('',*,*,#1341,.T.);
#1818=ORIENTED_EDGE('',*,*,#1342,.T.);
#1819=ORIENTED_EDGE('',*,*,#1299,.F.);
#1820=ORIENTED_EDGE('',*,*,#1339,.F.);
#1821=ORIENTED_EDGE('',*,*,#1343,.T.);
#1822=ORIENTED_EDGE('',*,*,#1340,.F.);
#1823=ORIENTED_EDGE('',*,*,#1306,.F.);
#1824=ORIENTED_EDGE('',*,*,#1333,.F.);
#1825=ORIENTED_EDGE('',*,*,#1344,.T.);
#1826=ORIENTED_EDGE('',*,*,#1334,.F.);
#1827=ORIENTED_EDGE('',*,*,#1302,.F.);
#1828=ORIENTED_EDGE('',*,*,#1342,.F.);
#1829=ORIENTED_EDGE('',*,*,#1345,.T.);
#1830=ORIENTED_EDGE('',*,*,#1331,.F.);
#1831=ORIENTED_EDGE('',*,*,#1300,.F.);
#1832=ORIENTED_EDGE('',*,*,#1336,.F.);
#1833=ORIENTED_EDGE('',*,*,#1346,.T.);
#1834=ORIENTED_EDGE('',*,*,#1337,.F.);
#1835=ORIENTED_EDGE('',*,*,#1304,.F.);
#1836=ORIENTED_EDGE('',*,*,#1347,.F.);
#1837=ORIENTED_EDGE('',*,*,#1346,.F.);
#1838=ORIENTED_EDGE('',*,*,#1348,.F.);
#1839=ORIENTED_EDGE('',*,*,#1278,.F.);
#1840=ORIENTED_EDGE('',*,*,#1348,.T.);
#1841=ORIENTED_EDGE('',*,*,#1335,.F.);
#1842=ORIENTED_EDGE('',*,*,#1349,.F.);
#1843=ORIENTED_EDGE('',*,*,#1279,.F.);
#1844=ORIENTED_EDGE('',*,*,#1347,.T.);
#1845=ORIENTED_EDGE('',*,*,#1277,.F.);
#1846=ORIENTED_EDGE('',*,*,#1350,.F.);
#1847=ORIENTED_EDGE('',*,*,#1338,.F.);
#1848=ORIENTED_EDGE('',*,*,#1349,.T.);
#1849=ORIENTED_EDGE('',*,*,#1344,.F.);
#1850=ORIENTED_EDGE('',*,*,#1351,.F.);
#1851=ORIENTED_EDGE('',*,*,#1280,.F.);
#1852=ORIENTED_EDGE('',*,*,#1350,.T.);
#1853=ORIENTED_EDGE('',*,*,#1276,.F.);
#1854=ORIENTED_EDGE('',*,*,#1352,.F.);
#1855=ORIENTED_EDGE('',*,*,#1343,.F.);
#1856=ORIENTED_EDGE('',*,*,#1351,.T.);
#1857=ORIENTED_EDGE('',*,*,#1332,.F.);
#1858=ORIENTED_EDGE('',*,*,#1353,.F.);
#1859=ORIENTED_EDGE('',*,*,#1273,.F.);
#1860=ORIENTED_EDGE('',*,*,#1352,.T.);
#1861=ORIENTED_EDGE('',*,*,#1275,.F.);
#1862=ORIENTED_EDGE('',*,*,#1354,.F.);
#1863=ORIENTED_EDGE('',*,*,#1341,.F.);
#1864=ORIENTED_EDGE('',*,*,#1353,.T.);
#1865=ORIENTED_EDGE('',*,*,#1345,.F.);
#1866=ORIENTED_EDGE('',*,*,#1354,.T.);
#1867=ORIENTED_EDGE('',*,*,#1274,.F.);
#1868=ORIENTED_EDGE('',*,*,#1355,.T.);
#1869=ORIENTED_EDGE('',*,*,#1356,.T.);
#1870=ORIENTED_EDGE('',*,*,#1357,.F.);
#1871=ORIENTED_EDGE('',*,*,#1356,.F.);
#1872=ORIENTED_EDGE('',*,*,#1358,.T.);
#1873=ORIENTED_EDGE('',*,*,#1359,.T.);
#1874=ORIENTED_EDGE('',*,*,#1360,.F.);
#1875=ORIENTED_EDGE('',*,*,#1359,.F.);
#1876=ORIENTED_EDGE('',*,*,#1360,.T.);
#1877=ORIENTED_EDGE('',*,*,#1355,.F.);
#1878=ORIENTED_EDGE('',*,*,#1358,.F.);
#1879=ORIENTED_EDGE('',*,*,#1357,.T.);
#1880=ORIENTED_EDGE('',*,*,#1361,.F.);
#1881=ORIENTED_EDGE('',*,*,#1362,.T.);
#1882=ORIENTED_EDGE('',*,*,#1363,.T.);
#1883=ORIENTED_EDGE('',*,*,#1362,.F.);
#1884=ORIENTED_EDGE('',*,*,#1364,.F.);
#1885=ORIENTED_EDGE('',*,*,#1365,.T.);
#1886=ORIENTED_EDGE('',*,*,#1366,.F.);
#1887=ORIENTED_EDGE('',*,*,#1365,.F.);
#1888=ORIENTED_EDGE('',*,*,#1367,.F.);
#1889=ORIENTED_EDGE('',*,*,#1368,.F.);
#1890=ORIENTED_EDGE('',*,*,#1369,.F.);
#1891=ORIENTED_EDGE('',*,*,#1370,.T.);
#1892=ORIENTED_EDGE('',*,*,#1371,.T.);
#1893=ORIENTED_EDGE('',*,*,#1372,.F.);
#1894=ORIENTED_EDGE('',*,*,#1373,.F.);
#1895=ORIENTED_EDGE('',*,*,#1374,.T.);
#1896=ORIENTED_EDGE('',*,*,#1375,.F.);
#1897=ORIENTED_EDGE('',*,*,#1376,.F.);
#1898=ORIENTED_EDGE('',*,*,#1377,.T.);
#1899=ORIENTED_EDGE('',*,*,#1378,.T.);
#1900=ORIENTED_EDGE('',*,*,#1379,.T.);
#1901=ORIENTED_EDGE('',*,*,#1380,.F.);
#1902=ORIENTED_EDGE('',*,*,#1381,.F.);
#1903=ORIENTED_EDGE('',*,*,#1382,.T.);
#1904=ORIENTED_EDGE('',*,*,#1383,.T.);
#1905=ORIENTED_EDGE('',*,*,#1374,.F.);
#1906=ORIENTED_EDGE('',*,*,#1384,.F.);
#1907=ORIENTED_EDGE('',*,*,#1380,.T.);
#1908=ORIENTED_EDGE('',*,*,#1385,.T.);
#1909=ORIENTED_EDGE('',*,*,#1386,.T.);
#1910=ORIENTED_EDGE('',*,*,#1387,.T.);
#1911=ORIENTED_EDGE('',*,*,#1388,.T.);
#1912=ORIENTED_EDGE('',*,*,#1373,.T.);
#1913=ORIENTED_EDGE('',*,*,#1389,.T.);
#1914=ORIENTED_EDGE('',*,*,#1390,.T.);
#1915=ORIENTED_EDGE('',*,*,#1391,.T.);
#1916=ORIENTED_EDGE('',*,*,#1392,.T.);
#1917=ORIENTED_EDGE('',*,*,#1393,.T.);
#1918=ORIENTED_EDGE('',*,*,#1367,.T.);
#1919=ORIENTED_EDGE('',*,*,#1394,.T.);
#1920=ORIENTED_EDGE('',*,*,#1395,.T.);
#1921=ORIENTED_EDGE('',*,*,#1396,.T.);
#1922=ORIENTED_EDGE('',*,*,#1397,.T.);
#1923=ORIENTED_EDGE('',*,*,#1398,.T.);
#1924=ORIENTED_EDGE('',*,*,#1381,.T.);
#1925=ORIENTED_EDGE('',*,*,#1384,.T.);
#1926=ORIENTED_EDGE('',*,*,#1363,.F.);
#1927=ORIENTED_EDGE('',*,*,#1371,.F.);
#1928=ORIENTED_EDGE('',*,*,#1383,.F.);
#1929=ORIENTED_EDGE('',*,*,#1379,.F.);
#1930=ORIENTED_EDGE('',*,*,#1399,.T.);
#1931=ORIENTED_EDGE('',*,*,#1400,.T.);
#1932=ORIENTED_EDGE('',*,*,#1401,.T.);
#1933=ORIENTED_EDGE('',*,*,#1402,.T.);
#1934=ORIENTED_EDGE('',*,*,#1403,.T.);
#1935=ORIENTED_EDGE('',*,*,#1377,.F.);
#1936=ORIENTED_EDGE('',*,*,#1404,.T.);
#1937=ORIENTED_EDGE('',*,*,#1405,.T.);
#1938=ORIENTED_EDGE('',*,*,#1406,.T.);
#1939=ORIENTED_EDGE('',*,*,#1407,.T.);
#1940=ORIENTED_EDGE('',*,*,#1408,.T.);
#1941=ORIENTED_EDGE('',*,*,#1364,.T.);
#1942=ORIENTED_EDGE('',*,*,#1409,.T.);
#1943=ORIENTED_EDGE('',*,*,#1410,.T.);
#1944=ORIENTED_EDGE('',*,*,#1411,.F.);
#1945=ORIENTED_EDGE('',*,*,#1385,.F.);
#1946=ORIENTED_EDGE('',*,*,#1412,.T.);
#1947=ORIENTED_EDGE('',*,*,#1369,.T.);
#1948=ORIENTED_EDGE('',*,*,#1409,.F.);
#1949=ORIENTED_EDGE('',*,*,#1388,.F.);
#1950=ORIENTED_EDGE('',*,*,#1361,.T.);
#1951=ORIENTED_EDGE('',*,*,#1413,.T.);
#1952=ORIENTED_EDGE('',*,*,#1414,.T.);
#1953=ORIENTED_EDGE('',*,*,#1412,.F.);
#1954=ORIENTED_EDGE('',*,*,#1387,.F.);
#1955=ORIENTED_EDGE('',*,*,#1411,.T.);
#1956=ORIENTED_EDGE('',*,*,#1375,.T.);
#1957=ORIENTED_EDGE('',*,*,#1413,.F.);
#1958=ORIENTED_EDGE('',*,*,#1386,.F.);
#1959=ORIENTED_EDGE('',*,*,#1366,.T.);
#1960=ORIENTED_EDGE('',*,*,#1399,.F.);
#1961=ORIENTED_EDGE('',*,*,#1382,.F.);
#1962=ORIENTED_EDGE('',*,*,#1398,.F.);
#1963=ORIENTED_EDGE('',*,*,#1415,.F.);
#1964=ORIENTED_EDGE('',*,*,#1400,.F.);
#1965=ORIENTED_EDGE('',*,*,#1415,.T.);
#1966=ORIENTED_EDGE('',*,*,#1397,.F.);
#1967=ORIENTED_EDGE('',*,*,#1416,.F.);
#1968=ORIENTED_EDGE('',*,*,#1401,.F.);
#1969=ORIENTED_EDGE('',*,*,#1416,.T.);
#1970=ORIENTED_EDGE('',*,*,#1396,.F.);
#1971=ORIENTED_EDGE('',*,*,#1417,.F.);
#1972=ORIENTED_EDGE('',*,*,#1402,.F.);
#1973=ORIENTED_EDGE('',*,*,#1417,.T.);
#1974=ORIENTED_EDGE('',*,*,#1395,.F.);
#1975=ORIENTED_EDGE('',*,*,#1418,.F.);
#1976=ORIENTED_EDGE('',*,*,#1403,.F.);
#1977=ORIENTED_EDGE('',*,*,#1418,.T.);
#1978=ORIENTED_EDGE('',*,*,#1394,.F.);
#1979=ORIENTED_EDGE('',*,*,#1370,.F.);
#1980=ORIENTED_EDGE('',*,*,#1414,.F.);
#1981=ORIENTED_EDGE('',*,*,#1378,.F.);
#1982=ORIENTED_EDGE('',*,*,#1404,.F.);
#1983=ORIENTED_EDGE('',*,*,#1376,.T.);
#1984=ORIENTED_EDGE('',*,*,#1410,.F.);
#1985=ORIENTED_EDGE('',*,*,#1368,.T.);
#1986=ORIENTED_EDGE('',*,*,#1393,.F.);
#1987=ORIENTED_EDGE('',*,*,#1419,.F.);
#1988=ORIENTED_EDGE('',*,*,#1405,.F.);
#1989=ORIENTED_EDGE('',*,*,#1419,.T.);
#1990=ORIENTED_EDGE('',*,*,#1392,.F.);
#1991=ORIENTED_EDGE('',*,*,#1420,.F.);
#1992=ORIENTED_EDGE('',*,*,#1406,.F.);
#1993=ORIENTED_EDGE('',*,*,#1420,.T.);
#1994=ORIENTED_EDGE('',*,*,#1391,.F.);
#1995=ORIENTED_EDGE('',*,*,#1421,.F.);
#1996=ORIENTED_EDGE('',*,*,#1407,.F.);
#1997=ORIENTED_EDGE('',*,*,#1421,.T.);
#1998=ORIENTED_EDGE('',*,*,#1390,.F.);
#1999=ORIENTED_EDGE('',*,*,#1422,.F.);
#2000=ORIENTED_EDGE('',*,*,#1408,.F.);
#2001=ORIENTED_EDGE('',*,*,#1422,.T.);
#2002=ORIENTED_EDGE('',*,*,#1389,.F.);
#2003=ORIENTED_EDGE('',*,*,#1372,.T.);
#2004=CYLINDRICAL_SURFACE('',#2268,0.24);
#2005=CYLINDRICAL_SURFACE('',#2271,0.28);
#2006=CYLINDRICAL_SURFACE('',#2278,0.21875);
#2007=CYLINDRICAL_SURFACE('',#2300,0.203125);
#2008=CYLINDRICAL_SURFACE('',#2303,0.24);
#2009=CYLINDRICAL_SURFACE('',#2306,0.1875);
#2010=CYLINDRICAL_SURFACE('',#2308,0.275);
#2011=CYLINDRICAL_SURFACE('',#2321,0.1875);
#2012=CYLINDRICAL_SURFACE('',#2323,0.203125);
#2013=CYLINDRICAL_SURFACE('',#2329,0.175196850393701);
#2014=CYLINDRICAL_SURFACE('',#2345,0.191535433070866);
#2015=CYLINDRICAL_SURFACE('',#2378,0.21875);
#2016=CYLINDRICAL_SURFACE('',#2384,0.21);
#2017=CYLINDRICAL_SURFACE('',#2387,0.145);
#2018=CYLINDRICAL_SURFACE('',#2411,0.02);
#2019=CYLINDRICAL_SURFACE('',#2412,0.0200000000000001);
#2020=CYLINDRICAL_SURFACE('',#2413,0.0200000000000001);
#2021=CYLINDRICAL_SURFACE('',#2414,0.02);
#2022=CYLINDRICAL_SURFACE('',#2419,0.02);
#2023=CYLINDRICAL_SURFACE('',#2423,0.02);
#2024=CYLINDRICAL_SURFACE('',#2433,0.02);
#2025=CYLINDRICAL_SURFACE('',#2434,0.0200000000000001);
#2026=CYLINDRICAL_SURFACE('',#2435,0.0200000000000001);
#2027=CYLINDRICAL_SURFACE('',#2436,0.02);
#2028=CYLINDRICAL_SURFACE('',#2439,0.02);
#2029=CYLINDRICAL_SURFACE('',#2447,0.02);
#2030=CYLINDRICAL_SURFACE('',#2450,0.145);
#2031=CYLINDRICAL_SURFACE('',#2453,0.21);
#2032=CYLINDRICAL_SURFACE('',#2459,0.0295275590551181);
#2033=CYLINDRICAL_SURFACE('',#2462,0.0295275590551181);
#2034=CYLINDRICAL_SURFACE('',#2469,0.09375);
#2035=CYLINDRICAL_SURFACE('',#2488,0.00600000000000002);
#2036=CYLINDRICAL_SURFACE('',#2492,0.02);
#2037=CYLINDRICAL_SURFACE('',#2493,0.02);
#2038=CYLINDRICAL_SURFACE('',#2497,0.00600000000000002);
#2039=ADVANCED_FACE('',(#249),#2004,.F.);
#2040=ADVANCED_FACE('',(#250,#214,#215),#2005,.T.);
#2041=ADVANCED_FACE('',(#251,#216,#217),#2006,.F.);
#2042=ADVANCED_FACE('',(#252,#218),#149,.T.);
#2043=ADVANCED_FACE('',(#253,#219),#150,.F.);
#2044=ADVANCED_FACE('',(#254),#151,.F.);
#2045=ADVANCED_FACE('',(#255),#152,.F.);
#2046=ADVANCED_FACE('',(#256),#153,.F.);
#2047=ADVANCED_FACE('',(#257),#154,.F.);
#2048=ADVANCED_FACE('',(#258),#155,.F.);
#2049=ADVANCED_FACE('',(#259),#156,.F.);
#2050=ADVANCED_FACE('',(#260),#157,.F.);
#2051=ADVANCED_FACE('',(#261),#158,.F.);
#2052=ADVANCED_FACE('',(#262,#220),#159,.T.);
#2053=ADVANCED_FACE('',(#263),#118,.F.);
#2054=ADVANCED_FACE('',(#264),#2007,.F.);
#2055=ADVANCED_FACE('',(#265),#2008,.T.);
#2056=ADVANCED_FACE('',(#266),#2009,.F.);
#2057=ADVANCED_FACE('',(#267),#2010,.T.);
#2058=ADVANCED_FACE('',(#268,#221),#160,.F.);
#2059=ADVANCED_FACE('',(#269,#222),#161,.T.);
#2060=ADVANCED_FACE('',(#270,#223),#162,.T.);
#2061=ADVANCED_FACE('',(#271,#224),#163,.F.);
#2062=ADVANCED_FACE('',(#272),#108,.T.);
#2063=ADVANCED_FACE('',(#273),#2011,.T.);
#2064=ADVANCED_FACE('',(#274),#2012,.T.);
#2065=ADVANCED_FACE('',(#275,#225),#164,.T.);
#2066=ADVANCED_FACE('',(#276),#165,.T.);
#2067=ADVANCED_FACE('',(#277),#2013,.T.);
#2068=ADVANCED_FACE('',(#278),#119,.F.);
#2069=ADVANCED_FACE('',(#279),#109,.T.);
#2070=ADVANCED_FACE('',(#280),#110,.T.);
#2071=ADVANCED_FACE('',(#281),#2014,.T.);
#2072=ADVANCED_FACE('',(#282,#226),#94,.T.);
#2073=ADVANCED_FACE('',(#283,#227),#95,.T.);
#2074=ADVANCED_FACE('',(#284,#228),#166,.T.);
#2075=ADVANCED_FACE('',(#285,#229,#230,#231,#232),#167,.T.);
#2076=ADVANCED_FACE('',(#286),#168,.T.);
#2077=ADVANCED_FACE('',(#287,#233),#169,.T.);
#2078=ADVANCED_FACE('',(#288,#234),#170,.F.);
#2079=ADVANCED_FACE('',(#289),#171,.T.);
#2080=ADVANCED_FACE('',(#290),#52,.T.);
#2081=ADVANCED_FACE('',(#291),#53,.T.);
#2082=ADVANCED_FACE('',(#292),#96,.T.);
#2083=ADVANCED_FACE('',(#293),#54,.T.);
#2084=ADVANCED_FACE('',(#294),#97,.T.);
#2085=ADVANCED_FACE('',(#295),#55,.T.);
#2086=ADVANCED_FACE('',(#296),#56,.T.);
#2087=ADVANCED_FACE('',(#297),#98,.T.);
#2088=ADVANCED_FACE('',(#298),#57,.T.);
#2089=ADVANCED_FACE('',(#299),#99,.T.);
#2090=ADVANCED_FACE('',(#300),#172,.F.);
#2091=ADVANCED_FACE('',(#301),#173,.F.);
#2092=ADVANCED_FACE('',(#302),#174,.F.);
#2093=ADVANCED_FACE('',(#303),#175,.F.);
#2094=ADVANCED_FACE('',(#304),#176,.F.);
#2095=ADVANCED_FACE('',(#305),#177,.F.);
#2096=ADVANCED_FACE('',(#306),#178,.F.);
#2097=ADVANCED_FACE('',(#307),#179,.F.);
#2098=ADVANCED_FACE('',(#308),#180,.F.);
#2099=ADVANCED_FACE('',(#309),#181,.F.);
#2100=ADVANCED_FACE('',(#310),#182,.T.);
#2101=ADVANCED_FACE('',(#311),#51,.T.);
#2102=ADVANCED_FACE('',(#312),#111,.T.);
#2103=ADVANCED_FACE('',(#313),#2015,.T.);
#2104=ADVANCED_FACE('',(#314),#183,.T.);
#2105=ADVANCED_FACE('',(#315,#235),#184,.F.);
#2106=ADVANCED_FACE('',(#316),#2016,.T.);
#2107=ADVANCED_FACE('',(#317,#236,#237),#2017,.F.);
#2108=ADVANCED_FACE('',(#318,#238,#239),#185,.F.);
#2109=ADVANCED_FACE('',(#319,#240),#186,.T.);
#2110=ADVANCED_FACE('',(#320,#241),#187,.F.);
#2111=ADVANCED_FACE('',(#321),#188,.F.);
#2112=ADVANCED_FACE('',(#322),#189,.F.);
#2113=ADVANCED_FACE('',(#323),#190,.F.);
#2114=ADVANCED_FACE('',(#324),#191,.F.);
#2115=ADVANCED_FACE('',(#325),#2018,.F.);
#2116=ADVANCED_FACE('',(#326),#2019,.F.);
#2117=ADVANCED_FACE('',(#327),#2020,.F.);
#2118=ADVANCED_FACE('',(#328),#2021,.F.);
#2119=ADVANCED_FACE('',(#329),#100,.T.);
#2120=ADVANCED_FACE('',(#330),#112,.T.);
#2121=ADVANCED_FACE('',(#331),#2022,.T.);
#2122=ADVANCED_FACE('',(#332),#101,.T.);
#2123=ADVANCED_FACE('',(#333),#102,.T.);
#2124=ADVANCED_FACE('',(#334),#2023,.T.);
#2125=ADVANCED_FACE('',(#335),#113,.T.);
#2126=ADVANCED_FACE('',(#336),#103,.T.);
#2127=ADVANCED_FACE('',(#337),#192,.T.);
#2128=ADVANCED_FACE('',(#338),#193,.T.);
#2129=ADVANCED_FACE('',(#339),#194,.T.);
#2130=ADVANCED_FACE('',(#340),#195,.T.);
#2131=ADVANCED_FACE('',(#341),#2024,.F.);
#2132=ADVANCED_FACE('',(#342),#2025,.F.);
#2133=ADVANCED_FACE('',(#343),#2026,.F.);
#2134=ADVANCED_FACE('',(#344),#2027,.F.);
#2135=ADVANCED_FACE('',(#345),#104,.T.);
#2136=ADVANCED_FACE('',(#346),#2028,.T.);
#2137=ADVANCED_FACE('',(#347),#114,.T.);
#2138=ADVANCED_FACE('',(#348),#105,.T.);
#2139=ADVANCED_FACE('',(#349),#106,.T.);
#2140=ADVANCED_FACE('',(#350),#115,.T.);
#2141=ADVANCED_FACE('',(#351),#2029,.T.);
#2142=ADVANCED_FACE('',(#352),#107,.T.);
#2143=ADVANCED_FACE('',(#353),#2030,.F.);
#2144=ADVANCED_FACE('',(#354),#2031,.T.);
#2145=ADVANCED_FACE('',(#355,#242),#196,.T.);
#2146=ADVANCED_FACE('',(#356,#243),#197,.F.);
#2147=ADVANCED_FACE('',(#357),#2032,.F.);
#2148=ADVANCED_FACE('',(#358),#2033,.F.);
#2149=ADVANCED_FACE('',(#359),#198,.F.);
#2150=ADVANCED_FACE('',(#360),#199,.F.);
#2151=ADVANCED_FACE('',(#361),#200,.F.);
#2152=ADVANCED_FACE('',(#362),#201,.F.);
#2153=ADVANCED_FACE('',(#363,#244),#2034,.T.);
#2154=ADVANCED_FACE('',(#364,#245),#202,.T.);
#2155=ADVANCED_FACE('',(#365,#246),#203,.F.);
#2156=ADVANCED_FACE('',(#366),#204,.F.);
#2157=ADVANCED_FACE('',(#367,#247),#205,.F.);
#2158=ADVANCED_FACE('',(#368),#206,.F.);
#2159=ADVANCED_FACE('',(#369,#248),#207,.F.);
#2160=ADVANCED_FACE('',(#370),#2035,.F.);
#2161=ADVANCED_FACE('',(#371),#208,.T.);
#2162=ADVANCED_FACE('',(#372),#209,.T.);
#2163=ADVANCED_FACE('',(#373),#210,.T.);
#2164=ADVANCED_FACE('',(#374),#2036,.T.);
#2165=ADVANCED_FACE('',(#375),#2037,.T.);
#2166=ADVANCED_FACE('',(#376),#211,.T.);
#2167=ADVANCED_FACE('',(#377),#212,.T.);
#2168=ADVANCED_FACE('',(#378),#213,.T.);
#2169=ADVANCED_FACE('',(#379),#2038,.F.);
#2170=CLOSED_SHELL('',(#2039,#2040,#2041,#2042,#2043,#2044,#2045,#2046,
#2047,#2048,#2049,#2050,#2051,#2052));
#2171=CLOSED_SHELL('',(#2053,#2054,#2055,#2056,#2057,#2058,#2059,#2060,
#2061));
#2172=CLOSED_SHELL('',(#2067,#2068,#2069,#2070,#2071,#2072,#2073,#2074,
#2075,#2076,#2077,#2078,#2079,#2080,#2081,#2082,#2083,#2084,#2085,#2086,
#2087,#2088,#2089,#2090,#2091,#2092,#2093,#2094,#2095,#2096,#2097,#2098,
#2099,#2100));
#2173=CLOSED_SHELL('',(#2101,#2102,#2103,#2104,#2105));
#2174=CLOSED_SHELL('',(#2106,#2107,#2108,#2109,#2110,#2111,#2112,#2113,
#2114,#2115,#2116,#2117,#2118,#2119,#2120,#2121,#2122,#2123,#2124,#2125,
#2126,#2127,#2128,#2129,#2130,#2131,#2132,#2133,#2134,#2135,#2136,#2137,
#2138,#2139,#2140,#2141,#2142));
#2175=CLOSED_SHELL('',(#2143,#2144,#2145,#2146));
#2176=CLOSED_SHELL('',(#2147,#2148,#2149,#2150,#2151,#2152,#2153,#2154,
#2155,#2156,#2157,#2158,#2159,#2160,#2161,#2162,#2163,#2164,#2165,#2166,
#2167,#2168,#2169));
#2177=DERIVED_UNIT_ELEMENT(#2193,1.);
#2178=DERIVED_UNIT_ELEMENT(#4743,-3.);
#2179=DERIVED_UNIT_ELEMENT(#2193,1.);
#2180=DERIVED_UNIT_ELEMENT(#4743,-3.);
#2181=DERIVED_UNIT_ELEMENT(#2193,1.);
#2182=DERIVED_UNIT_ELEMENT(#4743,-3.);
#2183=DERIVED_UNIT_ELEMENT(#2193,1.);
#2184=DERIVED_UNIT_ELEMENT(#4743,-3.);
#2185=DERIVED_UNIT_ELEMENT(#2193,1.);
#2186=DERIVED_UNIT_ELEMENT(#4743,-3.);
#2187=DERIVED_UNIT_ELEMENT(#2193,1.);
#2188=DERIVED_UNIT_ELEMENT(#4743,-3.);
#2189=DERIVED_UNIT_ELEMENT(#2193,1.);
#2190=DERIVED_UNIT_ELEMENT(#4743,-3.);
#2191=DERIVED_UNIT_ELEMENT(#2193,1.);
#2192=DERIVED_UNIT_ELEMENT(#4743,-3.);
#2193=(
MASS_UNIT()
NAMED_UNIT(*)
SI_UNIT(.KILO.,.GRAM.)
);
#2194=DERIVED_UNIT((#2177,#2178));
#2195=DERIVED_UNIT((#2179,#2180));
#2196=DERIVED_UNIT((#2181,#2182));
#2197=DERIVED_UNIT((#2183,#2184));
#2198=DERIVED_UNIT((#2185,#2186));
#2199=DERIVED_UNIT((#2187,#2188));
#2200=DERIVED_UNIT((#2189,#2190));
#2201=DERIVED_UNIT((#2191,#2192));
#2202=MEASURE_REPRESENTATION_ITEM('density measure',
POSITIVE_RATIO_MEASURE(7850.),#2194);
#2203=MEASURE_REPRESENTATION_ITEM('density measure',
POSITIVE_RATIO_MEASURE(7850.),#2195);
#2204=MEASURE_REPRESENTATION_ITEM('density measure',
POSITIVE_RATIO_MEASURE(7850.),#2196);
#2205=MEASURE_REPRESENTATION_ITEM('density measure',
POSITIVE_RATIO_MEASURE(7850.),#2197);
#2206=MEASURE_REPRESENTATION_ITEM('density measure',
POSITIVE_RATIO_MEASURE(7850.),#2198);
#2207=MEASURE_REPRESENTATION_ITEM('density measure',
POSITIVE_RATIO_MEASURE(7850.),#2199);
#2208=MEASURE_REPRESENTATION_ITEM('density measure',
POSITIVE_RATIO_MEASURE(7850.),#2200);
#2209=MEASURE_REPRESENTATION_ITEM('density measure',
POSITIVE_RATIO_MEASURE(7850.),#2201);
#2210=PROPERTY_DEFINITION_REPRESENTATION(#2250,#2226);
#2211=PROPERTY_DEFINITION_REPRESENTATION(#2251,#2227);
#2212=PROPERTY_DEFINITION_REPRESENTATION(#2252,#2228);
#2213=PROPERTY_DEFINITION_REPRESENTATION(#2253,#2229);
#2214=PROPERTY_DEFINITION_REPRESENTATION(#2254,#2230);
#2215=PROPERTY_DEFINITION_REPRESENTATION(#2255,#2231);
#2216=PROPERTY_DEFINITION_REPRESENTATION(#2256,#2232);
#2217=PROPERTY_DEFINITION_REPRESENTATION(#2257,#2233);
#2218=PROPERTY_DEFINITION_REPRESENTATION(#2258,#2234);
#2219=PROPERTY_DEFINITION_REPRESENTATION(#2259,#2235);
#2220=PROPERTY_DEFINITION_REPRESENTATION(#2260,#2236);
#2221=PROPERTY_DEFINITION_REPRESENTATION(#2261,#2237);
#2222=PROPERTY_DEFINITION_REPRESENTATION(#2262,#2238);
#2223=PROPERTY_DEFINITION_REPRESENTATION(#2263,#2239);
#2224=PROPERTY_DEFINITION_REPRESENTATION(#2264,#2240);
#2225=PROPERTY_DEFINITION_REPRESENTATION(#2265,#2241);
#2226=REPRESENTATION('material name',(#2242),#4731);
#2227=REPRESENTATION('density',(#2202),#4731);
#2228=REPRESENTATION('material name',(#2243),#4732);
#2229=REPRESENTATION('density',(#2203),#4732);
#2230=REPRESENTATION('material name',(#2244),#4733);
#2231=REPRESENTATION('density',(#2204),#4733);
#2232=REPRESENTATION('material name',(#2245),#4734);
#2233=REPRESENTATION('density',(#2205),#4734);
#2234=REPRESENTATION('material name',(#2246),#4735);
#2235=REPRESENTATION('density',(#2206),#4735);
#2236=REPRESENTATION('material name',(#2247),#4736);
#2237=REPRESENTATION('density',(#2207),#4736);
#2238=REPRESENTATION('material name',(#2248),#4737);
#2239=REPRESENTATION('density',(#2208),#4737);
#2240=REPRESENTATION('material name',(#2249),#4738);
#2241=REPRESENTATION('density',(#2209),#4738);
#2242=DESCRIPTIVE_REPRESENTATION_ITEM('Steel','Steel');
#2243=DESCRIPTIVE_REPRESENTATION_ITEM('Steel','Steel');
#2244=DESCRIPTIVE_REPRESENTATION_ITEM('Steel','Steel');
#2245=DESCRIPTIVE_REPRESENTATION_ITEM('Steel','Steel');
#2246=DESCRIPTIVE_REPRESENTATION_ITEM('Steel','Steel');
#2247=DESCRIPTIVE_REPRESENTATION_ITEM('Steel','Steel');
#2248=DESCRIPTIVE_REPRESENTATION_ITEM('Steel','Steel');
#2249=DESCRIPTIVE_REPRESENTATION_ITEM('Steel','Steel');
#2250=PROPERTY_DEFINITION('material property','material name',#4786);
#2251=PROPERTY_DEFINITION('material property','density of part',#4786);
#2252=PROPERTY_DEFINITION('material property','material name',#4787);
#2253=PROPERTY_DEFINITION('material property','density of part',#4787);
#2254=PROPERTY_DEFINITION('material property','material name',#4788);
#2255=PROPERTY_DEFINITION('material property','density of part',#4788);
#2256=PROPERTY_DEFINITION('material property','material name',#4789);
#2257=PROPERTY_DEFINITION('material property','density of part',#4789);
#2258=PROPERTY_DEFINITION('material property','material name',#4790);
#2259=PROPERTY_DEFINITION('material property','density of part',#4790);
#2260=PROPERTY_DEFINITION('material property','material name',#4791);
#2261=PROPERTY_DEFINITION('material property','density of part',#4791);
#2262=PROPERTY_DEFINITION('material property','material name',#4792);
#2263=PROPERTY_DEFINITION('material property','density of part',#4792);
#2264=PROPERTY_DEFINITION('material property','material name',#4793);
#2265=PROPERTY_DEFINITION('material property','density of part',#4793);
#2266=AXIS2_PLACEMENT_3D('',#3135,#2508,#2509);
#2267=AXIS2_PLACEMENT_3D('',#3136,#2510,#2511);
#2268=AXIS2_PLACEMENT_3D('',#3137,#2512,#2513);
#2269=AXIS2_PLACEMENT_3D('',#3139,#2514,#2515);
#2270=AXIS2_PLACEMENT_3D('',#3142,#2517,#2518);
#2271=AXIS2_PLACEMENT_3D('',#3143,#2519,#2520);
#2272=AXIS2_PLACEMENT_3D('',#3145,#2521,#2522);
#2273=AXIS2_PLACEMENT_3D('',#3148,#2524,#2525);
#2274=AXIS2_PLACEMENT_3D('',#3153,#2527,#2528);
#2275=AXIS2_PLACEMENT_3D('',#3156,#2530,#2531);
#2276=AXIS2_PLACEMENT_3D('',#3161,#2533,#2534);
#2277=AXIS2_PLACEMENT_3D('',#3164,#2536,#2537);
#2278=AXIS2_PLACEMENT_3D('',#3165,#2538,#2539);
#2279=AXIS2_PLACEMENT_3D('',#3167,#2540,#2541);
#2280=AXIS2_PLACEMENT_3D('',#3170,#2543,#2544);
#2281=AXIS2_PLACEMENT_3D('',#3175,#2546,#2547);
#2282=AXIS2_PLACEMENT_3D('',#3178,#2549,#2550);
#2283=AXIS2_PLACEMENT_3D('',#3183,#2552,#2553);
#2284=AXIS2_PLACEMENT_3D('',#3186,#2555,#2556);
#2285=AXIS2_PLACEMENT_3D('',#3187,#2557,#2558);
#2286=AXIS2_PLACEMENT_3D('',#3188,#2559,#2560);
#2287=AXIS2_PLACEMENT_3D('',#3189,#2561,#2562);
#2288=AXIS2_PLACEMENT_3D('',#3192,#2565,#2566);
#2289=AXIS2_PLACEMENT_3D('',#3194,#2568,#2569);
#2290=AXIS2_PLACEMENT_3D('',#3196,#2571,#2572);
#2291=AXIS2_PLACEMENT_3D('',#3197,#2573,#2574);
#2292=AXIS2_PLACEMENT_3D('',#3200,#2577,#2578);
#2293=AXIS2_PLACEMENT_3D('',#3202,#2580,#2581);
#2294=AXIS2_PLACEMENT_3D('',#3204,#2583,#2584);
#2295=AXIS2_PLACEMENT_3D('',#3205,#2585,#2586);
#2296=AXIS2_PLACEMENT_3D('',#3206,#2587,#2588);
#2297=AXIS2_PLACEMENT_3D('',#3207,#2589,#2590);
#2298=AXIS2_PLACEMENT_3D('',#3209,#2591,#2592);
#2299=AXIS2_PLACEMENT_3D('',#3212,#2594,#2595);
#2300=AXIS2_PLACEMENT_3D('',#3213,#2596,#2597);
#2301=AXIS2_PLACEMENT_3D('',#3215,#2598,#2599);
#2302=AXIS2_PLACEMENT_3D('',#3218,#2601,#2602);
#2303=AXIS2_PLACEMENT_3D('',#3219,#2603,#2604);
#2304=AXIS2_PLACEMENT_3D('',#3221,#2605,#2606);
#2305=AXIS2_PLACEMENT_3D('',#3224,#2608,#2609);
#2306=AXIS2_PLACEMENT_3D('',#3225,#2610,#2611);
#2307=AXIS2_PLACEMENT_3D('',#3227,#2612,#2613);
#2308=AXIS2_PLACEMENT_3D('',#3229,#2615,#2616);
#2309=AXIS2_PLACEMENT_3D('',#3231,#2617,#2618);
#2310=AXIS2_PLACEMENT_3D('',#3234,#2620,#2621);
#2311=AXIS2_PLACEMENT_3D('',#3235,#2622,#2623);
#2312=AXIS2_PLACEMENT_3D('',#3236,#2624,#2625);
#2313=AXIS2_PLACEMENT_3D('',#3237,#2626,#2627);
#2314=AXIS2_PLACEMENT_3D('',#3238,#2628,#2629);
#2315=AXIS2_PLACEMENT_3D('',#3239,#2630,#2631);
#2316=AXIS2_PLACEMENT_3D('',#3240,#2632,#2633);
#2317=AXIS2_PLACEMENT_3D('',#3242,#2634,#2635);
#2318=AXIS2_PLACEMENT_3D('',#3244,#2636,#2637);
#2319=AXIS2_PLACEMENT_3D('',#3246,#2638,#2639);
#2320=AXIS2_PLACEMENT_3D('',#3247,#2640,#2641);
#2321=AXIS2_PLACEMENT_3D('',#3248,#2642,#2643);
#2322=AXIS2_PLACEMENT_3D('',#3250,#2644,#2645);
#2323=AXIS2_PLACEMENT_3D('',#3252,#2647,#2648);
#2324=AXIS2_PLACEMENT_3D('',#3254,#2649,#2650);
#2325=AXIS2_PLACEMENT_3D('',#3257,#2652,#2653);
#2326=AXIS2_PLACEMENT_3D('',#3258,#2654,#2655);
#2327=AXIS2_PLACEMENT_3D('',#3259,#2656,#2657);
#2328=AXIS2_PLACEMENT_3D('',#3260,#2658,#2659);
#2329=AXIS2_PLACEMENT_3D('',#3261,#2660,#2661);
#2330=AXIS2_PLACEMENT_3D('',#3263,#2662,#2663);
#2331=AXIS2_PLACEMENT_3D('',#3266,#2665,#2666);
#2332=AXIS2_PLACEMENT_3D('',#3267,#2667,#2668);
#2333=AXIS2_PLACEMENT_3D('',#3269,#2669,#2670);
#2334=AXIS2_PLACEMENT_3D('',#3272,#2672,#2673);
#2335=AXIS2_PLACEMENT_3D('',#3273,#2674,#2675);
#2336=AXIS2_PLACEMENT_3D('',#3275,#2676,#2677);
#2337=AXIS2_PLACEMENT_3D('',#3277,#2678,#2679);
#2338=AXIS2_PLACEMENT_3D('',#3279,#2680,#2681);
#2339=AXIS2_PLACEMENT_3D('',#3280,#2682,#2683);
#2340=AXIS2_PLACEMENT_3D('',#3281,#2684,#2685);
#2341=AXIS2_PLACEMENT_3D('',#3284,#2686,#2687);
#2342=AXIS2_PLACEMENT_3D('',#3285,#2688,#2689);
#2343=AXIS2_PLACEMENT_3D('',#3287,#2690,#2691);
#2344=AXIS2_PLACEMENT_3D('',#3288,#2692,#2693);
#2345=AXIS2_PLACEMENT_3D('',#3289,#2694,#2695);
#2346=AXIS2_PLACEMENT_3D('',#3305,#2697,#2698);
#2347=AXIS2_PLACEMENT_3D('',#3367,#2699,#2700);
#2348=AXIS2_PLACEMENT_3D('',#3415,#2701,#2702);
#2349=AXIS2_PLACEMENT_3D('',#3417,#2703,#2704);
#2350=AXIS2_PLACEMENT_3D('',#3418,#2705,#2706);
#2351=AXIS2_PLACEMENT_3D('',#3423,#2708,#2709);
#2352=AXIS2_PLACEMENT_3D('',#3431,#2713,#2714);
#2353=AXIS2_PLACEMENT_3D('',#3440,#2719,#2720);
#2354=AXIS2_PLACEMENT_3D('',#3443,#2722,#2723);
#2355=AXIS2_PLACEMENT_3D('',#3449,#2726,#2727);
#2356=AXIS2_PLACEMENT_3D('',#3452,#2729,#2730);
#2357=AXIS2_PLACEMENT_3D('',#3453,#2731,#2732);
#2358=AXIS2_PLACEMENT_3D('',#3454,#2733,#2734);
#2359=AXIS2_PLACEMENT_3D('',#3455,#2735,#2736);
#2360=AXIS2_PLACEMENT_3D('',#3456,#2737,#2738);
#2361=AXIS2_PLACEMENT_3D('',#3565,#2739,#2740);
#2362=AXIS2_PLACEMENT_3D('',#3571,#2744,#2745);
#2363=AXIS2_PLACEMENT_3D('',#3575,#2748,#2749);
#2364=AXIS2_PLACEMENT_3D('',#3579,#2752,#2753);
#2365=AXIS2_PLACEMENT_3D('',#3581,#2755,#2756);
#2366=AXIS2_PLACEMENT_3D('',#3582,#2757,#2758);
#2367=AXIS2_PLACEMENT_3D('',#3588,#2762,#2763);
#2368=AXIS2_PLACEMENT_3D('',#3592,#2766,#2767);
#2369=AXIS2_PLACEMENT_3D('',#3596,#2770,#2771);
#2370=AXIS2_PLACEMENT_3D('',#3598,#2773,#2774);
#2371=AXIS2_PLACEMENT_3D('',#3599,#2775,#2776);
#2372=AXIS2_PLACEMENT_3D('',#3600,#2777,#2778);
#2373=AXIS2_PLACEMENT_3D('',#3601,#2779,#2780);
#2374=AXIS2_PLACEMENT_3D('',#3603,#2781,#2782);
#2375=AXIS2_PLACEMENT_3D('',#3604,#2783,#2784);
#2376=AXIS2_PLACEMENT_3D('',#3606,#2785,#2786);
#2377=AXIS2_PLACEMENT_3D('',#3607,#2787,#2788);
#2378=AXIS2_PLACEMENT_3D('',#3608,#2789,#2790);
#2379=AXIS2_PLACEMENT_3D('',#3610,#2791,#2792);
#2380=AXIS2_PLACEMENT_3D('',#3613,#2794,#2795);
#2381=AXIS2_PLACEMENT_3D('',#3614,#2796,#2797);
#2382=AXIS2_PLACEMENT_3D('',#3615,#2798,#2799);
#2383=AXIS2_PLACEMENT_3D('',#3616,#2800,#2801);
#2384=AXIS2_PLACEMENT_3D('',#3617,#2802,#2803);
#2385=AXIS2_PLACEMENT_3D('',#3620,#2804,#2805);
#2386=AXIS2_PLACEMENT_3D('',#3624,#2807,#2808);
#2387=AXIS2_PLACEMENT_3D('',#3626,#2810,#2811);
#2388=AXIS2_PLACEMENT_3D('',#3628,#2812,#2813);
#2389=AXIS2_PLACEMENT_3D('',#3631,#2815,#2816);
#2390=AXIS2_PLACEMENT_3D('',#3634,#2817,#2818);
#2391=AXIS2_PLACEMENT_3D('',#3711,#2820,#2821);
#2392=AXIS2_PLACEMENT_3D('',#3822,#2824,#2825);
#2393=AXIS2_PLACEMENT_3D('',#3899,#2827,#2828);
#2394=AXIS2_PLACEMENT_3D('',#3940,#2829,#2830);
#2395=AXIS2_PLACEMENT_3D('',#3947,#2834,#2835);
#2396=AXIS2_PLACEMENT_3D('',#3951,#2837,#2838);
#2397=AXIS2_PLACEMENT_3D('',#3955,#2840,#2841);
#2398=AXIS2_PLACEMENT_3D('',#3958,#2843,#2844);
#2399=AXIS2_PLACEMENT_3D('',#3963,#2846,#2847);
#2400=AXIS2_PLACEMENT_3D('',#3967,#2849,#2850);
#2401=AXIS2_PLACEMENT_3D('',#3971,#2852,#2853);
#2402=AXIS2_PLACEMENT_3D('',#3974,#2855,#2856);
#2403=AXIS2_PLACEMENT_3D('',#3975,#2857,#2858);
#2404=AXIS2_PLACEMENT_3D('',#3976,#2859,#2860);
#2405=AXIS2_PLACEMENT_3D('',#3977,#2861,#2862);
#2406=AXIS2_PLACEMENT_3D('',#3983,#2866,#2867);
#2407=AXIS2_PLACEMENT_3D('',#3987,#2869,#2870);
#2408=AXIS2_PLACEMENT_3D('',#3989,#2872,#2873);
#2409=AXIS2_PLACEMENT_3D('',#3993,#2875,#2876);
#2410=AXIS2_PLACEMENT_3D('',#3995,#2878,#2879);
#2411=AXIS2_PLACEMENT_3D('',#4001,#2883,#2884);
#2412=AXIS2_PLACEMENT_3D('',#4033,#2885,#2886);
#2413=AXIS2_PLACEMENT_3D('',#4065,#2887,#2888);
#2414=AXIS2_PLACEMENT_3D('',#4103,#2889,#2890);
#2415=AXIS2_PLACEMENT_3D('',#4171,#2891,#2892);
#2416=AXIS2_PLACEMENT_3D('',#4172,#2893,#2894);
#2417=AXIS2_PLACEMENT_3D('',#4173,#2895,#2896);
#2418=AXIS2_PLACEMENT_3D('',#4174,#2897,#2898);
#2419=AXIS2_PLACEMENT_3D('',#4175,#2899,#2900);
#2420=AXIS2_PLACEMENT_3D('',#4176,#2901,#2902);
#2421=AXIS2_PLACEMENT_3D('',#4207,#2903,#2904);
#2422=AXIS2_PLACEMENT_3D('',#4238,#2905,#2906);
#2423=AXIS2_PLACEMENT_3D('',#4239,#2907,#2908);
#2424=AXIS2_PLACEMENT_3D('',#4240,#2909,#2910);
#2425=AXIS2_PLACEMENT_3D('',#4241,#2911,#2912);
#2426=AXIS2_PLACEMENT_3D('',#4242,#2913,#2914);
#2427=AXIS2_PLACEMENT_3D('',#4273,#2915,#2916);
#2428=AXIS2_PLACEMENT_3D('',#4277,#2918,#2919);
#2429=AXIS2_PLACEMENT_3D('',#4279,#2921,#2922);
#2430=AXIS2_PLACEMENT_3D('',#4285,#2926,#2927);
#2431=AXIS2_PLACEMENT_3D('',#4289,#2929,#2930);
#2432=AXIS2_PLACEMENT_3D('',#4291,#2932,#2933);
#2433=AXIS2_PLACEMENT_3D('',#4297,#2937,#2938);
#2434=AXIS2_PLACEMENT_3D('',#4335,#2939,#2940);
#2435=AXIS2_PLACEMENT_3D('',#4373,#2941,#2942);
#2436=AXIS2_PLACEMENT_3D('',#4405,#2943,#2944);
#2437=AXIS2_PLACEMENT_3D('',#4467,#2945,#2946);
#2438=AXIS2_PLACEMENT_3D('',#4468,#2947,#2948);
#2439=AXIS2_PLACEMENT_3D('',#4469,#2949,#2950);
#2440=AXIS2_PLACEMENT_3D('',#4470,#2951,#2952);
#2441=AXIS2_PLACEMENT_3D('',#4471,#2953,#2954);
#2442=AXIS2_PLACEMENT_3D('',#4472,#2955,#2956);
#2443=AXIS2_PLACEMENT_3D('',#4503,#2957,#2958);
#2444=AXIS2_PLACEMENT_3D('',#4534,#2959,#2960);
#2445=AXIS2_PLACEMENT_3D('',#4535,#2961,#2962);
#2446=AXIS2_PLACEMENT_3D('',#4536,#2963,#2964);
#2447=AXIS2_PLACEMENT_3D('',#4537,#2965,#2966);
#2448=AXIS2_PLACEMENT_3D('',#4538,#2967,#2968);
#2449=AXIS2_PLACEMENT_3D('',#4569,#2969,#2970);
#2450=AXIS2_PLACEMENT_3D('',#4570,#2971,#2972);
#2451=AXIS2_PLACEMENT_3D('',#4572,#2973,#2974);
#2452=AXIS2_PLACEMENT_3D('',#4575,#2976,#2977);
#2453=AXIS2_PLACEMENT_3D('',#4576,#2978,#2979);
#2454=AXIS2_PLACEMENT_3D('',#4578,#2980,#2981);
#2455=AXIS2_PLACEMENT_3D('',#4581,#2983,#2984);
#2456=AXIS2_PLACEMENT_3D('',#4582,#2985,#2986);
#2457=AXIS2_PLACEMENT_3D('',#4583,#2987,#2988);
#2458=AXIS2_PLACEMENT_3D('',#4584,#2989,#2990);
#2459=AXIS2_PLACEMENT_3D('',#4585,#2991,#2992);
#2460=AXIS2_PLACEMENT_3D('',#4587,#2993,#2994);
#2461=AXIS2_PLACEMENT_3D('',#4590,#2996,#2997);
#2462=AXIS2_PLACEMENT_3D('',#4591,#2998,#2999);
#2463=AXIS2_PLACEMENT_3D('',#4593,#3000,#3001);
#2464=AXIS2_PLACEMENT_3D('',#4596,#3003,#3004);
#2465=AXIS2_PLACEMENT_3D('',#4597,#3005,#3006);
#2466=AXIS2_PLACEMENT_3D('',#4606,#3011,#3012);
#2467=AXIS2_PLACEMENT_3D('',#4615,#3017,#3018);
#2468=AXIS2_PLACEMENT_3D('',#4624,#3023,#3024);
#2469=AXIS2_PLACEMENT_3D('',#4633,#3029,#3030);
#2470=AXIS2_PLACEMENT_3D('',#4634,#3031,#3032);
#2471=AXIS2_PLACEMENT_3D('',#4635,#3033,#3034);
#2472=AXIS2_PLACEMENT_3D('',#4640,#3036,#3037);
#2473=AXIS2_PLACEMENT_3D('',#4643,#3039,#3040);
#2474=AXIS2_PLACEMENT_3D('',#4644,#3041,#3042);
#2475=AXIS2_PLACEMENT_3D('',#4646,#3043,#3044);
#2476=AXIS2_PLACEMENT_3D('',#4653,#3048,#3049);
#2477=AXIS2_PLACEMENT_3D('',#4655,#3050,#3051);
#2478=AXIS2_PLACEMENT_3D('',#4662,#3055,#3056);
#2479=AXIS2_PLACEMENT_3D('',#4663,#3057,#3058);
#2480=AXIS2_PLACEMENT_3D('',#4665,#3059,#3060);
#2481=AXIS2_PLACEMENT_3D('',#4672,#3064,#3065);
#2482=AXIS2_PLACEMENT_3D('',#4674,#3066,#3067);
#2483=AXIS2_PLACEMENT_3D('',#4681,#3071,#3072);
#2484=AXIS2_PLACEMENT_3D('',#4682,#3073,#3074);
#2485=AXIS2_PLACEMENT_3D('',#4686,#3078,#3079);
#2486=AXIS2_PLACEMENT_3D('',#4688,#3081,#3082);
#2487=AXIS2_PLACEMENT_3D('',#4691,#3085,#3086);
#2488=AXIS2_PLACEMENT_3D('',#4692,#3087,#3088);
#2489=AXIS2_PLACEMENT_3D('',#4694,#3090,#3091);
#2490=AXIS2_PLACEMENT_3D('',#4696,#3093,#3094);
#2491=AXIS2_PLACEMENT_3D('',#4698,#3096,#3097);
#2492=AXIS2_PLACEMENT_3D('',#4700,#3099,#3100);
#2493=AXIS2_PLACEMENT_3D('',#4701,#3101,#3102);
#2494=AXIS2_PLACEMENT_3D('',#4703,#3104,#3105);
#2495=AXIS2_PLACEMENT_3D('',#4705,#3107,#3108);
#2496=AXIS2_PLACEMENT_3D('',#4707,#3110,#3111);
#2497=AXIS2_PLACEMENT_3D('',#4709,#3113,#3114);
#2498=AXIS2_PLACEMENT_3D('',#4710,#3115,#3116);
#2499=AXIS2_PLACEMENT_3D('',#4711,#3117,#3118);
#2500=AXIS2_PLACEMENT_3D('',#4712,#3119,#3120);
#2501=AXIS2_PLACEMENT_3D('',#4713,#3121,#3122);
#2502=AXIS2_PLACEMENT_3D('',#4714,#3123,#3124);
#2503=AXIS2_PLACEMENT_3D('',#4715,#3125,#3126);
#2504=AXIS2_PLACEMENT_3D('',#4716,#3127,#3128);
#2505=AXIS2_PLACEMENT_3D('',#4717,#3129,#3130);
#2506=AXIS2_PLACEMENT_3D('',#4718,#3131,#3132);
#2507=AXIS2_PLACEMENT_3D('',#4719,#3133,#3134);
#2508=DIRECTION('axis',(0.,0.,1.));
#2509=DIRECTION('refdir',(1.,0.,0.));
#2510=DIRECTION('axis',(0.,0.,1.));
#2511=DIRECTION('refdir',(1.,0.,0.));
#2512=DIRECTION('center_axis',(0.,0.,1.));
#2513=DIRECTION('ref_axis',(1.,0.,0.));
#2514=DIRECTION('center_axis',(0.,0.,1.));
#2515=DIRECTION('ref_axis',(1.,0.,0.));
#2516=DIRECTION('',(0.,0.,1.));
#2517=DIRECTION('center_axis',(0.,0.,1.));
#2518=DIRECTION('ref_axis',(1.,0.,0.));
#2519=DIRECTION('center_axis',(0.,0.,-1.));
#2520=DIRECTION('ref_axis',(-1.,0.,0.));
#2521=DIRECTION('center_axis',(0.,0.,1.));
#2522=DIRECTION('ref_axis',(1.,0.,0.));
#2523=DIRECTION('',(0.,0.,1.));
#2524=DIRECTION('center_axis',(0.,0.,1.));
#2525=DIRECTION('ref_axis',(1.,0.,0.));
#2526=DIRECTION('',(0.,0.,-1.));
#2527=DIRECTION('center_axis',(1.36592399683213E-15,0.,-1.));
#2528=DIRECTION('ref_axis',(-1.,0.,-1.36592399683213E-15));
#2529=DIRECTION('',(0.,0.,1.));
#2530=DIRECTION('center_axis',(0.,0.,1.));
#2531=DIRECTION('ref_axis',(1.,0.,0.));
#2532=DIRECTION('',(0.,0.,-1.));
#2533=DIRECTION('center_axis',(-6.82961998416066E-16,0.,-1.));
#2534=DIRECTION('ref_axis',(-1.,0.,6.82961998416066E-16));
#2535=DIRECTION('',(0.,0.,1.));
#2536=DIRECTION('center_axis',(0.,0.,1.));
#2537=DIRECTION('ref_axis',(1.,0.,0.));
#2538=DIRECTION('center_axis',(0.,0.,-1.));
#2539=DIRECTION('ref_axis',(-1.,0.,0.));
#2540=DIRECTION('center_axis',(0.,0.,1.));
#2541=DIRECTION('ref_axis',(1.,0.,0.));
#2542=DIRECTION('',(0.,0.,-1.));
#2543=DIRECTION('center_axis',(0.,0.,1.));
#2544=DIRECTION('ref_axis',(1.,0.,0.));
#2545=DIRECTION('',(0.,0.,-1.));
#2546=DIRECTION('center_axis',(0.,0.,1.));
#2547=DIRECTION('ref_axis',(1.,0.,0.));
#2548=DIRECTION('',(0.,0.,1.));
#2549=DIRECTION('center_axis',(1.36592399683213E-15,0.,-1.));
#2550=DIRECTION('ref_axis',(-1.,0.,-1.36592399683213E-15));
#2551=DIRECTION('',(0.,0.,-1.));
#2552=DIRECTION('center_axis',(0.,0.,1.));
#2553=DIRECTION('ref_axis',(1.,0.,0.));
#2554=DIRECTION('',(0.,0.,1.));
#2555=DIRECTION('center_axis',(-6.82961998416066E-16,0.,-1.));
#2556=DIRECTION('ref_axis',(-1.,0.,6.82961998416066E-16));
#2557=DIRECTION('center_axis',(0.,0.,1.));
#2558=DIRECTION('ref_axis',(1.,0.,0.));
#2559=DIRECTION('center_axis',(0.,0.,1.));
#2560=DIRECTION('ref_axis',(1.,0.,0.));
#2561=DIRECTION('center_axis',(1.,0.,0.));
#2562=DIRECTION('ref_axis',(0.,0.,-1.));
#2563=DIRECTION('',(0.,1.,0.));
#2564=DIRECTION('',(0.,1.,0.));
#2565=DIRECTION('center_axis',(0.,0.,1.));
#2566=DIRECTION('ref_axis',(1.,0.,0.));
#2567=DIRECTION('',(0.,1.,0.));
#2568=DIRECTION('center_axis',(-1.,0.,0.));
#2569=DIRECTION('ref_axis',(0.,0.,1.));
#2570=DIRECTION('',(0.,1.,0.));
#2571=DIRECTION('center_axis',(1.36592399683213E-15,0.,-1.));
#2572=DIRECTION('ref_axis',(-1.,0.,-1.36592399683213E-15));
#2573=DIRECTION('center_axis',(1.,0.,0.));
#2574=DIRECTION('ref_axis',(0.,0.,-1.));
#2575=DIRECTION('',(0.,1.,0.));
#2576=DIRECTION('',(0.,1.,0.));
#2577=DIRECTION('center_axis',(0.,0.,1.));
#2578=DIRECTION('ref_axis',(1.,0.,0.));
#2579=DIRECTION('',(0.,1.,0.));
#2580=DIRECTION('center_axis',(-1.,0.,4.26851249010041E-17));
#2581=DIRECTION('ref_axis',(4.26851249010041E-17,0.,1.));
#2582=DIRECTION('',(0.,1.,0.));
#2583=DIRECTION('center_axis',(-6.82961998416066E-16,0.,-1.));
#2584=DIRECTION('ref_axis',(-1.,0.,6.82961998416066E-16));
#2585=DIRECTION('center_axis',(0.,0.,1.));
#2586=DIRECTION('ref_axis',(1.,0.,0.));
#2587=DIRECTION('axis',(0.,0.,1.));
#2588=DIRECTION('refdir',(1.,0.,0.));
#2589=DIRECTION('center_axis',(0.,0.,1.));
#2590=DIRECTION('ref_axis',(1.,0.,0.));
#2591=DIRECTION('center_axis',(0.,0.,1.));
#2592=DIRECTION('ref_axis',(1.,0.,0.));
#2593=DIRECTION('',(-0.70710678118655,-8.65956056235496E-17,0.707106781186546));
#2594=DIRECTION('center_axis',(0.,0.,-1.));
#2595=DIRECTION('ref_axis',(1.,0.,0.));
#2596=DIRECTION('center_axis',(0.,0.,-1.));
#2597=DIRECTION('ref_axis',(-1.,0.,0.));
#2598=DIRECTION('center_axis',(0.,0.,-1.));
#2599=DIRECTION('ref_axis',(1.,0.,0.));
#2600=DIRECTION('',(0.,0.,-1.));
#2601=DIRECTION('center_axis',(0.,0.,-1.));
#2602=DIRECTION('ref_axis',(-1.,0.,0.));
#2603=DIRECTION('center_axis',(0.,0.,1.));
#2604=DIRECTION('ref_axis',(1.,0.,0.));
#2605=DIRECTION('center_axis',(0.,0.,-1.));
#2606=DIRECTION('ref_axis',(1.,0.,0.));
#2607=DIRECTION('',(0.,0.,-1.));
#2608=DIRECTION('center_axis',(0.,0.,-1.));
#2609=DIRECTION('ref_axis',(-1.,0.,0.));
#2610=DIRECTION('center_axis',(0.,0.,1.));
#2611=DIRECTION('ref_axis',(1.,0.,0.));
#2612=DIRECTION('center_axis',(0.,0.,-1.));
#2613=DIRECTION('ref_axis',(1.,0.,0.));
#2614=DIRECTION('',(0.,0.,1.));
#2615=DIRECTION('center_axis',(0.,0.,1.));
#2616=DIRECTION('ref_axis',(1.,0.,0.));
#2617=DIRECTION('center_axis',(0.,0.,1.));
#2618=DIRECTION('ref_axis',(1.,0.,0.));
#2619=DIRECTION('',(0.,0.,-1.));
#2620=DIRECTION('center_axis',(0.,0.,1.));
#2621=DIRECTION('ref_axis',(1.,0.,0.));
#2622=DIRECTION('center_axis',(0.,0.,1.));
#2623=DIRECTION('ref_axis',(1.,0.,0.));
#2624=DIRECTION('center_axis',(0.,0.,1.));
#2625=DIRECTION('ref_axis',(1.,0.,0.));
#2626=DIRECTION('center_axis',(0.,0.,-1.));
#2627=DIRECTION('ref_axis',(-1.,0.,0.));
#2628=DIRECTION('center_axis',(0.,0.,1.));
#2629=DIRECTION('ref_axis',(1.,0.,0.));
#2630=DIRECTION('axis',(0.,0.,1.));
#2631=DIRECTION('refdir',(1.,0.,0.));
#2632=DIRECTION('center_axis',(0.,0.,1.));
#2633=DIRECTION('ref_axis',(1.,0.,0.));
#2634=DIRECTION('center_axis',(0.,0.,1.));
#2635=DIRECTION('ref_axis',(1.,0.,0.));
#2636=DIRECTION('center_axis',(1.22464679914735E-16,-1.,0.));
#2637=DIRECTION('ref_axis',(-1.,-1.22464679914735E-16,0.));
#2638=DIRECTION('center_axis',(0.,0.,-1.));
#2639=DIRECTION('ref_axis',(1.,0.,0.));
#2640=DIRECTION('center_axis',(0.,0.,-1.));
#2641=DIRECTION('ref_axis',(1.,0.,0.));
#2642=DIRECTION('center_axis',(0.,0.,-1.));
#2643=DIRECTION('ref_axis',(-1.,0.,0.));
#2644=DIRECTION('center_axis',(0.,0.,1.));
#2645=DIRECTION('ref_axis',(1.,0.,0.));
#2646=DIRECTION('',(0.,0.,1.));
#2647=DIRECTION('center_axis',(0.,0.,-1.));
#2648=DIRECTION('ref_axis',(-1.,0.,0.));
#2649=DIRECTION('center_axis',(0.,0.,1.));
#2650=DIRECTION('ref_axis',(1.,0.,0.));
#2651=DIRECTION('',(0.,0.,1.));
#2652=DIRECTION('center_axis',(0.,0.,1.));
#2653=DIRECTION('ref_axis',(1.,0.,0.));
#2654=DIRECTION('center_axis',(0.,0.,1.));
#2655=DIRECTION('ref_axis',(1.,0.,0.));
#2656=DIRECTION('center_axis',(0.,0.,1.));
#2657=DIRECTION('ref_axis',(1.,0.,0.));
#2658=DIRECTION('axis',(0.,0.,1.));
#2659=DIRECTION('refdir',(1.,0.,0.));
#2660=DIRECTION('center_axis',(0.,0.,-1.));
#2661=DIRECTION('ref_axis',(-1.,0.,0.));
#2662=DIRECTION('center_axis',(0.,0.,1.));
#2663=DIRECTION('ref_axis',(1.,0.,0.));
#2664=DIRECTION('',(0.,0.,1.));
#2665=DIRECTION('center_axis',(0.,0.,1.));
#2666=DIRECTION('ref_axis',(1.,0.,0.));
#2667=DIRECTION('center_axis',(0.,0.,-1.));
#2668=DIRECTION('ref_axis',(-1.,0.,0.));
#2669=DIRECTION('center_axis',(0.,0.,-1.));
#2670=DIRECTION('ref_axis',(-1.,0.,0.));
#2671=DIRECTION('',(0.707106781186549,-8.65956056235495E-17,-0.707106781186546));
#2672=DIRECTION('center_axis',(0.,0.,-1.));
#2673=DIRECTION('ref_axis',(-1.,0.,0.));
#2674=DIRECTION('center_axis',(0.,0.,1.));
#2675=DIRECTION('ref_axis',(1.,0.,0.));
#2676=DIRECTION('center_axis',(0.,0.,1.));
#2677=DIRECTION('ref_axis',(1.,0.,0.));
#2678=DIRECTION('center_axis',(1.22464679914735E-16,-1.,0.));
#2679=DIRECTION('ref_axis',(-1.,-1.22464679914735E-16,0.));
#2680=DIRECTION('center_axis',(0.,0.,-1.));
#2681=DIRECTION('ref_axis',(1.,0.,0.));
#2682=DIRECTION('center_axis',(0.,0.,-1.));
#2683=DIRECTION('ref_axis',(1.,0.,0.));
#2684=DIRECTION('center_axis',(0.,0.,1.));
#2685=DIRECTION('ref_axis',(1.,0.,0.));
#2686=DIRECTION('center_axis',(0.,0.,1.));
#2687=DIRECTION('ref_axis',(1.,0.,0.));
#2688=DIRECTION('center_axis',(0.,0.,1.));
#2689=DIRECTION('ref_axis',(1.,0.,0.));
#2690=DIRECTION('center_axis',(1.22464679914735E-16,-1.,0.));
#2691=DIRECTION('ref_axis',(-1.,-1.22464679914735E-16,0.));
#2692=DIRECTION('center_axis',(0.,0.,-1.));
#2693=DIRECTION('ref_axis',(1.,0.,0.));
#2694=DIRECTION('center_axis',(0.,0.,-1.));
#2695=DIRECTION('ref_axis',(-1.,0.,0.));
#2696=DIRECTION('',(0.,0.,1.));
#2697=DIRECTION('center_axis',(0.,0.,1.));
#2698=DIRECTION('ref_axis',(-1.,0.,0.));
#2699=DIRECTION('center_axis',(0.,0.,1.));
#2700=DIRECTION('ref_axis',(-1.,0.,0.));
#2701=DIRECTION('center_axis',(0.,0.,-1.));
#2702=DIRECTION('ref_axis',(-1.,0.,0.));
#2703=DIRECTION('center_axis',(0.,0.,1.));
#2704=DIRECTION('ref_axis',(-1.,0.,0.));
#2705=DIRECTION('center_axis',(0.,0.,-1.));
#2706=DIRECTION('ref_axis',(-1.,0.,0.));
#2707=DIRECTION('',(-0.258819045102525,0.965925826289067,0.));
#2708=DIRECTION('center_axis',(0.,0.,1.));
#2709=DIRECTION('ref_axis',(-1.,0.,0.));
#2710=DIRECTION('',(-0.00558190092015967,-0.999984421069707,0.));
#2711=DIRECTION('',(1.,0.,0.));
#2712=DIRECTION('',(-0.00558190092015945,0.999984421069707,0.));
#2713=DIRECTION('center_axis',(0.,0.,1.));
#2714=DIRECTION('ref_axis',(-1.,0.,0.));
#2715=DIRECTION('',(-0.258819045102525,-0.965925826289067,0.));
#2716=DIRECTION('',(1.,-2.4093381610789E-16,0.));
#2717=DIRECTION('',(0.258819045102524,-0.965925826289067,0.));
#2718=DIRECTION('',(0.00558190092015937,0.999984421069707,0.));
#2719=DIRECTION('center_axis',(0.,0.,1.));
#2720=DIRECTION('ref_axis',(-1.,1.62630325872826E-15,0.));
#2721=DIRECTION('',(-1.,-8.10172980588124E-17,0.));
#2722=DIRECTION('center_axis',(0.,0.,1.));
#2723=DIRECTION('ref_axis',(-1.,0.,0.));
#2724=DIRECTION('',(0.0055819009201591,-0.999984421069707,0.));
#2725=DIRECTION('',(0.258819045102525,0.965925826289067,0.));
#2726=DIRECTION('center_axis',(0.,0.,1.));
#2727=DIRECTION('ref_axis',(-1.,1.08420217248551E-15,0.));
#2728=DIRECTION('',(-1.,3.2406919223525E-16,0.));
#2729=DIRECTION('center_axis',(0.,0.,1.));
#2730=DIRECTION('ref_axis',(-1.,0.,0.));
#2731=DIRECTION('center_axis',(0.,0.,-1.));
#2732=DIRECTION('ref_axis',(-1.,0.,0.));
#2733=DIRECTION('center_axis',(0.,0.,1.));
#2734=DIRECTION('ref_axis',(1.,0.,0.));
#2735=DIRECTION('center_axis',(0.,0.,1.));
#2736=DIRECTION('ref_axis',(1.,0.,0.));
#2737=DIRECTION('center_axis',(0.,0.,-1.));
#2738=DIRECTION('ref_axis',(-1.,0.,0.));
#2739=DIRECTION('center_axis',(1.,0.,0.));
#2740=DIRECTION('ref_axis',(0.,0.,-1.));
#2741=DIRECTION('',(0.,0.,1.));
#2742=DIRECTION('',(0.,1.,0.));
#2743=DIRECTION('',(0.,0.,1.));
#2744=DIRECTION('center_axis',(0.,-1.,0.));
#2745=DIRECTION('ref_axis',(0.,0.,-1.));
#2746=DIRECTION('',(0.,0.,1.));
#2747=DIRECTION('',(1.,0.,0.));
#2748=DIRECTION('center_axis',(-1.,0.,0.));
#2749=DIRECTION('ref_axis',(0.,0.,1.));
#2750=DIRECTION('',(0.,0.,1.));
#2751=DIRECTION('',(0.,-1.,0.));
#2752=DIRECTION('center_axis',(0.,1.,0.));
#2753=DIRECTION('ref_axis',(0.,0.,1.));
#2754=DIRECTION('',(-1.,0.,0.));
#2755=DIRECTION('center_axis',(0.,0.,1.));
#2756=DIRECTION('ref_axis',(1.,0.,0.));
#2757=DIRECTION('center_axis',(5.42101086242752E-16,1.,0.));
#2758=DIRECTION('ref_axis',(-1.,5.42101086242752E-16,0.));
#2759=DIRECTION('',(0.,0.,1.));
#2760=DIRECTION('',(-1.,5.42101086242752E-16,0.));
#2761=DIRECTION('',(0.,0.,1.));
#2762=DIRECTION('center_axis',(1.,0.,0.));
#2763=DIRECTION('ref_axis',(0.,0.,-1.));
#2764=DIRECTION('',(0.,0.,1.));
#2765=DIRECTION('',(0.,1.,0.));
#2766=DIRECTION('center_axis',(-5.42101086242752E-16,-1.,0.));
#2767=DIRECTION('ref_axis',(1.,-5.42101086242752E-16,0.));
#2768=DIRECTION('',(0.,0.,1.));
#2769=DIRECTION('',(1.,-5.42101086242752E-16,0.));
#2770=DIRECTION('center_axis',(-1.,0.,0.));
#2771=DIRECTION('ref_axis',(0.,0.,1.));
#2772=DIRECTION('',(0.,-1.,0.));
#2773=DIRECTION('center_axis',(0.,0.,1.));
#2774=DIRECTION('ref_axis',(1.,0.,0.));
#2775=DIRECTION('center_axis',(0.,0.,1.));
#2776=DIRECTION('ref_axis',(1.,0.,0.));
#2777=DIRECTION('axis',(0.,0.,1.));
#2778=DIRECTION('refdir',(1.,0.,0.));
#2779=DIRECTION('center_axis',(-6.12323399573677E-17,-1.,0.));
#2780=DIRECTION('ref_axis',(-1.,0.,0.));
#2781=DIRECTION('center_axis',(0.,0.,1.));
#2782=DIRECTION('ref_axis',(1.,0.,0.));
#2783=DIRECTION('center_axis',(0.,0.,1.));
#2784=DIRECTION('ref_axis',(1.,0.,0.));
#2785=DIRECTION('center_axis',(0.,0.,1.));
#2786=DIRECTION('ref_axis',(1.,0.,0.));
#2787=DIRECTION('center_axis',(1.22464679914735E-16,-1.,0.));
#2788=DIRECTION('ref_axis',(-1.,-1.22464679914735E-16,0.));
#2789=DIRECTION('center_axis',(0.,0.,1.));
#2790=DIRECTION('ref_axis',(1.,0.,0.));
#2791=DIRECTION('center_axis',(0.,0.,1.));
#2792=DIRECTION('ref_axis',(1.,0.,0.));
#2793=DIRECTION('',(0.,0.,-1.));
#2794=DIRECTION('center_axis',(0.,0.,1.));
#2795=DIRECTION('ref_axis',(-1.,0.,0.));
#2796=DIRECTION('center_axis',(0.,0.,1.));
#2797=DIRECTION('ref_axis',(1.,0.,0.));
#2798=DIRECTION('center_axis',(0.,0.,-1.));
#2799=DIRECTION('ref_axis',(-1.,0.,0.));
#2800=DIRECTION('axis',(0.,0.,1.));
#2801=DIRECTION('refdir',(1.,0.,0.));
#2802=DIRECTION('center_axis',(0.,0.,-1.));
#2803=DIRECTION('ref_axis',(-6.12323399573677E-17,1.,0.));
#2804=DIRECTION('center_axis',(0.,0.,1.));
#2805=DIRECTION('ref_axis',(1.,0.,0.));
#2806=DIRECTION('',(0.,0.,-1.));
#2807=DIRECTION('center_axis',(0.,0.,1.));
#2808=DIRECTION('ref_axis',(1.,0.,0.));
#2809=DIRECTION('',(0.,0.,-1.));
#2810=DIRECTION('center_axis',(0.,0.,-1.));
#2811=DIRECTION('ref_axis',(-1.,0.,0.));
#2812=DIRECTION('center_axis',(0.,0.,1.));
#2813=DIRECTION('ref_axis',(1.,0.,0.));
#2814=DIRECTION('',(0.,0.,-1.));
#2815=DIRECTION('center_axis',(0.,0.,1.));
#2816=DIRECTION('ref_axis',(1.,0.,0.));
#2817=DIRECTION('center_axis',(0.,0.,1.));
#2818=DIRECTION('ref_axis',(1.,0.,0.));
#2819=DIRECTION('',(0.,0.,1.));
#2820=DIRECTION('center_axis',(0.,0.,-1.));
#2821=DIRECTION('ref_axis',(-1.,0.,0.));
#2822=DIRECTION('',(0.,0.,-1.));
#2823=DIRECTION('',(0.,0.,1.));
#2824=DIRECTION('center_axis',(0.,0.,-1.));
#2825=DIRECTION('ref_axis',(1.,0.,0.));
#2826=DIRECTION('',(0.,0.,-1.));
#2827=DIRECTION('center_axis',(0.,0.,1.));
#2828=DIRECTION('ref_axis',(-1.,0.,0.));
#2829=DIRECTION('center_axis',(0.,1.,0.));
#2830=DIRECTION('ref_axis',(0.,0.,1.));
#2831=DIRECTION('',(1.,0.,0.));
#2832=DIRECTION('',(1.,0.,0.));
#2833=DIRECTION('',(-1.,0.,0.));
#2834=DIRECTION('center_axis',(0.,1.,0.));
#2835=DIRECTION('ref_axis',(0.,0.,1.));
#2836=DIRECTION('',(0.,0.,1.));
#2837=DIRECTION('center_axis',(0.,1.,0.));
#2838=DIRECTION('ref_axis',(0.,0.,1.));
#2839=DIRECTION('',(1.,0.,0.));
#2840=DIRECTION('center_axis',(0.,1.,0.));
#2841=DIRECTION('ref_axis',(0.,0.,1.));
#2842=DIRECTION('',(0.,0.,-1.));
#2843=DIRECTION('center_axis',(0.,1.,0.));
#2844=DIRECTION('ref_axis',(0.,0.,1.));
#2845=DIRECTION('',(0.,0.,-1.));
#2846=DIRECTION('center_axis',(0.,1.,0.));
#2847=DIRECTION('ref_axis',(0.,0.,1.));
#2848=DIRECTION('',(-1.,0.,0.));
#2849=DIRECTION('center_axis',(0.,1.,0.));
#2850=DIRECTION('ref_axis',(0.,0.,1.));
#2851=DIRECTION('',(0.,0.,1.));
#2852=DIRECTION('center_axis',(0.,1.,0.));
#2853=DIRECTION('ref_axis',(0.,0.,1.));
#2854=DIRECTION('',(1.,0.,0.));
#2855=DIRECTION('center_axis',(0.,1.,0.));
#2856=DIRECTION('ref_axis',(0.,0.,1.));
#2857=DIRECTION('center_axis',(0.,0.,1.));
#2858=DIRECTION('ref_axis',(1.,0.,0.));
#2859=DIRECTION('center_axis',(0.,0.,1.));
#2860=DIRECTION('ref_axis',(1.,0.,0.));
#2861=DIRECTION('center_axis',(1.,0.,0.));
#2862=DIRECTION('ref_axis',(0.,0.,-1.));
#2863=DIRECTION('',(0.,1.,0.));
#2864=DIRECTION('',(0.,0.,-1.));
#2865=DIRECTION('',(0.,-1.,0.));
#2866=DIRECTION('center_axis',(0.,0.,-1.));
#2867=DIRECTION('ref_axis',(-1.,0.,0.));
#2868=DIRECTION('',(0.,1.,0.));
#2869=DIRECTION('center_axis',(0.,0.,-1.));
#2870=DIRECTION('ref_axis',(-1.,0.,0.));
#2871=DIRECTION('',(0.,-1.,0.));
#2872=DIRECTION('center_axis',(0.,0.,1.));
#2873=DIRECTION('ref_axis',(1.,0.,0.));
#2874=DIRECTION('',(0.,1.,0.));
#2875=DIRECTION('center_axis',(0.,0.,1.));
#2876=DIRECTION('ref_axis',(1.,0.,0.));
#2877=DIRECTION('',(0.,-1.,0.));
#2878=DIRECTION('center_axis',(-1.,0.,0.));
#2879=DIRECTION('ref_axis',(0.,0.,1.));
#2880=DIRECTION('',(0.,1.,0.));
#2881=DIRECTION('',(0.,0.,1.));
#2882=DIRECTION('',(0.,-1.,0.));
#2883=DIRECTION('center_axis',(0.,1.,0.));
#2884=DIRECTION('ref_axis',(0.,0.,1.));
#2885=DIRECTION('center_axis',(0.,1.,0.));
#2886=DIRECTION('ref_axis',(0.,0.,1.));
#2887=DIRECTION('center_axis',(0.,1.,0.));
#2888=DIRECTION('ref_axis',(0.,0.,1.));
#2889=DIRECTION('center_axis',(0.,1.,0.));
#2890=DIRECTION('ref_axis',(0.,0.,1.));
#2891=DIRECTION('center_axis',(0.,0.,1.));
#2892=DIRECTION('ref_axis',(1.,0.,0.));
#2893=DIRECTION('center_axis',(0.977243363430127,-0.212121212121212,0.));
#2894=DIRECTION('ref_axis',(0.212121212121212,0.977243363430127,0.));
#2895=DIRECTION('center_axis',(0.,0.,-1.));
#2896=DIRECTION('ref_axis',(-1.,0.,0.));
#2897=DIRECTION('center_axis',(0.977243363430127,0.212121212121212,2.08568775133462E-16));
#2898=DIRECTION('ref_axis',(-0.212121212121212,0.977243363430127,-6.16297582203915E-33));
#2899=DIRECTION('center_axis',(0.,0.,-1.));
#2900=DIRECTION('ref_axis',(-1.,0.,0.));
#2901=DIRECTION('center_axis',(0.,0.,1.));
#2902=DIRECTION('ref_axis',(1.,0.,0.));
#2903=DIRECTION('center_axis',(0.,0.,1.));
#2904=DIRECTION('ref_axis',(1.,0.,0.));
#2905=DIRECTION('center_axis',(0.977243363430127,-0.212121212121212,-4.17137550266922E-16));
#2906=DIRECTION('ref_axis',(0.212121212121212,0.977243363430127,0.));
#2907=DIRECTION('center_axis',(0.,0.,-1.));
#2908=DIRECTION('ref_axis',(-1.,0.,0.));
#2909=DIRECTION('center_axis',(0.,0.,1.));
#2910=DIRECTION('ref_axis',(1.,0.,0.));
#2911=DIRECTION('center_axis',(0.,0.,1.));
#2912=DIRECTION('ref_axis',(1.,0.,0.));
#2913=DIRECTION('center_axis',(0.977243363430127,0.212121212121212,0.));
#2914=DIRECTION('ref_axis',(-0.212121212121212,0.977243363430127,0.));
#2915=DIRECTION('center_axis',(0.,0.,1.));
#2916=DIRECTION('ref_axis',(1.,0.,0.));
#2917=DIRECTION('',(0.,1.,0.));
#2918=DIRECTION('center_axis',(0.,0.,-1.));
#2919=DIRECTION('ref_axis',(1.,0.,0.));
#2920=DIRECTION('',(0.,-1.,0.));
#2921=DIRECTION('center_axis',(1.,0.,0.));
#2922=DIRECTION('ref_axis',(0.,0.,-1.));
#2923=DIRECTION('',(0.,1.,0.));
#2924=DIRECTION('',(0.,0.,1.));
#2925=DIRECTION('',(0.,-1.,0.));
#2926=DIRECTION('center_axis',(0.,0.,-1.));
#2927=DIRECTION('ref_axis',(-1.,0.,0.));
#2928=DIRECTION('',(0.,1.,0.));
#2929=DIRECTION('center_axis',(0.,0.,1.));
#2930=DIRECTION('ref_axis',(-1.,0.,0.));
#2931=DIRECTION('',(0.,-1.,0.));
#2932=DIRECTION('center_axis',(-1.,0.,0.));
#2933=DIRECTION('ref_axis',(0.,0.,1.));
#2934=DIRECTION('',(0.,1.,0.));
#2935=DIRECTION('',(0.,0.,-1.));
#2936=DIRECTION('',(0.,-1.,0.));
#2937=DIRECTION('center_axis',(0.,1.,0.));
#2938=DIRECTION('ref_axis',(0.,0.,1.));
#2939=DIRECTION('center_axis',(0.,1.,0.));
#2940=DIRECTION('ref_axis',(0.,0.,1.));
#2941=DIRECTION('center_axis',(0.,1.,0.));
#2942=DIRECTION('ref_axis',(0.,0.,1.));
#2943=DIRECTION('center_axis',(0.,1.,0.));
#2944=DIRECTION('ref_axis',(0.,0.,1.));
#2945=DIRECTION('center_axis',(0.977243363430127,-0.212121212121212,0.));
#2946=DIRECTION('ref_axis',(0.212121212121212,0.977243363430127,0.));
#2947=DIRECTION('center_axis',(0.,0.,-1.));
#2948=DIRECTION('ref_axis',(-1.,0.,0.));
#2949=DIRECTION('center_axis',(0.,0.,-1.));
#2950=DIRECTION('ref_axis',(-1.,0.,0.));
#2951=DIRECTION('center_axis',(0.,0.,-1.));
#2952=DIRECTION('ref_axis',(-1.,0.,0.));
#2953=DIRECTION('center_axis',(0.,0.,-1.));
#2954=DIRECTION('ref_axis',(-1.,0.,0.));
#2955=DIRECTION('center_axis',(0.977243363430127,0.212121212121212,0.));
#2956=DIRECTION('ref_axis',(-0.212121212121212,0.977243363430127,0.));
#2957=DIRECTION('center_axis',(0.977243363430127,-0.212121212121212,-2.08568775133462E-16));
#2958=DIRECTION('ref_axis',(0.212121212121212,0.977243363430127,-3.69778549322349E-32));
#2959=DIRECTION('center_axis',(0.,0.,-1.));
#2960=DIRECTION('ref_axis',(-1.,0.,0.));
#2961=DIRECTION('center_axis',(0.,0.,1.));
#2962=DIRECTION('ref_axis',(1.,0.,0.));
#2963=DIRECTION('center_axis',(0.977243363430127,0.212121212121212,2.08568775133461E-16));
#2964=DIRECTION('ref_axis',(-0.212121212121212,0.977243363430127,6.16297582203915E-33));
#2965=DIRECTION('center_axis',(0.,0.,-1.));
#2966=DIRECTION('ref_axis',(-1.,0.,0.));
#2967=DIRECTION('center_axis',(0.,0.,-1.));
#2968=DIRECTION('ref_axis',(-1.,0.,0.));
#2969=DIRECTION('axis',(0.,0.,1.));
#2970=DIRECTION('refdir',(1.,0.,0.));
#2971=DIRECTION('center_axis',(0.,0.,-1.));
#2972=DIRECTION('ref_axis',(-1.,0.,0.));
#2973=DIRECTION('center_axis',(0.,0.,1.));
#2974=DIRECTION('ref_axis',(1.,0.,0.));
#2975=DIRECTION('',(0.,0.,-1.));
#2976=DIRECTION('center_axis',(0.,0.,1.));
#2977=DIRECTION('ref_axis',(1.,0.,0.));
#2978=DIRECTION('center_axis',(0.,0.,-1.));
#2979=DIRECTION('ref_axis',(-1.,0.,0.));
#2980=DIRECTION('center_axis',(0.,0.,1.));
#2981=DIRECTION('ref_axis',(1.,0.,0.));
#2982=DIRECTION('',(0.,0.,1.));
#2983=DIRECTION('center_axis',(0.,0.,1.));
#2984=DIRECTION('ref_axis',(1.,0.,0.));
#2985=DIRECTION('center_axis',(0.,0.,1.));
#2986=DIRECTION('ref_axis',(1.,0.,0.));
#2987=DIRECTION('center_axis',(0.,0.,1.));
#2988=DIRECTION('ref_axis',(1.,0.,0.));
#2989=DIRECTION('axis',(0.,0.,1.));
#2990=DIRECTION('refdir',(1.,0.,0.));
#2991=DIRECTION('center_axis',(1.,0.,0.));
#2992=DIRECTION('ref_axis',(0.,0.,-1.));
#2993=DIRECTION('center_axis',(1.,0.,0.));
#2994=DIRECTION('ref_axis',(0.,0.,-1.));
#2995=DIRECTION('',(1.,0.,0.));
#2996=DIRECTION('center_axis',(1.,0.,0.));
#2997=DIRECTION('ref_axis',(0.,0.,-1.));
#2998=DIRECTION('center_axis',(1.,0.,0.));
#2999=DIRECTION('ref_axis',(0.,0.,-1.));
#3000=DIRECTION('center_axis',(1.,0.,0.));
#3001=DIRECTION('ref_axis',(0.,0.,-1.));
#3002=DIRECTION('',(1.,0.,0.));
#3003=DIRECTION('center_axis',(-1.,0.,0.));
#3004=DIRECTION('ref_axis',(0.,0.,1.));
#3005=DIRECTION('center_axis',(0.,-1.,0.));
#3006=DIRECTION('ref_axis',(0.,0.,-1.));
#3007=DIRECTION('',(0.,0.,1.));
#3008=DIRECTION('',(1.,0.,0.));
#3009=DIRECTION('',(0.,0.,-1.));
#3010=DIRECTION('',(1.,0.,0.));
#3011=DIRECTION('center_axis',(0.,0.,1.));
#3012=DIRECTION('ref_axis',(1.,0.,0.));
#3013=DIRECTION('',(0.,1.,0.));
#3014=DIRECTION('',(-1.,0.,0.));
#3015=DIRECTION('',(0.,1.,0.));
#3016=DIRECTION('',(-1.,0.,0.));
#3017=DIRECTION('center_axis',(0.,-1.,0.));
#3018=DIRECTION('ref_axis',(0.,0.,-1.));
#3019=DIRECTION('',(0.,0.,1.));
#3020=DIRECTION('',(1.,0.,0.));
#3021=DIRECTION('',(0.,0.,1.));
#3022=DIRECTION('',(1.,0.,0.));
#3023=DIRECTION('center_axis',(0.,0.,-1.));
#3024=DIRECTION('ref_axis',(-1.,0.,0.));
#3025=DIRECTION('',(0.,-1.,0.));
#3026=DIRECTION('',(-1.,0.,0.));
#3027=DIRECTION('',(0.,-1.,0.));
#3028=DIRECTION('',(-1.,0.,0.));
#3029=DIRECTION('center_axis',(-1.,0.,0.));
#3030=DIRECTION('ref_axis',(0.,0.,1.));
#3031=DIRECTION('center_axis',(1.,0.,0.));
#3032=DIRECTION('ref_axis',(0.,0.,-1.));
#3033=DIRECTION('center_axis',(1.,0.,0.));
#3034=DIRECTION('ref_axis',(0.,0.,-1.));
#3035=DIRECTION('',(-1.,0.,0.));
#3036=DIRECTION('center_axis',(-1.,0.,0.));
#3037=DIRECTION('ref_axis',(0.,0.,1.));
#3038=DIRECTION('',(1.,0.,0.));
#3039=DIRECTION('center_axis',(1.,0.,0.));
#3040=DIRECTION('ref_axis',(0.,0.,-1.));
#3041=DIRECTION('center_axis',(1.,0.,0.));
#3042=DIRECTION('ref_axis',(0.,0.,-1.));
#3043=DIRECTION('center_axis',(-1.,0.,0.));
#3044=DIRECTION('ref_axis',(0.,0.,1.));
#3045=DIRECTION('',(0.,-2.72639520325775E-16,-1.));
#3046=DIRECTION('',(0.,1.,0.));
#3047=DIRECTION('',(0.,0.,1.));
#3048=DIRECTION('center_axis',(1.,0.,0.));
#3049=DIRECTION('ref_axis',(0.,0.,1.));
#3050=DIRECTION('center_axis',(1.,0.,0.));
#3051=DIRECTION('ref_axis',(0.,0.,-1.));
#3052=DIRECTION('',(0.,0.,1.));
#3053=DIRECTION('',(0.,-1.,0.));
#3054=DIRECTION('',(0.,2.72639520325775E-16,-1.));
#3055=DIRECTION('center_axis',(-1.,0.,0.));
#3056=DIRECTION('ref_axis',(0.,0.,-1.));
#3057=DIRECTION('center_axis',(1.,0.,0.));
#3058=DIRECTION('ref_axis',(0.,0.,-1.));
#3059=DIRECTION('center_axis',(1.,0.,0.));
#3060=DIRECTION('ref_axis',(0.,0.,-1.));
#3061=DIRECTION('',(0.,-2.72639520325775E-16,1.));
#3062=DIRECTION('',(0.,1.,0.));
#3063=DIRECTION('',(0.,0.,-1.));
#3064=DIRECTION('center_axis',(-1.,0.,0.));
#3065=DIRECTION('ref_axis',(0.,0.,-1.));
#3066=DIRECTION('center_axis',(-1.,0.,0.));
#3067=DIRECTION('ref_axis',(0.,0.,-1.));
#3068=DIRECTION('',(0.,0.,-1.));
#3069=DIRECTION('',(0.,-1.,0.));
#3070=DIRECTION('',(0.,2.72639520325775E-16,1.));
#3071=DIRECTION('center_axis',(1.,0.,0.));
#3072=DIRECTION('ref_axis',(0.,0.,-1.));
#3073=DIRECTION('center_axis',(0.,0.,-1.));
#3074=DIRECTION('ref_axis',(-1.,0.,0.));
#3075=DIRECTION('',(0.,1.,0.));
#3076=DIRECTION('',(-1.,0.,0.));
#3077=DIRECTION('',(0.,1.,0.));
#3078=DIRECTION('center_axis',(1.,0.,0.));
#3079=DIRECTION('ref_axis',(0.,0.,-1.));
#3080=DIRECTION('',(0.,1.,0.));
#3081=DIRECTION('center_axis',(0.,0.,1.));
#3082=DIRECTION('ref_axis',(1.,0.,0.));
#3083=DIRECTION('',(0.,1.,0.));
#3084=DIRECTION('',(1.,0.,0.));
#3085=DIRECTION('center_axis',(-1.,0.,0.));
#3086=DIRECTION('ref_axis',(0.,0.,1.));
#3087=DIRECTION('center_axis',(1.,0.,0.));
#3088=DIRECTION('ref_axis',(0.,0.,-1.));
#3089=DIRECTION('',(1.,0.,0.));
#3090=DIRECTION('center_axis',(0.,-1.,-2.72639520325775E-16));
#3091=DIRECTION('ref_axis',(0.,2.72639520325775E-16,-1.));
#3092=DIRECTION('',(1.,0.,0.));
#3093=DIRECTION('center_axis',(0.,0.,1.));
#3094=DIRECTION('ref_axis',(1.,0.,0.));
#3095=DIRECTION('',(1.,0.,0.));
#3096=DIRECTION('center_axis',(0.,1.,0.));
#3097=DIRECTION('ref_axis',(0.,0.,1.));
#3098=DIRECTION('',(1.,0.,0.));
#3099=DIRECTION('center_axis',(1.,0.,0.));
#3100=DIRECTION('ref_axis',(0.,0.,-1.));
#3101=DIRECTION('center_axis',(1.,0.,0.));
#3102=DIRECTION('ref_axis',(0.,0.,-1.));
#3103=DIRECTION('',(1.,0.,0.));
#3104=DIRECTION('center_axis',(0.,1.,0.));
#3105=DIRECTION('ref_axis',(0.,0.,1.));
#3106=DIRECTION('',(1.,0.,0.));
#3107=DIRECTION('center_axis',(0.,0.,-1.));
#3108=DIRECTION('ref_axis',(-1.,0.,0.));
#3109=DIRECTION('',(1.,0.,0.));
#3110=DIRECTION('center_axis',(0.,-1.,2.72639520325775E-16));
#3111=DIRECTION('ref_axis',(0.,-2.72639520325775E-16,-1.));
#3112=DIRECTION('',(1.,0.,0.));
#3113=DIRECTION('center_axis',(1.,0.,0.));
#3114=DIRECTION('ref_axis',(0.,0.,-1.));
#3115=DIRECTION('',(0.,0.,1.));
#3116=DIRECTION('',(1.,0.,0.));
#3117=DIRECTION('',(0.,0.,1.));
#3118=DIRECTION('',(1.,0.,0.));
#3119=DIRECTION('',(0.,0.,1.));
#3120=DIRECTION('',(1.,0.,0.));
#3121=DIRECTION('',(0.,0.,1.));
#3122=DIRECTION('',(1.,0.,0.));
#3123=DIRECTION('',(0.,0.,1.));
#3124=DIRECTION('',(1.,0.,0.));
#3125=DIRECTION('',(0.,0.,1.));
#3126=DIRECTION('',(1.,0.,0.));
#3127=DIRECTION('',(0.,0.,1.));
#3128=DIRECTION('',(1.,0.,0.));
#3129=DIRECTION('',(0.,0.,1.));
#3130=DIRECTION('',(1.,0.,0.));
#3131=DIRECTION('',(0.,0.,1.));
#3132=DIRECTION('',(1.,0.,0.));
#3133=DIRECTION('',(0.,0.,1.));
#3134=DIRECTION('',(1.,0.,0.));
#3135=CARTESIAN_POINT('',(0.,0.,0.));
#3136=CARTESIAN_POINT('',(0.,0.,0.));
#3137=CARTESIAN_POINT('Origin',(0.,0.,1.505));
#3138=CARTESIAN_POINT('',(-0.24,-2.93915231795365E-17,1.505));
#3139=CARTESIAN_POINT('Origin',(0.,0.,1.505));
#3140=CARTESIAN_POINT('',(-0.24,-2.93915231795365E-17,1.765));
#3141=CARTESIAN_POINT('',(-0.24,-2.93915231795365E-17,1.505));
#3142=CARTESIAN_POINT('Origin',(0.,0.,1.765));
#3143=CARTESIAN_POINT('Origin',(0.,0.,1.765));
#3144=CARTESIAN_POINT('',(0.28,-3.42901103761259E-17,-1.765));
#3145=CARTESIAN_POINT('Origin',(0.,0.,-1.765));
#3146=CARTESIAN_POINT('',(0.28,-3.42901103761259E-17,1.765));
#3147=CARTESIAN_POINT('',(0.28,-3.42901103761259E-17,1.765));
#3148=CARTESIAN_POINT('Origin',(0.,0.,1.765));
#3149=CARTESIAN_POINT('',(0.0500000000000001,-0.275499546279118,-0.4625));
#3150=CARTESIAN_POINT('',(0.0500000000000001,-0.275499546279118,-0.6625));
#3151=CARTESIAN_POINT('',(0.0500000000000001,-0.275499546279118,1.765));
#3152=CARTESIAN_POINT('',(-0.0499999999999999,-0.275499546279118,-0.6625));
#3153=CARTESIAN_POINT('Origin',(0.,0.,-0.6625));
#3154=CARTESIAN_POINT('',(-0.0499999999999999,-0.275499546279118,-0.4625));
#3155=CARTESIAN_POINT('',(-0.0499999999999999,-0.275499546279118,1.765));
#3156=CARTESIAN_POINT('Origin',(0.,0.,-0.4625));
#3157=CARTESIAN_POINT('',(0.0500000000000002,-0.275499546279118,0.6625));
#3158=CARTESIAN_POINT('',(0.0500000000000002,-0.275499546279118,0.4625));
#3159=CARTESIAN_POINT('',(0.0500000000000002,-0.275499546279118,1.765));
#3160=CARTESIAN_POINT('',(-0.0499999999999998,-0.275499546279118,0.4625));
#3161=CARTESIAN_POINT('Origin',(0.,0.,0.4625));
#3162=CARTESIAN_POINT('',(-0.0499999999999997,-0.275499546279118,0.6625));
#3163=CARTESIAN_POINT('',(-0.0499999999999997,-0.275499546279118,1.765));
#3164=CARTESIAN_POINT('Origin',(0.,0.,0.6625));
#3165=CARTESIAN_POINT('Origin',(0.,0.,1.765));
#3166=CARTESIAN_POINT('',(0.21875,-2.67891487313483E-17,1.505));
#3167=CARTESIAN_POINT('Origin',(0.,0.,1.505));
#3168=CARTESIAN_POINT('',(0.21875,-2.67891487313483E-17,-1.765));
#3169=CARTESIAN_POINT('',(0.21875,-2.67891487313483E-17,1.765));
#3170=CARTESIAN_POINT('Origin',(0.,0.,-1.765));
#3171=CARTESIAN_POINT('',(0.0500000000000001,-0.21295906296751,-0.4625));
#3172=CARTESIAN_POINT('',(0.0500000000000001,-0.21295906296751,-0.6625));
#3173=CARTESIAN_POINT('',(0.0500000000000001,-0.21295906296751,1.765));
#3174=CARTESIAN_POINT('',(-0.0499999999999999,-0.21295906296751,-0.4625));
#3175=CARTESIAN_POINT('Origin',(0.,0.,-0.4625));
#3176=CARTESIAN_POINT('',(-0.0499999999999999,-0.21295906296751,-0.6625));
#3177=CARTESIAN_POINT('',(-0.0499999999999999,-0.21295906296751,1.765));
#3178=CARTESIAN_POINT('Origin',(0.,0.,-0.6625));
#3179=CARTESIAN_POINT('',(0.0500000000000002,-0.21295906296751,0.6625));
#3180=CARTESIAN_POINT('',(0.0500000000000002,-0.21295906296751,0.4625));
#3181=CARTESIAN_POINT('',(0.0500000000000002,-0.21295906296751,1.765));
#3182=CARTESIAN_POINT('',(-0.0499999999999997,-0.21295906296751,0.6625));
#3183=CARTESIAN_POINT('Origin',(0.,0.,0.6625));
#3184=CARTESIAN_POINT('',(-0.0499999999999998,-0.21295906296751,0.4625));
#3185=CARTESIAN_POINT('',(-0.0499999999999997,-0.21295906296751,1.765));
#3186=CARTESIAN_POINT('Origin',(0.,0.,0.4625));
#3187=CARTESIAN_POINT('Origin',(0.,0.,1.765));
#3188=CARTESIAN_POINT('Origin',(0.,0.,-1.765));
#3189=CARTESIAN_POINT('Origin',(0.0500000000000001,-0.28,-0.4625));
#3190=CARTESIAN_POINT('',(0.0500000000000001,-0.28,-0.4625));
#3191=CARTESIAN_POINT('',(0.0500000000000001,-0.28,-0.6625));
#3192=CARTESIAN_POINT('Origin',(-0.0499999999999999,-0.28,-0.4625));
#3193=CARTESIAN_POINT('',(-0.0499999999999999,-0.28,-0.4625));
#3194=CARTESIAN_POINT('Origin',(-0.0499999999999999,-0.28,-0.4625));
#3195=CARTESIAN_POINT('',(-0.0499999999999999,-0.28,-0.6625));
#3196=CARTESIAN_POINT('Origin',(-0.0499999999999999,-0.28,-0.6625));
#3197=CARTESIAN_POINT('Origin',(0.0500000000000002,-0.28,0.6625));
#3198=CARTESIAN_POINT('',(0.0500000000000002,-0.28,0.6625));
#3199=CARTESIAN_POINT('',(0.0500000000000002,-0.28,0.4625));
#3200=CARTESIAN_POINT('Origin',(-0.0499999999999997,-0.28,0.6625));
#3201=CARTESIAN_POINT('',(-0.0499999999999997,-0.28,0.6625));
#3202=CARTESIAN_POINT('Origin',(-0.0499999999999997,-0.28,0.6625));
#3203=CARTESIAN_POINT('',(-0.0499999999999998,-0.28,0.4625));
#3204=CARTESIAN_POINT('Origin',(-0.0499999999999998,-0.28,0.4625));
#3205=CARTESIAN_POINT('Origin',(0.,0.,1.505));
#3206=CARTESIAN_POINT('',(0.,0.,0.));
#3207=CARTESIAN_POINT('Origin',(0.,0.,-0.0249999999999998));
#3208=CARTESIAN_POINT('',(-0.1875,-2.29621274840129E-17,-0.0249999999999999));
#3209=CARTESIAN_POINT('Origin',(0.,0.,-0.0249999999999998));
#3210=CARTESIAN_POINT('',(-0.2125,-2.60237444818813E-17,5.46369598732853E-18));
#3211=CARTESIAN_POINT('',(-0.1875,-2.29621274840129E-17,-0.0249999999999998));
#3212=CARTESIAN_POINT('Origin',(0.,0.,0.));
#3213=CARTESIAN_POINT('Origin',(0.,0.,0.57452425971407));
#3214=CARTESIAN_POINT('',(0.203125,-2.48756381076806E-17,-0.05));
#3215=CARTESIAN_POINT('Origin',(0.,0.,-0.05));
#3216=CARTESIAN_POINT('',(0.203125,-2.48756381076806E-17,-0.375));
#3217=CARTESIAN_POINT('',(0.203125,-2.48756381076806E-17,0.57452425971407));
#3218=CARTESIAN_POINT('Origin',(0.,0.,-0.375));
#3219=CARTESIAN_POINT('Origin',(0.,0.,-0.375));
#3220=CARTESIAN_POINT('',(-0.24,-2.93915231795365E-17,-0.125));
#3221=CARTESIAN_POINT('Origin',(0.,0.,-0.125));
#3222=CARTESIAN_POINT('',(-0.24,-2.93915231795365E-17,-0.375));
#3223=CARTESIAN_POINT('',(-0.24,-2.93915231795365E-17,-0.375));
#3224=CARTESIAN_POINT('Origin',(0.,0.,-0.375));
#3225=CARTESIAN_POINT('Origin',(0.,0.,-0.125));
#3226=CARTESIAN_POINT('',(-0.1875,-2.29621274840129E-17,-0.05));
#3227=CARTESIAN_POINT('Origin',(0.,0.,-0.05));
#3228=CARTESIAN_POINT('',(-0.1875,-2.29621274840129E-17,-0.125));
#3229=CARTESIAN_POINT('Origin',(0.,0.,-0.125));
#3230=CARTESIAN_POINT('',(-0.275,-3.36777869765522E-17,0.));
#3231=CARTESIAN_POINT('Origin',(0.,0.,0.));
#3232=CARTESIAN_POINT('',(-0.275,-3.36777869765522E-17,-0.125));
#3233=CARTESIAN_POINT('',(-0.275,-3.36777869765522E-17,-0.125));
#3234=CARTESIAN_POINT('Origin',(0.,0.,-0.125));
#3235=CARTESIAN_POINT('Origin',(0.,0.,-0.125));
#3236=CARTESIAN_POINT('Origin',(0.,0.,0.));
#3237=CARTESIAN_POINT('Origin',(0.,0.,-0.375));
#3238=CARTESIAN_POINT('Origin',(0.,0.,-0.05));
#3239=CARTESIAN_POINT('',(0.,0.,0.));
#3240=CARTESIAN_POINT('Origin',(0.,0.,0.03));
#3241=CARTESIAN_POINT('',(-0.1575,-1.92881870865708E-17,0.06));
#3242=CARTESIAN_POINT('Origin',(0.,0.,0.06));
#3243=CARTESIAN_POINT('',(-0.1875,-2.29621274840129E-17,0.03));
#3244=CARTESIAN_POINT('Origin',(-0.1575,-1.92881870865708E-17,0.03));
#3245=CARTESIAN_POINT('',(0.1875,2.29621274840129E-17,0.03));
#3246=CARTESIAN_POINT('Origin',(0.,0.,0.03));
#3247=CARTESIAN_POINT('Origin',(0.,0.,0.03));
#3248=CARTESIAN_POINT('Origin',(0.,0.,0.06));
#3249=CARTESIAN_POINT('',(0.1875,-2.29621274840129E-17,0.01));
#3250=CARTESIAN_POINT('Origin',(0.,0.,0.01));
#3251=CARTESIAN_POINT('',(0.1875,-2.29621274840129E-17,0.06));
#3252=CARTESIAN_POINT('Origin',(0.,0.,0.01));
#3253=CARTESIAN_POINT('',(0.203125,-2.48756381076806E-17,0.));
#3254=CARTESIAN_POINT('Origin',(0.,0.,0.));
#3255=CARTESIAN_POINT('',(0.203125,-2.48756381076806E-17,0.01));
#3256=CARTESIAN_POINT('',(0.203125,-2.48756381076806E-17,0.01));
#3257=CARTESIAN_POINT('Origin',(0.,0.,0.01));
#3258=CARTESIAN_POINT('Origin',(0.,0.,0.01));
#3259=CARTESIAN_POINT('Origin',(0.,0.,0.06));
#3260=CARTESIAN_POINT('',(0.,0.,0.));
#3261=CARTESIAN_POINT('Origin',(0.,0.,0.268110236220472));
#3262=CARTESIAN_POINT('',(0.175196850393701,-2.14554262055343E-17,0.263779527559055));
#3263=CARTESIAN_POINT('Origin',(0.,0.,0.263779527559055));
#3264=CARTESIAN_POINT('',(0.175196850393701,-2.14554262055343E-17,0.268110236220472));
#3265=CARTESIAN_POINT('',(0.175196850393701,-2.14554262055343E-17,0.268110236220472));
#3266=CARTESIAN_POINT('Origin',(0.,0.,0.268110236220472));
#3267=CARTESIAN_POINT('Origin',(0.,0.,0.));
#3268=CARTESIAN_POINT('',(0.161417322834646,-1.97679207736384E-17,0.00984251968503937));
#3269=CARTESIAN_POINT('Origin',(0.,0.,0.00984251968503937));
#3270=CARTESIAN_POINT('',(0.171259842519685,-2.09732817964212E-17,-1.31779016026611E-17));
#3271=CARTESIAN_POINT('',(0.171259842519685,-2.09732817964212E-17,0.));
#3272=CARTESIAN_POINT('Origin',(0.,0.,0.));
#3273=CARTESIAN_POINT('Origin',(0.,0.,0.25));
#3274=CARTESIAN_POINT('',(-0.177755905511811,-2.17688200714579E-17,0.263779527559055));
#3275=CARTESIAN_POINT('Origin',(0.,0.,0.263779527559055));
#3276=CARTESIAN_POINT('',(-0.191535433070866,-2.34563255033538E-17,0.25));
#3277=CARTESIAN_POINT('Origin',(-0.177755905511811,-2.17688200714579E-17,
0.25));
#3278=CARTESIAN_POINT('',(0.191535433070866,2.34563255033538E-17,0.25));
#3279=CARTESIAN_POINT('Origin',(0.,0.,0.25));
#3280=CARTESIAN_POINT('Origin',(0.,0.,0.25));
#3281=CARTESIAN_POINT('Origin',(0.,0.,0.0137795275590551));
#3282=CARTESIAN_POINT('',(0.191535433070866,2.34563255033538E-17,0.0137795275590551));
#3283=CARTESIAN_POINT('',(-0.191535433070866,-2.34563255033538E-17,0.0137795275590551));
#3284=CARTESIAN_POINT('Origin',(0.,0.,0.0137795275590551));
#3285=CARTESIAN_POINT('Origin',(0.,0.,0.0137795275590551));
#3286=CARTESIAN_POINT('',(-0.177755905511811,-2.17688200714579E-17,0.));
#3287=CARTESIAN_POINT('Origin',(-0.177755905511811,-2.17688200714579E-17,
0.0137795275590551));
#3288=CARTESIAN_POINT('Origin',(0.,0.,0.));
#3289=CARTESIAN_POINT('Origin',(0.,0.,0.263779527559055));
#3290=CARTESIAN_POINT('',(0.191535433070866,-2.34563255033538E-17,0.263779527559055));
#3291=CARTESIAN_POINT('Ctrl Pts',(-0.0236225072518787,-0.059219938019296,
0.00984251968503937));
#3292=CARTESIAN_POINT('Ctrl Pts',(-0.0236225072518787,-0.059219938019296,
-0.0255905511811024));
#3293=CARTESIAN_POINT('Ctrl Pts',(-0.0551237620637009,-0.0504741362199354,
-0.0255905511811024));
#3294=CARTESIAN_POINT('Ctrl Pts',(-0.0238804435190241,-0.105428613605546,
0.00984251968503937));
#3295=CARTESIAN_POINT('Ctrl Pts',(-0.0238804435190241,-0.105428613605546,
-0.0255905511811024));
#3296=CARTESIAN_POINT('Ctrl Pts',(-0.0551237620637009,-0.0504741362199354,
-0.0255905511811024));
#3297=CARTESIAN_POINT('Ctrl Pts',(-0.0697111665651351,-0.111332261259656,
0.00984251968503937));
#3298=CARTESIAN_POINT('Ctrl Pts',(-0.0697111665651351,-0.111332261259656,
-0.0255905511811024));
#3299=CARTESIAN_POINT('Ctrl Pts',(-0.0551237620637009,-0.0504741362199354,
-0.0255905511811024));
#3300=CARTESIAN_POINT('Ctrl Pts',(-0.0816710381778268,-0.0666974127490903,
0.00984251968503937));
#3301=CARTESIAN_POINT('Ctrl Pts',(-0.0816710381778268,-0.0666974127490903,
-0.0255905511811024));
#3302=CARTESIAN_POINT('Ctrl Pts',(-0.0551237620637009,-0.0504741362199354,
-0.0255905511811024));
#3303=CARTESIAN_POINT('',(-0.0816710381778269,-0.0666974127490903,0.00984251968503937));
#3304=CARTESIAN_POINT('',(-0.0236225072518788,-0.059219938019296,0.00984251968503937));
#3305=CARTESIAN_POINT('Origin',(-0.0531496062992126,-0.0590551181102362,
0.00984251968503937));
#3306=CARTESIAN_POINT('',(-0.0551237620637009,-0.0504741362199354,-0.0255905511811024));
#3307=CARTESIAN_POINT('Ctrl Pts',(-0.0816710381778269,-0.0666974127490903,
0.00984251968503937));
#3308=CARTESIAN_POINT('Ctrl Pts',(-0.0816710381778268,-0.0666974127490903,
-0.0255905511811024));
#3309=CARTESIAN_POINT('Ctrl Pts',(-0.0551237620637009,-0.0504741362199354,
-0.0255905511811024));
#3310=CARTESIAN_POINT('Ctrl Pts',(-0.0551237620637009,-0.0504741362199354,
-0.0255905511811024));
#3311=CARTESIAN_POINT('Ctrl Pts',(-0.0236225072518787,-0.059219938019296,
-0.0255905511811024));
#3312=CARTESIAN_POINT('Ctrl Pts',(-0.0236225072518788,-0.059219938019296,
0.00984251968503937));
#3313=CARTESIAN_POINT('',(-0.0629977778117324,-0.062992125984252,-0.0235580047138299));
#3314=CARTESIAN_POINT('',(-0.0629977778117324,-0.0748031496062992,-0.0184559849670023));
#3315=CARTESIAN_POINT('Ctrl Pts',(-0.0629977778117324,-0.0629921259842484,
-0.0235580047138146));
#3316=CARTESIAN_POINT('Ctrl Pts',(-0.0629977778117324,-0.0639015097701552,
-0.0233463995567025));
#3317=CARTESIAN_POINT('Ctrl Pts',(-0.0629977778117324,-0.0648048541362381,
-0.0231048676400472));
#3318=CARTESIAN_POINT('Ctrl Pts',(-0.0629977778117324,-0.0668679493786661,
-0.0224722037428866));
#3319=CARTESIAN_POINT('Ctrl Pts',(-0.0629977778119215,-0.0680219363816515,
-0.0220573287951831));
#3320=CARTESIAN_POINT('Ctrl Pts',(-0.0629977778119215,-0.0711408528124035,
-0.0207383257606616));
#3321=CARTESIAN_POINT('Ctrl Pts',(-0.0629977778117324,-0.073039481598268,
-0.0197073288954662));
#3322=CARTESIAN_POINT('Ctrl Pts',(-0.0629977778117324,-0.0748031496062948,
-0.0184559849669961));
#3323=CARTESIAN_POINT('',(-0.0472497463156695,-0.0748031496062992,-0.0192304362963552));
#3324=CARTESIAN_POINT('Ctrl Pts',(-0.0629977778117295,-0.0748031496062992,
-0.0184559849669941));
#3325=CARTESIAN_POINT('Ctrl Pts',(-0.0617559201033842,-0.0748031496062992,
-0.018899915958319));
#3326=CARTESIAN_POINT('Ctrl Pts',(-0.0604757247213365,-0.0748031496062992,
-0.0192370222684786));
#3327=CARTESIAN_POINT('Ctrl Pts',(-0.0578689314247689,-0.0748031496062992,
-0.0197226474569073));
#3328=CARTESIAN_POINT('Ctrl Pts',(-0.0565343692573138,-0.0748031496062992,
-0.0198703299142746));
#3329=CARTESIAN_POINT('Ctrl Pts',(-0.0538427585342762,-0.0748031496062992,
-0.0199892182380117));
#3330=CARTESIAN_POINT('Ctrl Pts',(-0.0524708758007044,-0.0748031496062992,
-0.0199572818438434));
#3331=CARTESIAN_POINT('Ctrl Pts',(-0.0498171938787158,-0.0748031496062992,
-0.0197185020949332));
#3332=CARTESIAN_POINT('Ctrl Pts',(-0.0485211064935588,-0.0748031496062992,
-0.0195180489703736));
#3333=CARTESIAN_POINT('Ctrl Pts',(-0.0472497463156695,-0.0748031496062992,
-0.0192304362963551));
#3334=CARTESIAN_POINT('',(-0.0472497463156695,-0.062992125984252,-0.0238688676665716));
#3335=CARTESIAN_POINT('Ctrl Pts',(-0.0472497463156694,-0.0748031496062992,
-0.0192304362963551));
#3336=CARTESIAN_POINT('Ctrl Pts',(-0.0472497463156694,-0.0730106057093904,
-0.0203808917304533));
#3337=CARTESIAN_POINT('Ctrl Pts',(-0.0472497463158153,-0.0710989206250402,
-0.021321247879483));
#3338=CARTESIAN_POINT('Ctrl Pts',(-0.0472497463158153,-0.067987369834915,
-0.0225159305479947));
#3339=CARTESIAN_POINT('Ctrl Pts',(-0.0472497463156694,-0.0668415957761352,
-0.0228899534375767));
#3340=CARTESIAN_POINT('Ctrl Pts',(-0.0472497463156694,-0.0647932867762269,
-0.0234604693944977));
#3341=CARTESIAN_POINT('Ctrl Pts',(-0.0472497463156695,-0.063895235627683,
-0.0236783092567123));
#3342=CARTESIAN_POINT('Ctrl Pts',(-0.0472497463156695,-0.062992125984252,
-0.0238688676665715));
#3343=CARTESIAN_POINT('Ctrl Pts',(-0.0472497463156695,-0.062992125984252,
-0.0238688676665715));
#3344=CARTESIAN_POINT('Ctrl Pts',(-0.0485086527945148,-0.062992125984252,
-0.0240749324427156));
#3345=CARTESIAN_POINT('Ctrl Pts',(-0.0497856576337814,-0.062992125984252,
-0.0242204722978467));
#3346=CARTESIAN_POINT('Ctrl Pts',(-0.0524093266926745,-0.062992125984252,
-0.0244105739671798));
#3347=CARTESIAN_POINT('Ctrl Pts',(-0.0537855502882315,-0.062992125984252,
-0.0244501172729128));
#3348=CARTESIAN_POINT('Ctrl Pts',(-0.0564984285162515,-0.062992125984252,
-0.0244117418561651));
#3349=CARTESIAN_POINT('Ctrl Pts',(-0.0578747483078205,-0.0629921259841533,
-0.0243330402243501));
#3350=CARTESIAN_POINT('Ctrl Pts',(-0.0604919077161879,-0.0629921259841533,
-0.024044148173777));
#3351=CARTESIAN_POINT('Ctrl Pts',(-0.0617556980633489,-0.062992125984252,
-0.023840743949235));
#3352=CARTESIAN_POINT('Ctrl Pts',(-0.0629977778117289,-0.062992125984252,
-0.0235580047138145));
#3353=CARTESIAN_POINT('Ctrl Pts',(0.0816710381778268,-0.0666974127490903,
0.00984251968503937));
#3354=CARTESIAN_POINT('Ctrl Pts',(0.0816710381778268,-0.0666974127490903,
-0.0255905511811024));
#3355=CARTESIAN_POINT('Ctrl Pts',(0.0551237620637009,-0.0504741362199354,
-0.0255905511811024));
#3356=CARTESIAN_POINT('Ctrl Pts',(0.069711166565135,-0.111332261259656,
0.00984251968503937));
#3357=CARTESIAN_POINT('Ctrl Pts',(0.069711166565135,-0.111332261259656,
-0.0255905511811024));
#3358=CARTESIAN_POINT('Ctrl Pts',(0.0551237620637009,-0.0504741362199354,
-0.0255905511811024));
#3359=CARTESIAN_POINT('Ctrl Pts',(0.0238804435190241,-0.105428613605546,
0.00984251968503937));
#3360=CARTESIAN_POINT('Ctrl Pts',(0.0238804435190241,-0.105428613605546,
-0.0255905511811024));
#3361=CARTESIAN_POINT('Ctrl Pts',(0.0551237620637009,-0.0504741362199354,
-0.0255905511811024));
#3362=CARTESIAN_POINT('Ctrl Pts',(0.0236225072518787,-0.0592199380192961,
0.00984251968503937));
#3363=CARTESIAN_POINT('Ctrl Pts',(0.0236225072518787,-0.0592199380192961,
-0.0255905511811024));
#3364=CARTESIAN_POINT('Ctrl Pts',(0.0551237620637009,-0.0504741362199354,
-0.0255905511811024));
#3365=CARTESIAN_POINT('',(0.0236225072518787,-0.059219938019296,0.00984251968503937));
#3366=CARTESIAN_POINT('',(0.0816710381778268,-0.0666974127490903,0.00984251968503937));
#3367=CARTESIAN_POINT('Origin',(0.0531496062992126,-0.0590551181102362,
0.00984251968503937));
#3368=CARTESIAN_POINT('',(0.0551237620637009,-0.0504741362199354,-0.0255905511811024));
#3369=CARTESIAN_POINT('Ctrl Pts',(0.0236225072518787,-0.059219938019296,
0.00984251968503937));
#3370=CARTESIAN_POINT('Ctrl Pts',(0.0236225072518787,-0.0592199380192961,
-0.0255905511811024));
#3371=CARTESIAN_POINT('Ctrl Pts',(0.0551237620637009,-0.0504741362199354,
-0.0255905511811024));
#3372=CARTESIAN_POINT('Ctrl Pts',(0.0551237620637009,-0.0504741362199354,
-0.0255905511811024));
#3373=CARTESIAN_POINT('Ctrl Pts',(0.0816710381778268,-0.0666974127490903,
-0.0255905511811024));
#3374=CARTESIAN_POINT('Ctrl Pts',(0.0816710381778268,-0.0666974127490903,
0.00984251968503937));
#3375=CARTESIAN_POINT('',(0.0629977778117324,-0.062992125984252,-0.0235580047138138));
#3376=CARTESIAN_POINT('',(0.0472497463156694,-0.062992125984252,-0.0238688676665716));
#3377=CARTESIAN_POINT('Ctrl Pts',(0.0629977778117324,-0.062992125984252,
-0.0235580047138137));
#3378=CARTESIAN_POINT('Ctrl Pts',(0.0617557329885631,-0.062992125984252,
-0.0238407359990787));
#3379=CARTESIAN_POINT('Ctrl Pts',(0.0604919790010088,-0.0629921259841533,
-0.024044136697317));
#3380=CARTESIAN_POINT('Ctrl Pts',(0.0578748974534186,-0.0629921259841533,
-0.0243330276178165));
#3381=CARTESIAN_POINT('Ctrl Pts',(0.0564986218363089,-0.062992125984252,
-0.0244117322856626));
#3382=CARTESIAN_POINT('Ctrl Pts',(0.0537857438873013,-0.062992125984252,
-0.0244501213566182));
#3383=CARTESIAN_POINT('Ctrl Pts',(0.0524094765876044,-0.062992125984252,
-0.0244105816215346));
#3384=CARTESIAN_POINT('Ctrl Pts',(0.0497855992761614,-0.062992125984252,
-0.0242204710809725));
#3385=CARTESIAN_POINT('Ctrl Pts',(0.048508816165827,-0.062992125984252,
-0.0240749591842357));
#3386=CARTESIAN_POINT('Ctrl Pts',(0.0472497463156695,-0.062992125984252,
-0.0238688676665716));
#3387=CARTESIAN_POINT('',(0.0472497463156694,-0.0748031496062992,-0.0192304362963552));
#3388=CARTESIAN_POINT('Ctrl Pts',(0.0472497463156695,-0.0629921259842519,
-0.0238688676665716));
#3389=CARTESIAN_POINT('Ctrl Pts',(0.0472497463156695,-0.0638953537781906,
-0.0236782843266576));
#3390=CARTESIAN_POINT('Ctrl Pts',(0.0472497463156694,-0.0647935219670365,
-0.0234604123485098));
#3391=CARTESIAN_POINT('Ctrl Pts',(0.0472497463156694,-0.0668421483172776,
-0.0228897885044114));
#3392=CARTESIAN_POINT('Ctrl Pts',(0.0472497463157917,-0.0679881200634642,
-0.0225156791561718));
#3393=CARTESIAN_POINT('Ctrl Pts',(0.0472497463157917,-0.0710995230704896,
-0.0213209516650292));
#3394=CARTESIAN_POINT('Ctrl Pts',(0.0472497463156695,-0.0730108884698206,
-0.0203807102546892));
#3395=CARTESIAN_POINT('Ctrl Pts',(0.0472497463156695,-0.0748031496062992,
-0.0192304362963552));
#3396=CARTESIAN_POINT('',(0.0629977778117324,-0.0748031496062992,-0.018455984966993));
#3397=CARTESIAN_POINT('Ctrl Pts',(0.0472497463156695,-0.0748031496062992,
-0.0192304362963551));
#3398=CARTESIAN_POINT('Ctrl Pts',(0.0485132354470841,-0.0748031496062992,
-0.0195162683477277));
#3399=CARTESIAN_POINT('Ctrl Pts',(0.0498011095978022,-0.0748031496060932,
-0.0197160090774141));
#3400=CARTESIAN_POINT('Ctrl Pts',(0.0524367986754849,-0.0748031496060932,
-0.0199552871448936));
#3401=CARTESIAN_POINT('Ctrl Pts',(0.0537985846514925,-0.0748031496062992,
-0.0199886956162078));
#3402=CARTESIAN_POINT('Ctrl Pts',(0.0564901176077065,-0.0748031496062992,
-0.0198746454340036));
#3403=CARTESIAN_POINT('Ctrl Pts',(0.0578345917323959,-0.0748031496062992,
-0.0197277552456515));
#3404=CARTESIAN_POINT('Ctrl Pts',(0.0604595699112059,-0.0748031496062992,
-0.0192412818807469));
#3405=CARTESIAN_POINT('Ctrl Pts',(0.0617479076141411,-0.0748031496062992,
-0.0189027802094075));
#3406=CARTESIAN_POINT('Ctrl Pts',(0.0629977778117325,-0.0748031496062992,
-0.018455984966993));
#3407=CARTESIAN_POINT('Ctrl Pts',(0.0629977778117324,-0.0748031496062992,
-0.018455984966993));
#3408=CARTESIAN_POINT('Ctrl Pts',(0.0629977778117324,-0.073039452461246,
-0.0197073495685386));
#3409=CARTESIAN_POINT('Ctrl Pts',(0.0629977778119271,-0.071140790185134,
-0.0207383597448503));
#3410=CARTESIAN_POINT('Ctrl Pts',(0.0629977778119271,-0.068021857731922,
-0.0220573578102535));
#3411=CARTESIAN_POINT('Ctrl Pts',(0.0629977778117324,-0.0668678915236589,
-0.0224722227475375));
#3412=CARTESIAN_POINT('Ctrl Pts',(0.0629977778117324,-0.0648048296231488,
-0.0231048741936539));
#3413=CARTESIAN_POINT('Ctrl Pts',(0.0629977778117324,-0.0639014974435599,
-0.0233464024249866));
#3414=CARTESIAN_POINT('Ctrl Pts',(0.0629977778117324,-0.062992125984252,
-0.0235580047138137));
#3415=CARTESIAN_POINT('Origin',(0.,0.,0.00984251968503937));
#3416=CARTESIAN_POINT('',(0.153543307086614,1.88036319554121E-17,0.00984251968503937));
#3417=CARTESIAN_POINT('Origin',(0.,0.,0.00984251968503937));
#3418=CARTESIAN_POINT('Origin',(0.,0.,0.00984251968503937));
#3419=CARTESIAN_POINT('',(0.0942679656590036,0.0196850393700787,0.00984251968503937));
#3420=CARTESIAN_POINT('',(0.0816710381778268,0.0666974127490903,0.00984251968503937));
#3421=CARTESIAN_POINT('',(0.0928744691839094,0.0248856390152981,0.00984251968503937));
#3422=CARTESIAN_POINT('',(0.0236225072518787,0.059219938019296,0.00984251968503937));
#3423=CARTESIAN_POINT('Origin',(0.0531496062992126,0.0590551181102362,0.00984251968503937));
#3424=CARTESIAN_POINT('',(0.0234018239267201,0.0196850393700787,0.00984251968503937));
#3425=CARTESIAN_POINT('',(0.0232912165540711,-0.000130011288551609,0.00984251968503937));
#3426=CARTESIAN_POINT('',(0.,0.0196850393700787,0.00984251968503937));
#3427=CARTESIAN_POINT('',(-0.0234018239267201,0.0196850393700787,0.00984251968503937));
#3428=CARTESIAN_POINT('',(-0.0236225072518787,0.059219938019296,0.00984251968503937));
#3429=CARTESIAN_POINT('',(-0.0232912165540712,-0.000130011288551605,0.00984251968503937));
#3430=CARTESIAN_POINT('',(-0.0816710381778269,0.0666974127490903,0.00984251968503937));
#3431=CARTESIAN_POINT('Origin',(-0.0531496062992126,0.0590551181102362,
0.00984251968503937));
#3432=CARTESIAN_POINT('',(-0.0942679656590036,0.0196850393700788,0.00984251968503937));
#3433=CARTESIAN_POINT('',(-0.0928744691839094,0.0248856390152981,0.00984251968503937));
#3434=CARTESIAN_POINT('',(4.74279165566712E-18,0.0196850393700787,0.00984251968503937));
#3435=CARTESIAN_POINT('',(-0.0916120637176481,-0.029597000355138,0.00984251968503937));
#3436=CARTESIAN_POINT('',(-0.0928744691839094,-0.0248856390152981,0.00984251968503937));
#3437=CARTESIAN_POINT('',(-0.0234460219266009,-0.0276030070938595,0.00984251968503937));
#3438=CARTESIAN_POINT('',(-0.0232912165540712,0.000130011288551603,0.00984251968503937));
#3439=CARTESIAN_POINT('',(-0.0313199150058899,-0.0196850393700787,0.00984251968503937));
#3440=CARTESIAN_POINT('Origin',(-0.0313199150058899,-0.0275590551181102,
0.00984251968503937));
#3441=CARTESIAN_POINT('',(-0.0840063485500177,-0.0196850393700787,0.00984251968503937));
#3442=CARTESIAN_POINT('',(1.59482870194512E-18,-0.0196850393700787,0.00984251968503937));
#3443=CARTESIAN_POINT('Origin',(-0.0840063485500177,-0.0275590551181102,
0.00984251968503937));
#3444=CARTESIAN_POINT('',(0.0234460219266008,-0.0276030070938595,0.00984251968503937));
#3445=CARTESIAN_POINT('',(0.0232912165540711,0.000130011288551596,0.00984251968503937));
#3446=CARTESIAN_POINT('',(0.0916120637176481,-0.029597000355138,0.00984251968503937));
#3447=CARTESIAN_POINT('',(0.0928744691839094,-0.0248856390152981,0.00984251968503937));
#3448=CARTESIAN_POINT('',(0.0840063485500176,-0.0196850393700788,0.00984251968503937));
#3449=CARTESIAN_POINT('Origin',(0.0840063485500176,-0.0275590551181102,
0.00984251968503937));
#3450=CARTESIAN_POINT('',(0.0313199150058899,-0.0196850393700787,0.00984251968503937));
#3451=CARTESIAN_POINT('',(-6.3793148077805E-18,-0.0196850393700787,0.00984251968503937));
#3452=CARTESIAN_POINT('Origin',(0.0313199150058899,-0.0275590551181102,
0.00984251968503937));
#3453=CARTESIAN_POINT('Origin',(0.,0.,0.00984251968503937));
#3454=CARTESIAN_POINT('Origin',(0.,0.,0.263779527559055));
#3455=CARTESIAN_POINT('Origin',(0.,0.,0.));
#3456=CARTESIAN_POINT('Origin',(0.,0.,0.00984251968503937));
#3457=CARTESIAN_POINT('Ctrl Pts',(0.0236225072518787,-0.0592199380192961,
0.00984251968503937));
#3458=CARTESIAN_POINT('Ctrl Pts',(0.0236225072518787,-0.0592199380192961,
-0.0255905511811024));
#3459=CARTESIAN_POINT('Ctrl Pts',(0.0551237620637009,-0.0504741362199354,
-0.0255905511811024));
#3460=CARTESIAN_POINT('Ctrl Pts',(0.0234460219266008,-0.0276030070938595,
0.00984251968503937));
#3461=CARTESIAN_POINT('Ctrl Pts',(0.0234460219266008,-0.0276030070938595,
-0.0255905511811024));
#3462=CARTESIAN_POINT('Ctrl Pts',(0.0551237620637009,-0.0504741362199354,
-0.0255905511811024));
#3463=CARTESIAN_POINT('Ctrl Pts',(0.0234460219266008,-0.0276030070938595,
0.00984251968503937));
#3464=CARTESIAN_POINT('Ctrl Pts',(0.0234460219266008,-0.0276030070938595,
-0.0255905511811024));
#3465=CARTESIAN_POINT('Ctrl Pts',(0.0551237620637009,-0.0504741362199354,
-0.0255905511811024));
#3466=CARTESIAN_POINT('Ctrl Pts',(0.0916120637176481,-0.029597000355138,
0.00984251968503937));
#3467=CARTESIAN_POINT('Ctrl Pts',(0.0916120637176481,-0.029597000355138,
-0.0255905511811024));
#3468=CARTESIAN_POINT('Ctrl Pts',(0.0551237620637009,-0.0504741362199354,
-0.0255905511811024));
#3469=CARTESIAN_POINT('Ctrl Pts',(0.0816710381778268,-0.0666974127490903,
0.00984251968503937));
#3470=CARTESIAN_POINT('Ctrl Pts',(0.0816710381778268,-0.0666974127490903,
-0.0255905511811024));
#3471=CARTESIAN_POINT('Ctrl Pts',(0.0551237620637009,-0.0504741362199354,
-0.0255905511811024));
#3472=CARTESIAN_POINT('Ctrl Pts',(0.0916120637176481,-0.029597000355138,
0.00984251968503937));
#3473=CARTESIAN_POINT('Ctrl Pts',(0.0916120637176481,-0.029597000355138,
-0.0255905511811024));
#3474=CARTESIAN_POINT('Ctrl Pts',(0.0551237620637009,-0.0504741362199354,
-0.0255905511811024));
#3475=CARTESIAN_POINT('Ctrl Pts',(0.0234460219266008,-0.0276030070938595,
0.00984251968503937));
#3476=CARTESIAN_POINT('Ctrl Pts',(0.0234460219266008,-0.0276030070938595,
-0.0255905511811024));
#3477=CARTESIAN_POINT('Ctrl Pts',(0.0551237620637009,-0.0504741362199354,
-0.0255905511811024));
#3478=CARTESIAN_POINT('Ctrl Pts',(0.0234201613595397,-0.0229701473295972,
0.00984251968503937));
#3479=CARTESIAN_POINT('Ctrl Pts',(0.0234201613595397,-0.0229701473295972,
-0.0255905511811024));
#3480=CARTESIAN_POINT('Ctrl Pts',(0.0551237620637009,-0.0504741362199354,
-0.0255905511811024));
#3481=CARTESIAN_POINT('Ctrl Pts',(0.0266869830655038,-0.0196850393700787,
0.00984251968503937));
#3482=CARTESIAN_POINT('Ctrl Pts',(0.0266869830655038,-0.0196850393700787,
-0.0255905511811024));
#3483=CARTESIAN_POINT('Ctrl Pts',(0.0551237620637009,-0.0504741362199354,
-0.0255905511811024));
#3484=CARTESIAN_POINT('Ctrl Pts',(0.0313199150058899,-0.0196850393700787,
0.00984251968503937));
#3485=CARTESIAN_POINT('Ctrl Pts',(0.0313199150058899,-0.0196850393700787,
-0.0255905511811024));
#3486=CARTESIAN_POINT('Ctrl Pts',(0.0551237620637009,-0.0504741362199354,
-0.0255905511811024));
#3487=CARTESIAN_POINT('Ctrl Pts',(0.0313199150058899,-0.0196850393700787,
0.00984251968503937));
#3488=CARTESIAN_POINT('Ctrl Pts',(0.0313199150058899,-0.0196850393700787,
-0.0255905511811024));
#3489=CARTESIAN_POINT('Ctrl Pts',(0.0551237620637009,-0.0504741362199354,
-0.0255905511811024));
#3490=CARTESIAN_POINT('Ctrl Pts',(0.0313199150058898,-0.0196850393700787,
0.00984251968503937));
#3491=CARTESIAN_POINT('Ctrl Pts',(0.0313199150058898,-0.0196850393700787,
-0.0255905511811024));
#3492=CARTESIAN_POINT('Ctrl Pts',(0.0551237620637009,-0.0504741362199354,
-0.0255905511811024));
#3493=CARTESIAN_POINT('Ctrl Pts',(0.0840063485500176,-0.0196850393700788,
0.00984251968503937));
#3494=CARTESIAN_POINT('Ctrl Pts',(0.0840063485500176,-0.0196850393700788,
-0.0255905511811024));
#3495=CARTESIAN_POINT('Ctrl Pts',(0.0551237620637009,-0.0504741362199354,
-0.0255905511811024));
#3496=CARTESIAN_POINT('Ctrl Pts',(0.0840063485500176,-0.0196850393700788,
0.00984251968503937));
#3497=CARTESIAN_POINT('Ctrl Pts',(0.0840063485500176,-0.0196850393700788,
-0.0255905511811024));
#3498=CARTESIAN_POINT('Ctrl Pts',(0.0551237620637009,-0.0504741362199354,
-0.0255905511811024));
#3499=CARTESIAN_POINT('Ctrl Pts',(0.0840063485500176,-0.0196850393700788,
0.00984251968503937));
#3500=CARTESIAN_POINT('Ctrl Pts',(0.0840063485500176,-0.0196850393700788,
-0.0255905511811024));
#3501=CARTESIAN_POINT('Ctrl Pts',(0.0551237620637009,-0.0504741362199354,
-0.0255905511811024));
#3502=CARTESIAN_POINT('Ctrl Pts',(0.0896404520927351,-0.0196850393700788,
0.00984251968503937));
#3503=CARTESIAN_POINT('Ctrl Pts',(0.0896404520927351,-0.0196850393700788,
-0.0255905511811024));
#3504=CARTESIAN_POINT('Ctrl Pts',(0.0551237620637009,-0.0504741362199354,
-0.0255905511811024));
#3505=CARTESIAN_POINT('Ctrl Pts',(0.093070277016583,-0.0241548742352404,
0.00984251968503937));
#3506=CARTESIAN_POINT('Ctrl Pts',(0.093070277016583,-0.0241548742352404,
-0.0255905511811024));
#3507=CARTESIAN_POINT('Ctrl Pts',(0.0551237620637009,-0.0504741362199354,
-0.0255905511811024));
#3508=CARTESIAN_POINT('Ctrl Pts',(0.0916120637176481,-0.029597000355138,
0.00984251968503937));
#3509=CARTESIAN_POINT('Ctrl Pts',(0.0916120637176481,-0.029597000355138,
-0.0255905511811024));
#3510=CARTESIAN_POINT('Ctrl Pts',(0.0551237620637009,-0.0504741362199354,
-0.0255905511811024));
#3511=CARTESIAN_POINT('Ctrl Pts',(-0.0816710381778269,-0.0666974127490903,
0.00984251968503937));
#3512=CARTESIAN_POINT('Ctrl Pts',(-0.0816710381778269,-0.0666974127490903,
-0.0255905511811024));
#3513=CARTESIAN_POINT('Ctrl Pts',(-0.0551237620637009,-0.0504741362199354,
-0.0255905511811024));
#3514=CARTESIAN_POINT('Ctrl Pts',(-0.0916120637176481,-0.029597000355138,
0.00984251968503937));
#3515=CARTESIAN_POINT('Ctrl Pts',(-0.0916120637176481,-0.029597000355138,
-0.0255905511811024));
#3516=CARTESIAN_POINT('Ctrl Pts',(-0.0551237620637009,-0.0504741362199354,
-0.0255905511811024));
#3517=CARTESIAN_POINT('Ctrl Pts',(-0.0916120637176481,-0.029597000355138,
0.00984251968503937));
#3518=CARTESIAN_POINT('Ctrl Pts',(-0.0916120637176481,-0.029597000355138,
-0.0255905511811024));
#3519=CARTESIAN_POINT('Ctrl Pts',(-0.0551237620637009,-0.0504741362199354,
-0.0255905511811024));
#3520=CARTESIAN_POINT('Ctrl Pts',(-0.0234460219266009,-0.0276030070938595,
0.00984251968503937));
#3521=CARTESIAN_POINT('Ctrl Pts',(-0.0234460219266009,-0.0276030070938595,
-0.0255905511811024));
#3522=CARTESIAN_POINT('Ctrl Pts',(-0.0551237620637009,-0.0504741362199354,
-0.0255905511811024));
#3523=CARTESIAN_POINT('Ctrl Pts',(-0.0236225072518788,-0.059219938019296,
0.00984251968503937));
#3524=CARTESIAN_POINT('Ctrl Pts',(-0.0236225072518788,-0.059219938019296,
-0.0255905511811024));
#3525=CARTESIAN_POINT('Ctrl Pts',(-0.0551237620637009,-0.0504741362199354,
-0.0255905511811024));
#3526=CARTESIAN_POINT('Ctrl Pts',(-0.0234460219266009,-0.0276030070938595,
0.00984251968503937));
#3527=CARTESIAN_POINT('Ctrl Pts',(-0.0234460219266009,-0.0276030070938595,
-0.0255905511811024));
#3528=CARTESIAN_POINT('Ctrl Pts',(-0.0551237620637009,-0.0504741362199354,
-0.0255905511811024));
#3529=CARTESIAN_POINT('Ctrl Pts',(-0.0916120637176481,-0.029597000355138,
0.00984251968503937));
#3530=CARTESIAN_POINT('Ctrl Pts',(-0.0916120637176481,-0.029597000355138,
-0.0255905511811024));
#3531=CARTESIAN_POINT('Ctrl Pts',(-0.0551237620637009,-0.0504741362199354,
-0.0255905511811024));
#3532=CARTESIAN_POINT('Ctrl Pts',(-0.093070277016583,-0.0241548742352404,
0.00984251968503937));
#3533=CARTESIAN_POINT('Ctrl Pts',(-0.093070277016583,-0.0241548742352404,
-0.0255905511811024));
#3534=CARTESIAN_POINT('Ctrl Pts',(-0.0551237620637009,-0.0504741362199354,
-0.0255905511811024));
#3535=CARTESIAN_POINT('Ctrl Pts',(-0.0896404520927352,-0.0196850393700787,
0.00984251968503937));
#3536=CARTESIAN_POINT('Ctrl Pts',(-0.0896404520927352,-0.0196850393700787,
-0.0255905511811024));
#3537=CARTESIAN_POINT('Ctrl Pts',(-0.0551237620637009,-0.0504741362199354,
-0.0255905511811024));
#3538=CARTESIAN_POINT('Ctrl Pts',(-0.0840063485500177,-0.0196850393700787,
0.00984251968503937));
#3539=CARTESIAN_POINT('Ctrl Pts',(-0.0840063485500177,-0.0196850393700787,
-0.0255905511811024));
#3540=CARTESIAN_POINT('Ctrl Pts',(-0.0551237620637009,-0.0504741362199354,
-0.0255905511811024));
#3541=CARTESIAN_POINT('Ctrl Pts',(-0.0840063485500177,-0.0196850393700787,
0.00984251968503937));
#3542=CARTESIAN_POINT('Ctrl Pts',(-0.0840063485500177,-0.0196850393700787,
-0.0255905511811024));
#3543=CARTESIAN_POINT('Ctrl Pts',(-0.0551237620637009,-0.0504741362199354,
-0.0255905511811024));
#3544=CARTESIAN_POINT('Ctrl Pts',(-0.0840063485500177,-0.0196850393700787,
0.00984251968503937));
#3545=CARTESIAN_POINT('Ctrl Pts',(-0.0840063485500177,-0.0196850393700787,
-0.0255905511811024));
#3546=CARTESIAN_POINT('Ctrl Pts',(-0.0551237620637009,-0.0504741362199354,
-0.0255905511811024));
#3547=CARTESIAN_POINT('Ctrl Pts',(-0.0313199150058899,-0.0196850393700787,
0.00984251968503937));
#3548=CARTESIAN_POINT('Ctrl Pts',(-0.0313199150058899,-0.0196850393700787,
-0.0255905511811024));
#3549=CARTESIAN_POINT('Ctrl Pts',(-0.0551237620637009,-0.0504741362199354,
-0.0255905511811024));
#3550=CARTESIAN_POINT('Ctrl Pts',(-0.0313199150058899,-0.0196850393700787,
0.00984251968503937));
#3551=CARTESIAN_POINT('Ctrl Pts',(-0.0313199150058899,-0.0196850393700787,
-0.0255905511811024));
#3552=CARTESIAN_POINT('Ctrl Pts',(-0.0551237620637009,-0.0504741362199354,
-0.0255905511811024));
#3553=CARTESIAN_POINT('Ctrl Pts',(-0.0313199150058899,-0.0196850393700787,
0.00984251968503937));
#3554=CARTESIAN_POINT('Ctrl Pts',(-0.0313199150058899,-0.0196850393700787,
-0.0255905511811024));
#3555=CARTESIAN_POINT('Ctrl Pts',(-0.0551237620637009,-0.0504741362199354,
-0.0255905511811024));
#3556=CARTESIAN_POINT('Ctrl Pts',(-0.0266869830655038,-0.0196850393700787,
0.00984251968503937));
#3557=CARTESIAN_POINT('Ctrl Pts',(-0.0266869830655038,-0.0196850393700787,
-0.0255905511811024));
#3558=CARTESIAN_POINT('Ctrl Pts',(-0.0551237620637009,-0.0504741362199354,
-0.0255905511811024));
#3559=CARTESIAN_POINT('Ctrl Pts',(-0.0234201613595398,-0.0229701473295972,
0.00984251968503937));
#3560=CARTESIAN_POINT('Ctrl Pts',(-0.0234201613595398,-0.0229701473295972,
-0.0255905511811024));
#3561=CARTESIAN_POINT('Ctrl Pts',(-0.0551237620637009,-0.0504741362199354,
-0.0255905511811024));
#3562=CARTESIAN_POINT('Ctrl Pts',(-0.0234460219266009,-0.0276030070938595,
0.00984251968503937));
#3563=CARTESIAN_POINT('Ctrl Pts',(-0.0234460219266009,-0.0276030070938595,
-0.0255905511811024));
#3564=CARTESIAN_POINT('Ctrl Pts',(-0.0551237620637009,-0.0504741362199354,
-0.0255905511811024));
#3565=CARTESIAN_POINT('Origin',(0.0472497463156694,-0.0748031496062992,
-0.46259842519685));
#3566=CARTESIAN_POINT('',(0.0472497463156694,-0.062992125984252,-0.46259842519685));
#3567=CARTESIAN_POINT('',(0.0472497463156694,-0.062992125984252,-0.46259842519685));
#3568=CARTESIAN_POINT('',(0.0472497463156694,-0.0748031496062992,-0.46259842519685));
#3569=CARTESIAN_POINT('',(0.0472497463156694,-0.0748031496062992,-0.46259842519685));
#3570=CARTESIAN_POINT('',(0.0472497463156694,-0.0748031496062992,-0.46259842519685));
#3571=CARTESIAN_POINT('Origin',(0.0629977778117324,-0.062992125984252,-0.46259842519685));
#3572=CARTESIAN_POINT('',(0.0629977778117324,-0.062992125984252,-0.46259842519685));
#3573=CARTESIAN_POINT('',(0.0629977778117324,-0.062992125984252,-0.46259842519685));
#3574=CARTESIAN_POINT('',(0.0629977778117324,-0.062992125984252,-0.46259842519685));
#3575=CARTESIAN_POINT('Origin',(0.0629977778117324,-0.0748031496062992,
-0.46259842519685));
#3576=CARTESIAN_POINT('',(0.0629977778117324,-0.0748031496062992,-0.46259842519685));
#3577=CARTESIAN_POINT('',(0.0629977778117324,-0.0748031496062992,-0.46259842519685));
#3578=CARTESIAN_POINT('',(0.0629977778117324,-0.0748031496062992,-0.46259842519685));
#3579=CARTESIAN_POINT('Origin',(0.0629977778117324,-0.0748031496062992,
-0.46259842519685));
#3580=CARTESIAN_POINT('',(0.0629977778117324,-0.0748031496062992,-0.46259842519685));
#3581=CARTESIAN_POINT('Origin',(0.,0.,-0.46259842519685));
#3582=CARTESIAN_POINT('Origin',(-0.0629977778117324,-0.0748031496062992,
-0.46259842519685));
#3583=CARTESIAN_POINT('',(-0.0629977778117324,-0.0748031496062992,-0.46259842519685));
#3584=CARTESIAN_POINT('',(-0.0629977778117324,-0.0748031496062992,-0.46259842519685));
#3585=CARTESIAN_POINT('',(-0.0472497463156695,-0.0748031496062992,-0.46259842519685));
#3586=CARTESIAN_POINT('',(-0.0629977778117324,-0.0748031496062992,-0.46259842519685));
#3587=CARTESIAN_POINT('',(-0.0472497463156695,-0.0748031496062992,-0.46259842519685));
#3588=CARTESIAN_POINT('Origin',(-0.0629977778117324,-0.0748031496062992,
-0.46259842519685));
#3589=CARTESIAN_POINT('',(-0.0629977778117324,-0.062992125984252,-0.46259842519685));
#3590=CARTESIAN_POINT('',(-0.0629977778117324,-0.062992125984252,-0.46259842519685));
#3591=CARTESIAN_POINT('',(-0.0629977778117324,-0.0748031496062992,-0.46259842519685));
#3592=CARTESIAN_POINT('Origin',(-0.0629977778117324,-0.062992125984252,
-0.46259842519685));
#3593=CARTESIAN_POINT('',(-0.0472497463156695,-0.062992125984252,-0.46259842519685));
#3594=CARTESIAN_POINT('',(-0.0472497463156695,-0.062992125984252,-0.46259842519685));
#3595=CARTESIAN_POINT('',(-0.0629977778117324,-0.062992125984252,-0.46259842519685));
#3596=CARTESIAN_POINT('Origin',(-0.0472497463156695,-0.0748031496062992,
-0.46259842519685));
#3597=CARTESIAN_POINT('',(-0.0472497463156695,-0.0748031496062992,-0.46259842519685));
#3598=CARTESIAN_POINT('Origin',(0.,0.,-0.46259842519685));
#3599=CARTESIAN_POINT('Origin',(0.,0.,0.268110236220472));
#3600=CARTESIAN_POINT('',(0.,0.,0.));
#3601=CARTESIAN_POINT('Origin',(0.,0.,0.136842105263157));
#3602=CARTESIAN_POINT('',(-0.225919418358073,-2.76671492557446E-17,-0.305664950015147));
#3603=CARTESIAN_POINT('Origin',(0.,0.,-0.305664950015147));
#3604=CARTESIAN_POINT('Origin',(0.,0.,-0.25));
#3605=CARTESIAN_POINT('',(-0.26,-3.18408167778312E-17,-0.25));
#3606=CARTESIAN_POINT('Origin',(0.,0.,-0.25));
#3607=CARTESIAN_POINT('Origin',(-0.1975,-2.41867742831602E-17,-0.25));
#3608=CARTESIAN_POINT('Origin',(0.,0.,-0.25));
#3609=CARTESIAN_POINT('',(-0.21875,-2.67891487313483E-17,0.));
#3610=CARTESIAN_POINT('Origin',(0.,0.,0.));
#3611=CARTESIAN_POINT('',(-0.21875,-2.67891487313483E-17,-0.25));
#3612=CARTESIAN_POINT('',(-0.21875,-2.67891487313483E-17,-0.25));
#3613=CARTESIAN_POINT('Origin',(0.,0.,-0.25));
#3614=CARTESIAN_POINT('Origin',(0.,0.,0.));
#3615=CARTESIAN_POINT('Origin',(0.,0.,-0.25));
#3616=CARTESIAN_POINT('',(0.,0.,0.));
#3617=CARTESIAN_POINT('Origin',(0.,0.,0.805));
#3618=CARTESIAN_POINT('',(0.0779422863405994,-0.195,0.805));
#3619=CARTESIAN_POINT('',(-0.0779422863405994,-0.195,0.805));
#3620=CARTESIAN_POINT('Origin',(0.,0.,0.805));
#3621=CARTESIAN_POINT('',(0.0779422863405994,-0.195,-0.805));
#3622=CARTESIAN_POINT('',(0.0779422863405994,-0.195,0.805));
#3623=CARTESIAN_POINT('',(-0.0779422863405994,-0.195,-0.805));
#3624=CARTESIAN_POINT('Origin',(0.,0.,-0.805));
#3625=CARTESIAN_POINT('',(-0.0779422863405994,-0.195,0.805));
#3626=CARTESIAN_POINT('Origin',(0.,0.,0.805));
#3627=CARTESIAN_POINT('',(0.145,-1.77573785876366E-17,0.805));
#3628=CARTESIAN_POINT('Origin',(0.,0.,0.805));
#3629=CARTESIAN_POINT('',(0.145,-1.77573785876366E-17,-0.805));
#3630=CARTESIAN_POINT('',(0.145,-1.77573785876366E-17,0.805));
#3631=CARTESIAN_POINT('Origin',(0.,0.,-0.805));
#3632=CARTESIAN_POINT('',(-0.0307575757575758,-0.141700287697368,-0.6875));
#3633=CARTESIAN_POINT('',(0.0307575757575757,-0.141700287697368,-0.6875));
#3634=CARTESIAN_POINT('Origin',(0.,0.,-0.6875));
#3635=CARTESIAN_POINT('',(0.0659090909090909,-0.129154913710386,-0.6475));
#3636=CARTESIAN_POINT('Ctrl Pts',(0.0307575757575757,-0.141700287697368,
-0.6875));
#3637=CARTESIAN_POINT('Ctrl Pts',(0.0345300577565692,-0.140881429791265,
-0.68749999921246));
#3638=CARTESIAN_POINT('Ctrl Pts',(0.0382300264831275,-0.139912363264743,
-0.686794991121565));
#3639=CARTESIAN_POINT('Ctrl Pts',(0.0416671991834315,-0.138883260815891,
-0.685521997594682));
#3640=CARTESIAN_POINT('Ctrl Pts',(0.0425179721928861,-0.138628536173347,
-0.685206904747068));
#3641=CARTESIAN_POINT('Ctrl Pts',(0.0433528004478245,-0.138370044199594,
-0.684856831488387));
#3642=CARTESIAN_POINT('Ctrl Pts',(0.0441690643922435,-0.138108992298089,
-0.684473513303577));
#3643=CARTESIAN_POINT('Ctrl Pts',(0.0444146306209597,-0.138030457001522,
-0.684358195211083));
#3644=CARTESIAN_POINT('Ctrl Pts',(0.0446588341159875,-0.137951608284307,
-0.684239766586861));
#3645=CARTESIAN_POINT('Ctrl Pts',(0.0449016294922259,-0.137872490929113,
-0.684118283792621));
#3646=CARTESIAN_POINT('Ctrl Pts',(0.0481683959264603,-0.136807981693726,
-0.682483755488547));
#3647=CARTESIAN_POINT('Ctrl Pts',(0.0511772732756585,-0.135696125373645,
-0.680292150138198));
#3648=CARTESIAN_POINT('Ctrl Pts',(0.0537947510695903,-0.134651457795334,
-0.677710088018484));
#3649=CARTESIAN_POINT('Ctrl Pts',(0.0543540540400365,-0.134428233101305,
-0.677158352673573));
#3650=CARTESIAN_POINT('Ctrl Pts',(0.0548956525224041,-0.134208000933928,
-0.676588832761253));
#3651=CARTESIAN_POINT('Ctrl Pts',(0.0554185339050959,-0.133991738941963,
-0.676003203579211));
#3652=CARTESIAN_POINT('Ctrl Pts',(0.0556773991200212,-0.133884673154419,
-0.675713273531796));
#3653=CARTESIAN_POINT('Ctrl Pts',(0.0559320086257995,-0.13377847541828,
-0.675418990041816));
#3654=CARTESIAN_POINT('Ctrl Pts',(0.0561822538308154,-0.133673279502249,
-0.67512060974286));
#3655=CARTESIAN_POINT('Ctrl Pts',(0.0577428836181908,-0.133017235443152,
-0.673259790141987));
#3656=CARTESIAN_POINT('Ctrl Pts',(0.0591368703262644,-0.132399112605691,
-0.671234924112572));
#3657=CARTESIAN_POINT('Ctrl Pts',(0.0603476164666816,-0.131845029381973,
-0.66908704805061));
#3658=CARTESIAN_POINT('Ctrl Pts',(0.0609529895368902,-0.131567987770114,
-0.668013110019629));
#3659=CARTESIAN_POINT('Ctrl Pts',(0.0615124754361881,-0.131306939907255,
-0.666908345907807));
#3660=CARTESIAN_POINT('Ctrl Pts',(0.062023483036993,-0.131065158798675,
-0.665777668349809));
#3661=CARTESIAN_POINT('Ctrl Pts',(0.0624150012329582,-0.130879913602126,
-0.664911378226084));
#3662=CARTESIAN_POINT('Ctrl Pts',(0.062778309838664,-0.130705857465683,
-0.664029488072829));
#3663=CARTESIAN_POINT('Ctrl Pts',(0.063111983283885,-0.130544542463957,
-0.663135584669418));
#3664=CARTESIAN_POINT('Ctrl Pts',(0.0632138187586884,-0.130495309928288,
-0.662862769799615));
#3665=CARTESIAN_POINT('Ctrl Pts',(0.0633129099148629,-0.130447286612549,
-0.662588658145437));
#3666=CARTESIAN_POINT('Ctrl Pts',(0.0634092447067663,-0.130400492260043,
-0.662313395660962));
#3667=CARTESIAN_POINT('Ctrl Pts',(0.0638212294425732,-0.130200371840683,
-0.661136209934984));
#3668=CARTESIAN_POINT('Ctrl Pts',(0.0641818055565962,-0.130023223141553,
-0.659939311075021));
#3669=CARTESIAN_POINT('Ctrl Pts',(0.0644920940515601,-0.129869550537519,
-0.658727262341198));
#3670=CARTESIAN_POINT('Ctrl Pts',(0.0652537611572266,-0.129492329437047,
-0.655752038747666));
#3671=CARTESIAN_POINT('Ctrl Pts',(0.0657157504035025,-0.129254933994821,
-0.652685479093187));
#3672=CARTESIAN_POINT('Ctrl Pts',(0.065860579628901,-0.12918006573566,-0.649577076773125));
#3673=CARTESIAN_POINT('Ctrl Pts',(0.0658927523064653,-0.129163434338542,
-0.648886569554654));
#3674=CARTESIAN_POINT('Ctrl Pts',(0.0659090907923824,-0.129154913769943,
-0.648194015659904));
#3675=CARTESIAN_POINT('Ctrl Pts',(0.0659090909090909,-0.129154913710386,
-0.6475));
#3676=CARTESIAN_POINT('',(0.0659090909090909,-0.129154913710386,-0.4775));
#3677=CARTESIAN_POINT('',(0.0659090909090909,-0.129154913710386,0.805));
#3678=CARTESIAN_POINT('',(0.0307575757575757,-0.141700287697368,-0.4375));
#3679=CARTESIAN_POINT('Ctrl Pts',(0.0659090909090909,-0.129154913710386,
-0.4775));
#3680=CARTESIAN_POINT('Ctrl Pts',(0.0659090904624724,-0.1291549139383,-0.472799282382354));
#3681=CARTESIAN_POINT('Ctrl Pts',(0.0651738978596012,-0.129538629406135,
-0.468133211438614));
#3682=CARTESIAN_POINT('Ctrl Pts',(0.0637680991784198,-0.130225651698651,
-0.463755404565835));
#3683=CARTESIAN_POINT('Ctrl Pts',(0.0635612163013483,-0.130326756608188,
-0.463111149244481));
#3684=CARTESIAN_POINT('Ctrl Pts',(0.0633397891099521,-0.130434426818165,
-0.462473227208715));
#3685=CARTESIAN_POINT('Ctrl Pts',(0.0631040053271936,-0.130548399116709,
-0.46184254916245));
#3686=CARTESIAN_POINT('Ctrl Pts',(0.0616756818488645,-0.131238816871423,
-0.458022047810712));
#3687=CARTESIAN_POINT('Ctrl Pts',(0.059701910711424,-0.13216507610876,-0.454422367755555));
#3688=CARTESIAN_POINT('Ctrl Pts',(0.0572679632386569,-0.133211660339117,
-0.451237083073346));
#3689=CARTESIAN_POINT('Ctrl Pts',(0.0569146184072794,-0.133363596702796,
-0.450774663940839));
#3690=CARTESIAN_POINT('Ctrl Pts',(0.056551592699504,-0.133518033654256,
-0.450321059503073));
#3691=CARTESIAN_POINT('Ctrl Pts',(0.0561791682199976,-0.133674578305039,
-0.449876949600608));
#3692=CARTESIAN_POINT('Ctrl Pts',(0.0559284303072274,-0.133779973307657,
-0.449577948873985));
#3693=CARTESIAN_POINT('Ctrl Pts',(0.0556732267351697,-0.133886409826142,
-0.449282978840028));
#3694=CARTESIAN_POINT('Ctrl Pts',(0.0554136646770984,-0.133993752779364,
-0.448992322680964));
#3695=CARTESIAN_POINT('Ctrl Pts',(0.0529725452923912,-0.135003287708574,
-0.446258770676308));
#3696=CARTESIAN_POINT('Ctrl Pts',(0.0501283313447557,-0.136098828927207,
-0.443878788665686));
#3697=CARTESIAN_POINT('Ctrl Pts',(0.0469751252371575,-0.137179422726512,
-0.442011996594841));
#3698=CARTESIAN_POINT('Ctrl Pts',(0.046292377643514,-0.137413398175946,
-0.441607789654124));
#3699=CARTESIAN_POINT('Ctrl Pts',(0.0455953112940851,-0.137646595069402,
-0.44122757769646));
#3700=CARTESIAN_POINT('Ctrl Pts',(0.0448851419583181,-0.137877879758283,
-0.440872850089773));
#3701=CARTESIAN_POINT('Ctrl Pts',(0.0446417750976875,-0.137957138360154,
-0.440751289020222));
#3702=CARTESIAN_POINT('Ctrl Pts',(0.0443968938542326,-0.138036164514768,
-0.440632722965025));
#3703=CARTESIAN_POINT('Ctrl Pts',(0.0441505291358663,-0.138114918734644,
-0.440517198315726));
#3704=CARTESIAN_POINT('Ctrl Pts',(0.0406635838071751,-0.139229573710129,
-0.438882109740979));
#3705=CARTESIAN_POINT('Ctrl Pts',(0.0369031494631662,-0.140281105030138,
-0.437864696013196));
#3706=CARTESIAN_POINT('Ctrl Pts',(0.0329907034474829,-0.141196598160393,
-0.437580920266098));
#3707=CARTESIAN_POINT('Ctrl Pts',(0.0322514001913771,-0.141369591487184,
-0.43752729746006));
#3708=CARTESIAN_POINT('Ctrl Pts',(0.0315067218125922,-0.141537677466189,
-0.437500000180155));
#3709=CARTESIAN_POINT('Ctrl Pts',(0.0307575757575757,-0.141700287697368,
-0.4375));
#3710=CARTESIAN_POINT('',(-0.0307575757575758,-0.141700287697368,-0.4375));
#3711=CARTESIAN_POINT('Origin',(0.,0.,-0.4375));
#3712=CARTESIAN_POINT('',(-0.0659090909090909,-0.129154913710386,-0.4775));
#3713=CARTESIAN_POINT('Ctrl Pts',(-0.0307575757575758,-0.141700287697368,
-0.4375));
#3714=CARTESIAN_POINT('Ctrl Pts',(-0.0345300577567147,-0.140881429791233,
-0.43750000078754));
#3715=CARTESIAN_POINT('Ctrl Pts',(-0.0382300264834118,-0.139912363264669,
-0.438205008878486));
#3716=CARTESIAN_POINT('Ctrl Pts',(-0.041667199183828,-0.138883260815773,
-0.439478002405464));
#3717=CARTESIAN_POINT('Ctrl Pts',(-0.0425179721931451,-0.138628536173267,
-0.439793095253041));
#3718=CARTESIAN_POINT('Ctrl Pts',(-0.0433528004479507,-0.138370044199554,
-0.440143168511674));
#3719=CARTESIAN_POINT('Ctrl Pts',(-0.0441690643922428,-0.138108992298089,
-0.440526486696425));
#3720=CARTESIAN_POINT('Ctrl Pts',(-0.0444146306209589,-0.138030457001522,
-0.440641804788919));
#3721=CARTESIAN_POINT('Ctrl Pts',(-0.0446588341159865,-0.137951608284308,
-0.440760233413142));
#3722=CARTESIAN_POINT('Ctrl Pts',(-0.0449016294922248,-0.137872490929113,
-0.440881716207382));
#3723=CARTESIAN_POINT('Ctrl Pts',(-0.0481683959263513,-0.136807981693761,
-0.442516244511404));
#3724=CARTESIAN_POINT('Ctrl Pts',(-0.0511772732754609,-0.135696125373718,
-0.444707849861659));
#3725=CARTESIAN_POINT('Ctrl Pts',(-0.0537947510693332,-0.134651457795436,
-0.447289911981262));
#3726=CARTESIAN_POINT('Ctrl Pts',(-0.0543540540398704,-0.134428233101372,
-0.447841647326252));
#3727=CARTESIAN_POINT('Ctrl Pts',(-0.054895652522324,-0.134208000933961,
-0.448411167238657));
#3728=CARTESIAN_POINT('Ctrl Pts',(-0.0554185339050959,-0.133991738941963,
-0.448996796420789));
#3729=CARTESIAN_POINT('Ctrl Pts',(-0.0556773991200213,-0.133884673154419,
-0.449286726468204));
#3730=CARTESIAN_POINT('Ctrl Pts',(-0.0559320086257996,-0.13377847541828,
-0.449581009958183));
#3731=CARTESIAN_POINT('Ctrl Pts',(-0.0561822538308155,-0.133673279502249,
-0.44987939025714));
#3732=CARTESIAN_POINT('Ctrl Pts',(-0.057742883618191,-0.133017235443152,
-0.451740209858013));
#3733=CARTESIAN_POINT('Ctrl Pts',(-0.0591368703262647,-0.132399112605691,
-0.453765075887428));
#3734=CARTESIAN_POINT('Ctrl Pts',(-0.060347616466682,-0.131845029381973,
-0.45591295194939));
#3735=CARTESIAN_POINT('Ctrl Pts',(-0.0609529895368907,-0.131567987770114,
-0.456986889980371));
#3736=CARTESIAN_POINT('Ctrl Pts',(-0.0615124754361886,-0.131306939907255,
-0.458091654092193));
#3737=CARTESIAN_POINT('Ctrl Pts',(-0.0620234830369932,-0.131065158798675,
-0.459222331650191));
#3738=CARTESIAN_POINT('Ctrl Pts',(-0.0624150012329582,-0.130879913602126,
-0.460088621773916));
#3739=CARTESIAN_POINT('Ctrl Pts',(-0.0627783098386641,-0.130705857465683,
-0.460970511927171));
#3740=CARTESIAN_POINT('Ctrl Pts',(-0.063111983283885,-0.130544542463957,
-0.461864415330582));
#3741=CARTESIAN_POINT('Ctrl Pts',(-0.0632138187586883,-0.130495309928288,
-0.462137230200385));
#3742=CARTESIAN_POINT('Ctrl Pts',(-0.0633129099148628,-0.130447286612549,
-0.462411341854563));
#3743=CARTESIAN_POINT('Ctrl Pts',(-0.0634092447067662,-0.130400492260043,
-0.462686604339038));
#3744=CARTESIAN_POINT('Ctrl Pts',(-0.0638212294425731,-0.130200371840683,
-0.463863790065015));
#3745=CARTESIAN_POINT('Ctrl Pts',(-0.0641818055565965,-0.130023223141553,
-0.465060688924978));
#3746=CARTESIAN_POINT('Ctrl Pts',(-0.0644920940515608,-0.129869550537519,
-0.466272737658802));
#3747=CARTESIAN_POINT('Ctrl Pts',(-0.0652537611572006,-0.12949232943706,
-0.469247961252225));
#3748=CARTESIAN_POINT('Ctrl Pts',(-0.0657157504034722,-0.129254933994836,
-0.472314520906589));
#3749=CARTESIAN_POINT('Ctrl Pts',(-0.0658605796288869,-0.129180065735667,
-0.475422923226536));
#3750=CARTESIAN_POINT('Ctrl Pts',(-0.0658927523064611,-0.129163434338545,
-0.476113430445119));
#3751=CARTESIAN_POINT('Ctrl Pts',(-0.065909090792383,-0.129154913769943,
-0.476805984339982));
#3752=CARTESIAN_POINT('Ctrl Pts',(-0.0659090909090906,-0.129154913710386,
-0.4775));
#3753=CARTESIAN_POINT('',(-0.0659090909090909,-0.129154913710386,-0.6475));
#3754=CARTESIAN_POINT('',(-0.0659090909090909,-0.129154913710386,0.805));
#3755=CARTESIAN_POINT('Ctrl Pts',(-0.0659090909090909,-0.129154913710386,
-0.6475));
#3756=CARTESIAN_POINT('Ctrl Pts',(-0.065909090462474,-0.129154913938299,
-0.652200717617625));
#3757=CARTESIAN_POINT('Ctrl Pts',(-0.065173897859608,-0.129538629406131,
-0.656866788561341));
#3758=CARTESIAN_POINT('Ctrl Pts',(-0.06376809917844,-0.130225651698642,
-0.661244595434101));
#3759=CARTESIAN_POINT('Ctrl Pts',(-0.0635612163013627,-0.130326756608181,
-0.661888850755477));
#3760=CARTESIAN_POINT('Ctrl Pts',(-0.0633397891099598,-0.130434426818161,
-0.662526772791264));
#3761=CARTESIAN_POINT('Ctrl Pts',(-0.0631040053271937,-0.130548399116709,
-0.66315745083755));
#3762=CARTESIAN_POINT('Ctrl Pts',(-0.0616756818488892,-0.131238816871411,
-0.666977952189224));
#3763=CARTESIAN_POINT('Ctrl Pts',(-0.0597019107114883,-0.13216507610873,
-0.670577632244329));
#3764=CARTESIAN_POINT('Ctrl Pts',(-0.0572679632387756,-0.133211660339066,
-0.673762916926499));
#3765=CARTESIAN_POINT('Ctrl Pts',(-0.0569146184073608,-0.133363596702761,
-0.67422533605906));
#3766=CARTESIAN_POINT('Ctrl Pts',(-0.0565515926995459,-0.133518033654238,
-0.674678940496878));
#3767=CARTESIAN_POINT('Ctrl Pts',(-0.0561791682199979,-0.133674578305039,
-0.675123050399393));
#3768=CARTESIAN_POINT('Ctrl Pts',(-0.0559284303072277,-0.133779973307657,
-0.675422051126016));
#3769=CARTESIAN_POINT('Ctrl Pts',(-0.05567322673517,-0.133886409826142,
-0.675717021159973));
#3770=CARTESIAN_POINT('Ctrl Pts',(-0.0554136646770986,-0.133993752779364,
-0.676007677319036));
#3771=CARTESIAN_POINT('Ctrl Pts',(-0.0529725452923997,-0.135003287708571,
-0.678741229323682));
#3772=CARTESIAN_POINT('Ctrl Pts',(-0.0501283313447727,-0.1360988289272,
-0.681121211334296));
#3773=CARTESIAN_POINT('Ctrl Pts',(-0.0469751252371861,-0.137179422726502,
-0.682988003405139));
#3774=CARTESIAN_POINT('Ctrl Pts',(-0.0462923776435331,-0.137413398175939,
-0.683392210345862));
#3775=CARTESIAN_POINT('Ctrl Pts',(-0.0455953112940944,-0.137646595069398,
-0.683772422303532));
#3776=CARTESIAN_POINT('Ctrl Pts',(-0.0448851419583174,-0.137877879758283,
-0.684127149910225));
#3777=CARTESIAN_POINT('Ctrl Pts',(-0.0446417750976869,-0.137957138360155,
-0.684248710979776));
#3778=CARTESIAN_POINT('Ctrl Pts',(-0.044396893854232,-0.138036164514768,
-0.684367277034973));
#3779=CARTESIAN_POINT('Ctrl Pts',(-0.0441505291358658,-0.138114918734644,
-0.684482801684272));
#3780=CARTESIAN_POINT('Ctrl Pts',(-0.040663583807042,-0.139229573710171,
-0.686117890259084));
#3781=CARTESIAN_POINT('Ctrl Pts',(-0.036903149462879,-0.140281105030219,
-0.687135303986873));
#3782=CARTESIAN_POINT('Ctrl Pts',(-0.0329907034470346,-0.141196598160498,
-0.687419079733929));
#3783=CARTESIAN_POINT('Ctrl Pts',(-0.0322514001910761,-0.141369591487252,
-0.687472702539947));
#3784=CARTESIAN_POINT('Ctrl Pts',(-0.0315067218124408,-0.141537677466222,
-0.687499999819843));
#3785=CARTESIAN_POINT('Ctrl Pts',(-0.0307575757575758,-0.141700287697368,
-0.6875));
#3786=CARTESIAN_POINT('',(0.0659090909090909,-0.129154913710386,0.4775));
#3787=CARTESIAN_POINT('',(0.0659090909090909,-0.129154913710386,0.6475));
#3788=CARTESIAN_POINT('',(0.0659090909090909,-0.129154913710386,0.805));
#3789=CARTESIAN_POINT('',(0.0307575757575757,-0.141700287697368,0.6875));
#3790=CARTESIAN_POINT('Ctrl Pts',(0.0659090909090909,-0.129154913710386,
0.6475));
#3791=CARTESIAN_POINT('Ctrl Pts',(0.0659090904624737,-0.129154913938299,
0.652200717617624));
#3792=CARTESIAN_POINT('Ctrl Pts',(0.0651738978596089,-0.129538629406131,
0.65686678856134));
#3793=CARTESIAN_POINT('Ctrl Pts',(0.0637680991784409,-0.130225651698641,
0.661244595434099));
#3794=CARTESIAN_POINT('Ctrl Pts',(0.0635612163013634,-0.130326756608181,
0.661888850755475));
#3795=CARTESIAN_POINT('Ctrl Pts',(0.0633397891099602,-0.130434426818161,
0.662526772791263));
#3796=CARTESIAN_POINT('Ctrl Pts',(0.0631040053271937,-0.130548399116709,
0.66315745083755));
#3797=CARTESIAN_POINT('Ctrl Pts',(0.0616756818488871,-0.131238816871412,
0.666977952189227));
#3798=CARTESIAN_POINT('Ctrl Pts',(0.0597019107114847,-0.132165076108731,
0.670577632244336));
#3799=CARTESIAN_POINT('Ctrl Pts',(0.0572679632387691,-0.133211660339069,
0.673762916926508));
#3800=CARTESIAN_POINT('Ctrl Pts',(0.0569146184073563,-0.133363596702763,
0.674225336059065));
#3801=CARTESIAN_POINT('Ctrl Pts',(0.0565515926995436,-0.133518033654239,
0.674678940496881));
#3802=CARTESIAN_POINT('Ctrl Pts',(0.0561791682199979,-0.133674578305039,
0.675123050399392));
#3803=CARTESIAN_POINT('Ctrl Pts',(0.0559284303072277,-0.133779973307657,
0.675422051126016));
#3804=CARTESIAN_POINT('Ctrl Pts',(0.05567322673517,-0.133886409826142,0.675717021159973));
#3805=CARTESIAN_POINT('Ctrl Pts',(0.0554136646770986,-0.133993752779364,
0.676007677319036));
#3806=CARTESIAN_POINT('Ctrl Pts',(0.052972545292392,-0.135003287708574,
0.67874122932369));
#3807=CARTESIAN_POINT('Ctrl Pts',(0.0501283313447551,-0.136098828927207,
0.68112121133431));
#3808=CARTESIAN_POINT('Ctrl Pts',(0.0469751252371571,-0.137179422726512,
0.682988003405155));
#3809=CARTESIAN_POINT('Ctrl Pts',(0.0462923776435134,-0.137413398175946,
0.683392210345872));
#3810=CARTESIAN_POINT('Ctrl Pts',(0.0455953112940843,-0.137646595069402,
0.683772422303537));
#3811=CARTESIAN_POINT('Ctrl Pts',(0.0448851419583173,-0.137877879758283,
0.684127149910225));
#3812=CARTESIAN_POINT('Ctrl Pts',(0.0446417750976867,-0.137957138360155,
0.684248710979776));
#3813=CARTESIAN_POINT('Ctrl Pts',(0.0443968938542318,-0.138036164514768,
0.684367277034973));
#3814=CARTESIAN_POINT('Ctrl Pts',(0.0441505291358657,-0.138114918734644,
0.684482801684272));
#3815=CARTESIAN_POINT('Ctrl Pts',(0.0406635838070927,-0.139229573710155,
0.68611789025906));
#3816=CARTESIAN_POINT('Ctrl Pts',(0.0369031494629882,-0.140281105030188,
0.687135303986843));
#3817=CARTESIAN_POINT('Ctrl Pts',(0.0329907034472048,-0.141196598160458,
0.687419079733917));
#3818=CARTESIAN_POINT('Ctrl Pts',(0.0322514001911904,-0.141369591487226,
0.687472702539943));
#3819=CARTESIAN_POINT('Ctrl Pts',(0.0315067218124983,-0.141537677466209,
0.687499999819843));
#3820=CARTESIAN_POINT('Ctrl Pts',(0.0307575757575757,-0.141700287697368,
0.6875));
#3821=CARTESIAN_POINT('',(-0.0307575757575758,-0.141700287697368,0.6875));
#3822=CARTESIAN_POINT('Origin',(0.,0.,0.6875));
#3823=CARTESIAN_POINT('',(-0.0659090909090909,-0.129154913710386,0.6475));
#3824=CARTESIAN_POINT('Ctrl Pts',(-0.0307575757575758,-0.141700287697368,
0.6875));
#3825=CARTESIAN_POINT('Ctrl Pts',(-0.03453005775657,-0.140881429791265,
0.68749999921246));
#3826=CARTESIAN_POINT('Ctrl Pts',(-0.0382300264831294,-0.139912363264743,
0.686794991121567));
#3827=CARTESIAN_POINT('Ctrl Pts',(-0.0416671991834333,-0.138883260815891,
0.685521997594682));
#3828=CARTESIAN_POINT('Ctrl Pts',(-0.0425179721928869,-0.138628536173347,
0.685206904747067));
#3829=CARTESIAN_POINT('Ctrl Pts',(-0.0433528004478244,-0.138370044199594,
0.684856831488385));
#3830=CARTESIAN_POINT('Ctrl Pts',(-0.0441690643922425,-0.138108992298089,
0.684473513303574));
#3831=CARTESIAN_POINT('Ctrl Pts',(-0.0444146306209587,-0.138030457001522,
0.68435819521108));
#3832=CARTESIAN_POINT('Ctrl Pts',(-0.0446588341159862,-0.137951608284308,
0.684239766586857));
#3833=CARTESIAN_POINT('Ctrl Pts',(-0.0449016294922246,-0.137872490929113,
0.684118283792617));
#3834=CARTESIAN_POINT('Ctrl Pts',(-0.0481683959263775,-0.136807981693753,
0.682483755488581));
#3835=CARTESIAN_POINT('Ctrl Pts',(-0.05117727327551,-0.1356961253737,0.680292150138304));
#3836=CARTESIAN_POINT('Ctrl Pts',(-0.0537947510693974,-0.134651457795411,
0.677710088018674));
#3837=CARTESIAN_POINT('Ctrl Pts',(-0.054354054039912,-0.134428233101355,
0.677158352673704));
#3838=CARTESIAN_POINT('Ctrl Pts',(-0.0548956525223441,-0.134208000933953,
0.67658883276132));
#3839=CARTESIAN_POINT('Ctrl Pts',(-0.0554185339050959,-0.133991738941963,
0.676003203579211));
#3840=CARTESIAN_POINT('Ctrl Pts',(-0.0556773991200213,-0.133884673154419,
0.675713273531796));
#3841=CARTESIAN_POINT('Ctrl Pts',(-0.0559320086257995,-0.13377847541828,
0.675418990041817));
#3842=CARTESIAN_POINT('Ctrl Pts',(-0.0561822538308154,-0.133673279502249,
0.67512060974286));
#3843=CARTESIAN_POINT('Ctrl Pts',(-0.0577428836181908,-0.133017235443152,
0.673259790141987));
#3844=CARTESIAN_POINT('Ctrl Pts',(-0.0591368703262644,-0.132399112605691,
0.671234924112572));
#3845=CARTESIAN_POINT('Ctrl Pts',(-0.0603476164666816,-0.131845029381973,
0.66908704805061));
#3846=CARTESIAN_POINT('Ctrl Pts',(-0.0609529895368902,-0.131567987770114,
0.668013110019629));
#3847=CARTESIAN_POINT('Ctrl Pts',(-0.0615124754361882,-0.131306939907255,
0.666908345907807));
#3848=CARTESIAN_POINT('Ctrl Pts',(-0.0620234830369932,-0.131065158798675,
0.665777668349809));
#3849=CARTESIAN_POINT('Ctrl Pts',(-0.0624150012329585,-0.130879913602126,
0.664911378226084));
#3850=CARTESIAN_POINT('Ctrl Pts',(-0.0627783098386642,-0.130705857465683,
0.664029488072829));
#3851=CARTESIAN_POINT('Ctrl Pts',(-0.0631119832838851,-0.130544542463957,
0.663135584669418));
#3852=CARTESIAN_POINT('Ctrl Pts',(-0.0632138187586884,-0.130495309928288,
0.662862769799615));
#3853=CARTESIAN_POINT('Ctrl Pts',(-0.0633129099148629,-0.130447286612549,
0.662588658145436));
#3854=CARTESIAN_POINT('Ctrl Pts',(-0.0634092447067664,-0.130400492260043,
0.662313395660962));
#3855=CARTESIAN_POINT('Ctrl Pts',(-0.0638212294425733,-0.130200371840683,
0.661136209934984));
#3856=CARTESIAN_POINT('Ctrl Pts',(-0.0641818055565967,-0.130023223141552,
0.659939311075022));
#3857=CARTESIAN_POINT('Ctrl Pts',(-0.0644920940515611,-0.129869550537519,
0.658727262341198));
#3858=CARTESIAN_POINT('Ctrl Pts',(-0.0652537611572197,-0.12949232943705,
0.655752038747702));
#3859=CARTESIAN_POINT('Ctrl Pts',(-0.0657157504034952,-0.129254933994824,
0.65268547909326));
#3860=CARTESIAN_POINT('Ctrl Pts',(-0.0658605796288977,-0.129180065735661,
0.649577076773234));
#3861=CARTESIAN_POINT('Ctrl Pts',(-0.0658927523064649,-0.129163434338543,
0.648886569554727));
#3862=CARTESIAN_POINT('Ctrl Pts',(-0.0659090907923832,-0.129154913769943,
0.648194015659941));
#3863=CARTESIAN_POINT('Ctrl Pts',(-0.0659090909090909,-0.129154913710386,
0.6475));
#3864=CARTESIAN_POINT('',(-0.0659090909090909,-0.129154913710386,0.4775));
#3865=CARTESIAN_POINT('',(-0.0659090909090909,-0.129154913710386,0.805));
#3866=CARTESIAN_POINT('',(-0.0307575757575758,-0.141700287697368,0.4375));
#3867=CARTESIAN_POINT('Ctrl Pts',(-0.0659090909090909,-0.129154913710386,
0.4775));
#3868=CARTESIAN_POINT('Ctrl Pts',(-0.0659090904624745,-0.129154913938299,
0.472799282382351));
#3869=CARTESIAN_POINT('Ctrl Pts',(-0.0651738978596013,-0.129538629406135,
0.468133211438608));
#3870=CARTESIAN_POINT('Ctrl Pts',(-0.0637680991784175,-0.130225651698652,
0.463755404565827));
#3871=CARTESIAN_POINT('Ctrl Pts',(-0.0635612163013466,-0.130326756608189,
0.463111149244476));
#3872=CARTESIAN_POINT('Ctrl Pts',(-0.0633397891099512,-0.130434426818165,
0.462473227208712));
#3873=CARTESIAN_POINT('Ctrl Pts',(-0.0631040053271936,-0.130548399116709,
0.46184254916245));
#3874=CARTESIAN_POINT('Ctrl Pts',(-0.0616756818488638,-0.131238816871423,
0.458022047810712));
#3875=CARTESIAN_POINT('Ctrl Pts',(-0.059701910711423,-0.132165076108761,
0.454422367755553));
#3876=CARTESIAN_POINT('Ctrl Pts',(-0.0572679632386552,-0.133211660339118,
0.451237083073344));
#3877=CARTESIAN_POINT('Ctrl Pts',(-0.0569146184072782,-0.133363596702796,
0.450774663940838));
#3878=CARTESIAN_POINT('Ctrl Pts',(-0.0565515926995034,-0.133518033654256,
0.450321059503072));
#3879=CARTESIAN_POINT('Ctrl Pts',(-0.0561791682199976,-0.133674578305039,
0.449876949600608));
#3880=CARTESIAN_POINT('Ctrl Pts',(-0.0559284303072275,-0.133779973307657,
0.449577948873985));
#3881=CARTESIAN_POINT('Ctrl Pts',(-0.0556732267351698,-0.133886409826142,
0.449282978840028));
#3882=CARTESIAN_POINT('Ctrl Pts',(-0.0554136646770984,-0.133993752779364,
0.448992322680964));
#3883=CARTESIAN_POINT('Ctrl Pts',(-0.0529725452923977,-0.135003287708572,
0.446258770676315));
#3884=CARTESIAN_POINT('Ctrl Pts',(-0.0501283313447711,-0.136098828927201,
0.443878788665699));
#3885=CARTESIAN_POINT('Ctrl Pts',(-0.0469751252371829,-0.137179422726503,
0.442011996594856));
#3886=CARTESIAN_POINT('Ctrl Pts',(-0.0462923776435313,-0.13741339817594,
0.441607789654133));
#3887=CARTESIAN_POINT('Ctrl Pts',(-0.045595311294094,-0.137646595069399,
0.441227577696464));
#3888=CARTESIAN_POINT('Ctrl Pts',(-0.0448851419583182,-0.137877879758283,
0.440872850089773));
#3889=CARTESIAN_POINT('Ctrl Pts',(-0.0446417750976877,-0.137957138360154,
0.440751289020221));
#3890=CARTESIAN_POINT('Ctrl Pts',(-0.0443968938542327,-0.138036164514768,
0.440632722965024));
#3891=CARTESIAN_POINT('Ctrl Pts',(-0.0441505291358664,-0.138114918734644,
0.440517198315726));
#3892=CARTESIAN_POINT('Ctrl Pts',(-0.0406635838071152,-0.139229573710148,
0.438882109740951));
#3893=CARTESIAN_POINT('Ctrl Pts',(-0.0369031494630377,-0.140281105030174,
0.437864696013161));
#3894=CARTESIAN_POINT('Ctrl Pts',(-0.0329907034472826,-0.14119659816044,
0.437580920266084));
#3895=CARTESIAN_POINT('Ctrl Pts',(-0.0322514001912427,-0.141369591487214,
0.437527297460055));
#3896=CARTESIAN_POINT('Ctrl Pts',(-0.0315067218125246,-0.141537677466204,
0.437500000180154));
#3897=CARTESIAN_POINT('Ctrl Pts',(-0.0307575757575758,-0.141700287697368,
0.4375));
#3898=CARTESIAN_POINT('',(0.0307575757575757,-0.141700287697368,0.4375));
#3899=CARTESIAN_POINT('Origin',(0.,0.,0.4375));
#3900=CARTESIAN_POINT('Ctrl Pts',(0.0307575757575758,-0.141700287697368,
0.4375));
#3901=CARTESIAN_POINT('Ctrl Pts',(0.0345300577567004,-0.140881429791236,
0.43750000078754));
#3902=CARTESIAN_POINT('Ctrl Pts',(0.0382300264833838,-0.139912363264676,
0.43820500887848));
#3903=CARTESIAN_POINT('Ctrl Pts',(0.0416671991837889,-0.138883260815784,
0.439478002405449));
#3904=CARTESIAN_POINT('Ctrl Pts',(0.0425179721931196,-0.138628536173275,
0.43979309525303));
#3905=CARTESIAN_POINT('Ctrl Pts',(0.0433528004479382,-0.138370044199558,
0.440143168511668));
#3906=CARTESIAN_POINT('Ctrl Pts',(0.0441690643922427,-0.138108992298089,
0.440526486696425));
#3907=CARTESIAN_POINT('Ctrl Pts',(0.0444146306209589,-0.138030457001522,
0.440641804788919));
#3908=CARTESIAN_POINT('Ctrl Pts',(0.0446588341159865,-0.137951608284308,
0.440760233413142));
#3909=CARTESIAN_POINT('Ctrl Pts',(0.0449016294922248,-0.137872490929113,
0.440881716207382));
#3910=CARTESIAN_POINT('Ctrl Pts',(0.0481683959263554,-0.13680798169376,
0.442516244511406));
#3911=CARTESIAN_POINT('Ctrl Pts',(0.0511772732754683,-0.135696125373715,
0.444707849861665));
#3912=CARTESIAN_POINT('Ctrl Pts',(0.0537947510693431,-0.134651457795432,
0.447289911981272));
#3913=CARTESIAN_POINT('Ctrl Pts',(0.0543540540398769,-0.13442823310137,
0.447841647326259));
#3914=CARTESIAN_POINT('Ctrl Pts',(0.0548956525223271,-0.13420800093396,
0.44841116723866));
#3915=CARTESIAN_POINT('Ctrl Pts',(0.055418533905096,-0.133991738941963,
0.448996796420789));
#3916=CARTESIAN_POINT('Ctrl Pts',(0.0556773991200214,-0.133884673154419,
0.449286726468204));
#3917=CARTESIAN_POINT('Ctrl Pts',(0.0559320086257997,-0.13377847541828,
0.449581009958183));
#3918=CARTESIAN_POINT('Ctrl Pts',(0.0561822538308157,-0.133673279502249,
0.44987939025714));
#3919=CARTESIAN_POINT('Ctrl Pts',(0.0577428836181913,-0.133017235443152,
0.451740209858012));
#3920=CARTESIAN_POINT('Ctrl Pts',(0.059136870326265,-0.132399112605691,
0.453765075887428));
#3921=CARTESIAN_POINT('Ctrl Pts',(0.0603476164666822,-0.131845029381973,
0.45591295194939));
#3922=CARTESIAN_POINT('Ctrl Pts',(0.0609529895368908,-0.131567987770114,
0.456986889980371));
#3923=CARTESIAN_POINT('Ctrl Pts',(0.0615124754361886,-0.131306939907255,
0.458091654092193));
#3924=CARTESIAN_POINT('Ctrl Pts',(0.0620234830369933,-0.131065158798675,
0.459222331650191));
#3925=CARTESIAN_POINT('Ctrl Pts',(0.0624150012329582,-0.130879913602126,
0.460088621773916));
#3926=CARTESIAN_POINT('Ctrl Pts',(0.0627783098386637,-0.130705857465683,
0.460970511927171));
#3927=CARTESIAN_POINT('Ctrl Pts',(0.0631119832838846,-0.130544542463957,
0.461864415330582));
#3928=CARTESIAN_POINT('Ctrl Pts',(0.063213818758688,-0.130495309928288,
0.462137230200385));
#3929=CARTESIAN_POINT('Ctrl Pts',(0.0633129099148625,-0.13044728661255,
0.462411341854563));
#3930=CARTESIAN_POINT('Ctrl Pts',(0.0634092447067659,-0.130400492260043,
0.462686604339038));
#3931=CARTESIAN_POINT('Ctrl Pts',(0.0638212294425729,-0.130200371840683,
0.463863790065016));
#3932=CARTESIAN_POINT('Ctrl Pts',(0.0641818055565959,-0.130023223141553,
0.465060688924979));
#3933=CARTESIAN_POINT('Ctrl Pts',(0.0644920940515598,-0.12986955053752,
0.466272737658802));
#3934=CARTESIAN_POINT('Ctrl Pts',(0.065253761157202,-0.129492329437059,
0.469247961252239));
#3935=CARTESIAN_POINT('Ctrl Pts',(0.0657157504034728,-0.129254933994836,
0.472314520906618));
#3936=CARTESIAN_POINT('Ctrl Pts',(0.0658605796288871,-0.129180065735667,
0.475422923226579));
#3937=CARTESIAN_POINT('Ctrl Pts',(0.0658927523064604,-0.129163434338545,
0.476113430445148));
#3938=CARTESIAN_POINT('Ctrl Pts',(0.0659090907923822,-0.129154913769943,
0.476805984339997));
#3939=CARTESIAN_POINT('Ctrl Pts',(0.0659090909090906,-0.129154913710386,
0.4775));
#3940=CARTESIAN_POINT('Origin',(-0.0779422863405994,-0.195,0.805));
#3941=CARTESIAN_POINT('',(-0.0779422863405994,-0.195,-0.805));
#3942=CARTESIAN_POINT('',(-0.0779422863405994,-0.195,0.805));
#3943=CARTESIAN_POINT('',(0.035,-0.195,0.6675));
#3944=CARTESIAN_POINT('',(-0.035,-0.195,0.6675));
#3945=CARTESIAN_POINT('',(-0.055,-0.195,0.6675));
#3946=CARTESIAN_POINT('',(0.055,-0.195,0.6475));
#3947=CARTESIAN_POINT('Origin',(0.035,-0.195,0.6475));
#3948=CARTESIAN_POINT('',(0.055,-0.195,0.4775));
#3949=CARTESIAN_POINT('',(0.055,-0.195,0.4575));
#3950=CARTESIAN_POINT('',(0.035,-0.195,0.4575));
#3951=CARTESIAN_POINT('Origin',(0.035,-0.195,0.4775));
#3952=CARTESIAN_POINT('',(-0.035,-0.195,0.4575));
#3953=CARTESIAN_POINT('',(-0.055,-0.195,0.4575));
#3954=CARTESIAN_POINT('',(-0.055,-0.195,0.4775));
#3955=CARTESIAN_POINT('Origin',(-0.035,-0.195,0.4775));
#3956=CARTESIAN_POINT('',(-0.055,-0.195,0.6475));
#3957=CARTESIAN_POINT('',(-0.055,-0.195,0.4575));
#3958=CARTESIAN_POINT('Origin',(-0.035,-0.195,0.6475));
#3959=CARTESIAN_POINT('',(0.055,-0.195,-0.4775));
#3960=CARTESIAN_POINT('',(0.055,-0.195,-0.6475));
#3961=CARTESIAN_POINT('',(0.055,-0.195,-0.4575));
#3962=CARTESIAN_POINT('',(0.035,-0.195,-0.6675));
#3963=CARTESIAN_POINT('Origin',(0.035,-0.195,-0.6475));
#3964=CARTESIAN_POINT('',(-0.035,-0.195,-0.6675));
#3965=CARTESIAN_POINT('',(-0.055,-0.195,-0.6675));
#3966=CARTESIAN_POINT('',(-0.055,-0.195,-0.6475));
#3967=CARTESIAN_POINT('Origin',(-0.035,-0.195,-0.6475));
#3968=CARTESIAN_POINT('',(-0.055,-0.195,-0.4775));
#3969=CARTESIAN_POINT('',(-0.055,-0.195,-0.4575));
#3970=CARTESIAN_POINT('',(-0.035,-0.195,-0.4575));
#3971=CARTESIAN_POINT('Origin',(-0.035,-0.195,-0.4775));
#3972=CARTESIAN_POINT('',(0.035,-0.195,-0.4575));
#3973=CARTESIAN_POINT('',(-0.055,-0.195,-0.4575));
#3974=CARTESIAN_POINT('Origin',(0.035,-0.195,-0.4775));
#3975=CARTESIAN_POINT('Origin',(0.,0.,0.805));
#3976=CARTESIAN_POINT('Origin',(0.,0.,-0.805));
#3977=CARTESIAN_POINT('Origin',(0.055,0.21003937007874,0.4575));
#3978=CARTESIAN_POINT('',(0.055,-0.146969384566991,0.6475));
#3979=CARTESIAN_POINT('',(0.055,-0.134164078649987,0.6475));
#3980=CARTESIAN_POINT('',(0.055,-0.146969384566991,0.4775));
#3981=CARTESIAN_POINT('',(0.055,-0.146969384566991,0.4775));
#3982=CARTESIAN_POINT('',(0.055,-0.195,0.4775));
#3983=CARTESIAN_POINT('Origin',(-0.055,0.21003937007874,0.4575));
#3984=CARTESIAN_POINT('',(0.035,-0.161245154965971,0.4575));
#3985=CARTESIAN_POINT('',(0.035,-0.134164078649987,0.4575));
#3986=CARTESIAN_POINT('',(-0.035,-0.161245154965971,0.4575));
#3987=CARTESIAN_POINT('Origin',(0.,0.,0.4575));
#3988=CARTESIAN_POINT('',(-0.035,-0.195,0.4575));
#3989=CARTESIAN_POINT('Origin',(-0.055,0.21003937007874,0.6675));
#3990=CARTESIAN_POINT('',(-0.035,-0.161245154965971,0.6675));
#3991=CARTESIAN_POINT('',(-0.035,-0.134164078649987,0.6675));
#3992=CARTESIAN_POINT('',(0.035,-0.161245154965971,0.6675));
#3993=CARTESIAN_POINT('Origin',(0.,0.,0.6675));
#3994=CARTESIAN_POINT('',(0.035,-0.195,0.6675));
#3995=CARTESIAN_POINT('Origin',(-0.055,0.21003937007874,0.4575));
#3996=CARTESIAN_POINT('',(-0.055,-0.146969384566991,0.4775));
#3997=CARTESIAN_POINT('',(-0.055,-0.134164078649987,0.4775));
#3998=CARTESIAN_POINT('',(-0.055,-0.146969384566991,0.6475));
#3999=CARTESIAN_POINT('',(-0.055,-0.146969384566991,0.6475));
#4000=CARTESIAN_POINT('',(-0.055,-0.195,0.6475));
#4001=CARTESIAN_POINT('Origin',(0.035,0.21003937007874,0.4775));
#4002=CARTESIAN_POINT('Ctrl Pts',(0.055,-0.146969384566991,0.4775));
#4003=CARTESIAN_POINT('Ctrl Pts',(0.055,-0.146969384566991,0.47525504211691));
#4004=CARTESIAN_POINT('Ctrl Pts',(0.0546107142794949,-0.147374290675834,
0.473058372085588));
#4005=CARTESIAN_POINT('Ctrl Pts',(0.053933417658213,-0.148039198227238,
0.471059494241731));
#4006=CARTESIAN_POINT('Ctrl Pts',(0.0537740321051721,-0.148195668309136,
0.470589106171581));
#4007=CARTESIAN_POINT('Ctrl Pts',(0.0535986916219241,-0.148366604065364,
0.470129456456379));
#4008=CARTESIAN_POINT('Ctrl Pts',(0.0534086976501626,-0.148550254262033,
0.46968208142157));
#4009=CARTESIAN_POINT('Ctrl Pts',(0.0533481089658692,-0.148608819929582,
0.469539414449068));
#4010=CARTESIAN_POINT('Ctrl Pts',(0.0532860217697536,-0.148668649198356,
0.469397897003603));
#4011=CARTESIAN_POINT('Ctrl Pts',(0.0532224918445214,-0.148729660951964,
0.469257552848818));
#4012=CARTESIAN_POINT('Ctrl Pts',(0.0524094856327162,-0.149510441576147,
0.467461538305847));
#4013=CARTESIAN_POINT('Ctrl Pts',(0.0513597290354317,-0.150485071735614,
0.465849681564389));
#4014=CARTESIAN_POINT('Ctrl Pts',(0.0501489548073313,-0.151528954853858,
0.464443151141625));
#4015=CARTESIAN_POINT('Ctrl Pts',(0.0497903452603643,-0.151838134256122,
0.464026562131059));
#4016=CARTESIAN_POINT('Ctrl Pts',(0.0494173733474893,-0.152153669727064,
0.463627991746711));
#4017=CARTESIAN_POINT('Ctrl Pts',(0.0490314725396371,-0.152472915923102,
0.463248060538272));
#4018=CARTESIAN_POINT('Ctrl Pts',(0.0489425273970947,-0.152546498040151,
0.463160491311146));
#4019=CARTESIAN_POINT('Ctrl Pts',(0.0488528260856753,-0.152620321317101,
0.463073838655132));
#4020=CARTESIAN_POINT('Ctrl Pts',(0.0487623861094295,-0.152694359356517,
0.462988105820351));
#4021=CARTESIAN_POINT('Ctrl Pts',(0.0472621463509243,-0.153922519899942,
0.461565949239977));
#4022=CARTESIAN_POINT('Ctrl Pts',(0.0455615752277039,-0.155209081173237,
0.46039362172747));
#4023=CARTESIAN_POINT('Ctrl Pts',(0.0437115557480396,-0.156450186553137,
0.459497344811297));
#4024=CARTESIAN_POINT('Ctrl Pts',(0.0433567967819712,-0.156688180404658,
0.459325475122579));
#4025=CARTESIAN_POINT('Ctrl Pts',(0.0429964552314465,-0.156924507324063,
0.459163882774132));
#4026=CARTESIAN_POINT('Ctrl Pts',(0.0426307909240993,-0.157158401931678,
0.4590129496708));
#4027=CARTESIAN_POINT('Ctrl Pts',(0.0409580479043808,-0.158228360263338,
0.458322501382657));
#4028=CARTESIAN_POINT('Ctrl Pts',(0.0391467824662931,-0.159262885155509,
0.457844979947127));
#4029=CARTESIAN_POINT('Ctrl Pts',(0.0372483514158644,-0.160201017222463,
0.457628455533754));
#4030=CARTESIAN_POINT('Ctrl Pts',(0.0365107307956661,-0.160565521141053,
0.457544326656888));
#4031=CARTESIAN_POINT('Ctrl Pts',(0.0357600377789222,-0.160915206118293,
0.4575));
#4032=CARTESIAN_POINT('Ctrl Pts',(0.035,-0.161245154965971,0.4575));
#4033=CARTESIAN_POINT('Origin',(-0.035,0.21003937007874,0.6475));
#4034=CARTESIAN_POINT('Ctrl Pts',(-0.055,-0.146969384566991,0.6475));
#4035=CARTESIAN_POINT('Ctrl Pts',(-0.055,-0.146969384566991,0.649744957883259));
#4036=CARTESIAN_POINT('Ctrl Pts',(-0.0546107142794379,-0.147374290675896,
0.651941627914739));
#4037=CARTESIAN_POINT('Ctrl Pts',(-0.0539334176580611,-0.148039198227388,
0.653940505758718));
#4038=CARTESIAN_POINT('Ctrl Pts',(-0.0537740321050608,-0.148195668309246,
0.654410893828711));
#4039=CARTESIAN_POINT('Ctrl Pts',(-0.0535986916218638,-0.148366604065423,
0.654870543543763));
#4040=CARTESIAN_POINT('Ctrl Pts',(-0.0534086976501626,-0.148550254262033,
0.65531791857843));
#4041=CARTESIAN_POINT('Ctrl Pts',(-0.0533481089658691,-0.148608819929582,
0.655460585550932));
#4042=CARTESIAN_POINT('Ctrl Pts',(-0.0532860217697535,-0.148668649198356,
0.655602102996397));
#4043=CARTESIAN_POINT('Ctrl Pts',(-0.0532224918445214,-0.148729660951965,
0.655742447151182));
#4044=CARTESIAN_POINT('Ctrl Pts',(-0.0524094856326864,-0.149510441576176,
0.65753846169422));
#4045=CARTESIAN_POINT('Ctrl Pts',(-0.0513597290353555,-0.150485071735686,
0.659150318435729));
#4046=CARTESIAN_POINT('Ctrl Pts',(-0.0501489548071979,-0.151528954853973,
0.66055684885853));
#4047=CARTESIAN_POINT('Ctrl Pts',(-0.0497903452602718,-0.151838134256199,
0.660973437869039));
#4048=CARTESIAN_POINT('Ctrl Pts',(-0.0494173733474412,-0.152153669727103,
0.661372008253337));
#4049=CARTESIAN_POINT('Ctrl Pts',(-0.0490314725396368,-0.1524729159231,
0.661751939461728));
#4050=CARTESIAN_POINT('Ctrl Pts',(-0.0489425273970942,-0.152546498040149,
0.661839508688854));
#4051=CARTESIAN_POINT('Ctrl Pts',(-0.0488528260856748,-0.152620321317099,
0.661926161344869));
#4052=CARTESIAN_POINT('Ctrl Pts',(-0.0487623861094289,-0.152694359356515,
0.662011894179649));
#4053=CARTESIAN_POINT('Ctrl Pts',(-0.0472621463509298,-0.153922519899933,
0.663434050760017));
#4054=CARTESIAN_POINT('Ctrl Pts',(-0.0455615752277172,-0.155209081173224,
0.66460637827252));
#4055=CARTESIAN_POINT('Ctrl Pts',(-0.0437115557480651,-0.156450186553119,
0.66550265518869));
#4056=CARTESIAN_POINT('Ctrl Pts',(-0.0433567967819884,-0.156688180404647,
0.665674524877413));
#4057=CARTESIAN_POINT('Ctrl Pts',(-0.0429964552314551,-0.156924507324057,
0.665836117225864));
#4058=CARTESIAN_POINT('Ctrl Pts',(-0.0426307909240992,-0.157158401931677,
0.6659870503292));
#4059=CARTESIAN_POINT('Ctrl Pts',(-0.0409580479044063,-0.158228360263322,
0.666677498617332));
#4060=CARTESIAN_POINT('Ctrl Pts',(-0.0391467824663402,-0.159262885155482,
0.66715502005286));
#4061=CARTESIAN_POINT('Ctrl Pts',(-0.0372483514159358,-0.160201017222427,
0.667371544466237));
#4062=CARTESIAN_POINT('Ctrl Pts',(-0.0365107307957142,-0.16056552114103,
0.667455673343109));
#4063=CARTESIAN_POINT('Ctrl Pts',(-0.0357600377789461,-0.160915206118283,
0.6675));
#4064=CARTESIAN_POINT('Ctrl Pts',(-0.035,-0.161245154965971,0.6675));
#4065=CARTESIAN_POINT('Origin',(0.035,0.21003937007874,0.6475));
#4066=CARTESIAN_POINT('Ctrl Pts',(0.035,-0.161245154965971,0.6675));
#4067=CARTESIAN_POINT('Ctrl Pts',(0.0369963750294164,-0.160378485333569,
0.6675));
#4068=CARTESIAN_POINT('Ctrl Pts',(0.0389047761027078,-0.159384778028052,
0.667204023374926));
#4069=CARTESIAN_POINT('Ctrl Pts',(0.0407011910619555,-0.158328926754493,
0.666669997661347));
#4070=CARTESIAN_POINT('Ctrl Pts',(0.0411985090613587,-0.158036625780083,
0.666522158434035));
#4071=CARTESIAN_POINT('Ctrl Pts',(0.0416873105273314,-0.157739380937868,
0.666355821999949));
#4072=CARTESIAN_POINT('Ctrl Pts',(0.0421671661501169,-0.157438207485155,
0.666171667244679));
#4073=CARTESIAN_POINT('Ctrl Pts',(0.0423179329462156,-0.157343581196789,
0.666113807294477));
#4074=CARTESIAN_POINT('Ctrl Pts',(0.0424678336672933,-0.157248593060768,
0.666054180328067));
#4075=CARTESIAN_POINT('Ctrl Pts',(0.0426168699788659,-0.157153248803561,
0.665992794831413));
#4076=CARTESIAN_POINT('Ctrl Pts',(0.0430739028939796,-0.156860867280223,
0.665804550824394));
#4077=CARTESIAN_POINT('Ctrl Pts',(0.0435221047654465,-0.156565725716467,
0.665600108907691));
#4078=CARTESIAN_POINT('Ctrl Pts',(0.0439616457276895,-0.156268575082062,
0.665379750697955));
#4079=CARTESIAN_POINT('Ctrl Pts',(0.044835955571491,-0.155677499967184,
0.664941426699773));
#4080=CARTESIAN_POINT('Ctrl Pts',(0.0456751996361799,-0.155079057683678,
0.664440553759308));
#4081=CARTESIAN_POINT('Ctrl Pts',(0.0464747489533937,-0.154482348497717,
0.663880496924821));
#4082=CARTESIAN_POINT('Ctrl Pts',(0.0472742982706075,-0.153885639311756,
0.663320440090333));
#4083=CARTESIAN_POINT('Ctrl Pts',(0.0480341307192391,-0.1532904889005,0.662701147963938));
#4084=CARTESIAN_POINT('Ctrl Pts',(0.0487478366761895,-0.152706400050005,
0.662025722718168));
#4085=CARTESIAN_POINT('Ctrl Pts',(0.0488423595926952,-0.152629043568517,
0.661936269682937));
#4086=CARTESIAN_POINT('Ctrl Pts',(0.048936069765232,-0.152551930814249,
0.661845833741042));
#4087=CARTESIAN_POINT('Ctrl Pts',(0.0490289594735403,-0.152475083614806,
0.661754413215234));
#4088=CARTESIAN_POINT('Ctrl Pts',(0.0502030433410328,-0.151503769797896,
0.660598899149527));
#4089=CARTESIAN_POINT('Ctrl Pts',(0.0512541287175991,-0.150569571123531,
0.65927681093726));
#4090=CARTESIAN_POINT('Ctrl Pts',(0.0521445560899559,-0.14974572499554,
0.657795796562093));
#4091=CARTESIAN_POINT('Ctrl Pts',(0.0525329585880948,-0.149386365092501,
0.657149781287908));
#4092=CARTESIAN_POINT('Ctrl Pts',(0.0528903927016617,-0.149048354261609,
0.656473361188033));
#4093=CARTESIAN_POINT('Ctrl Pts',(0.0532114487218786,-0.148740168075467,
0.655766766571295));
#4094=CARTESIAN_POINT('Ctrl Pts',(0.0532771906716824,-0.14867706145387,
0.655622078713413));
#4095=CARTESIAN_POINT('Ctrl Pts',(0.0533414217866955,-0.148615187700549,
0.655476080200128));
#4096=CARTESIAN_POINT('Ctrl Pts',(0.0534040626212995,-0.148554653414878,
0.655328823612447));
#4097=CARTESIAN_POINT('Ctrl Pts',(0.0540684268985761,-0.147912631047129,
0.653767030621224));
#4098=CARTESIAN_POINT('Ctrl Pts',(0.0545582273891824,-0.147420729014504,
0.652047374186161));
#4099=CARTESIAN_POINT('Ctrl Pts',(0.0548081698604363,-0.147166262663728,
0.650256014162696));
#4100=CARTESIAN_POINT('Ctrl Pts',(0.0549344666768823,-0.147037679914928,
0.649350833594794));
#4101=CARTESIAN_POINT('Ctrl Pts',(0.055,-0.146969384566991,0.648427834166097));
#4102=CARTESIAN_POINT('Ctrl Pts',(0.055,-0.146969384566991,0.6475));
#4103=CARTESIAN_POINT('Origin',(-0.035,0.21003937007874,0.4775));
#4104=CARTESIAN_POINT('Ctrl Pts',(-0.035,-0.161245154965971,0.4575));
#4105=CARTESIAN_POINT('Ctrl Pts',(-0.036996375029502,-0.160378485333532,
0.4575));
#4106=CARTESIAN_POINT('Ctrl Pts',(-0.0389047761028715,-0.159384778027967,
0.457795976625099));
#4107=CARTESIAN_POINT('Ctrl Pts',(-0.0407011910621867,-0.158328926754357,
0.458330002338721));
#4108=CARTESIAN_POINT('Ctrl Pts',(-0.0411985090615101,-0.158036625779991,
0.458477841566016));
#4109=CARTESIAN_POINT('Ctrl Pts',(-0.0416873105274056,-0.157739380937822,
0.458644178000079));
#4110=CARTESIAN_POINT('Ctrl Pts',(-0.0421671661501165,-0.157438207485155,
0.45882833275532));
#4111=CARTESIAN_POINT('Ctrl Pts',(-0.0423179329462153,-0.157343581196789,
0.458886192705522));
#4112=CARTESIAN_POINT('Ctrl Pts',(-0.0424678336672932,-0.157248593060768,
0.458945819671933));
#4113=CARTESIAN_POINT('Ctrl Pts',(-0.0426168699788659,-0.157153248803561,
0.459007205168587));
#4114=CARTESIAN_POINT('Ctrl Pts',(-0.0430739028939797,-0.156860867280223,
0.459195449175606));
#4115=CARTESIAN_POINT('Ctrl Pts',(-0.0435221047654464,-0.156565725716467,
0.459399891092308));
#4116=CARTESIAN_POINT('Ctrl Pts',(-0.0439616457276893,-0.156268575082063,
0.459620249302045));
#4117=CARTESIAN_POINT('Ctrl Pts',(-0.0448359555714909,-0.155677499967184,
0.460058573300227));
#4118=CARTESIAN_POINT('Ctrl Pts',(-0.0456751996361799,-0.155079057683678,
0.460559446240691));
#4119=CARTESIAN_POINT('Ctrl Pts',(-0.0464747489533937,-0.154482348497717,
0.461119503075179));
#4120=CARTESIAN_POINT('Ctrl Pts',(-0.0472742982706076,-0.153885639311756,
0.461679559909666));
#4121=CARTESIAN_POINT('Ctrl Pts',(-0.0480341307192392,-0.1532904889005,
0.462298852036062));
#4122=CARTESIAN_POINT('Ctrl Pts',(-0.0487478366761897,-0.152706400050006,
0.462974277281832));
#4123=CARTESIAN_POINT('Ctrl Pts',(-0.0488423595926953,-0.152629043568517,
0.463063730317063));
#4124=CARTESIAN_POINT('Ctrl Pts',(-0.0489360697652321,-0.152551930814249,
0.463154166258957));
#4125=CARTESIAN_POINT('Ctrl Pts',(-0.0490289594735403,-0.152475083614806,
0.463245586784766));
#4126=CARTESIAN_POINT('Ctrl Pts',(-0.0502030433410573,-0.151503769797876,
0.464401100850497));
#4127=CARTESIAN_POINT('Ctrl Pts',(-0.0512541287176429,-0.150569571123492,
0.465723189062794));
#4128=CARTESIAN_POINT('Ctrl Pts',(-0.052144556090011,-0.14974572499549,
0.467204203437998));
#4129=CARTESIAN_POINT('Ctrl Pts',(-0.0525329585881287,-0.14938636509247,
0.467850218712155));
#4130=CARTESIAN_POINT('Ctrl Pts',(-0.0528903927016769,-0.149048354261595,
0.468526638812));
#4131=CARTESIAN_POINT('Ctrl Pts',(-0.0532114487218787,-0.148740168075468,
0.469233233428705));
#4132=CARTESIAN_POINT('Ctrl Pts',(-0.0532771906716825,-0.14867706145387,
0.469377921286587));
#4133=CARTESIAN_POINT('Ctrl Pts',(-0.0533414217866956,-0.14861518770055,
0.469523919799872));
#4134=CARTESIAN_POINT('Ctrl Pts',(-0.0534040626212996,-0.148554653414879,
0.469671176387553));
#4135=CARTESIAN_POINT('Ctrl Pts',(-0.0540684268985551,-0.147912631047151,
0.471232969378726));
#4136=CARTESIAN_POINT('Ctrl Pts',(-0.0545582273891516,-0.147420729014536,
0.472952625813727));
#4137=CARTESIAN_POINT('Ctrl Pts',(-0.0548081698604123,-0.147166262663753,
0.474743985837128));
#4138=CARTESIAN_POINT('Ctrl Pts',(-0.0549344666768742,-0.147037679914937,
0.475649166405087));
#4139=CARTESIAN_POINT('Ctrl Pts',(-0.055,-0.146969384566991,0.476572165833843));
#4140=CARTESIAN_POINT('Ctrl Pts',(-0.055,-0.146969384566991,0.4775));
#4141=CARTESIAN_POINT('Ctrl Pts',(-0.0307575757575758,-0.141700287697368,
0.4375));
#4142=CARTESIAN_POINT('Ctrl Pts',(-0.0307575757575757,-0.141700287697368,
0.4575));
#4143=CARTESIAN_POINT('Ctrl Pts',(-0.035,-0.161245154965971,0.4575));
#4144=CARTESIAN_POINT('Ctrl Pts',(-0.0353897697737656,-0.140694820025482,
0.437500001113948));
#4145=CARTESIAN_POINT('Ctrl Pts',(-0.0328299796497116,-0.141250450444839,
0.456952258563733));
#4146=CARTESIAN_POINT('Ctrl Pts',(-0.0376344755526169,-0.160101472078179,
0.4575));
#4147=CARTESIAN_POINT('Ctrl Pts',(-0.0399422781670756,-0.139460151002601,
0.43854372771461));
#4148=CARTESIAN_POINT('Ctrl Pts',(-0.0352518997088297,-0.140746932495735,
0.456694102559211));
#4149=CARTESIAN_POINT('Ctrl Pts',(-0.0402257789832809,-0.158696033656126,
0.458021863699443));
#4150=CARTESIAN_POINT('Ctrl Pts',(-0.0483588397758923,-0.136769667391472,
0.442490509318563));
#4151=CARTESIAN_POINT('Ctrl Pts',(-0.0405465636139183,-0.13947069124975,
0.457462222160815));
#4152=CARTESIAN_POINT('Ctrl Pts',(-0.045014512260133,-0.155634449344025,
0.459995254817141));
#4153=CARTESIAN_POINT('Ctrl Pts',(-0.0521865962166655,-0.135328346015221,
0.445376084267812));
#4154=CARTESIAN_POINT('Ctrl Pts',(-0.0433577703045994,-0.138707655528264,
0.458456543484076));
#4155=CARTESIAN_POINT('Ctrl Pts',(-0.0471923736851574,-0.153994324484737,
0.461438042097441));
#4156=CARTESIAN_POINT('Ctrl Pts',(-0.0586425719268845,-0.132658398971557,
0.452606373164265));
#4157=CARTESIAN_POINT('Ctrl Pts',(-0.0484742692583247,-0.13712491986234,
0.461938267540986));
#4158=CARTESIAN_POINT('Ctrl Pts',(-0.0508656012930693,-0.150956109465735,
0.465053186618598));
#4159=CARTESIAN_POINT('Ctrl Pts',(-0.0612947254428348,-0.131422964722431,
0.457002101196781));
#4160=CARTESIAN_POINT('Ctrl Pts',(-0.0508180052791067,-0.136302805574797,
0.464419100930228));
#4161=CARTESIAN_POINT('Ctrl Pts',(-0.0523745850896351,-0.149550269969791,
0.467251050606958));
#4162=CARTESIAN_POINT('Ctrl Pts',(-0.0649135830657433,-0.129673689533045,
0.4666828408216));
#4163=CARTESIAN_POINT('Ctrl Pts',(-0.0540465230749688,-0.135106549070113,
0.470373965354845));
#4164=CARTESIAN_POINT('Ctrl Pts',(-0.0544335904411076,-0.14755971590713,
0.472091420402232));
#4165=CARTESIAN_POINT('Ctrl Pts',(-0.0659090903898008,-0.129154913975385,
0.472034378701185));
#4166=CARTESIAN_POINT('Ctrl Pts',(-0.0549999995185551,-0.134721936044331,
0.473910077453584));
#4167=CARTESIAN_POINT('Ctrl Pts',(-0.055,-0.14696938486961,0.474767189357419));
#4168=CARTESIAN_POINT('Ctrl Pts',(-0.0659090909090909,-0.129154913710386,
0.4775));
#4169=CARTESIAN_POINT('Ctrl Pts',(-0.055,-0.134721935853075,0.4775));
#4170=CARTESIAN_POINT('Ctrl Pts',(-0.055,-0.146969384566991,0.4775));
#4171=CARTESIAN_POINT('Origin',(-0.075,-0.146969384566991,0.4775));
#4172=CARTESIAN_POINT('Origin',(-0.035,-0.161245154965971,0.4375));
#4173=CARTESIAN_POINT('Origin',(0.,0.,0.4375));
#4174=CARTESIAN_POINT('Origin',(0.035,-0.161245154965971,0.4375));
#4175=CARTESIAN_POINT('Origin',(-0.075,-0.146969384566991,0.805));
#4176=CARTESIAN_POINT('Origin',(-0.075,-0.146969384566991,0.6475));
#4177=CARTESIAN_POINT('Ctrl Pts',(0.0659090909090909,-0.129154913710386,
0.4775));
#4178=CARTESIAN_POINT('Ctrl Pts',(0.055,-0.134721935853075,0.4775));
#4179=CARTESIAN_POINT('Ctrl Pts',(0.055,-0.146969384566991,0.4775));
#4180=CARTESIAN_POINT('Ctrl Pts',(0.0659090900048843,-0.129154914171812,
0.472123068407279));
#4181=CARTESIAN_POINT('Ctrl Pts',(0.0549999991623801,-0.134721936185069,
0.473968326821844));
#4182=CARTESIAN_POINT('Ctrl Pts',(0.055,-0.146969385093115,0.474811534256254));
#4183=CARTESIAN_POINT('Ctrl Pts',(0.0649277951668365,-0.129666679812373,
0.466728867455196));
#4184=CARTESIAN_POINT('Ctrl Pts',(0.0540592457123419,-0.135101723118764,
0.470402575812627));
#4185=CARTESIAN_POINT('Ctrl Pts',(0.054441676776082,-0.147551739316594,
0.472114433658579));
#4186=CARTESIAN_POINT('Ctrl Pts',(0.0612967860497674,-0.13142210795281,
0.456999641162953));
#4187=CARTESIAN_POINT('Ctrl Pts',(0.0508195292959943,-0.136302354975636,
0.46441666494334));
#4188=CARTESIAN_POINT('Ctrl Pts',(0.0523757573643995,-0.14954929503689,
0.467249820650495));
#4189=CARTESIAN_POINT('Ctrl Pts',(0.0586428557478908,-0.132658156272447,
0.452607973744745));
#4190=CARTESIAN_POINT('Ctrl Pts',(0.0484748140544941,-0.137124669953517,
0.461939420952662));
#4191=CARTESIAN_POINT('Ctrl Pts',(0.0508657628274566,-0.150955833269949,
0.465053986853628));
#4192=CARTESIAN_POINT('Ctrl Pts',(0.0521952021461522,-0.135324912077545,
0.445384441418691));
#4193=CARTESIAN_POINT('Ctrl Pts',(0.043364518324548,-0.138705652680092,
0.458460321980486));
#4194=CARTESIAN_POINT('Ctrl Pts',(0.0471972701122575,-0.153990416921422,
0.46144222072809));
#4195=CARTESIAN_POINT('Ctrl Pts',(0.0483502757017526,-0.136771778891802,
0.442489708128959));
#4196=CARTESIAN_POINT('Ctrl Pts',(0.0405429829996943,-0.139471334195196,
0.457463417707763));
#4197=CARTESIAN_POINT('Ctrl Pts',(0.0450096396163557,-0.155636852058028,
0.459994854165116));
#4198=CARTESIAN_POINT('Ctrl Pts',(0.0399882883454664,-0.139446066480425,
0.438562102885539));
#4199=CARTESIAN_POINT('Ctrl Pts',(0.0352803889042479,-0.140740294005083,
0.456696454455747));
#4200=CARTESIAN_POINT('Ctrl Pts',(0.0402519571691387,-0.158680006468989,
0.458031051342114));
#4201=CARTESIAN_POINT('Ctrl Pts',(0.035379359861784,-0.140697079609154,
0.43750000096484));
#4202=CARTESIAN_POINT('Ctrl Pts',(0.0328235195900928,-0.141251852666532,
0.456953965918199));
#4203=CARTESIAN_POINT('Ctrl Pts',(0.0376280006600508,-0.16010428300733,
0.4575));
#4204=CARTESIAN_POINT('Ctrl Pts',(0.0307575757575758,-0.141700287697368,
0.4375));
#4205=CARTESIAN_POINT('Ctrl Pts',(0.0307575757575757,-0.141700287697368,
0.4575));
#4206=CARTESIAN_POINT('Ctrl Pts',(0.035,-0.161245154965971,0.4575));
#4207=CARTESIAN_POINT('Origin',(0.075,-0.146969384566991,0.4775));
#4208=CARTESIAN_POINT('Ctrl Pts',(-0.0659090909090909,-0.129154913710386,
0.6475));
#4209=CARTESIAN_POINT('Ctrl Pts',(-0.055,-0.134721935853075,0.6475));
#4210=CARTESIAN_POINT('Ctrl Pts',(-0.055,-0.146969384566991,0.6475));
#4211=CARTESIAN_POINT('Ctrl Pts',(-0.0659090900048904,-0.129154914171809,
0.65287693159272));
#4212=CARTESIAN_POINT('Ctrl Pts',(-0.0549999991623807,-0.13472193618505,
0.651031673178156));
#4213=CARTESIAN_POINT('Ctrl Pts',(-0.055,-0.146969385093101,0.65018846574375));
#4214=CARTESIAN_POINT('Ctrl Pts',(-0.0649277951668375,-0.129666679812372,
0.658271132544804));
#4215=CARTESIAN_POINT('Ctrl Pts',(-0.0540592457123414,-0.135101723118767,
0.654597424187373));
#4216=CARTESIAN_POINT('Ctrl Pts',(-0.0544416767760838,-0.147551739316593,
0.652885566341417));
#4217=CARTESIAN_POINT('Ctrl Pts',(-0.0612967860497665,-0.131422107952811,
0.668000358837047));
#4218=CARTESIAN_POINT('Ctrl Pts',(-0.0508195292959949,-0.136302354975634,
0.66058333505666));
#4219=CARTESIAN_POINT('Ctrl Pts',(-0.0523757573643978,-0.149549295036891,
0.657750179349509));
#4220=CARTESIAN_POINT('Ctrl Pts',(-0.0586428557478899,-0.132658156272448,
0.672392026255255));
#4221=CARTESIAN_POINT('Ctrl Pts',(-0.048474814054491,-0.137124669953516,
0.663060579047343));
#4222=CARTESIAN_POINT('Ctrl Pts',(-0.0508657628274587,-0.150955833269951,
0.65994601314637));
#4223=CARTESIAN_POINT('Ctrl Pts',(-0.0521952021461532,-0.135324912077545,
0.679615558581309));
#4224=CARTESIAN_POINT('Ctrl Pts',(-0.0433645183245519,-0.138705652680093,
0.666539678019509));
#4225=CARTESIAN_POINT('Ctrl Pts',(-0.0471972701122555,-0.153990416921419,
0.663557779271912));
#4226=CARTESIAN_POINT('Ctrl Pts',(-0.0483502757017496,-0.136771778891803,
0.68251029187104));
#4227=CARTESIAN_POINT('Ctrl Pts',(-0.0405429829996931,-0.139471334195196,
0.667536582292241));
#4228=CARTESIAN_POINT('Ctrl Pts',(-0.0450096396163509,-0.15563685205803,
0.665005145834885));
#4229=CARTESIAN_POINT('Ctrl Pts',(-0.0399882883454694,-0.139446066480424,
0.68643789711446));
#4230=CARTESIAN_POINT('Ctrl Pts',(-0.035280388904249,-0.140740294005083,
0.668303545544249));
#4231=CARTESIAN_POINT('Ctrl Pts',(-0.0402519571691435,-0.158680006468987,
0.666968948657884));
#4232=CARTESIAN_POINT('Ctrl Pts',(-0.0353793598617817,-0.140697079609154,
0.68749999903516));
#4233=CARTESIAN_POINT('Ctrl Pts',(-0.0328235195900889,-0.141251852666514,
0.668046034081801));
#4234=CARTESIAN_POINT('Ctrl Pts',(-0.0376280006600469,-0.160104283007331,
0.6675));
#4235=CARTESIAN_POINT('Ctrl Pts',(-0.0307575757575757,-0.141700287697368,
0.6875));
#4236=CARTESIAN_POINT('Ctrl Pts',(-0.0307575757575758,-0.141700287697368,
0.6675));
#4237=CARTESIAN_POINT('Ctrl Pts',(-0.035,-0.161245154965971,0.6675));
#4238=CARTESIAN_POINT('Origin',(-0.035,-0.161245154965971,0.6875));
#4239=CARTESIAN_POINT('Origin',(0.075,-0.146969384566991,0.805));
#4240=CARTESIAN_POINT('Origin',(0.075,-0.146969384566991,0.6475));
#4241=CARTESIAN_POINT('Origin',(0.,0.,0.6875));
#4242=CARTESIAN_POINT('Origin',(0.035,-0.161245154965971,0.6875));
#4243=CARTESIAN_POINT('Ctrl Pts',(0.0307575757575757,-0.141700287697368,
0.6875));
#4244=CARTESIAN_POINT('Ctrl Pts',(0.0307575757575757,-0.141700287697368,
0.6675));
#4245=CARTESIAN_POINT('Ctrl Pts',(0.035,-0.161245154965971,0.6675));
#4246=CARTESIAN_POINT('Ctrl Pts',(0.035389769773765,-0.140694820025482,
0.687499998886037));
#4247=CARTESIAN_POINT('Ctrl Pts',(0.0328299796497113,-0.141250450444824,
0.668047741436254));
#4248=CARTESIAN_POINT('Ctrl Pts',(0.0376344755526141,-0.16010147207818,
0.6675));
#4249=CARTESIAN_POINT('Ctrl Pts',(0.0399422781670763,-0.1394601510026,0.686456272285394));
#4250=CARTESIAN_POINT('Ctrl Pts',(0.0352518997088299,-0.140746932495729,
0.668305897440784));
#4251=CARTESIAN_POINT('Ctrl Pts',(0.0402257789832835,-0.158696033656121,
0.666978136300556));
#4252=CARTESIAN_POINT('Ctrl Pts',(0.0483588397758914,-0.136769667391472,
0.682509490681432));
#4253=CARTESIAN_POINT('Ctrl Pts',(0.0405465636139178,-0.139470691249756,
0.667537777839189));
#4254=CARTESIAN_POINT('Ctrl Pts',(0.0450145122601303,-0.15563444934403,
0.66500474518286));
#4255=CARTESIAN_POINT('Ctrl Pts',(0.0521865962166678,-0.13532834601522,
0.679623915732183));
#4256=CARTESIAN_POINT('Ctrl Pts',(0.0433577703046018,-0.138707655528262,
0.666543456515928));
#4257=CARTESIAN_POINT('Ctrl Pts',(0.0471923736851577,-0.153994324484736,
0.663561957902559));
#4258=CARTESIAN_POINT('Ctrl Pts',(0.0586425719268821,-0.132658398971558,
0.672393626835739));
#4259=CARTESIAN_POINT('Ctrl Pts',(0.0484742692583224,-0.137124919862342,
0.663061732459009));
#4260=CARTESIAN_POINT('Ctrl Pts',(0.0508656012930689,-0.150956109465736,
0.659946813381402));
#4261=CARTESIAN_POINT('Ctrl Pts',(0.0612947254428353,-0.13142296472243,
0.667997898803219));
#4262=CARTESIAN_POINT('Ctrl Pts',(0.0508180052791084,-0.136302805574797,
0.660580899069767));
#4263=CARTESIAN_POINT('Ctrl Pts',(0.0523745850896369,-0.149550269969791,
0.657748949393037));
#4264=CARTESIAN_POINT('Ctrl Pts',(0.0649135830657428,-0.129673689533045,
0.6583171591784));
#4265=CARTESIAN_POINT('Ctrl Pts',(0.054046523074967,-0.135106549070113,
0.65462603464516));
#4266=CARTESIAN_POINT('Ctrl Pts',(0.0544335904411057,-0.14755971590713,
0.652908579597772));
#4267=CARTESIAN_POINT('Ctrl Pts',(0.0659090903897998,-0.129154913975385,
0.652965621298816));
#4268=CARTESIAN_POINT('Ctrl Pts',(0.0549999995185491,-0.134721936044338,
0.651089922546412));
#4269=CARTESIAN_POINT('Ctrl Pts',(0.055,-0.146969384869608,0.650232810642578));
#4270=CARTESIAN_POINT('Ctrl Pts',(0.0659090909090909,-0.129154913710386,
0.6475));
#4271=CARTESIAN_POINT('Ctrl Pts',(0.055,-0.134721935853075,0.6475));
#4272=CARTESIAN_POINT('Ctrl Pts',(0.055,-0.146969384566991,0.6475));
#4273=CARTESIAN_POINT('Origin',(-0.055,0.21003937007874,-0.6675));
#4274=CARTESIAN_POINT('',(0.035,-0.161245154965971,-0.6675));
#4275=CARTESIAN_POINT('',(0.035,-0.134164078649987,-0.6675));
#4276=CARTESIAN_POINT('',(-0.035,-0.161245154965971,-0.6675));
#4277=CARTESIAN_POINT('Origin',(0.,0.,-0.6675));
#4278=CARTESIAN_POINT('',(-0.035,-0.195,-0.6675));
#4279=CARTESIAN_POINT('Origin',(-0.055,0.21003937007874,-0.4575));
#4280=CARTESIAN_POINT('',(-0.055,-0.146969384566991,-0.6475));
#4281=CARTESIAN_POINT('',(-0.055,-0.134164078649987,-0.6475));
#4282=CARTESIAN_POINT('',(-0.055,-0.146969384566991,-0.4775));
#4283=CARTESIAN_POINT('',(-0.055,-0.146969384566991,-0.4575));
#4284=CARTESIAN_POINT('',(-0.055,-0.195,-0.4775));
#4285=CARTESIAN_POINT('Origin',(-0.055,0.21003937007874,-0.4575));
#4286=CARTESIAN_POINT('',(-0.035,-0.161245154965971,-0.4575));
#4287=CARTESIAN_POINT('',(-0.035,-0.134164078649987,-0.4575));
#4288=CARTESIAN_POINT('',(0.035,-0.161245154965971,-0.4575));
#4289=CARTESIAN_POINT('Origin',(0.,0.,-0.4575));
#4290=CARTESIAN_POINT('',(0.035,-0.195,-0.4575));
#4291=CARTESIAN_POINT('Origin',(0.055,0.21003937007874,-0.4575));
#4292=CARTESIAN_POINT('',(0.055,-0.146969384566991,-0.4775));
#4293=CARTESIAN_POINT('',(0.055,-0.134164078649987,-0.4775));
#4294=CARTESIAN_POINT('',(0.055,-0.146969384566991,-0.6475));
#4295=CARTESIAN_POINT('',(0.055,-0.146969384566991,-0.4575));
#4296=CARTESIAN_POINT('',(0.055,-0.195,-0.6475));
#4297=CARTESIAN_POINT('Origin',(0.035,0.21003937007874,-0.4775));
#4298=CARTESIAN_POINT('Ctrl Pts',(0.035,-0.161245154965971,-0.4575));
#4299=CARTESIAN_POINT('Ctrl Pts',(0.0369963750294779,-0.160378485333542,
-0.4575));
#4300=CARTESIAN_POINT('Ctrl Pts',(0.0389047761028254,-0.159384778027991,
-0.457795976625092));
#4301=CARTESIAN_POINT('Ctrl Pts',(0.0407011910621216,-0.158328926754396,
-0.458330002338702));
#4302=CARTESIAN_POINT('Ctrl Pts',(0.0411985090614675,-0.158036625780017,
-0.458477841566002));
#4303=CARTESIAN_POINT('Ctrl Pts',(0.0416873105273847,-0.157739380937835,
-0.458644178000071));
#4304=CARTESIAN_POINT('Ctrl Pts',(0.0421671661501166,-0.157438207485155,
-0.45882833275532));
#4305=CARTESIAN_POINT('Ctrl Pts',(0.0423179329462154,-0.157343581196789,
-0.458886192705522));
#4306=CARTESIAN_POINT('Ctrl Pts',(0.0424678336672932,-0.157248593060768,
-0.458945819671932));
#4307=CARTESIAN_POINT('Ctrl Pts',(0.0426168699788659,-0.157153248803561,
-0.459007205168587));
#4308=CARTESIAN_POINT('Ctrl Pts',(0.0430739028939797,-0.156860867280223,
-0.459195449175606));
#4309=CARTESIAN_POINT('Ctrl Pts',(0.0435221047654465,-0.156565725716467,
-0.459399891092308));
#4310=CARTESIAN_POINT('Ctrl Pts',(0.0439616457276894,-0.156268575082063,
-0.459620249302045));
#4311=CARTESIAN_POINT('Ctrl Pts',(0.044835955571491,-0.155677499967184,
-0.460058573300227));
#4312=CARTESIAN_POINT('Ctrl Pts',(0.04567519963618,-0.155079057683678,-0.460559446240691));
#4313=CARTESIAN_POINT('Ctrl Pts',(0.0464747489533938,-0.154482348497717,
-0.461119503075179));
#4314=CARTESIAN_POINT('Ctrl Pts',(0.0472742982706076,-0.153885639311756,
-0.461679559909667));
#4315=CARTESIAN_POINT('Ctrl Pts',(0.0480341307192392,-0.1532904889005,-0.462298852036062));
#4316=CARTESIAN_POINT('Ctrl Pts',(0.0487478366761897,-0.152706400050006,
-0.462974277281832));
#4317=CARTESIAN_POINT('Ctrl Pts',(0.0488423595926953,-0.152629043568517,
-0.463063730317063));
#4318=CARTESIAN_POINT('Ctrl Pts',(0.048936069765232,-0.152551930814249,
-0.463154166258957));
#4319=CARTESIAN_POINT('Ctrl Pts',(0.0490289594735403,-0.152475083614806,
-0.463245586784766));
#4320=CARTESIAN_POINT('Ctrl Pts',(0.0502030433410567,-0.151503769797877,
-0.464401100850497));
#4321=CARTESIAN_POINT('Ctrl Pts',(0.0512541287176419,-0.150569571123493,
-0.465723189062793));
#4322=CARTESIAN_POINT('Ctrl Pts',(0.0521445560900097,-0.149745724995491,
-0.467204203437996));
#4323=CARTESIAN_POINT('Ctrl Pts',(0.0525329585881279,-0.149386365092471,
-0.467850218712153));
#4324=CARTESIAN_POINT('Ctrl Pts',(0.0528903927016765,-0.149048354261596,
-0.468526638811999));
#4325=CARTESIAN_POINT('Ctrl Pts',(0.0532114487218787,-0.148740168075468,
-0.469233233428705));
#4326=CARTESIAN_POINT('Ctrl Pts',(0.0532771906716825,-0.148677061453871,
-0.469377921286587));
#4327=CARTESIAN_POINT('Ctrl Pts',(0.0533414217866956,-0.14861518770055,
-0.469523919799872));
#4328=CARTESIAN_POINT('Ctrl Pts',(0.0534040626212996,-0.148554653414879,
-0.469671176387553));
#4329=CARTESIAN_POINT('Ctrl Pts',(0.0540684268985541,-0.147912631047153,
-0.471232969378724));
#4330=CARTESIAN_POINT('Ctrl Pts',(0.0545582273891501,-0.147420729014538,
-0.472952625813722));
#4331=CARTESIAN_POINT('Ctrl Pts',(0.0548081698604111,-0.147166262663754,
-0.47474398583712));
#4332=CARTESIAN_POINT('Ctrl Pts',(0.0549344666768738,-0.147037679914937,
-0.475649166405081));
#4333=CARTESIAN_POINT('Ctrl Pts',(0.055,-0.146969384566991,-0.47657216583384));
#4334=CARTESIAN_POINT('Ctrl Pts',(0.055,-0.146969384566991,-0.4775));
#4335=CARTESIAN_POINT('Origin',(-0.035,0.21003937007874,-0.6475));
#4336=CARTESIAN_POINT('Ctrl Pts',(-0.035,-0.161245154965971,-0.6675));
#4337=CARTESIAN_POINT('Ctrl Pts',(-0.0369963750294385,-0.160378485333559,
-0.6675));
#4338=CARTESIAN_POINT('Ctrl Pts',(-0.0389047761027501,-0.15938477802803,
-0.667204023374919));
#4339=CARTESIAN_POINT('Ctrl Pts',(-0.0407011910620153,-0.158328926754458,
-0.666669997661329));
#4340=CARTESIAN_POINT('Ctrl Pts',(-0.0411985090613972,-0.158036625780059,
-0.666522158434022));
#4341=CARTESIAN_POINT('Ctrl Pts',(-0.0416873105273494,-0.157739380937857,
-0.666355821999942));
#4342=CARTESIAN_POINT('Ctrl Pts',(-0.042167166150115,-0.157438207485156,
-0.66617166724468));
#4343=CARTESIAN_POINT('Ctrl Pts',(-0.0423179329462143,-0.15734358119679,
-0.666113807294478));
#4344=CARTESIAN_POINT('Ctrl Pts',(-0.0424678336672927,-0.157248593060768,
-0.666054180328067));
#4345=CARTESIAN_POINT('Ctrl Pts',(-0.0426168699788659,-0.157153248803561,
-0.665992794831412));
#4346=CARTESIAN_POINT('Ctrl Pts',(-0.0430739028939792,-0.156860867280223,
-0.665804550824394));
#4347=CARTESIAN_POINT('Ctrl Pts',(-0.0435221047654457,-0.156565725716467,
-0.665600108907692));
#4348=CARTESIAN_POINT('Ctrl Pts',(-0.0439616457276882,-0.156268575082063,
-0.665379750697955));
#4349=CARTESIAN_POINT('Ctrl Pts',(-0.04483595557149,-0.155677499967185,
-0.664941426699773));
#4350=CARTESIAN_POINT('Ctrl Pts',(-0.0456751996361791,-0.155079057683679,
-0.664440553759309));
#4351=CARTESIAN_POINT('Ctrl Pts',(-0.0464747489533931,-0.154482348497718,
-0.663880496924821));
#4352=CARTESIAN_POINT('Ctrl Pts',(-0.0472742982706072,-0.153885639311756,
-0.663320440090333));
#4353=CARTESIAN_POINT('Ctrl Pts',(-0.0480341307192389,-0.153290488900499,
-0.662701147963938));
#4354=CARTESIAN_POINT('Ctrl Pts',(-0.0487478366761896,-0.152706400050005,
-0.662025722718168));
#4355=CARTESIAN_POINT('Ctrl Pts',(-0.0488423595926952,-0.152629043568516,
-0.661936269682937));
#4356=CARTESIAN_POINT('Ctrl Pts',(-0.048936069765232,-0.152551930814249,
-0.661845833741043));
#4357=CARTESIAN_POINT('Ctrl Pts',(-0.0490289594735402,-0.152475083614805,
-0.661754413215234));
#4358=CARTESIAN_POINT('Ctrl Pts',(-0.0502030433410721,-0.151503769797864,
-0.660598899149488));
#4359=CARTESIAN_POINT('Ctrl Pts',(-0.0512541287176701,-0.150569571123468,
-0.659276810937172));
#4360=CARTESIAN_POINT('Ctrl Pts',(-0.0521445560900452,-0.149745724995459,
-0.657795796561946));
#4361=CARTESIAN_POINT('Ctrl Pts',(-0.0525329585881497,-0.14938636509245,
-0.657149781287806));
#4362=CARTESIAN_POINT('Ctrl Pts',(-0.0528903927016864,-0.149048354261586,
-0.656473361187979));
#4363=CARTESIAN_POINT('Ctrl Pts',(-0.0532114487218788,-0.148740168075468,
-0.655766766571295));
#4364=CARTESIAN_POINT('Ctrl Pts',(-0.0532771906716825,-0.148677061453871,
-0.655622078713413));
#4365=CARTESIAN_POINT('Ctrl Pts',(-0.0533414217866956,-0.14861518770055,
-0.655476080200128));
#4366=CARTESIAN_POINT('Ctrl Pts',(-0.0534040626212996,-0.148554653414879,
-0.655328823612447));
#4367=CARTESIAN_POINT('Ctrl Pts',(-0.0540684268985378,-0.147912631047168,
-0.653767030621314));
#4368=CARTESIAN_POINT('Ctrl Pts',(-0.0545582273891264,-0.147420729014562,
-0.652047374186364));
#4369=CARTESIAN_POINT('Ctrl Pts',(-0.0548081698603928,-0.147166262663773,
-0.650256014163014));
#4370=CARTESIAN_POINT('Ctrl Pts',(-0.0549344666768675,-0.147037679914944,
-0.64935083359501));
#4371=CARTESIAN_POINT('Ctrl Pts',(-0.055,-0.146969384566991,-0.648427834166205));
#4372=CARTESIAN_POINT('Ctrl Pts',(-0.055,-0.146969384566991,-0.6475));
#4373=CARTESIAN_POINT('Origin',(0.035,0.21003937007874,-0.6475));
#4374=CARTESIAN_POINT('Ctrl Pts',(0.055,-0.146969384566991,-0.6475));
#4375=CARTESIAN_POINT('Ctrl Pts',(0.055,-0.146969384566991,-0.649744957883138));
#4376=CARTESIAN_POINT('Ctrl Pts',(0.0546107142794793,-0.147374290675852,
-0.651941627914504));
#4377=CARTESIAN_POINT('Ctrl Pts',(0.05393341765817,-0.148039198227281,-0.653940505758396));
#4378=CARTESIAN_POINT('Ctrl Pts',(0.0537740321051406,-0.148195668309168,
-0.654410893828502));
#4379=CARTESIAN_POINT('Ctrl Pts',(0.0535986916219071,-0.148366604065381,
-0.654870543543661));
#4380=CARTESIAN_POINT('Ctrl Pts',(0.0534086976501626,-0.148550254262034,
-0.65531791857843));
#4381=CARTESIAN_POINT('Ctrl Pts',(0.0533481089658692,-0.148608819929582,
-0.655460585550931));
#4382=CARTESIAN_POINT('Ctrl Pts',(0.0532860217697536,-0.148668649198356,
-0.655602102996397));
#4383=CARTESIAN_POINT('Ctrl Pts',(0.0532224918445214,-0.148729660951965,
-0.655742447151182));
#4384=CARTESIAN_POINT('Ctrl Pts',(0.0524094856326856,-0.149510441576177,
-0.657538461694221));
#4385=CARTESIAN_POINT('Ctrl Pts',(0.0513597290353533,-0.150485071735688,
-0.659150318435733));
#4386=CARTESIAN_POINT('Ctrl Pts',(0.0501489548071943,-0.151528954853976,
-0.660556848858534));
#4387=CARTESIAN_POINT('Ctrl Pts',(0.0497903452602693,-0.151838134256202,
-0.660973437869042));
#4388=CARTESIAN_POINT('Ctrl Pts',(0.04941737334744,-0.152153669727104,-0.661372008253338));
#4389=CARTESIAN_POINT('Ctrl Pts',(0.0490314725396369,-0.152472915923101,
-0.661751939461728));
#4390=CARTESIAN_POINT('Ctrl Pts',(0.0489425273970945,-0.15254649804015,
-0.661839508688854));
#4391=CARTESIAN_POINT('Ctrl Pts',(0.0488528260856751,-0.152620321317101,
-0.661926161344869));
#4392=CARTESIAN_POINT('Ctrl Pts',(0.0487623861094292,-0.152694359356516,
-0.662011894179649));
#4393=CARTESIAN_POINT('Ctrl Pts',(0.0472621463509349,-0.153922519899931,
-0.663434050760013));
#4394=CARTESIAN_POINT('Ctrl Pts',(0.0455615752277269,-0.155209081173216,
-0.664606378272513));
#4395=CARTESIAN_POINT('Ctrl Pts',(0.0437115557480828,-0.156450186553107,
-0.665502655188682));
#4396=CARTESIAN_POINT('Ctrl Pts',(0.0433567967820002,-0.156688180404639,
-0.665674524877408));
#4397=CARTESIAN_POINT('Ctrl Pts',(0.042996455231461,-0.156924507324053,
-0.665836117225862));
#4398=CARTESIAN_POINT('Ctrl Pts',(0.0426307909240993,-0.157158401931678,
-0.6659870503292));
#4399=CARTESIAN_POINT('Ctrl Pts',(0.0409580479044199,-0.158228360263315,
-0.666677498617327));
#4400=CARTESIAN_POINT('Ctrl Pts',(0.0391467824663656,-0.159262885155468,
-0.667155020052853));
#4401=CARTESIAN_POINT('Ctrl Pts',(0.0372483514159742,-0.160201017222409,
-0.667371544466232));
#4402=CARTESIAN_POINT('Ctrl Pts',(0.03651073079574,-0.160565521141019,-0.667455673343107));
#4403=CARTESIAN_POINT('Ctrl Pts',(0.035760037778959,-0.160915206118277,
-0.6675));
#4404=CARTESIAN_POINT('Ctrl Pts',(0.035,-0.161245154965971,-0.6675));
#4405=CARTESIAN_POINT('Origin',(-0.035,0.21003937007874,-0.4775));
#4406=CARTESIAN_POINT('Ctrl Pts',(-0.055,-0.146969384566991,-0.4775));
#4407=CARTESIAN_POINT('Ctrl Pts',(-0.055,-0.146969384566991,-0.475255042116857));
#4408=CARTESIAN_POINT('Ctrl Pts',(-0.0546107142794758,-0.147374290675855,
-0.473058372085485));
#4409=CARTESIAN_POINT('Ctrl Pts',(-0.0539334176581649,-0.148039198227286,
-0.47105949424159));
#4410=CARTESIAN_POINT('Ctrl Pts',(-0.0537740321051369,-0.148195668309171,
-0.470589106171489));
#4411=CARTESIAN_POINT('Ctrl Pts',(-0.053598691621905,-0.148366604065382,
-0.470129456456334));
#4412=CARTESIAN_POINT('Ctrl Pts',(-0.0534086976501626,-0.148550254262033,
-0.46968208142157));
#4413=CARTESIAN_POINT('Ctrl Pts',(-0.0533481089658692,-0.148608819929581,
-0.469539414449068));
#4414=CARTESIAN_POINT('Ctrl Pts',(-0.0532860217697536,-0.148668649198355,
-0.469397897003603));
#4415=CARTESIAN_POINT('Ctrl Pts',(-0.0532224918445214,-0.148729660951964,
-0.469257552848818));
#4416=CARTESIAN_POINT('Ctrl Pts',(-0.0524094856327431,-0.149510441576121,
-0.467461538305906));
#4417=CARTESIAN_POINT('Ctrl Pts',(-0.0513597290355008,-0.15048507173555,
-0.465849681564496));
#4418=CARTESIAN_POINT('Ctrl Pts',(-0.0501489548074518,-0.151528954853754,
-0.464443151141765));
#4419=CARTESIAN_POINT('Ctrl Pts',(-0.0497903452604479,-0.15183813425605,
-0.464026562131149));
#4420=CARTESIAN_POINT('Ctrl Pts',(-0.0494173733475324,-0.152153669727028,
-0.463627991746753));
#4421=CARTESIAN_POINT('Ctrl Pts',(-0.0490314725396369,-0.152472915923101,
-0.463248060538272));
#4422=CARTESIAN_POINT('Ctrl Pts',(-0.0489425273970945,-0.15254649804015,
-0.463160491311146));
#4423=CARTESIAN_POINT('Ctrl Pts',(-0.0488528260856751,-0.1526203213171,
-0.463073838655131));
#4424=CARTESIAN_POINT('Ctrl Pts',(-0.0487623861094292,-0.152694359356516,
-0.462988105820351));
#4425=CARTESIAN_POINT('Ctrl Pts',(-0.0472621463509268,-0.153922519899937,
-0.461565949239979));
#4426=CARTESIAN_POINT('Ctrl Pts',(-0.0455615752277099,-0.155209081173231,
-0.460393621727474));
#4427=CARTESIAN_POINT('Ctrl Pts',(-0.0437115557480499,-0.15645018655313,
-0.459497344811302));
#4428=CARTESIAN_POINT('Ctrl Pts',(-0.0433567967819782,-0.156688180404654,
-0.459325475122582));
#4429=CARTESIAN_POINT('Ctrl Pts',(-0.04299645523145,-0.156924507324061,
-0.459163882774133));
#4430=CARTESIAN_POINT('Ctrl Pts',(-0.0426307909240993,-0.157158401931678,
-0.4590129496708));
#4431=CARTESIAN_POINT('Ctrl Pts',(-0.0409580479043831,-0.158228360263336,
-0.458322501382658));
#4432=CARTESIAN_POINT('Ctrl Pts',(-0.0391467824662981,-0.159262885155506,
-0.457844979947128));
#4433=CARTESIAN_POINT('Ctrl Pts',(-0.0372483514158721,-0.160201017222459,
-0.457628455533755));
#4434=CARTESIAN_POINT('Ctrl Pts',(-0.0365107307956714,-0.160565521141051,
-0.457544326656888));
#4435=CARTESIAN_POINT('Ctrl Pts',(-0.0357600377789249,-0.160915206118292,
-0.4575));
#4436=CARTESIAN_POINT('Ctrl Pts',(-0.035,-0.161245154965971,-0.4575));
#4437=CARTESIAN_POINT('Ctrl Pts',(-0.0659090909090909,-0.129154913710386,
-0.4775));
#4438=CARTESIAN_POINT('Ctrl Pts',(-0.055,-0.134721935853075,-0.4775));
#4439=CARTESIAN_POINT('Ctrl Pts',(-0.055,-0.146969384566991,-0.4775));
#4440=CARTESIAN_POINT('Ctrl Pts',(-0.0659090900048904,-0.129154914171809,
-0.47212306840728));
#4441=CARTESIAN_POINT('Ctrl Pts',(-0.0549999991623807,-0.13472193618505,
-0.473968326821847));
#4442=CARTESIAN_POINT('Ctrl Pts',(-0.055,-0.146969385093101,-0.474811534256257));
#4443=CARTESIAN_POINT('Ctrl Pts',(-0.0649277951668366,-0.129666679812373,
-0.466728867455196));
#4444=CARTESIAN_POINT('Ctrl Pts',(-0.054059245712343,-0.135101723118766,
-0.470402575812622));
#4445=CARTESIAN_POINT('Ctrl Pts',(-0.0544416767760804,-0.147551739316596,
-0.472114433658575));
#4446=CARTESIAN_POINT('Ctrl Pts',(-0.0612967860497674,-0.13142210795281,
-0.456999641162953));
#4447=CARTESIAN_POINT('Ctrl Pts',(-0.0508195292959931,-0.136302354975635,
-0.464416664943344));
#4448=CARTESIAN_POINT('Ctrl Pts',(-0.0523757573644012,-0.149549295036889,
-0.467249820650499));
#4449=CARTESIAN_POINT('Ctrl Pts',(-0.0586428557478899,-0.132658156272448,
-0.452607973744745));
#4450=CARTESIAN_POINT('Ctrl Pts',(-0.048474814054493,-0.137124669953519,
-0.461939420952662));
#4451=CARTESIAN_POINT('Ctrl Pts',(-0.0508657628274563,-0.150955833269951,
-0.465053986853628));
#4452=CARTESIAN_POINT('Ctrl Pts',(-0.0521952021461531,-0.135324912077545,
-0.445384441418691));
#4453=CARTESIAN_POINT('Ctrl Pts',(-0.0433645183245493,-0.13870565268009,
-0.458460321980486));
#4454=CARTESIAN_POINT('Ctrl Pts',(-0.0471972701122578,-0.153990416921419,
-0.46144222072809));
#4455=CARTESIAN_POINT('Ctrl Pts',(-0.048350275701753,-0.136771778891802,
-0.442489708128959));
#4456=CARTESIAN_POINT('Ctrl Pts',(-0.0405429829996943,-0.139471334195195,
-0.457463417707763));
#4457=CARTESIAN_POINT('Ctrl Pts',(-0.0450096396163557,-0.155636852058028,
-0.459994854165116));
#4458=CARTESIAN_POINT('Ctrl Pts',(-0.0399882883454661,-0.139446066480425,
-0.438562102885539));
#4459=CARTESIAN_POINT('Ctrl Pts',(-0.0352803889042479,-0.140740294005084,
-0.456696454455746));
#4460=CARTESIAN_POINT('Ctrl Pts',(-0.0402519571691388,-0.158680006468989,
-0.458031051342114));
#4461=CARTESIAN_POINT('Ctrl Pts',(-0.0353793598617843,-0.140697079609154,
-0.43750000096484));
#4462=CARTESIAN_POINT('Ctrl Pts',(-0.0328235195900923,-0.141251852666529,
-0.456953965918199));
#4463=CARTESIAN_POINT('Ctrl Pts',(-0.037628000660051,-0.160104283007331,
-0.4575));
#4464=CARTESIAN_POINT('Ctrl Pts',(-0.0307575757575758,-0.141700287697368,
-0.4375));
#4465=CARTESIAN_POINT('Ctrl Pts',(-0.0307575757575758,-0.141700287697368,
-0.4575));
#4466=CARTESIAN_POINT('Ctrl Pts',(-0.035,-0.161245154965971,-0.4575));
#4467=CARTESIAN_POINT('Origin',(-0.035,-0.161245154965971,-0.4375));
#4468=CARTESIAN_POINT('Origin',(-0.075,-0.146969384566991,-0.4775));
#4469=CARTESIAN_POINT('Origin',(-0.075,-0.146969384566991,0.805));
#4470=CARTESIAN_POINT('Origin',(-0.075,-0.146969384566991,-0.6475));
#4471=CARTESIAN_POINT('Origin',(0.,0.,-0.4375));
#4472=CARTESIAN_POINT('Origin',(0.035,-0.161245154965971,-0.4375));
#4473=CARTESIAN_POINT('Ctrl Pts',(-0.0307575757575758,-0.141700287697368,
-0.6875));
#4474=CARTESIAN_POINT('Ctrl Pts',(-0.0307575757575758,-0.141700287697368,
-0.6675));
#4475=CARTESIAN_POINT('Ctrl Pts',(-0.035,-0.161245154965971,-0.6675));
#4476=CARTESIAN_POINT('Ctrl Pts',(-0.0353897697737656,-0.140694820025482,
-0.687499998886037));
#4477=CARTESIAN_POINT('Ctrl Pts',(-0.0328299796497123,-0.141250450444825,
-0.668047741436254));
#4478=CARTESIAN_POINT('Ctrl Pts',(-0.0376344755526154,-0.16010147207818,
-0.6675));
#4479=CARTESIAN_POINT('Ctrl Pts',(-0.0399422781670756,-0.139460151002601,
-0.686456272285394));
#4480=CARTESIAN_POINT('Ctrl Pts',(-0.0352518997088302,-0.140746932495735,
-0.668305897440784));
#4481=CARTESIAN_POINT('Ctrl Pts',(-0.0402257789832836,-0.158696033656126,
-0.666978136300556));
#4482=CARTESIAN_POINT('Ctrl Pts',(-0.0483588397758923,-0.136769667391472,
-0.682509490681432));
#4483=CARTESIAN_POINT('Ctrl Pts',(-0.0405465636139176,-0.13947069124975,
-0.667537777839189));
#4484=CARTESIAN_POINT('Ctrl Pts',(-0.0450145122601303,-0.155634449344025,
-0.66500474518286));
#4485=CARTESIAN_POINT('Ctrl Pts',(-0.0521865962166683,-0.13532834601522,
-0.679623915732183));
#4486=CARTESIAN_POINT('Ctrl Pts',(-0.0433577703046018,-0.13870765552826,
-0.666543456515928));
#4487=CARTESIAN_POINT('Ctrl Pts',(-0.0471923736851577,-0.153994324484735,
-0.663561957902559));
#4488=CARTESIAN_POINT('Ctrl Pts',(-0.0586425719268817,-0.132658398971559,
-0.672393626835739));
#4489=CARTESIAN_POINT('Ctrl Pts',(-0.0484742692583224,-0.137124919862343,
-0.663061732459009));
#4490=CARTESIAN_POINT('Ctrl Pts',(-0.050865601293069,-0.150956109465737,
-0.659946813381402));
#4491=CARTESIAN_POINT('Ctrl Pts',(-0.0612947254428362,-0.13142296472243,
-0.667997898803219));
#4492=CARTESIAN_POINT('Ctrl Pts',(-0.0508180052791103,-0.136302805574798,
-0.660580899069776));
#4493=CARTESIAN_POINT('Ctrl Pts',(-0.0523745850896338,-0.149550269969791,
-0.657748949393044));
#4494=CARTESIAN_POINT('Ctrl Pts',(-0.0649135830657419,-0.129673689533046,
-0.6583171591784));
#4495=CARTESIAN_POINT('Ctrl Pts',(-0.0540465230749654,-0.135106549070112,
-0.65462603464515));
#4496=CARTESIAN_POINT('Ctrl Pts',(-0.054433590441109,-0.14755971590713,
-0.652908579597764));
#4497=CARTESIAN_POINT('Ctrl Pts',(-0.0659090903898003,-0.129154913975385,
-0.652965621298816));
#4498=CARTESIAN_POINT('Ctrl Pts',(-0.0549999995185557,-0.134721936044332,
-0.651089922546418));
#4499=CARTESIAN_POINT('Ctrl Pts',(-0.055,-0.146969384869613,-0.650232810642583));
#4500=CARTESIAN_POINT('Ctrl Pts',(-0.0659090909090909,-0.129154913710386,
-0.6475));
#4501=CARTESIAN_POINT('Ctrl Pts',(-0.055,-0.134721935853075,-0.6475));
#4502=CARTESIAN_POINT('Ctrl Pts',(-0.055,-0.146969384566991,-0.6475));
#4503=CARTESIAN_POINT('Origin',(-0.035,-0.161245154965971,-0.6875));
#4504=CARTESIAN_POINT('Ctrl Pts',(0.0307575757575757,-0.141700287697368,
-0.4375));
#4505=CARTESIAN_POINT('Ctrl Pts',(0.0307575757575757,-0.141700287697368,
-0.4575));
#4506=CARTESIAN_POINT('Ctrl Pts',(0.035,-0.161245154965971,-0.4575));
#4507=CARTESIAN_POINT('Ctrl Pts',(0.0353897697737647,-0.140694820025482,
-0.437500001113948));
#4508=CARTESIAN_POINT('Ctrl Pts',(0.0328299796497101,-0.141250450444839,
-0.456952258563733));
#4509=CARTESIAN_POINT('Ctrl Pts',(0.0376344755526164,-0.160101472078179,
-0.4575));
#4510=CARTESIAN_POINT('Ctrl Pts',(0.0399422781670766,-0.1394601510026,-0.43854372771461));
#4511=CARTESIAN_POINT('Ctrl Pts',(0.0352518997088315,-0.140746932495735,
-0.456694102559211));
#4512=CARTESIAN_POINT('Ctrl Pts',(0.0402257789832819,-0.158696033656126,
-0.458021863699443));
#4513=CARTESIAN_POINT('Ctrl Pts',(0.0483588397758912,-0.136769667391472,
-0.442490509318563));
#4514=CARTESIAN_POINT('Ctrl Pts',(0.0405465636139165,-0.13947069124975,
-0.457462222160815));
#4515=CARTESIAN_POINT('Ctrl Pts',(0.045014512260132,-0.155634449344025,
-0.45999525481714));
#4516=CARTESIAN_POINT('Ctrl Pts',(0.0521865962166654,-0.135328346015221,
-0.445376084267812));
#4517=CARTESIAN_POINT('Ctrl Pts',(0.0433577703045999,-0.138707655528263,
-0.458456543484072));
#4518=CARTESIAN_POINT('Ctrl Pts',(0.0471923736851571,-0.153994324484737,
-0.461438042097441));
#4519=CARTESIAN_POINT('Ctrl Pts',(0.0586425719268845,-0.132658398971557,
-0.452606373164265));
#4520=CARTESIAN_POINT('Ctrl Pts',(0.0484742692583241,-0.137124919862341,
-0.461938267540991));
#4521=CARTESIAN_POINT('Ctrl Pts',(0.0508656012930696,-0.150956109465735,
-0.465053186618598));
#4522=CARTESIAN_POINT('Ctrl Pts',(0.0612947254428352,-0.131422964722431,
-0.457002101196781));
#4523=CARTESIAN_POINT('Ctrl Pts',(0.0508180052791078,-0.136302805574795,
-0.464419100930223));
#4524=CARTESIAN_POINT('Ctrl Pts',(0.052374585089635,-0.14955026996979,-0.467251050606958));
#4525=CARTESIAN_POINT('Ctrl Pts',(0.0649135830657428,-0.129673689533046,
-0.4666828408216));
#4526=CARTESIAN_POINT('Ctrl Pts',(0.0540465230749676,-0.135106549070116,
-0.470373965354849));
#4527=CARTESIAN_POINT('Ctrl Pts',(0.0544335904411076,-0.147559715907131,
-0.472091420402232));
#4528=CARTESIAN_POINT('Ctrl Pts',(0.0659090903897984,-0.129154913975386,
-0.472034378701185));
#4529=CARTESIAN_POINT('Ctrl Pts',(0.0549999995185527,-0.134721936044337,
-0.473910077453581));
#4530=CARTESIAN_POINT('Ctrl Pts',(0.055,-0.146969384869613,-0.474767189357419));
#4531=CARTESIAN_POINT('Ctrl Pts',(0.0659090909090909,-0.129154913710386,
-0.4775));
#4532=CARTESIAN_POINT('Ctrl Pts',(0.055,-0.134721935853075,-0.4775));
#4533=CARTESIAN_POINT('Ctrl Pts',(0.055,-0.146969384566991,-0.4775));
#4534=CARTESIAN_POINT('Origin',(0.075,-0.146969384566991,-0.4775));
#4535=CARTESIAN_POINT('Origin',(0.,0.,-0.6875));
#4536=CARTESIAN_POINT('Origin',(0.035,-0.161245154965971,-0.6875));
#4537=CARTESIAN_POINT('Origin',(0.075,-0.146969384566991,0.805));
#4538=CARTESIAN_POINT('Origin',(0.075,-0.146969384566991,-0.6475));
#4539=CARTESIAN_POINT('Ctrl Pts',(0.0659090909090909,-0.129154913710386,
-0.6475));
#4540=CARTESIAN_POINT('Ctrl Pts',(0.055,-0.134721935853075,-0.6475));
#4541=CARTESIAN_POINT('Ctrl Pts',(0.055,-0.146969384566991,-0.6475));
#4542=CARTESIAN_POINT('Ctrl Pts',(0.0659090900048843,-0.129154914171812,
-0.652876931592721));
#4543=CARTESIAN_POINT('Ctrl Pts',(0.0549999991623801,-0.134721936185069,
-0.651031673178156));
#4544=CARTESIAN_POINT('Ctrl Pts',(0.055,-0.146969385093115,-0.650188465743749));
#4545=CARTESIAN_POINT('Ctrl Pts',(0.0649277951668375,-0.129666679812372,
-0.658271132544804));
#4546=CARTESIAN_POINT('Ctrl Pts',(0.0540592457123414,-0.135101723118766,
-0.654597424187373));
#4547=CARTESIAN_POINT('Ctrl Pts',(0.0544416767760838,-0.147551739316594,
-0.652885566341417));
#4548=CARTESIAN_POINT('Ctrl Pts',(0.0612967860497665,-0.131422107952811,
-0.668000358837047));
#4549=CARTESIAN_POINT('Ctrl Pts',(0.0508195292959949,-0.136302354975635,
-0.66058333505666));
#4550=CARTESIAN_POINT('Ctrl Pts',(0.0523757573643978,-0.14954929503689,
-0.657750179349509));
#4551=CARTESIAN_POINT('Ctrl Pts',(0.0586428557478898,-0.132658156272448,
-0.672392026255255));
#4552=CARTESIAN_POINT('Ctrl Pts',(0.0484748140544909,-0.137124669953515,
-0.663060579047343));
#4553=CARTESIAN_POINT('Ctrl Pts',(0.0508657628274584,-0.150955833269949,
-0.65994601314637));
#4554=CARTESIAN_POINT('Ctrl Pts',(0.0521952021461532,-0.135324912077545,
-0.679615558581309));
#4555=CARTESIAN_POINT('Ctrl Pts',(0.0433645183245518,-0.138705652680094,
-0.666539678019509));
#4556=CARTESIAN_POINT('Ctrl Pts',(0.0471972701122558,-0.153990416921422,
-0.663557779271912));
#4557=CARTESIAN_POINT('Ctrl Pts',(0.0483502757017486,-0.136771778891803,
-0.68251029187105));
#4558=CARTESIAN_POINT('Ctrl Pts',(0.0405429829996932,-0.139471334195196,
-0.66753658229225));
#4559=CARTESIAN_POINT('Ctrl Pts',(0.0450096396163481,-0.15563685205803,
-0.665005145834886));
#4560=CARTESIAN_POINT('Ctrl Pts',(0.0399882883454704,-0.139446066480424,
-0.686437897114451));
#4561=CARTESIAN_POINT('Ctrl Pts',(0.0352803889042491,-0.140740294005083,
-0.668303545544239));
#4562=CARTESIAN_POINT('Ctrl Pts',(0.0402519571691463,-0.158680006468987,
-0.666968948657882));
#4563=CARTESIAN_POINT('Ctrl Pts',(0.035379359861781,-0.140697079609154,
-0.68749999903516));
#4564=CARTESIAN_POINT('Ctrl Pts',(0.0328235195900904,-0.141251852666513,
-0.668046034081801));
#4565=CARTESIAN_POINT('Ctrl Pts',(0.0376280006600452,-0.160104283007332,
-0.6675));
#4566=CARTESIAN_POINT('Ctrl Pts',(0.0307575757575757,-0.141700287697368,
-0.6875));
#4567=CARTESIAN_POINT('Ctrl Pts',(0.0307575757575757,-0.141700287697368,
-0.6675));
#4568=CARTESIAN_POINT('Ctrl Pts',(0.035,-0.161245154965971,-0.6675));
#4569=CARTESIAN_POINT('',(0.,0.,0.));
#4570=CARTESIAN_POINT('Origin',(0.,0.,0.35));
#4571=CARTESIAN_POINT('',(0.145,-1.77573785876366E-17,0.35));
#4572=CARTESIAN_POINT('Origin',(0.,0.,0.35));
#4573=CARTESIAN_POINT('',(0.145,-1.77573785876366E-17,-0.35));
#4574=CARTESIAN_POINT('',(0.145,-1.77573785876366E-17,0.35));
#4575=CARTESIAN_POINT('Origin',(0.,0.,-0.35));
#4576=CARTESIAN_POINT('Origin',(0.,0.,0.35));
#4577=CARTESIAN_POINT('',(0.21,-2.57175827820944E-17,-0.35));
#4578=CARTESIAN_POINT('Origin',(0.,0.,-0.35));
#4579=CARTESIAN_POINT('',(0.21,-2.57175827820944E-17,0.35));
#4580=CARTESIAN_POINT('',(0.21,-2.57175827820944E-17,0.35));
#4581=CARTESIAN_POINT('Origin',(0.,0.,0.35));
#4582=CARTESIAN_POINT('Origin',(0.,0.,0.35));
#4583=CARTESIAN_POINT('Origin',(0.,0.,-0.35));
#4584=CARTESIAN_POINT('',(0.,0.,0.));
#4585=CARTESIAN_POINT('Origin',(-0.046875,0.,0.));
#4586=CARTESIAN_POINT('',(0.032875,-3.61608306834848E-18,0.0295275590551181));
#4587=CARTESIAN_POINT('Origin',(0.032875,0.,0.));
#4588=CARTESIAN_POINT('',(0.046875,-3.61608306834848E-18,0.0295275590551181));
#4589=CARTESIAN_POINT('',(-0.046875,-3.61608306834848E-18,0.0295275590551181));
#4590=CARTESIAN_POINT('Origin',(0.046875,0.,0.));
#4591=CARTESIAN_POINT('Origin',(-0.046875,0.,0.));
#4592=CARTESIAN_POINT('',(-0.046875,-3.61608306834848E-18,0.0295275590551181));
#4593=CARTESIAN_POINT('Origin',(-0.046875,0.,0.));
#4594=CARTESIAN_POINT('',(-0.032875,-3.61608306834848E-18,0.0295275590551181));
#4595=CARTESIAN_POINT('',(-0.046875,-3.61608306834848E-18,0.0295275590551181));
#4596=CARTESIAN_POINT('Origin',(-0.032875,0.,0.));
#4597=CARTESIAN_POINT('Origin',(0.046875,0.21625,0.09375));
#4598=CARTESIAN_POINT('',(0.046875,0.21625,-0.07975));
#4599=CARTESIAN_POINT('',(0.046875,0.21625,0.07975));
#4600=CARTESIAN_POINT('',(0.046875,0.21625,0.09375));
#4601=CARTESIAN_POINT('',(0.032875,0.21625,-0.07975));
#4602=CARTESIAN_POINT('',(-0.193495470944544,0.21625,-0.07975));
#4603=CARTESIAN_POINT('',(0.0328749999999998,0.21625,0.07975));
#4604=CARTESIAN_POINT('',(0.032875,0.21625,0.07975));
#4605=CARTESIAN_POINT('',(-0.193495470944544,0.21625,0.07975));
#4606=CARTESIAN_POINT('Origin',(0.046875,0.,-0.09375));
#4607=CARTESIAN_POINT('',(-0.046875,0.,-0.09375));
#4608=CARTESIAN_POINT('',(-0.046875,0.21625,-0.09375));
#4609=CARTESIAN_POINT('',(-0.046875,0.,-0.09375));
#4610=CARTESIAN_POINT('',(0.046875,0.21625,-0.09375));
#4611=CARTESIAN_POINT('',(0.046875,0.21625,-0.09375));
#4612=CARTESIAN_POINT('',(0.046875,0.,-0.09375));
#4613=CARTESIAN_POINT('',(0.046875,0.,-0.09375));
#4614=CARTESIAN_POINT('',(0.046875,0.,-0.09375));
#4615=CARTESIAN_POINT('Origin',(0.046875,0.21625,0.09375));
#4616=CARTESIAN_POINT('',(-0.032875,0.21625,-0.07975));
#4617=CARTESIAN_POINT('',(-0.0328750000000002,0.21625,0.07975));
#4618=CARTESIAN_POINT('',(-0.032875,0.21625,-0.07975));
#4619=CARTESIAN_POINT('',(-0.046875,0.21625,-0.07975));
#4620=CARTESIAN_POINT('',(-0.193495470944544,0.21625,-0.07975));
#4621=CARTESIAN_POINT('',(-0.046875,0.21625,0.07975));
#4622=CARTESIAN_POINT('',(-0.046875,0.21625,0.09375));
#4623=CARTESIAN_POINT('',(-0.193495470944544,0.21625,0.07975));
#4624=CARTESIAN_POINT('Origin',(0.046875,0.,0.09375));
#4625=CARTESIAN_POINT('',(-0.046875,0.21625,0.09375));
#4626=CARTESIAN_POINT('',(-0.046875,0.,0.09375));
#4627=CARTESIAN_POINT('',(-0.046875,0.,0.09375));
#4628=CARTESIAN_POINT('',(0.046875,0.,0.09375));
#4629=CARTESIAN_POINT('',(0.046875,0.,0.09375));
#4630=CARTESIAN_POINT('',(0.046875,0.21625,0.09375));
#4631=CARTESIAN_POINT('',(0.046875,0.,0.09375));
#4632=CARTESIAN_POINT('',(0.046875,0.21625,0.09375));
#4633=CARTESIAN_POINT('Origin',(0.046875,0.,0.));
#4634=CARTESIAN_POINT('Origin',(-0.046875,0.,0.));
#4635=CARTESIAN_POINT('Origin',(0.046875,0.,0.));
#4636=CARTESIAN_POINT('',(0.032875,-0.0492848861214064,-0.07975));
#4637=CARTESIAN_POINT('',(-0.032875,-0.0492848861214064,-0.07975));
#4638=CARTESIAN_POINT('',(0.046875,-0.0492848861214064,-0.07975));
#4639=CARTESIAN_POINT('',(-0.032875,-0.0492848861214064,0.07975));
#4640=CARTESIAN_POINT('Origin',(-0.032875,0.,0.));
#4641=CARTESIAN_POINT('',(0.032875,-0.0492848861214064,0.07975));
#4642=CARTESIAN_POINT('',(0.046875,-0.0492848861214064,0.07975));
#4643=CARTESIAN_POINT('Origin',(0.032875,0.,0.));
#4644=CARTESIAN_POINT('Origin',(0.046875,0.,0.));
#4645=CARTESIAN_POINT('',(0.046875,0.22225,-0.09975));
#4646=CARTESIAN_POINT('Origin',(0.046875,0.21625,-0.09975));
#4647=CARTESIAN_POINT('',(0.046875,0.22225,-0.225));
#4648=CARTESIAN_POINT('',(0.046875,0.22225,-0.09975));
#4649=CARTESIAN_POINT('',(0.046875,0.23625,-0.225));
#4650=CARTESIAN_POINT('',(0.046875,0.22225,-0.225));
#4651=CARTESIAN_POINT('',(0.046875,0.23625,-0.09975));
#4652=CARTESIAN_POINT('',(0.046875,0.23625,-0.225));
#4653=CARTESIAN_POINT('Origin',(0.046875,0.21625,-0.09975));
#4654=CARTESIAN_POINT('',(0.046875,0.23625,0.09975));
#4655=CARTESIAN_POINT('Origin',(0.046875,0.21625,0.09975));
#4656=CARTESIAN_POINT('',(0.046875,0.23625,0.225));
#4657=CARTESIAN_POINT('',(0.046875,0.23625,0.225));
#4658=CARTESIAN_POINT('',(0.046875,0.22225,0.225));
#4659=CARTESIAN_POINT('',(0.046875,0.22225,0.225));
#4660=CARTESIAN_POINT('',(0.046875,0.22225,0.09975));
#4661=CARTESIAN_POINT('',(0.046875,0.22225,0.09975));
#4662=CARTESIAN_POINT('Origin',(0.046875,0.21625,0.09975));
#4663=CARTESIAN_POINT('Origin',(-0.046875,0.,0.));
#4664=CARTESIAN_POINT('',(-0.046875,0.22225,0.09975));
#4665=CARTESIAN_POINT('Origin',(-0.046875,0.21625,0.09975));
#4666=CARTESIAN_POINT('',(-0.046875,0.22225,0.225));
#4667=CARTESIAN_POINT('',(-0.046875,0.22225,0.09975));
#4668=CARTESIAN_POINT('',(-0.046875,0.23625,0.225));
#4669=CARTESIAN_POINT('',(-0.046875,0.22225,0.225));
#4670=CARTESIAN_POINT('',(-0.046875,0.23625,0.09975));
#4671=CARTESIAN_POINT('',(-0.046875,0.23625,0.225));
#4672=CARTESIAN_POINT('Origin',(-0.046875,0.21625,0.09975));
#4673=CARTESIAN_POINT('',(-0.046875,0.23625,-0.09975));
#4674=CARTESIAN_POINT('Origin',(-0.046875,0.21625,-0.09975));
#4675=CARTESIAN_POINT('',(-0.046875,0.23625,-0.225));
#4676=CARTESIAN_POINT('',(-0.046875,0.23625,-0.225));
#4677=CARTESIAN_POINT('',(-0.046875,0.22225,-0.225));
#4678=CARTESIAN_POINT('',(-0.046875,0.22225,-0.225));
#4679=CARTESIAN_POINT('',(-0.046875,0.22225,-0.09975));
#4680=CARTESIAN_POINT('',(-0.046875,0.22225,-0.09975));
#4681=CARTESIAN_POINT('Origin',(-0.046875,0.21625,-0.09975));
#4682=CARTESIAN_POINT('Origin',(0.032875,-0.09375,-0.07975));
#4683=CARTESIAN_POINT('',(0.032875,-0.09375,-0.07975));
#4684=CARTESIAN_POINT('',(0.032875,0.21625,-0.07975));
#4685=CARTESIAN_POINT('',(-0.032875,-0.09375,-0.07975));
#4686=CARTESIAN_POINT('Origin',(0.032875,-0.09375,0.07975));
#4687=CARTESIAN_POINT('',(0.032875,-0.09375,0.07975));
#4688=CARTESIAN_POINT('Origin',(-0.032875,-0.09375,0.07975));
#4689=CARTESIAN_POINT('',(-0.032875,-0.09375,0.07975));
#4690=CARTESIAN_POINT('',(-0.032875,0.21625,0.07975));
#4691=CARTESIAN_POINT('Origin',(-0.032875,-0.09375,-0.07975));
#4692=CARTESIAN_POINT('Origin',(-0.193495470944544,0.21625,0.09975));
#4693=CARTESIAN_POINT('',(-0.193495470944544,0.22225,0.09975));
#4694=CARTESIAN_POINT('Origin',(-0.193495470944544,0.22225,0.09975));
#4695=CARTESIAN_POINT('',(-0.193495470944544,0.22225,0.225));
#4696=CARTESIAN_POINT('Origin',(-0.193495470944544,0.22225,0.225));
#4697=CARTESIAN_POINT('',(-0.193495470944544,0.23625,0.225));
#4698=CARTESIAN_POINT('Origin',(-0.193495470944544,0.23625,0.225));
#4699=CARTESIAN_POINT('',(-0.193495470944544,0.23625,0.09975));
#4700=CARTESIAN_POINT('Origin',(-0.193495470944544,0.21625,0.09975));
#4701=CARTESIAN_POINT('Origin',(-0.193495470944544,0.21625,-0.09975));
#4702=CARTESIAN_POINT('',(-0.193495470944544,0.23625,-0.09975));
#4703=CARTESIAN_POINT('Origin',(-0.193495470944544,0.23625,-0.225));
#4704=CARTESIAN_POINT('',(-0.193495470944544,0.23625,-0.225));
#4705=CARTESIAN_POINT('Origin',(-0.193495470944544,0.22225,-0.225));
#4706=CARTESIAN_POINT('',(-0.193495470944544,0.22225,-0.225));
#4707=CARTESIAN_POINT('Origin',(-0.193495470944544,0.22225,-0.09975));
#4708=CARTESIAN_POINT('',(-0.193495470944544,0.22225,-0.09975));
#4709=CARTESIAN_POINT('Origin',(-0.193495470944544,0.21625,-0.09975));
#4710=CARTESIAN_POINT('',(0.,0.,0.));
#4711=CARTESIAN_POINT('',(0.,0.,1.89));
#4712=CARTESIAN_POINT('',(0.,0.,1.83));
#4713=CARTESIAN_POINT('',(0.,0.,1.51));
#4714=CARTESIAN_POINT('',(0.,0.,-1.515));
#4715=CARTESIAN_POINT('',(0.,0.,0.));
#4716=CARTESIAN_POINT('',(0.,0.,1.16));
#4717=CARTESIAN_POINT('',(2.13425624505021E-18,-0.435918661424646,0.5625));
#4718=CARTESIAN_POINT('',(0.,0.,-1.16));
#4719=CARTESIAN_POINT('',(-4.26851249010041E-18,-0.435918661424646,-0.5625));
#4720=UNCERTAINTY_MEASURE_WITH_UNIT(LENGTH_MEASURE(0.000393700787401575),
#4741,'DISTANCE_ACCURACY_VALUE',
'Maximum model space distance between geometric entities at asserted c
onnectivities');
#4721=UNCERTAINTY_MEASURE_WITH_UNIT(LENGTH_MEASURE(0.000393700787401575),
#4741,'DISTANCE_ACCURACY_VALUE',
'Maximum model space distance between geometric entities at asserted c
onnectivities');
#4722=UNCERTAINTY_MEASURE_WITH_UNIT(LENGTH_MEASURE(0.000393700787401575),
#4741,'DISTANCE_ACCURACY_VALUE',
'Maximum model space distance between geometric entities at asserted c
onnectivities');
#4723=UNCERTAINTY_MEASURE_WITH_UNIT(LENGTH_MEASURE(0.000393700787401575),
#4741,'DISTANCE_ACCURACY_VALUE',
'Maximum model space distance between geometric entities at asserted c
onnectivities');
#4724=UNCERTAINTY_MEASURE_WITH_UNIT(LENGTH_MEASURE(0.000393700787401575),
#4741,'DISTANCE_ACCURACY_VALUE',
'Maximum model space distance between geometric entities at asserted c
onnectivities');
#4725=UNCERTAINTY_MEASURE_WITH_UNIT(LENGTH_MEASURE(0.000393700787401575),
#4741,'DISTANCE_ACCURACY_VALUE',
'Maximum model space distance between geometric entities at asserted c
onnectivities');
#4726=UNCERTAINTY_MEASURE_WITH_UNIT(LENGTH_MEASURE(0.000393700787401575),
#4741,'DISTANCE_ACCURACY_VALUE',
'Maximum model space distance between geometric entities at asserted c
onnectivities');
#4727=UNCERTAINTY_MEASURE_WITH_UNIT(LENGTH_MEASURE(0.000393700787401575),
#4741,'DISTANCE_ACCURACY_VALUE',
'Maximum model space distance between geometric entities at asserted c
onnectivities');
#4728=UNCERTAINTY_MEASURE_WITH_UNIT(LENGTH_MEASURE(0.000393700787401575),
#4741,'DISTANCE_ACCURACY_VALUE',
'Maximum model space distance between geometric entities at asserted c
onnectivities');
#4729=UNCERTAINTY_MEASURE_WITH_UNIT(LENGTH_MEASURE(0.000393700787401575),
#4741,'DISTANCE_ACCURACY_VALUE',
'Maximum model space distance between geometric entities at asserted c
onnectivities');
#4730=(
GEOMETRIC_REPRESENTATION_CONTEXT(3)
GLOBAL_UNCERTAINTY_ASSIGNED_CONTEXT((#4720))
GLOBAL_UNIT_ASSIGNED_CONTEXT((#4741,#4745,#4746))
REPRESENTATION_CONTEXT('','3D')
);
#4731=(
GEOMETRIC_REPRESENTATION_CONTEXT(3)
GLOBAL_UNCERTAINTY_ASSIGNED_CONTEXT((#4721))
GLOBAL_UNIT_ASSIGNED_CONTEXT((#4741,#4745,#4746))
REPRESENTATION_CONTEXT('','3D')
);
#4732=(
GEOMETRIC_REPRESENTATION_CONTEXT(3)
GLOBAL_UNCERTAINTY_ASSIGNED_CONTEXT((#4722))
GLOBAL_UNIT_ASSIGNED_CONTEXT((#4741,#4745,#4746))
REPRESENTATION_CONTEXT('','3D')
);
#4733=(
GEOMETRIC_REPRESENTATION_CONTEXT(3)
GLOBAL_UNCERTAINTY_ASSIGNED_CONTEXT((#4723))
GLOBAL_UNIT_ASSIGNED_CONTEXT((#4741,#4745,#4746))
REPRESENTATION_CONTEXT('','3D')
);
#4734=(
GEOMETRIC_REPRESENTATION_CONTEXT(3)
GLOBAL_UNCERTAINTY_ASSIGNED_CONTEXT((#4724))
GLOBAL_UNIT_ASSIGNED_CONTEXT((#4741,#4745,#4746))
REPRESENTATION_CONTEXT('','3D')
);
#4735=(
GEOMETRIC_REPRESENTATION_CONTEXT(3)
GLOBAL_UNCERTAINTY_ASSIGNED_CONTEXT((#4725))
GLOBAL_UNIT_ASSIGNED_CONTEXT((#4741,#4745,#4746))
REPRESENTATION_CONTEXT('','3D')
);
#4736=(
GEOMETRIC_REPRESENTATION_CONTEXT(3)
GLOBAL_UNCERTAINTY_ASSIGNED_CONTEXT((#4726))
GLOBAL_UNIT_ASSIGNED_CONTEXT((#4741,#4745,#4746))
REPRESENTATION_CONTEXT('','3D')
);
#4737=(
GEOMETRIC_REPRESENTATION_CONTEXT(3)
GLOBAL_UNCERTAINTY_ASSIGNED_CONTEXT((#4727))
GLOBAL_UNIT_ASSIGNED_CONTEXT((#4741,#4745,#4746))
REPRESENTATION_CONTEXT('','3D')
);
#4738=(
GEOMETRIC_REPRESENTATION_CONTEXT(3)
GLOBAL_UNCERTAINTY_ASSIGNED_CONTEXT((#4728))
GLOBAL_UNIT_ASSIGNED_CONTEXT((#4741,#4745,#4746))
REPRESENTATION_CONTEXT('','3D')
);
#4739=(
GEOMETRIC_REPRESENTATION_CONTEXT(3)
GLOBAL_UNCERTAINTY_ASSIGNED_CONTEXT((#4729))
GLOBAL_UNIT_ASSIGNED_CONTEXT((#4741,#4745,#4746))
REPRESENTATION_CONTEXT('','3D')
);
#4740=DIMENSIONAL_EXPONENTS(1.,0.,0.,0.,0.,0.,0.);
#4741=(
CONVERSION_BASED_UNIT('inch',#4744)
LENGTH_UNIT()
NAMED_UNIT(#4740)
);
#4742=(
LENGTH_UNIT()
NAMED_UNIT(*)
SI_UNIT(.MILLI.,.METRE.)
);
#4743=(
LENGTH_UNIT()
NAMED_UNIT(*)
SI_UNIT($,.METRE.)
);
#4744=LENGTH_MEASURE_WITH_UNIT(LENGTH_MEASURE(25.4),#4742);
#4745=(
NAMED_UNIT(*)
PLANE_ANGLE_UNIT()
SI_UNIT($,.RADIAN.)
);
#4746=(
NAMED_UNIT(*)
SI_UNIT($,.STERADIAN.)
SOLID_ANGLE_UNIT()
);
#4747=SHAPE_DEFINITION_REPRESENTATION(#4756,#4775);
#4748=SHAPE_DEFINITION_REPRESENTATION(#4757,#4776);
#4749=SHAPE_DEFINITION_REPRESENTATION(#4758,#4777);
#4750=SHAPE_DEFINITION_REPRESENTATION(#4759,#4778);
#4751=SHAPE_DEFINITION_REPRESENTATION(#4760,#4779);
#4752=SHAPE_DEFINITION_REPRESENTATION(#4761,#4780);
#4753=SHAPE_DEFINITION_REPRESENTATION(#4762,#4781);
#4754=SHAPE_DEFINITION_REPRESENTATION(#4763,#4782);
#4755=SHAPE_DEFINITION_REPRESENTATION(#4764,#4783);
#4756=PRODUCT_DEFINITION_SHAPE('',$,#4785);
#4757=PRODUCT_DEFINITION_SHAPE('',$,#4786);
#4758=PRODUCT_DEFINITION_SHAPE('',$,#4787);
#4759=PRODUCT_DEFINITION_SHAPE('',$,#4788);
#4760=PRODUCT_DEFINITION_SHAPE('',$,#4789);
#4761=PRODUCT_DEFINITION_SHAPE('',$,#4790);
#4762=PRODUCT_DEFINITION_SHAPE('',$,#4791);
#4763=PRODUCT_DEFINITION_SHAPE('',$,#4792);
#4764=PRODUCT_DEFINITION_SHAPE('',$,#4793);
#4765=PRODUCT_DEFINITION_SHAPE($,$,#41);
#4766=PRODUCT_DEFINITION_SHAPE($,$,#42);
#4767=PRODUCT_DEFINITION_SHAPE($,$,#43);
#4768=PRODUCT_DEFINITION_SHAPE($,$,#44);
#4769=PRODUCT_DEFINITION_SHAPE($,$,#45);
#4770=PRODUCT_DEFINITION_SHAPE($,$,#46);
#4771=PRODUCT_DEFINITION_SHAPE($,$,#47);
#4772=PRODUCT_DEFINITION_SHAPE($,$,#48);
#4773=PRODUCT_DEFINITION_SHAPE($,$,#49);
#4774=PRODUCT_DEFINITION_SHAPE($,$,#50);
#4775=SHAPE_REPRESENTATION('',(#2266,#2498,#2499,#2500,#2501,#2502,#2503,
#2504,#2505,#2506,#2507),#4730);
#4776=SHAPE_REPRESENTATION('',(#2267),#4731);
#4777=SHAPE_REPRESENTATION('',(#2296),#4732);
#4778=SHAPE_REPRESENTATION('',(#2315,#117),#4733);
#4779=SHAPE_REPRESENTATION('',(#2328),#4734);
#4780=SHAPE_REPRESENTATION('',(#2372),#4735);
#4781=SHAPE_REPRESENTATION('',(#2383),#4736);
#4782=SHAPE_REPRESENTATION('',(#2449),#4737);
#4783=SHAPE_REPRESENTATION('',(#2458),#4738);
#4784=PRODUCT_DEFINITION_CONTEXT('part definition',#4813,'design');
#4785=PRODUCT_DEFINITION('Microphone','(Unsaved)',#4794,#4784);
#4786=PRODUCT_DEFINITION('[HEAD-F-A-00] Tube','[HEAD-F-A-00] Tube',#4795,
#4784);
#4787=PRODUCT_DEFINITION('[HEAD-F-A-01] Front Cap',
'[HEAD-F-A-01] Front Cap',#4796,#4784);
#4788=PRODUCT_DEFINITION('[HEAD-F-A-02] Mesh','[HEAD-F-A-02] Mesh',#4797,
#4784);
#4789=PRODUCT_DEFINITION('[ELEC-MISC] Electret Condenser Microphone',
'[ELEC-MISC] Electret Condenser Microphone',#4798,#4784);
#4790=PRODUCT_DEFINITION('[HEAD-F-A-03] Rear Cap',
'[HEAD-F-A-03] Rear Cap',#4799,#4784);
#4791=PRODUCT_DEFINITION('[HEAD-F-A-04] Wire Passthrough',
'[HEAD-F-A-04] Wire Passthrough',#4800,#4784);
#4792=PRODUCT_DEFINITION('[HEAD-F-A-05] Spacer','[HEAD-F-A-05] Spacer',
#4801,#4784);
#4793=PRODUCT_DEFINITION('[HEAD-F-B-01] Hinge','[HEAD-F-B-01] Hinge',#4802,
#4784);
#4794=PRODUCT_DEFINITION_FORMATION('',$,#4815);
#4795=PRODUCT_DEFINITION_FORMATION('',$,#4816);
#4796=PRODUCT_DEFINITION_FORMATION('',$,#4817);
#4797=PRODUCT_DEFINITION_FORMATION('',$,#4818);
#4798=PRODUCT_DEFINITION_FORMATION('',$,#4819);
#4799=PRODUCT_DEFINITION_FORMATION('',$,#4820);
#4800=PRODUCT_DEFINITION_FORMATION('',$,#4821);
#4801=PRODUCT_DEFINITION_FORMATION('',$,#4822);
#4802=PRODUCT_DEFINITION_FORMATION('',$,#4823);
#4803=PRODUCT_RELATED_PRODUCT_CATEGORY('(Unsaved)','(Unsaved)',(#4815));
#4804=PRODUCT_RELATED_PRODUCT_CATEGORY('[HEAD-F-A-00] Tube',
'[HEAD-F-A-00] Tube',(#4816));
#4805=PRODUCT_RELATED_PRODUCT_CATEGORY('[HEAD-F-A-01] Front Cap',
'[HEAD-F-A-01] Front Cap',(#4817));
#4806=PRODUCT_RELATED_PRODUCT_CATEGORY('[HEAD-F-A-02] Mesh',
'[HEAD-F-A-02] Mesh',(#4818));
#4807=PRODUCT_RELATED_PRODUCT_CATEGORY(
'[ELEC-MISC] Electret Condenser Microphone',
'[ELEC-MISC] Electret Condenser Microphone',(#4819));
#4808=PRODUCT_RELATED_PRODUCT_CATEGORY('[HEAD-F-A-03] Rear Cap',
'[HEAD-F-A-03] Rear Cap',(#4820));
#4809=PRODUCT_RELATED_PRODUCT_CATEGORY('[HEAD-F-A-04] Wire Passthrough',
'[HEAD-F-A-04] Wire Passthrough',(#4821));
#4810=PRODUCT_RELATED_PRODUCT_CATEGORY('[HEAD-F-A-05] Spacer',
'[HEAD-F-A-05] Spacer',(#4822));
#4811=PRODUCT_RELATED_PRODUCT_CATEGORY('[HEAD-F-B-01] Hinge',
'[HEAD-F-B-01] Hinge',(#4823));
#4812=APPLICATION_PROTOCOL_DEFINITION('international standard',
'automotive_design',2009,#4813);
#4813=APPLICATION_CONTEXT(
'Core Data for Automotive Mechanical Design Process');
#4814=PRODUCT_CONTEXT('part definition',#4813,'mechanical');
#4815=PRODUCT('Microphone','(Unsaved)','STEP AP214',(#4814));
#4816=PRODUCT('[HEAD-F-A-00] Tube','[HEAD-F-A-00] Tube',$,(#4814));
#4817=PRODUCT('[HEAD-F-A-01] Front Cap','[HEAD-F-A-01] Front Cap',$,(#4814));
#4818=PRODUCT('[HEAD-F-A-02] Mesh','[HEAD-F-A-02] Mesh',$,(#4814));
#4819=PRODUCT('[ELEC-MISC] Electret Condenser Microphone',
'[ELEC-MISC] Electret Condenser Microphone',$,(#4814));
#4820=PRODUCT('[HEAD-F-A-03] Rear Cap','[HEAD-F-A-03] Rear Cap',$,(#4814));
#4821=PRODUCT('[HEAD-F-A-04] Wire Passthrough',
'[HEAD-F-A-04] Wire Passthrough',$,(#4814));
#4822=PRODUCT('[HEAD-F-A-05] Spacer','[HEAD-F-A-05] Spacer',$,(#4814));
#4823=PRODUCT('[HEAD-F-B-01] Hinge','[HEAD-F-B-01] Hinge',$,(#4814));
#4824=PRESENTATION_STYLE_ASSIGNMENT((#4829));
#4825=PRESENTATION_STYLE_ASSIGNMENT((#4830));
#4826=PRESENTATION_STYLE_ASSIGNMENT((#4831));
#4827=PRESENTATION_STYLE_ASSIGNMENT((#4832));
#4828=PRESENTATION_STYLE_ASSIGNMENT((#4833));
#4829=SURFACE_STYLE_USAGE(.BOTH.,#4834);
#4830=SURFACE_STYLE_USAGE(.BOTH.,#4835);
#4831=SURFACE_STYLE_USAGE(.BOTH.,#4836);
#4832=SURFACE_STYLE_USAGE(.BOTH.,#4837);
#4833=SURFACE_STYLE_USAGE(.BOTH.,#4838);
#4834=SURFACE_SIDE_STYLE('',(#4839));
#4835=SURFACE_SIDE_STYLE('',(#4840));
#4836=SURFACE_SIDE_STYLE('',(#4841));
#4837=SURFACE_SIDE_STYLE('',(#4842));
#4838=SURFACE_SIDE_STYLE('',(#4843));
#4839=SURFACE_STYLE_FILL_AREA(#4844);
#4840=SURFACE_STYLE_FILL_AREA(#4845);
#4841=SURFACE_STYLE_FILL_AREA(#4846);
#4842=SURFACE_STYLE_FILL_AREA(#4847);
#4843=SURFACE_STYLE_FILL_AREA(#4848);
#4844=FILL_AREA_STYLE('Steel - Satin',(#4849));
#4845=FILL_AREA_STYLE('Aluminum - Satin',(#4850));
#4846=FILL_AREA_STYLE('Palladium - Satin',(#4851));
#4847=FILL_AREA_STYLE('Opaque(202,209,238)',(#4852));
#4848=FILL_AREA_STYLE('Aluminum - Polished',(#4853));
#4849=FILL_AREA_STYLE_COLOUR('Steel - Satin',#4854);
#4850=FILL_AREA_STYLE_COLOUR('Aluminum - Satin',#4855);
#4851=FILL_AREA_STYLE_COLOUR('Palladium - Satin',#4856);
#4852=FILL_AREA_STYLE_COLOUR('Opaque(202,209,238)',#4857);
#4853=FILL_AREA_STYLE_COLOUR('Aluminum - Polished',#4858);
#4854=COLOUR_RGB('Steel - Satin',0.627450980392157,0.627450980392157,0.627450980392157);
#4855=COLOUR_RGB('Aluminum - Satin',0.96078431372549,0.96078431372549,0.964705882352941);
#4856=COLOUR_RGB('Palladium - Satin',0.858823529411765,0.847058823529412,
0.827450980392157);
#4857=COLOUR_RGB('Opaque(202,209,238)',0.792156862745098,0.819607843137255,
0.933333333333333);
#4858=COLOUR_RGB('Aluminum - Polished',0.96078431372549,0.96078431372549,
0.964705882352941);
ENDSEC;
END-ISO-10303-21;
