ISO-10303-21;
HEADER;
/* Generated by software containing ST-Developer
 * from STEP Tools, Inc. (www.steptools.com) 
 */

FILE_DESCRIPTION(
/* description */ ('STEP AP214'),
/* implementation_level */ '2;1');

FILE_NAME(
/* name */ 'rearCoverColor.step',
/* time_stamp */ '2026-08-08T16:33:52-04:00',
/* author */ (''),
/* organization */ (''),
/* preprocessor_version */ 'ST-DEVELOPER v20.1',
/* originating_system */ 'Autodesk Translation Framework v15.8.0.0',
/* authorisation */ '');

FILE_SCHEMA (('AUTOMOTIVE_DESIGN { 1 0 10303 214 3 1 1 }'));
ENDSEC;

DATA;
#10=MECHANICAL_DESIGN_GEOMETRIC_PRESENTATION_REPRESENTATION('',(#13),#12593);
#11=SHAPE_REPRESENTATION_RELATIONSHIP('SRR','None',#12603,#12);
#12=ADVANCED_BREP_SHAPE_REPRESENTATION('',(#14),#12592);
#13=STYLED_ITEM('',(#12613),#14);
#14=MANIFOLD_SOLID_BREP('Body1',#4775);
#15=SPHERICAL_SURFACE('',#4967,0.1875);
#16=SPHERICAL_SURFACE('',#4973,0.1875);
#17=SPHERICAL_SURFACE('',#4980,0.1875);
#18=SPHERICAL_SURFACE('',#4986,0.1875);
#19=SPHERICAL_SURFACE('',#5011,0.1825);
#20=SPHERICAL_SURFACE('',#5024,0.1825);
#21=SPHERICAL_SURFACE('',#5059,0.12);
#22=SPHERICAL_SURFACE('',#5067,0.12);
#23=SPHERICAL_SURFACE('',#5078,0.25);
#24=SPHERICAL_SURFACE('',#5083,0.25);
#25=SPHERICAL_SURFACE('',#5089,0.25);
#26=SPHERICAL_SURFACE('',#5094,0.25);
#27=FACE_BOUND('',#736,.T.);
#28=FACE_BOUND('',#737,.T.);
#29=FACE_BOUND('',#738,.T.);
#30=FACE_BOUND('',#739,.T.);
#31=FACE_BOUND('',#740,.T.);
#32=FACE_BOUND('',#742,.T.);
#33=FACE_BOUND('',#743,.T.);
#34=FACE_BOUND('',#995,.T.);
#35=FACE_BOUND('',#996,.T.);
#36=PLANE('',#4874);
#37=PLANE('',#4901);
#38=PLANE('',#4906);
#39=PLANE('',#4908);
#40=PLANE('',#4909);
#41=PLANE('',#4911);
#42=PLANE('',#4912);
#43=PLANE('',#4913);
#44=PLANE('',#4914);
#45=PLANE('',#4916);
#46=PLANE('',#4917);
#47=PLANE('',#4919);
#48=PLANE('',#4921);
#49=PLANE('',#4922);
#50=PLANE('',#4923);
#51=PLANE('',#4924);
#52=PLANE('',#4925);
#53=PLANE('',#4926);
#54=PLANE('',#4927);
#55=PLANE('',#4928);
#56=PLANE('',#4929);
#57=PLANE('',#4989);
#58=PLANE('',#4990);
#59=PLANE('',#4991);
#60=PLANE('',#4992);
#61=PLANE('',#5044);
#62=PLANE('',#5045);
#63=PLANE('',#5048);
#64=PLANE('',#5049);
#65=PLANE('',#5052);
#66=PLANE('',#5053);
#67=PLANE('',#5054);
#68=PLANE('',#5055);
#69=PLANE('',#5058);
#70=PLANE('',#5063);
#71=PLANE('',#5066);
#72=PLANE('',#5071);
#73=PLANE('',#5103);
#74=PLANE('',#5105);
#75=PLANE('',#5118);
#76=PLANE('',#5139);
#77=PLANE('',#5142);
#78=PLANE('',#5144);
#79=PLANE('',#5146);
#80=PLANE('',#5149);
#81=PLANE('',#5151);
#82=PLANE('',#5153);
#83=PLANE('',#5156);
#84=PLANE('',#5179);
#85=PLANE('',#5181);
#86=PLANE('',#5205);
#87=PLANE('',#5206);
#88=PLANE('',#5209);
#89=PLANE('',#5210);
#90=PLANE('',#5214);
#91=PLANE('',#5222);
#92=PLANE('',#5239);
#93=PLANE('',#5241);
#94=PLANE('',#5243);
#95=PLANE('',#5245);
#96=PLANE('',#5246);
#97=(
BOUNDED_CURVE()
B_SPLINE_CURVE(3,(#6834,#6835,#6836,#6837,#6838,#6839),.UNSPECIFIED.,.F.,
 .F.)
B_SPLINE_CURVE_WITH_KNOTS((4,2,4),(2.10142153358789E-16,0.269834742508296,
0.539669485016592),.UNSPECIFIED.)
CURVE()
GEOMETRIC_REPRESENTATION_ITEM()
RATIONAL_B_SPLINE_CURVE((1.,1.,1.,1.,1.,1.))
REPRESENTATION_ITEM('')
);
#98=(
BOUNDED_CURVE()
B_SPLINE_CURVE(3,(#8874,#8875,#8876,#8877,#8878,#8879,#8880,#8881,#8882,
#8883),.UNSPECIFIED.,.F.,.F.)
B_SPLINE_CURVE_WITH_KNOTS((4,2,2,2,4),(0.,0.386154097003746,0.772308194007491,
1.15846229101124,1.54461638801498),.UNSPECIFIED.)
CURVE()
GEOMETRIC_REPRESENTATION_ITEM()
RATIONAL_B_SPLINE_CURVE((1.,1.,1.,1.,1.,1.,1.,1.,1.,1.))
REPRESENTATION_ITEM('')
);
#99=(
BOUNDED_CURVE()
B_SPLINE_CURVE(3,(#8886,#8887,#8888,#8889,#8890,#8891,#8892,#8893,#8894,
#8895),.UNSPECIFIED.,.F.,.F.)
B_SPLINE_CURVE_WITH_KNOTS((4,2,2,2,4),(1.59697626557481,1.98313036257856,
2.3692844595823,2.75543855658605,3.14159265358979),.UNSPECIFIED.)
CURVE()
GEOMETRIC_REPRESENTATION_ITEM()
RATIONAL_B_SPLINE_CURVE((1.,1.,1.,1.,1.,1.,1.,1.,1.,1.))
REPRESENTATION_ITEM('')
);
#100=(
BOUNDED_CURVE()
B_SPLINE_CURVE(3,(#9143,#9144,#9145,#9146,#9147,#9148,#9149,#9150,#9151,
#9152),.UNSPECIFIED.,.F.,.F.)
B_SPLINE_CURVE_WITH_KNOTS((4,2,2,2,4),(4.79092879672445,5.16399292433823,
5.53705705195202,5.9101211795658,6.28318530717959),.UNSPECIFIED.)
CURVE()
GEOMETRIC_REPRESENTATION_ITEM()
RATIONAL_B_SPLINE_CURVE((1.,1.,1.,1.,1.,1.,1.,1.,1.,1.))
REPRESENTATION_ITEM('')
);
#101=(
BOUNDED_CURVE()
B_SPLINE_CURVE(3,(#9159,#9160,#9161,#9162,#9163,#9164,#9165,#9166,#9167,
#9168),.UNSPECIFIED.,.F.,.F.)
B_SPLINE_CURVE_WITH_KNOTS((4,2,2,2,4),(3.14159265358979,3.51465678120358,
3.88772090881737,4.26078503643117,4.63384916404496),.UNSPECIFIED.)
CURVE()
GEOMETRIC_REPRESENTATION_ITEM()
RATIONAL_B_SPLINE_CURVE((1.,1.,1.,1.,1.,1.,1.,1.,1.,1.))
REPRESENTATION_ITEM('')
);
#102=(
BOUNDED_CURVE()
B_SPLINE_CURVE(3,(#9176,#9177,#9178,#9179,#9180,#9181,#9182,#9183,#9184,
#9185),.UNSPECIFIED.,.F.,.F.)
B_SPLINE_CURVE_WITH_KNOTS((4,2,2,2,4),(4.77347550420449,5.15090295494826,
5.52833040569204,5.90575785643581,6.28318530717959),.UNSPECIFIED.)
CURVE()
GEOMETRIC_REPRESENTATION_ITEM()
RATIONAL_B_SPLINE_CURVE((1.,1.,1.,1.,1.,1.,1.,1.,1.,1.))
REPRESENTATION_ITEM('')
);
#103=(
BOUNDED_CURVE()
B_SPLINE_CURVE(3,(#9192,#9193,#9194,#9195,#9196,#9197,#9198,#9199,#9200,
#9201),.UNSPECIFIED.,.F.,.F.)
B_SPLINE_CURVE_WITH_KNOTS((4,2,2,2,4),(3.14159265358979,3.51902010433357,
3.89644755507734,4.27387500582111,4.65130245656489),.UNSPECIFIED.)
CURVE()
GEOMETRIC_REPRESENTATION_ITEM()
RATIONAL_B_SPLINE_CURVE((1.,1.,1.,1.,1.,1.,1.,1.,1.,1.))
REPRESENTATION_ITEM('')
);
#104=(
BOUNDED_CURVE()
B_SPLINE_CURVE(3,(#10107,#10108,#10109,#10110,#10111,#10112,#10113,#10114,
#10115,#10116),.UNSPECIFIED.,.F.,.F.)
B_SPLINE_CURVE_WITH_KNOTS((4,2,2,2,4),(3.14159265358979,3.51465678120358,
3.88772090881737,4.26078503643117,4.63384916404496),.UNSPECIFIED.)
CURVE()
GEOMETRIC_REPRESENTATION_ITEM()
RATIONAL_B_SPLINE_CURVE((1.,1.,1.,1.,1.,1.,1.,1.,1.,1.))
REPRESENTATION_ITEM('')
);
#105=(
BOUNDED_CURVE()
B_SPLINE_CURVE(3,(#10135,#10136,#10137,#10138,#10139,#10140,#10141,#10142,
#10143,#10144),.UNSPECIFIED.,.F.,.F.)
B_SPLINE_CURVE_WITH_KNOTS((4,2,2,2,4),(4.79092879672445,5.16399292433823,
5.53705705195202,5.9101211795658,6.28318530717959),.UNSPECIFIED.)
CURVE()
GEOMETRIC_REPRESENTATION_ITEM()
RATIONAL_B_SPLINE_CURVE((1.,1.,1.,1.,1.,1.,1.,1.,1.,1.))
REPRESENTATION_ITEM('')
);
#106=(
BOUNDED_CURVE()
B_SPLINE_CURVE(3,(#10147,#10148,#10149,#10150,#10151,#10152,#10153,#10154,
#10155,#10156),.UNSPECIFIED.,.F.,.F.)
B_SPLINE_CURVE_WITH_KNOTS((4,2,2,2,4),(3.14159265358979,3.51902010433357,
3.89644755507734,4.27387500582111,4.65130245656489),.UNSPECIFIED.)
CURVE()
GEOMETRIC_REPRESENTATION_ITEM()
RATIONAL_B_SPLINE_CURVE((1.,1.,1.,1.,1.,1.,1.,1.,1.,1.))
REPRESENTATION_ITEM('')
);
#107=(
BOUNDED_CURVE()
B_SPLINE_CURVE(3,(#10175,#10176,#10177,#10178,#10179,#10180,#10181,#10182,
#10183,#10184),.UNSPECIFIED.,.F.,.F.)
B_SPLINE_CURVE_WITH_KNOTS((4,2,2,2,4),(4.77347550420449,5.15090295494826,
5.52833040569204,5.90575785643581,6.28318530717959),.UNSPECIFIED.)
CURVE()
GEOMETRIC_REPRESENTATION_ITEM()
RATIONAL_B_SPLINE_CURVE((1.,1.,1.,1.,1.,1.,1.,1.,1.,1.))
REPRESENTATION_ITEM('')
);
#108=(
BOUNDED_CURVE()
B_SPLINE_CURVE(3,(#11418,#11419,#11420,#11421,#11422,#11423,#11424,#11425,
#11426,#11427),.UNSPECIFIED.,.F.,.F.)
B_SPLINE_CURVE_WITH_KNOTS((4,2,2,2,4),(1.59697626557481,1.98313036257856,
2.3692844595823,2.75543855658605,3.14159265358979),.UNSPECIFIED.)
CURVE()
GEOMETRIC_REPRESENTATION_ITEM()
RATIONAL_B_SPLINE_CURVE((1.,1.,1.,1.,1.,1.,1.,1.,1.,1.))
REPRESENTATION_ITEM('')
);
#109=(
BOUNDED_CURVE()
B_SPLINE_CURVE(3,(#11611,#11612,#11613,#11614,#11615,#11616,#11617,#11618,
#11619,#11620),.UNSPECIFIED.,.F.,.F.)
B_SPLINE_CURVE_WITH_KNOTS((4,2,2,2,4),(0.,0.386154097003745,0.772308194007491,
1.15846229101124,1.54461638801498),.UNSPECIFIED.)
CURVE()
GEOMETRIC_REPRESENTATION_ITEM()
RATIONAL_B_SPLINE_CURVE((1.,1.,1.,1.,1.,1.,1.,1.,1.,1.))
REPRESENTATION_ITEM('')
);
#110=(
BOUNDED_CURVE()
B_SPLINE_CURVE(3,(#12309,#12310,#12311,#12312,#12313,#12314,#12315,#12316,
#12317,#12318),.UNSPECIFIED.,.F.,.F.)
B_SPLINE_CURVE_WITH_KNOTS((4,2,2,2,4),(2.73786718295972,3.13016674837247,
3.52246631378523,3.91476587919798,4.30706544461074),.UNSPECIFIED.)
CURVE()
GEOMETRIC_REPRESENTATION_ITEM()
RATIONAL_B_SPLINE_CURVE((1.,1.,1.,1.,1.,1.,1.,1.,1.,1.))
REPRESENTATION_ITEM('')
);
#111=(
BOUNDED_CURVE()
B_SPLINE_CURVE(3,(#12436,#12437,#12438,#12439,#12440,#12441),
 .UNSPECIFIED.,.F.,.F.)
B_SPLINE_CURVE_WITH_KNOTS((4,2,4),(5.74351582216299,6.01335056467129,6.28318530717959),
 .UNSPECIFIED.)
CURVE()
GEOMETRIC_REPRESENTATION_ITEM()
RATIONAL_B_SPLINE_CURVE((1.,1.,1.,1.,1.,1.))
REPRESENTATION_ITEM('')
);
#112=ELLIPSE('',#4803,0.220473584421873,0.194254112695939);
#113=ELLIPSE('',#4806,0.285717192136784,0.250126637614586);
#114=ELLIPSE('',#4813,0.106843182448862,0.0946354708081497);
#115=ELLIPSE('',#4817,0.250546957540197,0.25000000000041);
#116=ELLIPSE('',#4823,0.109436535640869,0.0988105188336083);
#117=ELLIPSE('',#4825,0.0410529739463972,0.0371443170053554);
#118=ELLIPSE('',#4833,0.105828541253511,0.0930378448273933);
#119=ELLIPSE('',#4837,0.0452103716932048,0.0405739973235871);
#120=ELLIPSE('',#4841,0.0500647575751111,0.0499999999999504);
#121=ELLIPSE('',#4852,0.250933473779548,0.250000000000115);
#122=ELLIPSE('',#4853,0.250933473778853,0.249999999999772);
#123=ELLIPSE('',#4861,0.0452103716967898,0.0405739973302655);
#124=ELLIPSE('',#4879,0.250933473779251,0.249999999999969);
#125=ELLIPSE('',#4880,0.250933473779135,0.249999999999906);
#126=ELLIPSE('',#4883,0.188429087942908,0.1875);
#127=ELLIPSE('',#4884,0.183065836799581,0.182499999999376);
#128=ELLIPSE('',#4885,0.183065376101438,0.182499999999912);
#129=ELLIPSE('',#4886,0.188028674429303,0.187500000000008);
#130=ELLIPSE('',#4887,0.188028674429315,0.187500000000014);
#131=ELLIPSE('',#4888,0.183065376101218,0.182499999999773);
#132=ELLIPSE('',#4889,0.183124264770774,0.1825);
#133=ELLIPSE('',#4890,0.188657792624889,0.187500000000022);
#134=ELLIPSE('',#4891,0.188657792624766,0.18749999999997);
#135=ELLIPSE('',#4892,0.18323765580526,0.182499999999987);
#136=ELLIPSE('',#4893,0.187742840906883,0.187500000000003);
#137=ELLIPSE('',#4894,0.182903478370886,0.182499999999997);
#138=ELLIPSE('',#4895,0.188200105334505,0.187500000000006);
#139=ELLIPSE('',#4896,0.188200105334505,0.187500000000004);
#140=ELLIPSE('',#4897,0.182903478370925,0.182500000000018);
#141=ELLIPSE('',#4898,0.187742840906882,0.187500000000002);
#142=ELLIPSE('',#4899,0.183014576444406,0.182499999999959);
#143=ELLIPSE('',#4900,0.188429087942815,0.187499999999959);
#144=ELLIPSE('',#4903,0.0405414141182589,0.0363616883560916);
#145=ELLIPSE('',#4905,0.286988646154587,0.252372066296687);
#146=ELLIPSE('',#4907,0.0896473316186934,0.0798844677818231);
#147=ELLIPSE('',#4910,0.0896473316157071,0.0798844677764058);
#148=ELLIPSE('',#4915,0.0452103716939406,0.0405739973249338);
#149=ELLIPSE('',#4918,0.0896612920509513,0.07996963616257);
#150=ELLIPSE('',#4920,0.0896612920505952,0.0799696361619233);
#151=ELLIPSE('',#4936,0.212914111779109,0.189626770424934);
#152=ELLIPSE('',#4959,0.212896080450246,0.189571309553232);
#153=ELLIPSE('',#4961,0.212896080450109,0.189571309552983);
#154=ELLIPSE('',#5047,0.0194998413374423,0.0138228208274914);
#155=ELLIPSE('',#5051,0.0194998409785062,0.0138228203338101);
#156=ELLIPSE('',#5119,0.0500647575749684,0.0499999999998632);
#157=ELLIPSE('',#5120,0.0452103716959559,0.0405739973287256);
#158=ELLIPSE('',#5122,0.0896473316160083,0.0798844677769631);
#159=ELLIPSE('',#5123,0.268919793659285,0.239442958073491);
#160=ELLIPSE('',#5135,0.0896473316164833,0.0798844677777926);
#161=ELLIPSE('',#5137,0.268919793662225,0.239442958078814);
#162=ELLIPSE('',#5155,0.109563782973406,0.0990156784421725);
#163=ELLIPSE('',#5164,0.0896612920534868,0.0799696361671843);
#164=ELLIPSE('',#5169,0.0896612920518932,0.0799696361642741);
#165=ELLIPSE('',#5199,0.0411052165686567,0.0372250509805622);
#166=ELLIPSE('',#5216,0.250546957546731,0.250000000003927);
#167=ELLIPSE('',#5238,0.220597827617145,0.194470721516114);
#168=B_SPLINE_CURVE_WITH_KNOTS('',3,(#6510,#6511,#6512,#6513,#6514,#6515),
 .UNSPECIFIED.,.F.,.F.,(4,2,4),(-0.394083240082482,-0.196930826967536,0.),
 .UNSPECIFIED.);
#169=B_SPLINE_CURVE_WITH_KNOTS('',3,(#6519,#6520,#6521,#6522,#6523,#6524,
#6525,#6526,#6527,#6528,#6529,#6530,#6531),.UNSPECIFIED.,.F.,.F.,(4,3,3,
3,4),(5.66455516619265,5.8221146671844,5.97387039173922,6.13135487002168,
6.28318530717959),.UNSPECIFIED.);
#170=B_SPLINE_CURVE_WITH_KNOTS('',3,(#6534,#6535,#6536,#6537,#6538,#6539),
 .UNSPECIFIED.,.F.,.F.,(4,2,4),(1.37445460804214E-6,0.00376068085905319,
0.00753572230926863),.UNSPECIFIED.);
#171=B_SPLINE_CURVE_WITH_KNOTS('',3,(#6576,#6577,#6578,#6579,#6580,#6581,
#6582,#6583,#6584,#6585,#6586,#6587,#6588),.UNSPECIFIED.,.F.,.F.,(4,3,3,
3,4),(5.33368202441281,5.57105784510451,5.8084336657962,6.04580948648789,
6.28318530717959),.UNSPECIFIED.);
#172=B_SPLINE_CURVE_WITH_KNOTS('',3,(#6593,#6594,#6595,#6596,#6597,#6598,
#6599,#6600,#6601,#6602,#6603,#6604),.UNSPECIFIED.,.F.,.F.,(4,2,2,2,2,4),
(1.00005029852375E-6,0.0313208005113121,0.0716585840735172,0.235426167148232,
0.359784789518134,0.417597831742125),.UNSPECIFIED.);
#173=B_SPLINE_CURVE_WITH_KNOTS('',3,(#6625,#6626,#6627,#6628,#6629,#6630),
 .UNSPECIFIED.,.F.,.F.,(4,2,4),(0.,0.249693673187771,0.499681429165611),
 .UNSPECIFIED.);
#174=B_SPLINE_CURVE_WITH_KNOTS('',3,(#6634,#6635,#6636,#6637,#6638,#6639,
#6640,#6641,#6642,#6643,#6644,#6645,#6646,#6647,#6648,#6649,#6650,#6651,
#6652),.UNSPECIFIED.,.F.,.F.,(4,3,3,3,3,3,4),(5.49965061018574,5.65457560459035,
5.81255303071335,5.89141850392571,6.04932752216354,6.20460635511496,6.28318530717959),
 .UNSPECIFIED.);
#175=B_SPLINE_CURVE_WITH_KNOTS('',3,(#6655,#6656,#6657,#6658,#6659,#6660),
 .UNSPECIFIED.,.F.,.F.,(4,2,4),(2.19754952114859E-6,0.00548320832565626,
0.0109484695999893),.UNSPECIFIED.);
#176=B_SPLINE_CURVE_WITH_KNOTS('',3,(#6681,#6682,#6683,#6684,#6685,#6686),
 .UNSPECIFIED.,.F.,.F.,(4,2,4),(0.,0.249693673190077,0.499681429175461),
 .UNSPECIFIED.);
#177=B_SPLINE_CURVE_WITH_KNOTS('',3,(#6690,#6691,#6692,#6693,#6694,#6695,
#6696,#6697,#6698,#6699,#6700,#6701,#6702,#6703,#6704,#6705,#6706,#6707,
#6708),.UNSPECIFIED.,.F.,.F.,(4,3,3,3,3,3,4),(5.49965061018574,5.65457560459103,
5.81255303071585,5.8914185039242,6.04932752216389,6.20460635511612,6.28318530717959),
 .UNSPECIFIED.);
#178=B_SPLINE_CURVE_WITH_KNOTS('',3,(#6711,#6712,#6713,#6714,#6715,#6716),
 .UNSPECIFIED.,.F.,.F.,(4,2,4),(2.19754951681672E-6,0.00548320832517145,
0.0109484696060683),.UNSPECIFIED.);
#179=B_SPLINE_CURVE_WITH_KNOTS('',3,(#6749,#6750,#6751,#6752,#6753,#6754,
#6755,#6756,#6757,#6758),.UNSPECIFIED.,.F.,.F.,(4,3,3,4),(0.,0.148024304134036,
0.257335965121235,0.346333679284079),.UNSPECIFIED.);
#180=B_SPLINE_CURVE_WITH_KNOTS('',3,(#6762,#6763,#6764,#6765,#6766,#6767,
#6768,#6769,#6770,#6771,#6772,#6773,#6774),.UNSPECIFIED.,.F.,.F.,(4,3,3,
3,4),(5.25320028809768,5.51069654286814,5.76819279763862,6.02568905240911,
6.28318530717959),.UNSPECIFIED.);
#181=B_SPLINE_CURVE_WITH_KNOTS('',3,(#6777,#6778,#6779,#6780,#6781,#6782,
#6783,#6784,#6785,#6786,#6787,#6788),.UNSPECIFIED.,.F.,.F.,(4,2,2,2,2,4),
(0.,0.0833138979328972,0.28009264611851,0.58515497199775,0.641252549711492,
0.681102574314357),.UNSPECIFIED.);
#182=B_SPLINE_CURVE_WITH_KNOTS('',3,(#6807,#6808,#6809,#6810,#6811,#6812),
 .UNSPECIFIED.,.F.,.F.,(4,2,4),(-0.11879585468318,-0.0594821179381193,0.),
 .UNSPECIFIED.);
#183=B_SPLINE_CURVE_WITH_KNOTS('',3,(#6865,#6866,#6867,#6868,#6869,#6870,
#6871,#6872,#6873,#6874,#6875,#6876,#6877,#6878,#6879,#6880,#6881,#6882,
#6883),.UNSPECIFIED.,.F.,.F.,(4,3,3,3,3,3,4),(2.10142153358789E-16,0.145737280432781,
0.293664544014086,0.329127380925785,0.477102834328848,0.623140093122376,
0.658255183412998),.UNSPECIFIED.);
#184=B_SPLINE_CURVE_WITH_KNOTS('',3,(#6887,#6888,#6889,#6890,#6891,#6892,
#6893,#6894,#6895,#6896,#6897,#6898,#6899,#6900,#6901,#6902,#6903,#6904,
#6905),.UNSPECIFIED.,.F.,.F.,(4,3,3,3,3,3,4),(5.62493012376659,5.78060651316999,
5.93851615298172,5.95405807078346,6.11862168898153,6.27411401583481,6.28318530717959),
 .UNSPECIFIED.);
#185=B_SPLINE_CURVE_WITH_KNOTS('',3,(#6927,#6928,#6929,#6930,#6931,#6932,
#6933,#6934,#6935,#6936,#6937,#6938,#6939,#6940,#6941,#6942,#6943,#6944,
#6945,#6946,#6947,#6948,#6949,#6950,#6951),.UNSPECIFIED.,.F.,.F.,(4,3,3,
3,3,3,3,3,4),(-8.88178419700125E-16,0.144179391511851,0.290814742501942,
0.438651037410457,0.453874922409012,0.60188931898771,0.754820315423556,
0.898125986967413,0.907751311859401),.UNSPECIFIED.);
#186=B_SPLINE_CURVE_WITH_KNOTS('',3,(#6955,#6956,#6957,#6958,#6959,#6960,
#6961,#6962,#6963,#6964,#6965,#6966,#6967,#6968,#6969,#6970,#6971,#6972,
#6973),.UNSPECIFIED.,.F.,.F.,(4,3,3,3,3,3,4),(5.37543399532019,5.52952375450625,
5.68742593275817,5.82931088566917,5.98714353979989,6.14197218335333,6.28318530717959),
 .UNSPECIFIED.);
#187=B_SPLINE_CURVE_WITH_KNOTS('',3,(#7015,#7016,#7017,#7018,#7019,#7020,
#7021,#7022,#7023,#7024,#7025,#7026,#7027,#7028,#7029,#7030,#7031,#7032,
#7033,#7034,#7035,#7036),.UNSPECIFIED.,.F.,.F.,(4,3,3,3,3,3,3,4),(-2.66453525910038E-15,
0.172182611925699,0.34315345272472,0.513501023138399,0.684103217864101,
0.855005807368874,1.02734842802663,1.06258922197462),.UNSPECIFIED.);
#188=B_SPLINE_CURVE_WITH_KNOTS('',3,(#7040,#7041,#7042,#7043,#7044,#7045,
#7046,#7047,#7048,#7049,#7050,#7051,#7052,#7053,#7054,#7055,#7056,#7057,
#7058),.UNSPECIFIED.,.F.,.F.,(4,3,3,3,3,3,4),(5.22059608520495,5.4555521522418,
5.69824957365566,5.75189165085323,5.99447093046965,6.2297504887796,6.28318530717959),
 .UNSPECIFIED.);
#189=B_SPLINE_CURVE_WITH_KNOTS('',3,(#7080,#7081,#7082,#7083,#7084,#7085,
#7086,#7087,#7088,#7089,#7090,#7091,#7092,#7093,#7094,#7095,#7096,#7097,
#7098),.UNSPECIFIED.,.F.,.F.,(4,3,3,3,3,3,4),(0.,0.144942182037588,0.292786791347517,
0.391159583495909,0.539123729815938,0.684830241649378,0.782320229106693),
 .UNSPECIFIED.);
#190=B_SPLINE_CURVE_WITH_KNOTS('',3,(#7102,#7103,#7104,#7105,#7106,#7107,
#7108,#7109,#7110,#7111,#7112,#7113,#7114,#7115,#7116,#7117,#7118,#7119,
#7120),.UNSPECIFIED.,.F.,.F.,(4,3,3,3,3,3,4),(5.50086507807289,5.65576133692299,
5.81363924801128,5.89202608633602,6.04977463680087,6.20490922419277,6.28318530717958),
 .UNSPECIFIED.);
#191=B_SPLINE_CURVE_WITH_KNOTS('',3,(#7142,#7143,#7144,#7145,#7146,#7147,
#7148,#7149,#7150,#7151,#7152,#7153,#7154,#7155,#7156,#7157,#7158,#7159,
#7160),.UNSPECIFIED.,.F.,.F.,(4,3,3,3,3,3,4),(8.40568613435158E-16,0.144942182035293,
0.292786791342424,0.391159583496044,0.539123729816253,0.684830241660117,
0.782320229106695),.UNSPECIFIED.);
#192=B_SPLINE_CURVE_WITH_KNOTS('',3,(#7164,#7165,#7166,#7167,#7168,#7169,
#7170,#7171,#7172,#7173,#7174,#7175,#7176,#7177,#7178,#7179,#7180,#7181,
#7182),.UNSPECIFIED.,.F.,.F.,(4,3,3,3,3,3,4),(5.50086507807289,5.65576133692363,
5.81363924801288,5.89202608633604,6.04977463680189,6.20490922419474,6.28318530717959),
 .UNSPECIFIED.);
#193=B_SPLINE_CURVE_WITH_KNOTS('',3,(#7260,#7261,#7262,#7263,#7264,#7265,
#7266,#7267,#7268,#7269,#7270,#7271,#7272),.UNSPECIFIED.,.F.,.F.,(4,3,3,
3,4),(1.38144774786629E-16,0.257496254770478,0.514992509540956,0.772488764311434,
1.02998501908191),.UNSPECIFIED.);
#194=B_SPLINE_CURVE_WITH_KNOTS('',3,(#7294,#7295,#7296,#7297,#7298,#7299,
#7300,#7301,#7302,#7303,#7304,#7305,#7306,#7307,#7308,#7309,#7310,#7311,
#7312),.UNSPECIFIED.,.F.,.F.,(4,3,3,3,3,3,4),(9.2292161948117E-17,0.140390248451639,
0.283597204369013,0.39176702504134,0.535069269950897,0.676204607544616,
0.783534696993848),.UNSPECIFIED.);
#195=B_SPLINE_CURVE_WITH_KNOTS('',3,(#7316,#7317,#7318,#7319,#7320,#7321,
#7322,#7323,#7324,#7325,#7326,#7327,#7328,#7329,#7330,#7331,#7332,#7333,
#7334),.UNSPECIFIED.,.F.,.F.,(4,3,3,3,3,3,4),(5.49965061018574,5.65455916113273,
5.81249161601994,5.89141866405846,6.04925506339993,6.20446696118988,6.28318530717959),
 .UNSPECIFIED.);
#196=B_SPLINE_CURVE_WITH_KNOTS('',3,(#7356,#7357,#7358,#7359,#7360,#7361,
#7362,#7363,#7364,#7365,#7366,#7367,#7368),.UNSPECIFIED.,.F.,.F.,(4,3,3,
3,4),(5.49965061018574,5.73493339998686,5.89141828214855,6.1265740143288,
6.28318530717959),.UNSPECIFIED.);
#197=B_SPLINE_CURVE_WITH_KNOTS('',3,(#7372,#7373,#7374,#7375,#7376,#7377,
#7378,#7379,#7380,#7381,#7382,#7383,#7384,#7385,#7386,#7387,#7388,#7389,
#7390),.UNSPECIFIED.,.F.,.F.,(4,3,3,3,3,3,4),(4.79986873550591E-16,0.143114662937786,
0.285644201499809,0.428074362455192,0.570515233433336,0.713610801425082,
0.783534696993849),.UNSPECIFIED.);
#198=B_SPLINE_CURVE_WITH_KNOTS('',3,(#7412,#7413,#7414,#7415,#7416,#7417,
#7418,#7419,#7420,#7421,#7422,#7423,#7424),.UNSPECIFIED.,.F.,.F.,(4,3,3,
3,4),(5.49965061018574,5.73493339998201,5.89141828214869,6.12657401433314,
6.28318530717959),.UNSPECIFIED.);
#199=B_SPLINE_CURVE_WITH_KNOTS('',3,(#7428,#7429,#7430,#7431,#7432,#7433,
#7434,#7435,#7436,#7437,#7438,#7439,#7440,#7441,#7442,#7443,#7444,#7445,
#7446),.UNSPECIFIED.,.F.,.F.,(4,3,3,3,3,3,4),(1.44187409531112E-15,0.143114662937762,
0.285644201499782,0.428074362455153,0.570515233433293,0.713610801425031,
0.78353469699385),.UNSPECIFIED.);
#200=B_SPLINE_CURVE_WITH_KNOTS('',3,(#7468,#7469,#7470,#7471,#7472,#7473,
#7474,#7475,#7476,#7477,#7478,#7479,#7480,#7481,#7482,#7483,#7484,#7485,
#7486),.UNSPECIFIED.,.F.,.F.,(4,3,3,3,3,3,4),(1.84584323896234E-16,0.140390248451019,
0.283597204366484,0.391767025041292,0.535069269948902,0.676204607541363,
0.783534696993849),.UNSPECIFIED.);
#201=B_SPLINE_CURVE_WITH_KNOTS('',3,(#7490,#7491,#7492,#7493,#7494,#7495,
#7496,#7497,#7498,#7499,#7500,#7501,#7502,#7503,#7504,#7505,#7506,#7507,
#7508),.UNSPECIFIED.,.F.,.F.,(4,3,3,3,3,3,4),(5.49965061018574,5.65455916113209,
5.81249161601767,5.89141866405846,6.04925506339826,6.20446696118742,6.28318530717959),
 .UNSPECIFIED.);
#202=B_SPLINE_CURVE_WITH_KNOTS('',3,(#7565,#7566,#7567,#7568,#7569,#7570,
#7571,#7572,#7573,#7574,#7575,#7576,#7577,#7578,#7579,#7580,#7581,#7582,
#7583),.UNSPECIFIED.,.F.,.F.,(4,3,3,3,3,3,4),(5.49965061018574,5.64013228595012,
5.78339481276672,5.89141828213829,6.03467604083444,6.17572255623792,6.28318530717959),
 .UNSPECIFIED.);
#203=B_SPLINE_CURVE_WITH_KNOTS('',3,(#7587,#7588,#7589,#7590,#7591,#7592,
#7593,#7594,#7595,#7596,#7597,#7598,#7599,#7600,#7601,#7602,#7603,#7604,
#7605),.UNSPECIFIED.,.F.,.F.,(4,3,3,3,3,3,4),(1.74604562665202E-18,0.165983822096997,
0.335308668693967,0.391766102352507,0.561310379531232,0.728092961915105,
0.783534696993848),.UNSPECIFIED.);
#204=B_SPLINE_CURVE_WITH_KNOTS('',3,(#7627,#7628,#7629,#7630,#7631,#7632,
#7633,#7634,#7635,#7636,#7637,#7638,#7639,#7640,#7641,#7642,#7643,#7644,
#7645),.UNSPECIFIED.,.F.,.F.,(4,3,3,3,3,3,4),(5.49965061018574,5.64013228594837,
5.78339481276444,5.89141828213829,6.03467604083413,6.17572255623613,6.28318530717959),
 .UNSPECIFIED.);
#205=B_SPLINE_CURVE_WITH_KNOTS('',3,(#7649,#7650,#7651,#7652,#7653,#7654,
#7655,#7656,#7657,#7658,#7659,#7660,#7661,#7662,#7663,#7664,#7665,#7666,
#7667),.UNSPECIFIED.,.F.,.F.,(4,3,3,3,3,3,4),(4.53561953317391E-16,0.165983822097131,
0.335308668694466,0.391766102352517,0.561310379531622,0.728092961915656,
0.783534696993848),.UNSPECIFIED.);
#206=B_SPLINE_CURVE_WITH_KNOTS('',3,(#7709,#7710,#7711,#7712,#7713,#7714,
#7715,#7716,#7717,#7718,#7719,#7720,#7721,#7722,#7723,#7724,#7725,#7726,
#7727),.UNSPECIFIED.,.F.,.F.,(4,3,3,3,3,3,4),(-7.99360577730113E-15,0.229127921164566,
0.465539601053985,0.514992226440708,0.751463050368372,0.981123726262862,
1.02998501908191),.UNSPECIFIED.);
#207=B_SPLINE_CURVE_WITH_KNOTS('',3,(#7731,#7732,#7733,#7734,#7735,#7736,
#7737,#7738,#7739,#7740,#7741,#7742,#7743,#7744,#7745,#7746,#7747,#7748,
#7749,#7750,#7751,#7752),.UNSPECIFIED.,.F.,.F.,(4,3,3,3,3,3,3,4),(5.25320028809767,
5.40717488025826,5.56019397694655,5.71268200079446,5.86532359520129,6.01810774432932,
6.17206827964131,6.28318530717959),.UNSPECIFIED.);
#208=B_SPLINE_CURVE_WITH_KNOTS('',3,(#7774,#7775,#7776,#7777,#7778,#7779,
#7780,#7781,#7782,#7783,#7784,#7785,#7786),.UNSPECIFIED.,.F.,.F.,(4,3,3,
3,4),(1.87814549564418E-15,0.235155732175827,0.391767025030999,0.627049814831127,
0.783534696993848),.UNSPECIFIED.);
#209=B_SPLINE_CURVE_WITH_KNOTS('',3,(#7790,#7791,#7792,#7793,#7794,#7795,
#7796,#7797,#7798,#7799,#7800,#7801,#7802,#7803,#7804,#7805),
 .UNSPECIFIED.,.F.,.F.,(4,3,3,3,3,4),(5.49965061018574,5.65343732378173,
5.8108743196312,5.96390856761353,6.12354693739656,6.28318530717959),
 .UNSPECIFIED.);
#210=B_SPLINE_CURVE_WITH_KNOTS('',3,(#7827,#7828,#7829,#7830,#7831,#7832,
#7833,#7834,#7835,#7836,#7837,#7838,#7839),.UNSPECIFIED.,.F.,.F.,(4,3,3,
3,4),(0.,0.235155732183408,0.39176702503108,0.627049814827504,0.783534696993848),
 .UNSPECIFIED.);
#211=B_SPLINE_CURVE_WITH_KNOTS('',3,(#7843,#7844,#7845,#7846,#7847,#7848,
#7849,#7850,#7851,#7852,#7853,#7854,#7855,#7856,#7857,#7858),
 .UNSPECIFIED.,.F.,.F.,(4,3,3,3,3,4),(5.49965061018574,5.65343732378173,
5.8108743196312,5.96390856761354,6.12354693739656,6.28318530717959),
 .UNSPECIFIED.);
#212=B_SPLINE_CURVE_WITH_KNOTS('',3,(#7989,#7990,#7991,#7992,#7993,#7994,
#7995,#7996,#7997,#7998),.UNSPECIFIED.,.F.,.F.,(4,3,3,4),(5.9368516278955,
6.02584934205867,6.17387364620168,6.28318530717959),.UNSPECIFIED.);
#213=B_SPLINE_CURVE_WITH_KNOTS('',3,(#8004,#8005,#8006,#8007,#8008,#8009,
#8010,#8011,#8012,#8013,#8014,#8015,#8016,#8017,#8018,#8019,#8020,#8021,
#8022),.UNSPECIFIED.,.F.,.F.,(4,3,3,3,3,3,4),(5.50086507807289,5.64596289900546,
5.79390033818382,5.89202572368351,6.0399143259634,6.18546930319955,6.28318530717959),
 .UNSPECIFIED.);
#214=B_SPLINE_CURVE_WITH_KNOTS('',3,(#8025,#8026,#8027,#8028,#8029,#8030,
#8031,#8032,#8033,#8034,#8035,#8036,#8037,#8038,#8039,#8040,#8041,#8042,
#8043),.UNSPECIFIED.,.F.,.F.,(4,3,3,3,3,3,4),(5.50086507807289,5.64596289899691,
5.79390033817279,5.89202572368371,6.03991432596324,6.18546930319775,6.28318530717959),
 .UNSPECIFIED.);
#215=B_SPLINE_CURVE_WITH_KNOTS('',3,(#8050,#8051,#8052,#8053,#8054,#8055,
#8056,#8057,#8058,#8059,#8060,#8061,#8062),.UNSPECIFIED.,.F.,.F.,(4,3,3,
3,4),(0.0430059718818539,0.284028449566171,0.512456627333087,0.753624542831571,
0.981908370444601),.UNSPECIFIED.);
#216=B_SPLINE_CURVE_WITH_KNOTS('',3,(#8069,#8070,#8071,#8072,#8073,#8074,
#8075,#8076,#8077,#8078,#8079,#8080,#8081),.UNSPECIFIED.,.F.,.F.,(4,3,3,
3,4),(1.31367726296706E-17,0.373064127613785,0.74612825522757,1.11919238284136,
1.49225651045514),.UNSPECIFIED.);
#217=B_SPLINE_CURVE_WITH_KNOTS('',3,(#8085,#8086,#8087,#8088,#8089,#8090,
#8091,#8092,#8093,#8094,#8095,#8096,#8097),.UNSPECIFIED.,.F.,.F.,(4,3,3,
3,4),(1.64933614313463,2.02240027074842,2.39546439836221,2.768528525976,
3.14159265358978),.UNSPECIFIED.);
#218=B_SPLINE_CURVE_WITH_KNOTS('',3,(#8103,#8104,#8105,#8106,#8107,#8108,
#8109,#8110,#8111,#8112,#8113,#8114,#8115,#8116,#8117,#8118,#8119,#8120,
#8121,#8122,#8123,#8124,#8125,#8126,#8127,#8128,#8129,#8130,#8131,#8132,
#8133,#8134,#8135,#8136,#8137,#8138,#8139),.UNSPECIFIED.,.F.,.F.,(4,3,3,
3,3,3,3,3,3,3,3,3,4),(0.0046265262322464,0.148219797674422,0.293842315118511,
0.390176460745054,0.534044385498048,0.682124155885506,0.750751130373463,
0.90269137696806,1.05452645586966,1.11132733053401,1.26342568241666,1.40981436205821,
1.4968830366874),.UNSPECIFIED.);
#219=B_SPLINE_CURVE_WITH_KNOTS('',3,(#8156,#8157,#8158,#8159,#8160,#8161,
#8162,#8163,#8164,#8165,#8166,#8167,#8168,#8169,#8170,#8171,#8172,#8173,
#8174,#8175,#8176,#8177,#8178,#8179,#8180,#8181,#8182,#8183,#8184,#8185,
#8186,#8187,#8188,#8189,#8190,#8191,#8192),.UNSPECIFIED.,.F.,.F.,(4,3,3,
3,3,3,3,3,3,3,3,3,4),(1.66793203987257,1.80845630705158,1.95742338066115,
2.05349149149786,2.20417051951243,2.35071385510485,2.41406396536421,2.55233714849477,
2.68585689999582,2.77463490074446,2.91040530017944,3.04592243349264,3.16018855032773),
 .UNSPECIFIED.);
#220=B_SPLINE_CURVE_WITH_KNOTS('',3,(#8207,#8208,#8209,#8210,#8211,#8212,
#8213,#8214,#8215,#8216,#8217,#8218,#8219,#8220,#8221,#8222,#8223,#8224,
#8225,#8226,#8227,#8228,#8229,#8230,#8231,#8232,#8233,#8234,#8235,#8236,
#8237,#8238,#8239,#8240,#8241,#8242,#8243),.UNSPECIFIED.,.F.,.F.,(4,3,3,
3,3,3,3,3,3,3,3,3,4),(1.64470961690239,1.79048353473038,1.94181359942685,
2.03026532305579,2.18178292011276,2.33400034730532,2.39084152321637,2.53922917886071,
2.6835839879394,2.75141619284478,2.89733953827944,3.0411875442327,3.13696612735755),
 .UNSPECIFIED.);
#221=B_SPLINE_CURVE_WITH_KNOTS('',3,(#8249,#8250,#8251,#8252,#8253,#8254,
#8255,#8256,#8257,#8258,#8259,#8260,#8261),.UNSPECIFIED.,.F.,.F.,(4,3,3,
3,4),(8.21048289354579E-19,0.377427450743774,0.754854901487548,1.13228235223132,
1.50970980297509),.UNSPECIFIED.);
#222=B_SPLINE_CURVE_WITH_KNOTS('',3,(#8265,#8266,#8267,#8268,#8269,#8270,
#8271,#8272,#8273,#8274,#8275,#8276,#8277),.UNSPECIFIED.,.F.,.F.,(4,3,3,
3,4),(1.6318828506147,2.00931030135847,2.38673775210225,2.76416520284602,
3.14159265358979),.UNSPECIFIED.);
#223=B_SPLINE_CURVE_WITH_KNOTS('',3,(#8284,#8285,#8286,#8287,#8288,#8289,
#8290,#8291,#8292,#8293,#8294,#8295,#8296,#8297,#8298,#8299,#8300,#8301,
#8302,#8303,#8304,#8305,#8306,#8307,#8308,#8309,#8310,#8311,#8312,#8313,
#8314,#8315,#8316,#8317,#8318,#8319,#8320),.UNSPECIFIED.,.F.,.F.,(4,3,3,
3,3,3,3,3,3,3,3,3,4),(0.00295724213227311,0.138189434637323,0.273721697294612,
0.388505456510117,0.521488500035491,0.659338243427902,0.749078384978381,
0.895335793934616,1.04634584372474,1.10965429490559,1.25965397941754,1.40072971387477,
1.49521375258742),.UNSPECIFIED.);
#224=B_SPLINE_CURVE_WITH_KNOTS('',3,(#8341,#8342,#8343,#8344,#8345,#8346,
#8347,#8348,#8349,#8350,#8351,#8352,#8353,#8354,#8355,#8356,#8357,#8358,
#8359),.UNSPECIFIED.,.F.,.F.,(4,3,3,3,3,3,4),(1.84584323896234E-16,0.140390248451024,
0.283597204366488,0.391767025041292,0.535069269948899,0.676204607541361,
0.783534696993849),.UNSPECIFIED.);
#225=B_SPLINE_CURVE_WITH_KNOTS('',3,(#8364,#8365,#8366,#8367,#8368,#8369,
#8370,#8371,#8372,#8373,#8374,#8375,#8376,#8377,#8378,#8379,#8380,#8381,
#8382),.UNSPECIFIED.,.F.,.F.,(4,3,3,3,3,3,4),(5.25320028809767,5.48239113600011,
5.71884621410666,5.76819308073901,6.00462415965697,6.23422229318897,6.28318530717959),
 .UNSPECIFIED.);
#226=B_SPLINE_CURVE_WITH_KNOTS('',3,(#8394,#8395,#8396,#8397,#8398,#8399,
#8400,#8401,#8402,#8403,#8404,#8405,#8406,#8407,#8408,#8409,#8410,#8411,
#8412),.UNSPECIFIED.,.F.,.F.,(4,3,3,3,3,3,4),(9.2292161948117E-17,0.140390248452285,
0.28359720436932,0.391767025041227,0.535069269950292,0.676204607542957,
0.783534696993848),.UNSPECIFIED.);
#227=B_SPLINE_CURVE_WITH_KNOTS('',3,(#8422,#8423,#8424,#8425,#8426,#8427,
#8428,#8429,#8430,#8431,#8432,#8433,#8434),.UNSPECIFIED.,.F.,.F.,(4,3,3,
3,4),(3.14159265358979,3.52774675059354,3.91390084759728,4.30005494460103,
4.68620904160478),.UNSPECIFIED.);
#228=B_SPLINE_CURVE_WITH_KNOTS('',3,(#8455,#8456,#8457,#8458,#8459,#8460,
#8461,#8462,#8463,#8464,#8465,#8466,#8467),.UNSPECIFIED.,.F.,.F.,(4,3,3,
3,4),(4.7385689191646,5.12472301616835,5.5108771131721,5.89703121017584,
6.28318530717959),.UNSPECIFIED.);
#229=B_SPLINE_CURVE_WITH_KNOTS('',3,(#8484,#8485,#8486,#8487,#8488,#8489,
#8490,#8491,#8492,#8493,#8494,#8495,#8496),.UNSPECIFIED.,.F.,.F.,(4,3,3,
3,4),(5.49965061018574,5.73493339998687,5.89141828214855,6.12657401432881,
6.28318530717959),.UNSPECIFIED.);
#230=B_SPLINE_CURVE_WITH_KNOTS('',3,(#8503,#8504,#8505,#8506,#8507,#8508,
#8509,#8510,#8511,#8512,#8513,#8514,#8515),.UNSPECIFIED.,.F.,.F.,(4,3,3,
3,4),(5.49965061018574,5.73493339998201,5.89141828214869,6.12657401433314,
6.28318530717959),.UNSPECIFIED.);
#231=B_SPLINE_CURVE_WITH_KNOTS('',3,(#8560,#8561,#8562,#8563,#8564,#8565,
#8566,#8567,#8568,#8569,#8570,#8571,#8572,#8573,#8574,#8575),
 .UNSPECIFIED.,.F.,.F.,(4,3,3,3,3,4),(0.,0.153786713596006,0.311223709445467,
0.464257957427803,0.623896327210826,0.783534696993849),.UNSPECIFIED.);
#232=B_SPLINE_CURVE_WITH_KNOTS('',3,(#8576,#8577,#8578,#8579,#8580,#8581,
#8582,#8583,#8584,#8585,#8586,#8587,#8588,#8589,#8590,#8591,#8592,#8593,
#8594),.UNSPECIFIED.,.F.,.F.,(4,3,3,3,3,3,4),(5.49965061018574,5.66605063730348,
5.83560430553688,5.89141920482707,6.06076214731233,6.22713565568647,6.28318530717959),
 .UNSPECIFIED.);
#233=B_SPLINE_CURVE_WITH_KNOTS('',3,(#8598,#8599,#8600,#8601,#8602,#8603,
#8604,#8605,#8606,#8607,#8608,#8609,#8610,#8611,#8612,#8613),
 .UNSPECIFIED.,.F.,.F.,(4,2,2,2,2,2,2,4),(-1.43384399540436E-5,0.00193177697220826,
0.0029048346782894,0.00387789238437055,0.00485095009045169,0.00582400779653284,
0.00679706550261398,0.00777012320869513),.UNSPECIFIED.);
#234=B_SPLINE_CURVE_WITH_KNOTS('',3,(#8696,#8697,#8698,#8699,#8700,#8701,
#8702,#8703,#8704,#8705),.UNSPECIFIED.,.F.,.F.,(4,2,2,2,4),(-1.56990839558926E-5,
0.00159809264830702,0.00321188438056994,0.00482567611283286,0.00643946784509578),
 .UNSPECIFIED.);
#235=B_SPLINE_CURVE_WITH_KNOTS('',3,(#8707,#8708,#8709,#8710,#8711,#8712,
#8713,#8714,#8715,#8716,#8717,#8718,#8719,#8720,#8721,#8722,#8723,#8724,
#8725,#8726),.UNSPECIFIED.,.F.,.F.,(4,2,2,2,2,2,2,2,2,4),(0.,0.000964766525981403,
0.00192953305196281,0.00289429957794421,0.00385906610392561,0.00482383262990701,
0.00578859915588842,0.00675336568186982,0.00723574894486052,0.00771813220785122),
 .UNSPECIFIED.);
#236=B_SPLINE_CURVE_WITH_KNOTS('',3,(#8728,#8729,#8730,#8731,#8732,#8733,
#8734,#8735,#8736,#8737,#8738,#8739,#8740,#8741,#8742,#8743),
 .UNSPECIFIED.,.F.,.F.,(4,3,3,3,3,4),(7.34631862842535E-16,0.153786713595994,
0.311223709445458,0.464257957427805,0.623896327210827,0.78353469699385),
 .UNSPECIFIED.);
#237=B_SPLINE_CURVE_WITH_KNOTS('',3,(#8744,#8745,#8746,#8747,#8748,#8749,
#8750,#8751,#8752,#8753,#8754,#8755,#8756,#8757,#8758,#8759,#8760,#8761,
#8762),.UNSPECIFIED.,.F.,.F.,(4,3,3,3,3,3,4),(5.49965061018574,5.66605063730501,
5.83560430554228,5.89141920482707,6.06076214731622,6.22713565569197,6.28318530717959),
 .UNSPECIFIED.);
#238=B_SPLINE_CURVE_WITH_KNOTS('',3,(#8766,#8767,#8768,#8769,#8770,#8771,
#8772,#8773,#8774,#8775),.UNSPECIFIED.,.F.,.F.,(4,2,2,2,4),(-1.56990839558344E-5,
0.00159809264830708,0.00321188438057,0.00482567611283292,0.00643946784509583),
 .UNSPECIFIED.);
#239=B_SPLINE_CURVE_WITH_KNOTS('',3,(#8776,#8777,#8778,#8779,#8780,#8781,
#8782,#8783,#8784,#8785,#8786,#8787,#8788),.UNSPECIFIED.,.F.,.F.,(4,3,3,
3,4),(2.67692732124262,2.82175603274965,2.96634822416503,3.11115009282768,
3.14159265358979),.UNSPECIFIED.);
#240=B_SPLINE_CURVE_WITH_KNOTS('',3,(#8897,#8898,#8899,#8900,#8901,#8902,
#8903,#8904,#8905,#8906,#8907,#8908,#8909,#8910,#8911,#8912,#8913,#8914,
#8915,#8916,#8917,#8918),.UNSPECIFIED.,.F.,.F.,(4,3,3,3,3,3,3,4),(9.27433394841767E-17,
0.153974592160588,0.306993688848877,0.459481712696796,0.612123307103634,
0.764907456231676,0.918867991543673,1.0299850190819),.UNSPECIFIED.);
#241=B_SPLINE_CURVE_WITH_KNOTS('',3,(#8951,#8952,#8953,#8954,#8955,#8956,
#8957,#8958,#8959,#8960,#8961,#8962,#8963,#8964,#8965,#8966,#8967,#8968,
#8969,#8970),.UNSPECIFIED.,.F.,.F.,(4,2,2,2,2,2,2,2,2,4),(0.,0.000966175696583253,
0.00193235139316651,0.00289852708974976,0.00386470278633301,0.00483087848291626,
0.00579705417949952,0.00676322987608277,0.00724631772437439,0.00772940557266602),
 .UNSPECIFIED.);
#242=B_SPLINE_CURVE_WITH_KNOTS('',3,(#8976,#8977,#8978,#8979,#8980,#8981,
#8982,#8983,#8984,#8985,#8986,#8987,#8988,#8989,#8990,#8991),
 .UNSPECIFIED.,.F.,.F.,(4,2,2,2,2,2,2,4),(-1.43331103320585E-5,0.00193467278152644,
0.00290917572745569,0.00388367867338494,0.00485818161931419,0.00583268456524343,
0.00680718751117268,0.00778169045710193),.UNSPECIFIED.);
#243=B_SPLINE_CURVE_WITH_KNOTS('',3,(#9042,#9043,#9044,#9045,#9046,#9047,
#9048,#9049,#9050,#9051,#9052,#9053),.UNSPECIFIED.,.F.,.F.,(4,2,2,2,2,4),
(0.,0.00160212860926637,0.00320425721853274,0.0048063858277991,0.00560745013243229,
0.00640851443706547),.UNSPECIFIED.);
#244=B_SPLINE_CURVE_WITH_KNOTS('',3,(#9130,#9131,#9132,#9133,#9134,#9135,
#9136,#9137,#9138,#9139),.UNSPECIFIED.,.F.,.F.,(4,2,2,2,4),(-1.5695269750615E-5,
0.00160083189904351,0.00321735906783763,0.00483388623663176,0.00645041340542588),
 .UNSPECIFIED.);
#245=B_SPLINE_CURVE_WITH_KNOTS('',3,(#9234,#9235,#9236,#9237,#9238,#9239,
#9240,#9241,#9242,#9243,#9244,#9245,#9246,#9247,#9248,#9249,#9250,#9251,
#9252,#9253,#9254,#9255,#9256,#9257,#9258,#9259,#9260,#9261,#9262,#9263,
#9264,#9265,#9266,#9267,#9268,#9269,#9270),.UNSPECIFIED.,.F.,.F.,(4,3,3,
3,3,3,3,3,3,3,3,3,4),(4.78797155459216,4.9430431794771,5.11918483075153,
5.1735369086746,5.35382643426308,5.51623627895715,5.53411595985156,5.68086812570221,
5.82077237085728,5.8946882409263,6.03757088900338,6.1819339165251,6.28022806504731),
 .UNSPECIFIED.);
#246=B_SPLINE_CURVE_WITH_KNOTS('',3,(#9271,#9272,#9273,#9274,#9275,#9276,
#9277,#9278,#9279,#9280,#9281,#9282,#9283,#9284,#9285,#9286,#9287,#9288,
#9289,#9290,#9291,#9292,#9293,#9294,#9295,#9296,#9297,#9298,#9299,#9300,
#9301,#9302,#9303,#9304),.UNSPECIFIED.,.F.,.F.,(4,3,3,3,3,3,3,3,3,3,3,4),
(3.14621917982204,3.31150589667246,3.47578772957841,3.53176400257023,3.69230562656617,
3.86023024763899,3.89233637957633,4.08448863101527,4.25291339097594,4.44569454062657,
4.62012468101333,4.63847569027719),.UNSPECIFIED.);
#247=B_SPLINE_CURVE_WITH_KNOTS('',3,(#9306,#9307,#9308,#9309,#9310,#9311,
#9312,#9313,#9314,#9315,#9316,#9317,#9318,#9319,#9320,#9321,#9322,#9323,
#9324,#9325,#9326,#9327,#9328,#9329,#9330,#9331,#9332,#9333,#9334,#9335,
#9336,#9337,#9338,#9339),.UNSPECIFIED.,.F.,.F.,(4,3,3,3,3,3,3,3,3,3,3,4),
(4.78630227049219,4.96073241089933,5.15287935977658,5.17186456978953,5.36401682122959,
5.53244158118944,5.70084925279912,5.86161518003414,5.89301395819736,6.05727120325341,
6.22242443119888,6.27855878094734),.UNSPECIFIED.);
#248=B_SPLINE_CURVE_WITH_KNOTS('',3,(#9340,#9341,#9342,#9343,#9344,#9345,
#9346,#9347,#9348,#9349,#9350,#9351,#9352,#9353,#9354,#9355,#9356,#9357,
#9358,#9359,#9360,#9361,#9362,#9363,#9364,#9365,#9366,#9367,#9368,#9369,
#9370,#9371,#9372,#9373,#9374,#9375,#9376),.UNSPECIFIED.,.F.,.F.,(4,3,3,
3,3,3,3,3,3,3,3,3,4),(3.12299675685186,3.26820694729456,3.41144816863522,
3.50859407900009,3.64775519235756,3.79301553314491,3.86915617042611,4.03031741487429,
4.21905054025036,4.22970520415949,4.41116791113249,4.5677036742597,4.61525326730701),
 .UNSPECIFIED.);
#249=B_SPLINE_CURVE_WITH_KNOTS('',3,(#9772,#9773,#9774,#9775,#9776,#9777),
 .UNSPECIFIED.,.F.,.F.,(4,2,4),(1.46264509412703E-7,0.250358954451804,0.500148054285255),
 .UNSPECIFIED.);
#250=B_SPLINE_CURVE_WITH_KNOTS('',3,(#9791,#9792,#9793,#9794,#9795,#9796),
 .UNSPECIFIED.,.F.,.F.,(4,2,4),(1.46264504425988E-7,0.250358954451724,0.500148054284198),
 .UNSPECIFIED.);
#251=B_SPLINE_CURVE_WITH_KNOTS('',3,(#9799,#9800,#9801,#9802,#9803,#9804),
 .UNSPECIFIED.,.F.,.F.,(4,2,4),(0.,0.00546527838970469,0.0109463064019829),
 .UNSPECIFIED.);
#252=B_SPLINE_CURVE_WITH_KNOTS('',3,(#9808,#9809,#9810,#9811,#9812,#9813,
#9814,#9815,#9816,#9817),.UNSPECIFIED.,.F.,.F.,(4,2,2,2,4),(-0.346176098590404,
-0.25977903111351,-0.17343221026486,-0.0870647381526668,0.),
 .UNSPECIFIED.);
#253=B_SPLINE_CURVE_WITH_KNOTS('',3,(#9823,#9824,#9825,#9826,#9827,#9828),
 .UNSPECIFIED.,.F.,.F.,(4,2,4),(0.,0.00546527838901653,0.0109463063999009),
 .UNSPECIFIED.);
#254=B_SPLINE_CURVE_WITH_KNOTS('',3,(#9835,#9836,#9837,#9838,#9839,#9840,
#9841,#9842,#9843,#9844,#9845,#9846),.UNSPECIFIED.,.F.,.F.,(4,2,2,2,2,4),
(0.,0.0213613318841916,0.051391588208982,0.214538217926775,0.320201905701192,
0.365583822010045),.UNSPECIFIED.);
#255=B_SPLINE_CURVE_WITH_KNOTS('',3,(#9849,#9850,#9851,#9852,#9853,#9854,
#9855,#9856,#9857,#9858),.UNSPECIFIED.,.F.,.F.,(4,2,2,2,4),(-0.466308601479291,
-0.349153378046246,-0.233252509262986,-0.115449874738956,0.),
 .UNSPECIFIED.);
#256=B_SPLINE_CURVE_WITH_KNOTS('',3,(#9867,#9868,#9869,#9870,#9871,#9872,
#9873,#9874,#9875,#9876,#9877,#9878),.UNSPECIFIED.,.F.,.F.,(4,2,2,2,2,4),
(0.,0.0845840044745558,0.269583475593552,0.514454124101918,0.574683022748071,
0.621375429523918),.UNSPECIFIED.);
#257=B_SPLINE_CURVE_WITH_KNOTS('',3,(#9886,#9887,#9888,#9889,#9890,#9891),
 .UNSPECIFIED.,.F.,.F.,(4,2,4),(0.,0.00376978046942601,0.00752988194143224),
 .UNSPECIFIED.);
#258=B_SPLINE_CURVE_WITH_KNOTS('',3,(#9958,#9959,#9960,#9961,#9962,#9963,
#9964,#9965,#9966,#9967,#9968,#9969,#9970,#9971,#9972,#9973,#9974,#9975,
#9976,#9977,#9978,#9979,#9980,#9981,#9982,#9983,#9984,#9985,#9986,#9987,
#9988,#9989,#9990,#9991,#9992,#9993,#9994),.UNSPECIFIED.,.F.,.F.,(4,3,3,
3,3,3,3,3,3,3,3,3,4),(3.12299675685186,3.26543213282753,3.40663594348633,
3.50856127298479,3.64607424159786,3.78925105344602,3.86912891531223,4.02541995136995,
4.19682346507926,4.22969492161741,4.39834553711539,4.55022151935188,4.61525326730701),
 .UNSPECIFIED.);
#259=B_SPLINE_CURVE_WITH_KNOTS('',3,(#9995,#9996,#9997,#9998,#9999,#10000,
#10001,#10002,#10003,#10004,#10005,#10006,#10007,#10008,#10009,#10010,#10011,
#10012,#10013,#10014,#10015,#10016,#10017,#10018,#10019,#10020,#10021,#10022,
#10023,#10024,#10025,#10026,#10027,#10028,#10029,#10030,#10031),
 .UNSPECIFIED.,.F.,.F.,(4,3,3,3,3,3,3,3,3,3,3,3,4),(4.78630227049219,4.9491968453238,
5.12226032003875,5.1718614773329,5.35214955409485,5.5222268207067,5.53243763085679,
5.69392642364052,5.84932824684894,5.8930108059477,6.05108964013963,6.20857082034088,
6.27855878094734),.UNSPECIFIED.);
#260=B_SPLINE_CURVE_WITH_KNOTS('',3,(#10065,#10066,#10067,#10068,#10069,
#10070,#10071,#10072,#10073,#10074,#10075,#10076,#10077,#10078,#10079,#10080,
#10081,#10082,#10083,#10084,#10085,#10086,#10087,#10088,#10089,#10090,#10091,
#10092,#10093,#10094,#10095,#10096,#10097,#10098,#10099,#10100,#10101),
 .UNSPECIFIED.,.F.,.F.,(4,3,3,3,3,3,3,3,3,3,3,3,4),(1.66793203987257,1.80845630704609,
1.95742338064866,2.05349149149786,2.20417051951168,2.35071385510409,2.41406396536421,
2.55233714849487,2.68585689999596,2.77463490074447,2.91040530017947,3.04592243349266,
3.16018855032773),.UNSPECIFIED.);
#261=B_SPLINE_CURVE_WITH_KNOTS('',3,(#10222,#10223,#10224,#10225,#10226,
#10227,#10228,#10229,#10230,#10231,#10232,#10233,#10234,#10235,#10236,#10237,
#10238,#10239,#10240,#10241,#10242,#10243,#10244,#10245,#10246,#10247,#10248,
#10249,#10250,#10251,#10252,#10253,#10254,#10255,#10256,#10257,#10258),
 .UNSPECIFIED.,.F.,.F.,(4,3,3,3,3,3,3,3,3,3,3,3,4),(4.78797155459216,4.93826571880234,
5.10356685713044,5.17353404316975,5.35382230213736,5.51101120483054,5.53411056110498,
5.67859169313185,5.81681711677803,5.89468257218944,6.03558894658371,6.17734934764913,
6.28022806504731),.UNSPECIFIED.);
#262=B_SPLINE_CURVE_WITH_KNOTS('',3,(#10259,#10260,#10261,#10262,#10263,
#10264,#10265,#10266,#10267,#10268,#10269,#10270,#10271,#10272,#10273,#10274,
#10275,#10276,#10277,#10278,#10279,#10280,#10281,#10282,#10283,#10284,#10285,
#10286,#10287,#10288,#10289,#10290,#10291,#10292,#10293,#10294,#10295),
 .UNSPECIFIED.,.F.,.F.,(4,3,3,3,3,3,3,3,3,3,3,3,4),(0.00295724213227387,
0.138189434637755,0.273721697295181,0.388505456510243,0.521488500035385,
0.659338243427635,0.749078384978489,0.895335793934494,1.04634584372447,
1.10965429490563,1.25965397941723,1.40072971387431,1.49521375258742),
 .UNSPECIFIED.);
#263=B_SPLINE_CURVE_WITH_KNOTS('',3,(#10299,#10300,#10301,#10302,#10303,
#10304,#10305,#10306,#10307,#10308,#10309,#10310,#10311,#10312,#10313,#10314,
#10315,#10316,#10317,#10318,#10319,#10320,#10321,#10322,#10323,#10324,#10325,
#10326,#10327,#10328,#10329,#10330,#10331,#10332,#10333,#10334,#10335),
 .UNSPECIFIED.,.F.,.F.,(4,3,3,3,3,3,3,3,3,3,3,3,4),(3.14621917982204,3.30368478704923,
3.46168007441414,3.53176715482136,3.68683912657321,3.84789926202035,3.89234032991257,
4.06241759652635,4.23738207909417,4.25291648343677,4.4268861916657,4.59024216382453,
4.63847569027719),.UNSPECIFIED.);
#264=B_SPLINE_CURVE_WITH_KNOTS('',3,(#10355,#10356,#10357,#10358,#10359,
#10360,#10361,#10362,#10363,#10364,#10365,#10366,#10367,#10368,#10369,#10370,
#10371,#10372,#10373),.UNSPECIFIED.,.F.,.F.,(4,3,3,3,3,3,4),(5.49965061018574,
5.64013228594837,5.78339481276443,5.89141828213829,6.03467604083414,6.17572255623616,
6.28318530717959),.UNSPECIFIED.);
#265=B_SPLINE_CURVE_WITH_KNOTS('',3,(#10376,#10377,#10378,#10379,#10380,
#10381,#10382,#10383,#10384,#10385,#10386,#10387,#10388,#10389,#10390,#10391,
#10392,#10393,#10394),.UNSPECIFIED.,.F.,.F.,(4,3,3,3,3,3,4),(4.09777199049639E-16,
0.154688917508012,0.312494798994148,0.391766643121127,0.549709652082491,
0.705136398038588,0.783534696993848),.UNSPECIFIED.);
#266=B_SPLINE_CURVE_WITH_KNOTS('',3,(#10413,#10414,#10415,#10416,#10417,
#10418,#10419,#10420,#10421,#10422,#10423,#10424,#10425),.UNSPECIFIED.,
 .F.,.F.,(4,3,3,3,4),(1.87814549564418E-15,0.235155732175824,0.391767025030999,
0.627049814831109,0.783534696993848),.UNSPECIFIED.);
#267=B_SPLINE_CURVE_WITH_KNOTS('',3,(#10426,#10427,#10428,#10429,#10430,
#10431,#10432,#10433,#10434,#10435,#10436,#10437,#10438,#10439,#10440,#10441,
#10442,#10443,#10444),.UNSPECIFIED.,.F.,.F.,(4,3,3,3,3,3,4),(5.49965061018574,
5.64276527312352,5.78529481168553,5.92772497264091,6.07016584361905,6.21326141161079,
6.28318530717959),.UNSPECIFIED.);
#268=B_SPLINE_CURVE_WITH_KNOTS('',3,(#10452,#10453,#10454,#10455,#10456,
#10457,#10458,#10459,#10460,#10461,#10462,#10463,#10464),.UNSPECIFIED.,
 .F.,.F.,(4,3,3,3,4),(0.,0.235155732183411,0.39176702503108,0.627049814827503,
0.783534696993848),.UNSPECIFIED.);
#269=B_SPLINE_CURVE_WITH_KNOTS('',3,(#10485,#10486,#10487,#10488,#10489,
#10490,#10491,#10492,#10493,#10494,#10495,#10496,#10497,#10498,#10499,#10500,
#10501,#10502,#10503),.UNSPECIFIED.,.F.,.F.,(4,3,3,3,3,3,4),(5.49965061018574,
5.64276527312352,5.78529481168554,5.92772497264092,6.07016584361906,6.2132614116108,
6.28318530717959),.UNSPECIFIED.);
#270=B_SPLINE_CURVE_WITH_KNOTS('',3,(#10525,#10526,#10527,#10528,#10529,
#10530,#10531,#10532,#10533,#10534,#10535,#10536,#10537,#10538,#10539,#10540,
#10541,#10542,#10543),.UNSPECIFIED.,.F.,.F.,(4,3,3,3,3,3,4),(5.49965061018574,
5.64013228595014,5.78339481276676,5.89141828213829,6.03467604083444,6.17572255623794,
6.28318530717959),.UNSPECIFIED.);
#271=B_SPLINE_CURVE_WITH_KNOTS('',3,(#10544,#10545,#10546,#10547,#10548,
#10549,#10550,#10551,#10552,#10553,#10554,#10555,#10556,#10557,#10558,#10559,
#10560,#10561,#10562),.UNSPECIFIED.,.F.,.F.,(4,3,3,3,3,3,4),(2.73615331164779E-16,
0.154688917507447,0.312494798992045,0.391766643121119,0.549709652080987,
0.705136398036438,0.783534696993848),.UNSPECIFIED.);
#272=B_SPLINE_CURVE_WITH_KNOTS('',3,(#10596,#10597,#10598,#10599,#10600,
#10601,#10602,#10603,#10604,#10605,#10606,#10607,#10608),.UNSPECIFIED.,
 .F.,.F.,(4,3,3,3,4),(1.31367726296706E-17,0.373064127613785,0.74612825522757,
1.11919238284136,1.49225651045514),.UNSPECIFIED.);
#273=B_SPLINE_CURVE_WITH_KNOTS('',3,(#10645,#10646,#10647,#10648,#10649,
#10650,#10651,#10652,#10653,#10654,#10655,#10656,#10657),.UNSPECIFIED.,
 .F.,.F.,(4,3,3,3,4),(1.64933614313463,2.02240027074842,2.39546439836221,
2.768528525976,3.14159265358978),.UNSPECIFIED.);
#274=B_SPLINE_CURVE_WITH_KNOTS('',3,(#10698,#10699,#10700,#10701,#10702,
#10703,#10704,#10705,#10706,#10707,#10708,#10709,#10710,#10711,#10712,#10713,
#10714,#10715,#10716,#10717,#10718,#10719,#10720,#10721,#10722,#10723,#10724,
#10725,#10726,#10727,#10728,#10729,#10730,#10731,#10732,#10733,#10734),
 .UNSPECIFIED.,.F.,.F.,(4,3,3,3,3,3,3,3,3,3,3,3,4),(0.0046265262322464,
0.148219797674399,0.293842315118522,0.390176460745056,0.534044385498093,
0.682124155885561,0.750751130373465,0.902691376968019,1.05452645586959,
1.11132733053401,1.26342568241663,1.40981436205818,1.4968830366874),
 .UNSPECIFIED.);
#275=B_SPLINE_CURVE_WITH_KNOTS('',3,(#10807,#10808,#10809,#10810,#10811,
#10812,#10813,#10814,#10815,#10816,#10817,#10818,#10819,#10820,#10821,#10822,
#10823,#10824,#10825,#10826,#10827,#10828,#10829,#10830,#10831,#10832,#10833,
#10834,#10835,#10836,#10837,#10838,#10839,#10840,#10841,#10842,#10843),
 .UNSPECIFIED.,.F.,.F.,(4,3,3,3,3,3,3,3,3,3,3,3,4),(1.64470961690239,1.79048353473033,
1.94181359942681,2.03026532305579,2.18178292011184,2.33400034730434,2.39084152321637,
2.53922917886065,2.68358398794121,2.75141619284478,2.89733953827946,3.04118754423272,
3.13696612735755),.UNSPECIFIED.);
#276=B_SPLINE_CURVE_WITH_KNOTS('',3,(#10883,#10884,#10885,#10886,#10887,
#10888,#10889,#10890,#10891,#10892,#10893,#10894,#10895),.UNSPECIFIED.,
 .F.,.F.,(4,3,3,3,4),(8.21048289354579E-19,0.377427450743773,0.754854901487548,
1.13228235223132,1.50970980297509),.UNSPECIFIED.);
#277=B_SPLINE_CURVE_WITH_KNOTS('',3,(#10932,#10933,#10934,#10935,#10936,
#10937,#10938,#10939,#10940,#10941,#10942,#10943,#10944),.UNSPECIFIED.,
 .F.,.F.,(4,3,3,3,4),(1.6318828506147,2.00931030135847,2.38673775210225,
2.76416520284602,3.14159265358979),.UNSPECIFIED.);
#278=B_SPLINE_CURVE_WITH_KNOTS('',3,(#10971,#10972,#10973,#10974,#10975,
#10976,#10977,#10978,#10979,#10980,#10981,#10982,#10983,#10984,#10985,#10986,
#10987,#10988,#10989),.UNSPECIFIED.,.F.,.F.,(4,3,3,3,3,3,4),(5.30127693673499,
5.47333909922816,5.64437773955773,5.81525032760879,5.98614072914832,6.15816976042298,
6.24017933529773),.UNSPECIFIED.);
#279=B_SPLINE_CURVE_WITH_KNOTS('',3,(#11003,#11004,#11005,#11006,#11007,
#11008,#11009,#11010,#11011,#11012,#11013,#11014,#11015,#11016,#11017,#11018,
#11019,#11020,#11021),.UNSPECIFIED.,.F.,.F.,(4,3,3,3,3,3,4),(5.47405813287198E-16,
0.15461692195698,0.312334335940338,0.391159220843547,0.549043043220339,
0.704450843853582,0.782320229106695),.UNSPECIFIED.);
#280=B_SPLINE_CURVE_WITH_KNOTS('',3,(#11028,#11029,#11030,#11031,#11032,
#11033,#11034,#11035,#11036,#11037,#11038,#11039,#11040,#11041,#11042,#11043,
#11044,#11045,#11046),.UNSPECIFIED.,.F.,.F.,(4,3,3,3,3,3,4),(-1.77635683940025E-15,
0.154616921956504,0.312334335939021,0.391159220843562,0.549043043219547,
0.704450843852429,0.782320229106693),.UNSPECIFIED.);
#281=B_SPLINE_CURVE_WITH_KNOTS('',3,(#11053,#11054,#11055,#11056,#11057,
#11058,#11059,#11060,#11061,#11062),.UNSPECIFIED.,.F.,.F.,(4,3,3,4),(5.77840054672886,
5.9501990428318,6.12213399897325,6.28318530717959),.UNSPECIFIED.);
#282=B_SPLINE_CURVE_WITH_KNOTS('',3,(#11067,#11068,#11069,#11070,#11071,
#11072,#11073,#11074,#11075,#11076,#11077,#11078,#11079,#11080,#11081,#11082,
#11083,#11084,#11085),.UNSPECIFIED.,.F.,.F.,(4,3,3,3,3,3,4),(5.33368202441281,
5.50575370573146,5.67678603919859,5.847644943587,6.0185098705754,6.19053580177715,
6.28318530717959),.UNSPECIFIED.);
#283=B_SPLINE_CURVE_WITH_KNOTS('',3,(#11092,#11093,#11094,#11095,#11096,
#11097,#11098,#11099,#11100,#11101,#11102,#11103,#11104,#11105,#11106,#11107,
#11108,#11109,#11110),.UNSPECIFIED.,.F.,.F.,(4,3,3,3,3,3,4),(2.73236415437311E-16,
0.155492326851129,0.313317648640976,0.329127236396134,0.493691209904565,
0.649367599305586,0.658255183412997),.UNSPECIFIED.);
#284=B_SPLINE_CURVE_WITH_KNOTS('',3,(#11117,#11118,#11119,#11120,#11121,
#11122,#11123,#11124,#11125,#11126,#11127,#11128,#11129,#11130,#11131,#11132,
#11133,#11134,#11135),.UNSPECIFIED.,.F.,.F.,(4,3,3,3,3,3,4),(6.14407718220038E-16,
0.153835153364773,0.311560398356261,0.453874421510404,0.611846776879381,
0.766927148635915,0.907751311859402),.UNSPECIFIED.);
#285=B_SPLINE_CURVE_WITH_KNOTS('',3,(#11151,#11152,#11153,#11154,#11155,
#11156,#11157,#11158,#11159,#11160,#11161,#11162,#11163,#11164,#11165,#11166,
#11167,#11168,#11169),.UNSPECIFIED.,.F.,.F.,(4,3,3,3,3,3,4),(3.18459862547165,
3.35666078796483,3.52769942829439,3.69857201634544,3.86946241788495,4.04149144915962,
4.12350102403439),.UNSPECIFIED.);
#286=B_SPLINE_CURVE_WITH_KNOTS('',3,(#11227,#11228,#11229,#11230,#11231,
#11232,#11233,#11234,#11235,#11236,#11237,#11238,#11239,#11240,#11241,#11242,
#11243,#11244,#11245,#11246,#11247,#11248,#11249,#11250,#11251,#11252,#11253,
#11254,#11255,#11256,#11257,#11258,#11259,#11260,#11261,#11262,#11263,#11264,
#11265,#11266,#11267,#11268,#11269,#11270,#11271,#11272),.UNSPECIFIED.,
 .F.,.F.,(4,3,3,3,3,3,3,3,3,3,3,3,3,3,3,4),(0.,0.000904579845621292,0.00126415713406081,
0.00224723355683016,0.00252831426812162,0.00369930876816248,0.00379247140218244,
0.00505662853624325,0.00614429532660433,0.00632078567030406,0.00726490440875947,
0.00758494280436487,0.00884909993842569,0.0094811785054561,0.00979721778897131,
0.0101132570724865),.UNSPECIFIED.);
#287=B_SPLINE_CURVE_WITH_KNOTS('',3,(#11274,#11275,#11276,#11277,#11278,
#11279,#11280,#11281,#11282,#11283,#11284,#11285,#11286,#11287,#11288,#11289,
#11290,#11291,#11292,#11293,#11294,#11295),.UNSPECIFIED.,.F.,.F.,(4,3,3,
3,3,3,3,4),(-1.76823241057171E-5,0.00138442903287886,0.00200532578796632,
0.00402833390003835,0.00506900703107364,0.00605134201211039,0.00718966419530825,
0.00807435012418242),.UNSPECIFIED.);
#288=B_SPLINE_CURVE_WITH_KNOTS('',3,(#11319,#11320,#11321,#11322,#11323,
#11324,#11325,#11326,#11327,#11328,#11329,#11330,#11331),.UNSPECIFIED.,
 .F.,.F.,(4,3,3,3,4),(2.67692732124262,2.81353976391814,2.94993531771044,
3.0865256508613,3.14159265358979),.UNSPECIFIED.);
#289=B_SPLINE_CURVE_WITH_KNOTS('',3,(#11337,#11338,#11339,#11340,#11341,
#11342,#11343,#11344,#11345,#11346,#11347,#11348,#11349,#11350,#11351,#11352,
#11353,#11354,#11355,#11356,#11357,#11358),.UNSPECIFIED.,.F.,.F.,(4,3,3,
3,3,3,3,4),(-1.76823241058332E-5,0.00138442903487175,0.0020053257879662,
0.00402833390003824,0.00506900703107353,0.00605134201211028,0.00718966419530815,
0.00807435012418231),.UNSPECIFIED.);
#290=B_SPLINE_CURVE_WITH_KNOTS('',3,(#11359,#11360,#11361,#11362,#11363,
#11364,#11365,#11366,#11367,#11368,#11369,#11370,#11371),.UNSPECIFIED.,
 .F.,.F.,(4,3,3,3,4),(5.81851997483242,5.95513241750792,6.09152797130026,
6.22811830445109,6.28318530717959),.UNSPECIFIED.);
#291=B_SPLINE_CURVE_WITH_KNOTS('',3,(#11405,#11406,#11407,#11408,#11409,
#11410,#11411,#11412,#11413,#11414,#11415,#11416,#11417),.UNSPECIFIED.,
 .F.,.F.,(4,3,3,3,4),(3.14159265358979,3.52774675059354,3.91390084759728,
4.30005494460103,4.68620904160477),.UNSPECIFIED.);
#292=B_SPLINE_CURVE_WITH_KNOTS('',3,(#11483,#11484,#11485,#11486,#11487,
#11488,#11489,#11490,#11491,#11492,#11493,#11494,#11495,#11496,#11497,#11498,
#11499,#11500,#11501,#11502,#11503,#11504,#11505,#11506,#11507,#11508,#11509,
#11510,#11511,#11512,#11513,#11514,#11515,#11516,#11517,#11518,#11519,#11520,
#11521,#11522,#11523,#11524,#11525),.UNSPECIFIED.,.F.,.F.,(4,3,3,3,3,3,
3,3,3,3,3,3,3,3,4),(-1.66388799599558E-5,0.000620839836175636,0.00125831855231123,
0.0025332759845824,0.00348526529344639,0.00380823341685358,0.00490507054540359,
0.00508319084912476,0.00635814828139593,0.00753930440751925,0.00763310571366711,
0.00862461474809949,0.00890806314593829,0.00982038356140229,0.0101830205782095),
 .UNSPECIFIED.);
#293=B_SPLINE_CURVE_WITH_KNOTS('',3,(#11596,#11597,#11598,#11599,#11600,
#11601,#11602,#11603,#11604,#11605,#11606,#11607,#11608),.UNSPECIFIED.,
 .F.,.F.,(4,3,3,3,4),(4.7385689191646,5.12472301616835,5.5108771131721,
5.89703121017584,6.28318530717959),.UNSPECIFIED.);
#294=B_SPLINE_CURVE_WITH_KNOTS('',3,(#11655,#11656,#11657,#11658,#11659,
#11660,#11661,#11662,#11663,#11664,#11665,#11666,#11667),.UNSPECIFIED.,
 .F.,.F.,(4,3,3,3,4),(5.25320028809767,5.51069654286815,5.76819279763863,
6.02568905240911,6.28318530717959),.UNSPECIFIED.);
#295=B_SPLINE_CURVE_WITH_KNOTS('',3,(#11723,#11724,#11725,#11726,#11727,
#11728,#11729,#11730,#11731,#11732,#11733,#11734,#11735,#11736,#11737,#11738,
#11739,#11740,#11741,#11742,#11743,#11744,#11745,#11746,#11747,#11748,#11749,
#11750,#11751,#11752,#11753,#11754,#11755,#11756,#11757,#11758,#11759,#11760,
#11761,#11762,#11763,#11764,#11765),.UNSPECIFIED.,.F.,.F.,(4,3,3,3,3,3,
3,3,3,3,3,3,3,3,4),(-1.66339144916112E-5,0.000621590519080128,0.00125981495265187,
0.00253626381979535,0.00350018990231318,0.00381271268693883,0.00492683073568861,
0.00508916155408232,0.0063656104212258,0.00752840910932112,0.00764205928836928,
0.00863156727547433,0.00891850815551277,0.00983078569086289,0.0101949570226563),
 .UNSPECIFIED.);
#296=B_SPLINE_CURVE_WITH_KNOTS('',3,(#11766,#11767,#11768,#11769,#11770,
#11771,#11772,#11773,#11774,#11775,#11776,#11777,#11778,#11779,#11780,#11781,
#11782,#11783,#11784,#11785,#11786,#11787),.UNSPECIFIED.,.F.,.F.,(4,3,3,
3,3,3,3,4),(-1.76790258205124E-5,0.00139030053073373,0.00200793938581561,
0.00403355779745173,0.00507433610971232,0.00605917620908786,0.00720344283241714,
0.00808479462072398),.UNSPECIFIED.);
#297=B_SPLINE_CURVE_WITH_KNOTS('',3,(#11796,#11797,#11798,#11799,#11800,
#11801,#11802,#11803,#11804,#11805,#11806,#11807,#11808,#11809,#11810,#11811,
#11812,#11813,#11814,#11815,#11816,#11817,#11818,#11819,#11820,#11821,#11822,
#11823,#11824,#11825,#11826,#11827,#11828,#11829,#11830,#11831,#11832,#11833,
#11834,#11835),.UNSPECIFIED.,.F.,.F.,(4,3,3,3,3,3,3,3,3,3,3,3,3,4),(0.,
0.00109810061718902,0.00163793632944651,0.00200812898984619,0.00217181522758393,
0.00321340376424887,0.00401625797969239,0.00422075189815141,0.00519600422429082,
0.00602438696953858,0.00614863672359391,0.00702845146446167,0.0075304837119232,
0.00803251595938474),.UNSPECIFIED.);
#298=B_SPLINE_CURVE_WITH_KNOTS('',3,(#11891,#11892,#11893,#11894,#11895,
#11896,#11897,#11898,#11899,#11900,#11901,#11902,#11903,#11904,#11905,#11906,
#11907,#11908,#11909,#11910,#11911,#11912,#11913,#11914,#11915,#11916,#11917,
#11918,#11919,#11920,#11921,#11922,#11923,#11924,#11925,#11926,#11927,#11928,
#11929,#11930,#11931,#11932,#11933,#11934,#11935,#11936),.UNSPECIFIED.,
 .F.,.F.,(4,3,3,3,3,3,3,3,3,3,3,3,3,3,3,4),(0.,0.000904510850482594,0.0012655989163927,
0.00224666311663725,0.00253119783278541,0.00368396437079294,0.00379679674917811,
0.00506239566557081,0.0061671771203911,0.00632799458196352,0.00728393225352899,
0.0075935934983562,0.00885919241474889,0.00949199187294523,0.0098083916020434,
0.0101247913311416),.UNSPECIFIED.);
#299=B_SPLINE_CURVE_WITH_KNOTS('',3,(#12051,#12052,#12053,#12054,#12055,
#12056,#12057,#12058,#12059,#12060,#12061,#12062,#12063),.UNSPECIFIED.,
 .F.,.F.,(4,3,3,3,4),(4.07880082387372E-15,0.241007912122595,0.474751156943754,
0.715885705410197,0.949503282766782),.UNSPECIFIED.);
#300=B_SPLINE_CURVE_WITH_KNOTS('',3,(#12085,#12086,#12087,#12088,#12089,
#12090,#12091,#12092,#12093,#12094,#12095,#12096,#12097,#12098,#12099,#12100,
#12101,#12102,#12103),.UNSPECIFIED.,.F.,.F.,(4,3,3,3,3,3,4),(5.62493012376659,
5.77076991493801,5.91874670885236,5.95405792625351,6.10198861785634,6.24792534841284,
6.28318530717959),.UNSPECIFIED.);
#301=B_SPLINE_CURVE_WITH_KNOTS('',3,(#12126,#12127,#12128,#12129,#12130,
#12131,#12132,#12133,#12134,#12135,#12136,#12137,#12138,#12139,#12140,#12141,
#12142,#12143,#12144,#12145,#12146,#12147,#12148,#12149,#12150),
 .UNSPECIFIED.,.F.,.F.,(4,3,3,3,3,3,3,3,4),(5.37543399532018,5.51975502004215,
5.66652254559025,5.81441560506886,5.8293103847708,5.97724691359407,6.13021611038683,
6.27338269661341,6.28318530717959),.UNSPECIFIED.);
#302=B_SPLINE_CURVE_WITH_KNOTS('',3,(#12194,#12195,#12196,#12197,#12198,
#12199,#12200,#12201,#12202,#12203,#12204,#12205,#12206),.UNSPECIFIED.,
 .F.,.F.,(4,3,3,3,4),(2.15968428314519,2.40085219864267,2.62913602625683,
2.87015850393555,3.09858668170794),.UNSPECIFIED.);
#303=B_SPLINE_CURVE_WITH_KNOTS('',3,(#12211,#12212,#12213,#12214,#12215,
#12216,#12217,#12218,#12219,#12220,#12221,#12222,#12223,#12224,#12225,#12226,
#12227,#12228,#12229),.UNSPECIFIED.,.F.,.F.,(4,3,3,3,3,3,4),(0.,0.154755132246519,
0.312634584558927,0.391766803255352,0.549758355952264,0.705203367962562,
0.783534696993846),.UNSPECIFIED.);
#304=B_SPLINE_CURVE_WITH_KNOTS('',3,(#12240,#12241,#12242,#12243,#12244,
#12245,#12246,#12247,#12248,#12249,#12250,#12251,#12252,#12253,#12254,#12255,
#12256,#12257,#12258,#12259,#12260,#12261),.UNSPECIFIED.,.F.,.F.,(4,3,3,
3,3,3,3,4),(5.11771251615864,5.29001182740724,5.46093636078486,5.63110448919571,
5.80148253382916,5.97203830731488,6.14429055808643,6.28318530717959),
 .UNSPECIFIED.);
#305=B_SPLINE_CURVE_WITH_KNOTS('',3,(#12264,#12265,#12266,#12267,#12268,
#12269,#12270,#12271,#12272,#12273,#12274,#12275,#12276,#12277,#12278,#12279,
#12280,#12281,#12282),.UNSPECIFIED.,.F.,.F.,(4,3,3,3,3,3,4),(0.,0.154755132247834,
0.312634584562983,0.391766803255336,0.549758355955085,0.705203367966612,
0.783534696993847),.UNSPECIFIED.);
#306=B_SPLINE_CURVE_WITH_KNOTS('',3,(#12294,#12295,#12296,#12297,#12298,
#12299,#12300,#12301,#12302,#12303,#12304,#12305,#12306),.UNSPECIFIED.,
 .F.,.F.,(4,3,3,3,4),(0.,0.257496254770476,0.514992509540954,0.772488764311433,
1.02998501908191),.UNSPECIFIED.);
#307=B_SPLINE_CURVE_WITH_KNOTS('',3,(#12331,#12332,#12333,#12334,#12335,
#12336,#12337,#12338,#12339,#12340,#12341,#12342,#12343),.UNSPECIFIED.,
 .F.,.F.,(4,3,3,3,4),(3.41169014636257E-16,0.237375820691693,0.474751641383387,
0.71212746207508,0.949503282766775),.UNSPECIFIED.);
#308=B_SPLINE_CURVE_WITH_KNOTS('',3,(#12353,#12354,#12355,#12356,#12357,
#12358,#12359,#12360,#12361,#12362,#12363,#12364,#12365),.UNSPECIFIED.,
 .F.,.F.,(4,3,3,3,4),(0.,0.157484478286758,0.309314915440357,0.46687441643639,
0.618630140986933),.UNSPECIFIED.);
#309=B_SPLINE_CURVE_WITH_KNOTS('',3,(#12533,#12534,#12535,#12536,#12537,
#12538),.UNSPECIFIED.,.F.,.F.,(4,2,4),(-0.394256675713156,-0.196955528719794,
-1.43482958873045E-6),.UNSPECIFIED.);
#310=(
BOUNDED_SURFACE()
B_SPLINE_SURFACE(3,2,((#6490,#6491,#6492),(#6493,#6494,#6495),(#6496,#6497,
#6498),(#6499,#6500,#6501),(#6502,#6503,#6504),(#6505,#6506,#6507)),
 .UNSPECIFIED.,.F.,.F.,.F.)
B_SPLINE_SURFACE_WITH_KNOTS((4,2,4),(3,3),(0.,0.309315070493468,0.618630140986937),
(0.783787300557858,1.),.UNSPECIFIED.)
GEOMETRIC_REPRESENTATION_ITEM()
RATIONAL_B_SPLINE_SURFACE(((0.909547216237582,0.942297620988476,1.),(0.909547583608511,
0.942297855344741,1.),(0.909408128898155,0.942208893256266,1.),(0.908863566397911,
0.941861501495863,1.),(0.908458482328798,0.941603086956086,1.),(0.907936898835249,
0.941270354151423,1.)))
REPRESENTATION_ITEM('')
SURFACE()
);
#311=(
BOUNDED_SURFACE()
B_SPLINE_SURFACE(3,2,((#6540,#6541,#6542),(#6543,#6544,#6545),(#6546,#6547,
#6548),(#6549,#6550,#6551),(#6552,#6553,#6554),(#6555,#6556,#6557),(#6558,
#6559,#6560),(#6561,#6562,#6563),(#6564,#6565,#6566),(#6567,#6568,#6569)),
 .UNSPECIFIED.,.F.,.F.,.F.)
B_SPLINE_SURFACE_WITH_KNOTS((4,2,2,2,4),(3,3),(4.20284306717579E-16,0.237375820691694,
0.474751641383388,0.712127462075082,0.949517432257565),(-1.41494907899842E-5,
1.),.UNSPECIFIED.)
GEOMETRIC_REPRESENTATION_ITEM()
RATIONAL_B_SPLINE_SURFACE(((1.00000755247805,0.733118380096606,1.),(1.00000755246737,
0.733118757276636,1.),(1.00000755929782,0.732877389970972,1.),(1.00000758623503,
0.731925510870455,1.),(1.00000760635169,0.731214649205269,1.),(1.00000765886701,
0.729358917461248,1.),(1.00000769126408,0.728214103339973,1.),(1.00000776668821,
0.725548843865166,1.),(1.00000780970504,0.724028759752016,1.),(1.00000785693674,
0.722359735209076,1.)))
REPRESENTATION_ITEM('')
SURFACE()
);
#312=(
BOUNDED_SURFACE()
B_SPLINE_SURFACE(3,2,((#6605,#6606,#6607),(#6608,#6609,#6610),(#6611,#6612,
#6613),(#6614,#6615,#6616),(#6617,#6618,#6619),(#6620,#6621,#6622)),
 .UNSPECIFIED.,.F.,.F.,.F.)
B_SPLINE_SURFACE_WITH_KNOTS((4,2,4),(3,3),(-3.07842640268063E-12,0.391767348495433,
0.783534696993945),(0.771600477858318,1.),.UNSPECIFIED.)
GEOMETRIC_REPRESENTATION_ITEM()
RATIONAL_B_SPLINE_SURFACE(((0.907281886304996,0.939918315011704,1.),(0.907282988872383,
0.939919029479501,1.),(0.907015362272416,0.939745606440217,1.),(0.905984708303439,
0.93907773880758,1.),(0.905221787296727,0.938583363137395,1.),(0.904259904252076,
0.937960059321332,1.)))
REPRESENTATION_ITEM('')
SURFACE()
);
#313=(
BOUNDED_SURFACE()
B_SPLINE_SURFACE(3,2,((#6661,#6662,#6663),(#6664,#6665,#6666),(#6667,#6668,
#6669),(#6670,#6671,#6672),(#6673,#6674,#6675),(#6676,#6677,#6678)),
 .UNSPECIFIED.,.F.,.F.,.F.)
B_SPLINE_SURFACE_WITH_KNOTS((4,2,4),(3,3),(0.,0.391767348496973,0.783534696993946),
(0.771600477858336,1.),.UNSPECIFIED.)
GEOMETRIC_REPRESENTATION_ITEM()
RATIONAL_B_SPLINE_SURFACE(((0.907281886305001,0.939918315011709,1.),(0.907282988872544,
0.939919029479606,1.),(0.907015362272202,0.93974560644008,1.),(0.905984708303651,
0.939077738807719,1.),(0.905221787296568,0.938583363137294,1.),(0.90425990425208,
0.937960059321336,1.)))
REPRESENTATION_ITEM('')
SURFACE()
);
#314=(
BOUNDED_SURFACE()
B_SPLINE_SURFACE(3,2,((#6717,#6718,#6719),(#6720,#6721,#6722),(#6723,#6724,
#6725),(#6726,#6727,#6728),(#6729,#6730,#6731),(#6732,#6733,#6734),(#6735,
#6736,#6737),(#6738,#6739,#6740),(#6741,#6742,#6743),(#6744,#6745,#6746)),
 .UNSPECIFIED.,.F.,.F.,.F.)
B_SPLINE_SURFACE_WITH_KNOTS((4,2,2,2,4),(3,3),(0.,0.257496254770481,0.514992509540962,
0.772488764311443,1.02998501908192),(0.,1.),.UNSPECIFIED.)
GEOMETRIC_REPRESENTATION_ITEM()
RATIONAL_B_SPLINE_SURFACE(((1.,0.724860553203254,1.),(1.,0.724860923692034,
1.),(1.,0.724665775538656,1.),(1.,0.723898543692588,1.),(1.,0.723326127323756,
1.),(1.,0.721838763479053,1.),(1.,0.720923892151967,1.),(1.,0.718808323135277,
1.),(1.,0.717608002664261,1.),(1.,0.716301943424655,1.)))
REPRESENTATION_ITEM('')
SURFACE()
);
#315=(
BOUNDED_SURFACE()
B_SPLINE_SURFACE(3,2,((#6789,#6790,#6791),(#6792,#6793,#6794),(#6795,#6796,
#6797),(#6798,#6799,#6800)),.UNSPECIFIED.,.F.,.F.,.F.)
B_SPLINE_SURFACE_WITH_KNOTS((4,4),(3,3),(-1.77635683940025E-15,0.403725470630078),
(0.,0.199232637091056),.UNSPECIFIED.)
GEOMETRIC_REPRESENTATION_ITEM()
RATIONAL_B_SPLINE_SURFACE(((1.,0.946247144641832,0.913912935532028),(1.,
0.946247466021181,0.913913450232215),(1.,0.94612295045281,0.913714034225565),
(1.,0.945882632019184,0.913329155908858)))
REPRESENTATION_ITEM('')
SURFACE()
);
#316=(
BOUNDED_SURFACE()
B_SPLINE_SURFACE(3,2,((#6814,#6815,#6816),(#6817,#6818,#6819),(#6820,#6821,
#6822),(#6823,#6824,#6825),(#6826,#6827,#6828),(#6829,#6830,#6831)),
 .UNSPECIFIED.,.F.,.F.,.F.)
B_SPLINE_SURFACE_WITH_KNOTS((4,2,4),(3,3),(2.10142153358789E-16,0.269834742508296,
0.539669485016592),(0.,1.),.UNSPECIFIED.)
GEOMETRIC_REPRESENTATION_ITEM()
RATIONAL_B_SPLINE_SURFACE(((1.,0.724860553203254,1.),(1.,0.724860999685189,
1.),(1.,0.724646555991157,1.),(1.,0.723804887225912,1.),(1.,0.723177688198664,
1.),(1.,0.722363962059756,1.)))
REPRESENTATION_ITEM('')
SURFACE()
);
#317=(
BOUNDED_SURFACE()
B_SPLINE_SURFACE(3,2,((#6845,#6846,#6847),(#6848,#6849,#6850),(#6851,#6852,
#6853),(#6854,#6855,#6856),(#6857,#6858,#6859),(#6860,#6861,#6862)),
 .UNSPECIFIED.,.F.,.F.,.F.)
B_SPLINE_SURFACE_WITH_KNOTS((4,2,4),(3,3),(2.10142153358789E-16,0.329127591706499,
0.658255183412997),(0.,1.),.UNSPECIFIED.)
GEOMETRIC_REPRESENTATION_ITEM()
RATIONAL_B_SPLINE_SURFACE(((1.,0.741344093581527,1.),(1.,0.741345850844375,
1.),(1.,0.74073555237158,1.),(1.,0.73835774943882,1.),(1.,0.73659035063573,
1.),(1.,0.734322509435686,1.)))
REPRESENTATION_ITEM('')
SURFACE()
);
#318=(
BOUNDED_SURFACE()
B_SPLINE_SURFACE(3,2,((#6907,#6908,#6909),(#6910,#6911,#6912),(#6913,#6914,
#6915),(#6916,#6917,#6918),(#6919,#6920,#6921),(#6922,#6923,#6924)),
 .UNSPECIFIED.,.F.,.F.,.F.)
B_SPLINE_SURFACE_WITH_KNOTS((4,2,4),(3,3),(0.,0.4538756559297,0.907751311859401),
(0.,1.),.UNSPECIFIED.)
GEOMETRIC_REPRESENTATION_ITEM()
RATIONAL_B_SPLINE_SURFACE(((1.,0.741344093581526,1.),(1.,0.741350406908734,
1.),(1.,0.740178863381734,1.),(1.,0.735721128132616,1.),(1.,0.732435685785266,
1.),(1.,0.728370969882401,1.)))
REPRESENTATION_ITEM('')
SURFACE()
);
#319=(
BOUNDED_SURFACE()
B_SPLINE_SURFACE(3,2,((#6975,#6976,#6977),(#6978,#6979,#6980),(#6981,#6982,
#6983),(#6984,#6985,#6986)),.UNSPECIFIED.,.F.,.F.,.F.)
B_SPLINE_SURFACE_WITH_KNOTS((4,4),(3,3),(-4.44089209850063E-15,0.618630140986932),
(0.,1.),.UNSPECIFIED.)
GEOMETRIC_REPRESENTATION_ITEM()
RATIONAL_B_SPLINE_SURFACE(((1.,0.733122156282199,1.),(1.,0.733131901614792,
1.),(1.,0.731456323903834,1.),(1.,0.728370969882402,1.)))
REPRESENTATION_ITEM('')
SURFACE()
);
#320=(
BOUNDED_SURFACE()
B_SPLINE_SURFACE(3,2,((#6995,#6996,#6997),(#6998,#6999,#7000),(#7001,#7002,
#7003),(#7004,#7005,#7006),(#7007,#7008,#7009),(#7010,#7011,#7012)),
 .UNSPECIFIED.,.F.,.F.,.F.)
B_SPLINE_SURFACE_WITH_KNOTS((4,2,4),(3,3),(-0.00033475864193632,0.531294610987317,
1.06292398061656),(-0.000334758641921607,1.),.UNSPECIFIED.)
GEOMETRIC_REPRESENTATION_ITEM()
RATIONAL_B_SPLINE_SURFACE(((1.00017539263742,0.738031203001171,1.),(1.00017538412813,
0.738043912586255,1.),(1.00017636751265,0.736575116277067,1.),(1.00018003965913,
0.731090349013119,1.),(1.00018272711586,0.727076327567706,1.),(1.00018595044006,
0.722261927292813,0.999999999999999)))
REPRESENTATION_ITEM('')
SURFACE()
);
#321=(
BOUNDED_SURFACE()
B_SPLINE_SURFACE(3,2,((#7060,#7061,#7062),(#7063,#7064,#7065),(#7066,#7067,
#7068),(#7069,#7070,#7071),(#7072,#7073,#7074),(#7075,#7076,#7077)),
 .UNSPECIFIED.,.F.,.F.,.F.)
B_SPLINE_SURFACE_WITH_KNOTS((4,2,4),(3,3),(0.,0.391160114553346,0.782320229106693),
(0.,1.),.UNSPECIFIED.)
GEOMETRIC_REPRESENTATION_ITEM()
RATIONAL_B_SPLINE_SURFACE(((1.,0.745190568563824,1.),(1.,0.74519438788945,
1.),(1.,0.744234013055871,1.),(1.,0.740530413771254,1.),(1.,0.737787487488249,
1.),(1.,0.734322509435685,1.)))
REPRESENTATION_ITEM('')
SURFACE()
);
#322=(
BOUNDED_SURFACE()
B_SPLINE_SURFACE(3,2,((#7122,#7123,#7124),(#7125,#7126,#7127),(#7128,#7129,
#7130),(#7131,#7132,#7133),(#7134,#7135,#7136),(#7137,#7138,#7139)),
 .UNSPECIFIED.,.F.,.F.,.F.)
B_SPLINE_SURFACE_WITH_KNOTS((4,2,4),(3,3),(4.20284306717579E-16,0.391160114553348,
0.782320229106695),(0.,1.),.UNSPECIFIED.)
GEOMETRIC_REPRESENTATION_ITEM()
RATIONAL_B_SPLINE_SURFACE(((1.,0.745190568563822,1.),(1.,0.74519438788851,
1.),(1.,0.744234013057125,1.),(1.,0.740530413769996,1.),(1.,0.737787487489194,
1.),(1.,0.734322509435685,1.)))
REPRESENTATION_ITEM('')
SURFACE()
);
#323=(
BOUNDED_SURFACE()
B_SPLINE_SURFACE(3,2,((#7184,#7185,#7186),(#7187,#7188,#7189),(#7190,#7191,
#7192),(#7193,#7194,#7195)),.UNSPECIFIED.,.F.,.F.,.F.)
B_SPLINE_SURFACE_WITH_KNOTS((4,4),(3,3),(9.95986247690096E-16,0.314294246381038),
(0.,1.),.UNSPECIFIED.)
GEOMETRIC_REPRESENTATION_ITEM()
RATIONAL_B_SPLINE_SURFACE(((1.,0.735697082486733,1.),(1.,0.735697800019474,
1.),(1.,0.735232900611134,1.),(1.,0.734322509435684,1.)))
REPRESENTATION_ITEM('')
SURFACE()
);
#324=(
BOUNDED_SURFACE()
B_SPLINE_SURFACE(3,2,((#7204,#7205,#7206),(#7207,#7208,#7209),(#7210,#7211,
#7212),(#7213,#7214,#7215)),.UNSPECIFIED.,.F.,.F.,.F.)
B_SPLINE_SURFACE_WITH_KNOTS((4,4),(3,3),(5.74351582216299,6.28318530717959),
(0.,1.),.UNSPECIFIED.)
GEOMETRIC_REPRESENTATION_ITEM()
RATIONAL_B_SPLINE_SURFACE(((1.,0.722363962059756,1.),(1.,0.723994522365816,
1.),(1.,0.724864573538075,1.),(1.,0.724860553203253,1.)))
REPRESENTATION_ITEM('')
SURFACE()
);
#325=(
BOUNDED_SURFACE()
B_SPLINE_SURFACE(3,2,((#7224,#7225,#7226),(#7227,#7228,#7229),(#7230,#7231,
#7232),(#7233,#7234,#7235),(#7236,#7237,#7238),(#7239,#7240,#7241),(#7242,
#7243,#7244),(#7245,#7246,#7247),(#7248,#7249,#7250),(#7251,#7252,#7253)),
 .UNSPECIFIED.,.F.,.F.,.F.)
B_SPLINE_SURFACE_WITH_KNOTS((4,2,2,2,4),(3,3),(5.25318711280653,5.51069654286815,
5.76819279763863,6.02568905240911,6.28319848247073),(-1.31752911473869E-5,
1.),.UNSPECIFIED.)
GEOMETRIC_REPRESENTATION_ITEM()
RATIONAL_B_SPLINE_SURFACE(((1.00000747571276,0.716298005135602,0.999999999999999),
(1.00000744129484,0.71760415915618,1.),(1.00000740966347,0.718804564329809,
1.),(1.00000735391484,0.720920215141962,1.),(1.00000732980712,0.721835098694022,
1.),(1.00000729061371,0.723322481994684,1.),(1.00000727553,0.723894906011774,
1.),(1.00000725531221,0.72466216752253,1.),(1.00000725016987,0.724857318651867,
1.),(1.00000725018016,0.724856928102525,0.999999999999999)))
REPRESENTATION_ITEM('')
SURFACE()
);
#326=(
BOUNDED_SURFACE()
B_SPLINE_SURFACE(3,2,((#7274,#7275,#7276),(#7277,#7278,#7279),(#7280,#7281,
#7282),(#7283,#7284,#7285),(#7286,#7287,#7288),(#7289,#7290,#7291)),
 .UNSPECIFIED.,.F.,.F.,.F.)
B_SPLINE_SURFACE_WITH_KNOTS((4,2,4),(3,3),(9.2292161948117E-17,0.391767348496924,
0.783534696993848),(0.,1.),.UNSPECIFIED.)
GEOMETRIC_REPRESENTATION_ITEM()
RATIONAL_B_SPLINE_SURFACE(((1.,0.736944786815158,1.),(1.,0.73694791496452,
1.),(1.,0.736188618107339,1.),(1.,0.733264498011517,1.),(1.,0.731099976537895,
1.),(1.,0.7283709698824,1.)))
REPRESENTATION_ITEM('')
SURFACE()
);
#327=(
BOUNDED_SURFACE()
B_SPLINE_SURFACE(3,2,((#7336,#7337,#7338),(#7339,#7340,#7341),(#7342,#7343,
#7344),(#7345,#7346,#7347),(#7348,#7349,#7350),(#7351,#7352,#7353)),
 .UNSPECIFIED.,.F.,.F.,.F.)
B_SPLINE_SURFACE_WITH_KNOTS((4,2,4),(3,3),(5.49960771091201,5.89141795868266,
6.28322820645332),(0.,1.00004289927373),.UNSPECIFIED.)
GEOMETRIC_REPRESENTATION_ITEM()
RATIONAL_B_SPLINE_SURFACE(((1.,0.728358420641212,1.00002330645294),(1.,
0.731087966755935,1.00002307226185),(1.,0.733252895278741,1.00002288651412),
(1.,0.736177460764119,1.00002263559065),(1.,0.736936796607749,1.00002257044074),
(1.,0.736933500882444,1.00002257072351)))
REPRESENTATION_ITEM('')
SURFACE()
);
#328=(
BOUNDED_SURFACE()
B_SPLINE_SURFACE(3,2,((#7392,#7393,#7394),(#7395,#7396,#7397),(#7398,#7399,
#7400),(#7401,#7402,#7403),(#7404,#7405,#7406),(#7407,#7408,#7409)),
 .UNSPECIFIED.,.F.,.F.,.F.)
B_SPLINE_SURFACE_WITH_KNOTS((4,2,4),(3,3),(5.499607710912,5.89141795868266,
6.28322820645332),(0.,1.00004289927373),.UNSPECIFIED.)
GEOMETRIC_REPRESENTATION_ITEM()
RATIONAL_B_SPLINE_SURFACE(((1.,0.728358420641211,1.00002330645294),(1.,
0.731087966755934,1.00002307226185),(1.,0.73325289527874,1.00002288651413),
(1.,0.736177460764118,1.00002263559066),(1.,0.736936796607749,1.00002257044074),
(1.,0.736933500882442,1.00002257072351)))
REPRESENTATION_ITEM('')
SURFACE()
);
#329=(
BOUNDED_SURFACE()
B_SPLINE_SURFACE(3,2,((#7448,#7449,#7450),(#7451,#7452,#7453),(#7454,#7455,
#7456),(#7457,#7458,#7459),(#7460,#7461,#7462),(#7463,#7464,#7465)),
 .UNSPECIFIED.,.F.,.F.,.F.)
B_SPLINE_SURFACE_WITH_KNOTS((4,2,4),(3,3),(1.84584323896234E-16,0.391767348496925,
0.783534696993849),(0.,1.),.UNSPECIFIED.)
GEOMETRIC_REPRESENTATION_ITEM()
RATIONAL_B_SPLINE_SURFACE(((1.,0.736944786815158,1.),(1.,0.73694791496452,
1.),(1.,0.736188618107339,1.),(1.,0.733264498011517,1.),(1.,0.731099976537896,
1.),(1.,0.7283709698824,1.)))
REPRESENTATION_ITEM('')
SURFACE()
);
#330=(
BOUNDED_SURFACE()
B_SPLINE_SURFACE(3,1,((#7510,#7511),(#7512,#7513),(#7514,#7515),(#7516,
#7517)),.UNSPECIFIED.,.F.,.F.,.F.)
B_SPLINE_SURFACE_WITH_KNOTS((4,4),(2,2),(0.,1.),(0.,0.343294432622186),
 .UNSPECIFIED.)
GEOMETRIC_REPRESENTATION_ITEM()
RATIONAL_B_SPLINE_SURFACE(((1.,1.),(0.949490460198111,0.949490460198111),
(0.949490460198111,0.949490460198111),(1.,1.)))
REPRESENTATION_ITEM('')
SURFACE()
);
#331=(
BOUNDED_SURFACE()
B_SPLINE_SURFACE(3,1,((#7523,#7524),(#7525,#7526),(#7527,#7528),(#7529,
#7530)),.UNSPECIFIED.,.F.,.F.,.F.)
B_SPLINE_SURFACE_WITH_KNOTS((4,4),(2,2),(0.,1.),(0.,0.343294432622184),
 .UNSPECIFIED.)
GEOMETRIC_REPRESENTATION_ITEM()
RATIONAL_B_SPLINE_SURFACE(((1.,1.),(0.949490460198112,0.949490460198112),
(0.949490460198112,0.949490460198112),(1.,1.)))
REPRESENTATION_ITEM('')
SURFACE()
);
#332=(
BOUNDED_SURFACE()
B_SPLINE_SURFACE(3,2,((#7545,#7546,#7547),(#7548,#7549,#7550),(#7551,#7552,
#7553),(#7554,#7555,#7556),(#7557,#7558,#7559),(#7560,#7561,#7562)),
 .UNSPECIFIED.,.F.,.F.,.F.)
B_SPLINE_SURFACE_WITH_KNOTS((4,2,4),(3,3),(5.49965061018574,5.89141795868266,
6.28318530717959),(0.,1.),.UNSPECIFIED.)
GEOMETRIC_REPRESENTATION_ITEM()
RATIONAL_B_SPLINE_SURFACE(((1.,0.728370969882401,1.),(1.,0.731099976537842,
1.),(1.,0.733264498011588,1.),(1.,0.736188618107269,1.),(1.,0.736947914964571,
1.),(1.,0.736944786815159,1.)))
REPRESENTATION_ITEM('')
SURFACE()
);
#333=(
BOUNDED_SURFACE()
B_SPLINE_SURFACE(3,2,((#7607,#7608,#7609),(#7610,#7611,#7612),(#7613,#7614,
#7615),(#7616,#7617,#7618),(#7619,#7620,#7621),(#7622,#7623,#7624)),
 .UNSPECIFIED.,.F.,.F.,.F.)
B_SPLINE_SURFACE_WITH_KNOTS((4,2,4),(3,3),(5.49965061018574,5.89141795868266,
6.28318530717959),(0.,1.),.UNSPECIFIED.)
GEOMETRIC_REPRESENTATION_ITEM()
RATIONAL_B_SPLINE_SURFACE(((1.,0.728370969882401,1.),(1.,0.731099976537791,
1.),(1.,0.733264498011655,1.),(1.,0.7361886181072,1.),(1.,0.736947914964624,
1.),(1.,0.736944786815159,1.)))
REPRESENTATION_ITEM('')
SURFACE()
);
#334=(
BOUNDED_SURFACE()
B_SPLINE_SURFACE(3,2,((#7669,#7670,#7671),(#7672,#7673,#7674),(#7675,#7676,
#7677),(#7678,#7679,#7680)),.UNSPECIFIED.,.F.,.F.,.F.)
B_SPLINE_SURFACE_WITH_KNOTS((4,4),(3,3),(9.3907274782209E-16,0.539669485016593),
(0.,1.),.UNSPECIFIED.)
GEOMETRIC_REPRESENTATION_ITEM()
RATIONAL_B_SPLINE_SURFACE(((1.,0.724860553203254,1.),(1.,0.724864573538074,
1.),(1.,0.723994522365818,1.),(1.,0.722363962059757,1.)))
REPRESENTATION_ITEM('')
SURFACE()
);
#335=(
BOUNDED_SURFACE()
B_SPLINE_SURFACE(3,2,((#7689,#7690,#7691),(#7692,#7693,#7694),(#7695,#7696,
#7697),(#7698,#7699,#7700),(#7701,#7702,#7703),(#7704,#7705,#7706)),
 .UNSPECIFIED.,.F.,.F.,.F.)
B_SPLINE_SURFACE_WITH_KNOTS((4,2,4),(3,3),(-0.000100481753692705,0.514992509540956,
1.0300855008356),(0.,1.00010048175369),.UNSPECIFIED.)
GEOMETRIC_REPRESENTATION_ITEM()
RATIONAL_B_SPLINE_SURFACE(((1.,0.724832903215585,1.00005529854489),(1.,
0.724839029392991,1.00005529731375),(1.,0.724042373389436,1.00005545741253),
(1.,0.721066766608589,1.00005605540091),(1.,0.718889084172852,1.00005649303561),
(1.,0.716271905358292,1.00005701899304)))
REPRESENTATION_ITEM('')
SURFACE()
);
#336=(
BOUNDED_SURFACE()
B_SPLINE_SURFACE(3,2,((#7754,#7755,#7756),(#7757,#7758,#7759),(#7760,#7761,
#7762),(#7763,#7764,#7765),(#7766,#7767,#7768),(#7769,#7770,#7771)),
 .UNSPECIFIED.,.F.,.F.,.F.)
B_SPLINE_SURFACE_WITH_KNOTS((4,2,4),(3,3),(-6.23958142737061E-5,0.391767348496925,
0.783597092808119),(0.,1.00006239581428),.UNSPECIFIED.)
GEOMETRIC_REPRESENTATION_ITEM()
RATIONAL_B_SPLINE_SURFACE(((0.999999999999999,0.736928371718131,1.00003282913692),
(1.,0.73693174357443,1.00003282871614),(1.,0.736172390122775,1.00003292347709),
(1.,0.733247622091251,1.00003328846366),(1.,0.731082508666162,1.00003355865169),
(1.,0.728352717317243,1.0000338993068)))
REPRESENTATION_ITEM('')
SURFACE()
);
#337=(
BOUNDED_SURFACE()
B_SPLINE_SURFACE(3,2,((#7807,#7808,#7809),(#7810,#7811,#7812),(#7813,#7814,
#7815),(#7816,#7817,#7818),(#7819,#7820,#7821),(#7822,#7823,#7824)),
 .UNSPECIFIED.,.F.,.F.,.F.)
B_SPLINE_SURFACE_WITH_KNOTS((4,2,4),(3,3),(-6.23958142719205E-5,0.391767348496925,
0.783597092808122),(0.,1.00006239581427),.UNSPECIFIED.)
GEOMETRIC_REPRESENTATION_ITEM()
RATIONAL_B_SPLINE_SURFACE(((1.,0.736928371718132,1.00003282913692),(1.,
0.736931743574431,1.00003282871614),(1.,0.736172390122776,1.00003292347709),
(1.,0.733247622091251,1.00003328846366),(1.,0.731082508666163,1.00003355865169),
(1.,0.728352717317244,1.0000338993068)))
REPRESENTATION_ITEM('')
SURFACE()
);
#338=(
BOUNDED_SURFACE()
B_SPLINE_SURFACE(3,2,((#8614,#8615,#8616),(#8617,#8618,#8619),(#8620,#8621,
#8622),(#8623,#8624,#8625),(#8626,#8627,#8628),(#8629,#8630,#8631)),
 .UNSPECIFIED.,.F.,.F.,.F.)
B_SPLINE_SURFACE_WITH_KNOTS((4,2,4),(3,3),(5.49958821437147,5.89141795868266,
6.28324770299385),(0.,1.00006239581427),.UNSPECIFIED.)
GEOMETRIC_REPRESENTATION_ITEM()
RATIONAL_B_SPLINE_SURFACE(((1.,0.728352717317245,1.00003389930679),(1.,
0.731082508666164,1.00003355865168),(1.,0.733247622091253,1.00003328846365),
(1.,0.736172390122777,1.00003292347709),(1.,0.736931743574433,1.00003282871613),
(1.,0.736928371718133,1.00003282913691)))
REPRESENTATION_ITEM('')
SURFACE()
);
#339=(
BOUNDED_SURFACE()
B_SPLINE_SURFACE(3,2,((#8633,#8634,#8635),(#8636,#8637,#8638),(#8639,#8640,
#8641),(#8642,#8643,#8644)),.UNSPECIFIED.,.F.,.F.,.F.)
B_SPLINE_SURFACE_WITH_KNOTS((4,4),(3,3),(0.,0.464665332347178),(0.,1.),
 .UNSPECIFIED.)
GEOMETRIC_REPRESENTATION_ITEM()
RATIONAL_B_SPLINE_SURFACE(((1.,0.7283709698824,1.),(1.,0.72837358891067,
1.),(1.,0.727607304809962,1.),(1.,0.726145873720472,1.)))
REPRESENTATION_ITEM('')
SURFACE()
);
#340=(
BOUNDED_SURFACE()
B_SPLINE_SURFACE(3,2,((#8648,#8649,#8650),(#8651,#8652,#8653),(#8654,#8655,
#8656),(#8657,#8658,#8659),(#8660,#8661,#8662),(#8663,#8664,#8665),(#8666,
#8667,#8668),(#8669,#8670,#8671),(#8672,#8673,#8674),(#8675,#8676,#8677),
(#8678,#8679,#8680),(#8681,#8682,#8683),(#8684,#8685,#8686),(#8687,#8688,
#8689),(#8690,#8691,#8692),(#8693,#8694,#8695)),.UNSPECIFIED.,.F.,.F.,.F.)
B_SPLINE_SURFACE_WITH_KNOTS((4,2,2,2,2,2,2,4),(3,3),(-5.50145382852121E-5,
0.000364073265073296,0.000546109897609948,0.000728146530146599,0.0010922197952199,
0.0014562930602932,0.00218443959043981,0.00291258612058641),(-5.50145382852057E-5,
1.),.UNSPECIFIED.)
GEOMETRIC_REPRESENTATION_ITEM()
RATIONAL_B_SPLINE_SURFACE(((1.00003082286981,0.719866141074483,1.),(1.00002911281258,
0.735408007744563,1.),(1.00002708744979,0.753815531006766,1.),(1.00002401752733,
0.781716541842768,1.),(1.00002306575994,0.790366686141802,1.),(1.00002114377222,
0.807834684408785,1.),(1.00002016891858,0.816694648252718,1.),(1.00001730411128,
0.842731468611378,1.),(1.00001546300322,0.859464391576331,1.),(1.00001201126321,
0.890835553801357,1.),(1.00001039303795,0.905542804965,1.),(1.00000601655172,
0.945318529332854,1.),(1.00000379075115,0.965547732752216,1.),(1.00000077719677,
0.99293644195264,1.),(0.999999994395294,1.00005093840321,1.),(1.,1.,1.)))
REPRESENTATION_ITEM('')
SURFACE()
);
#341=(
BOUNDED_SURFACE()
B_SPLINE_SURFACE(3,2,((#8789,#8790,#8791),(#8792,#8793,#8794),(#8795,#8796,
#8797),(#8798,#8799,#8800),(#8801,#8802,#8803),(#8804,#8805,#8806),(#8807,
#8808,#8809),(#8810,#8811,#8812),(#8813,#8814,#8815),(#8816,#8817,#8818),
(#8819,#8820,#8821),(#8822,#8823,#8824),(#8825,#8826,#8827),(#8828,#8829,
#8830),(#8831,#8832,#8833),(#8834,#8835,#8836)),.UNSPECIFIED.,.F.,.F.,.F.)
B_SPLINE_SURFACE_WITH_KNOTS((4,2,2,2,2,2,2,4),(3,3),(-5.50145383233243E-5,
0.000364073265073296,0.000546109897609948,0.000728146530146599,0.0010922197952199,
0.0014562930602932,0.00218443959043981,0.00291258612058641),(0.,1.00005501453832),
 .UNSPECIFIED.)
GEOMETRIC_REPRESENTATION_ITEM()
RATIONAL_B_SPLINE_SURFACE(((1.,0.719866141070233,1.00003082286984),(1.,
0.735408007741203,1.0000291128126),(1.,0.753815531004988,1.00002708744981),
(1.,0.78171654184276,1.00002401752735),(1.,0.790366686141766,1.00002306575996),
(1.,0.807834684408804,1.00002114377224),(1.,0.816694648252782,1.0000201689186),
(1.,0.842731468611228,1.00001730411129),(1.,0.85946439157633,1.00001546300323),
(1.,0.890835553801344,1.00001201126322),(1.,0.90554280496488,1.00001039303795),
(1.,0.945318529333084,1.00000601655173),(1.,0.965547732752241,1.00000379075115),
(1.,0.992936441952612,1.00000077719677),(1.,1.00005093840323,0.999999994395295),
(1.,1.,1.)))
REPRESENTATION_ITEM('')
SURFACE()
);
#342=(
BOUNDED_SURFACE()
B_SPLINE_SURFACE(3,2,((#8838,#8839,#8840),(#8841,#8842,#8843),(#8844,#8845,
#8846),(#8847,#8848,#8849),(#8850,#8851,#8852),(#8853,#8854,#8855)),
 .UNSPECIFIED.,.F.,.F.,.F.)
B_SPLINE_SURFACE_WITH_KNOTS((4,2,4),(3,3),(5.49958821437146,5.89141795868266,
6.28324770299386),(0.,1.00006239581427),.UNSPECIFIED.)
GEOMETRIC_REPRESENTATION_ITEM()
RATIONAL_B_SPLINE_SURFACE(((0.999999999999999,0.728352717317243,1.0000338993068),
(1.,0.731082508666163,1.00003355865169),(1.,0.733247622091251,1.00003328846366),
(1.,0.736172390122776,1.00003292347709),(1.,0.736931743574431,1.00003282871614),
(1.,0.736928371718132,1.00003282913692)))
REPRESENTATION_ITEM('')
SURFACE()
);
#343=(
BOUNDED_SURFACE()
B_SPLINE_SURFACE(3,2,((#8857,#8858,#8859),(#8860,#8861,#8862),(#8863,#8864,
#8865),(#8866,#8867,#8868)),.UNSPECIFIED.,.F.,.F.,.F.)
B_SPLINE_SURFACE_WITH_KNOTS((4,4),(3,3),(2.67691879001666,3.14160118481575),
(-8.53122596031746E-6,1.),.UNSPECIFIED.)
GEOMETRIC_REPRESENTATION_ITEM()
RATIONAL_B_SPLINE_SURFACE(((1.0000046726641,0.726143456912305,0.999999999999999),
(1.00000464772694,0.727604979660457,1.),(1.00000463465164,0.728371299790844,
1.),(1.00000463469681,0.728368652408733,1.)))
REPRESENTATION_ITEM('')
SURFACE()
);
#344=(
BOUNDED_SURFACE()
B_SPLINE_SURFACE(3,2,((#8919,#8920,#8921),(#8922,#8923,#8924),(#8925,#8926,
#8927),(#8928,#8929,#8930)),.UNSPECIFIED.,.F.,.F.,.F.)
B_SPLINE_SURFACE_WITH_KNOTS((4,4),(3,3),(5.74351582216299,6.28318530717959),
(0.,1.),.UNSPECIFIED.)
GEOMETRIC_REPRESENTATION_ITEM()
RATIONAL_B_SPLINE_SURFACE(((1.,0.722363962059756,1.),(1.,0.723994522365817,
1.),(1.,0.724864573538073,1.),(1.,0.724860553203253,1.)))
REPRESENTATION_ITEM('')
SURFACE()
);
#345=(
BOUNDED_SURFACE()
B_SPLINE_SURFACE(3,2,((#8932,#8933,#8934),(#8935,#8936,#8937),(#8938,#8939,
#8940),(#8941,#8942,#8943),(#8944,#8945,#8946),(#8947,#8948,#8949)),
 .UNSPECIFIED.,.F.,.F.,.F.)
B_SPLINE_SURFACE_WITH_KNOTS((4,2,4),(3,3),(5.253099806344,5.76819279763863,
6.28328578893327),(0.,1.00010048175368),.UNSPECIFIED.)
GEOMETRIC_REPRESENTATION_ITEM()
RATIONAL_B_SPLINE_SURFACE(((1.,0.716271905358296,1.00005701899304),(1.,
0.718889084172808,1.0000564930356),(1.,0.721066766608653,1.0000560554009),
(1.,0.724042373389379,1.00005545741253),(1.,0.724839029393038,1.00005529731374),
(1.,0.724832903215588,1.00005529854488)))
REPRESENTATION_ITEM('')
SURFACE()
);
#346=(
BOUNDED_SURFACE()
B_SPLINE_SURFACE(3,2,((#8992,#8993,#8994),(#8995,#8996,#8997),(#8998,#8999,
#9000),(#9001,#9002,#9003),(#9004,#9005,#9006),(#9007,#9008,#9009),(#9010,
#9011,#9012),(#9013,#9014,#9015),(#9016,#9017,#9018),(#9019,#9020,#9021),
(#9022,#9023,#9024),(#9025,#9026,#9027),(#9028,#9029,#9030),(#9031,#9032,
#9033),(#9034,#9035,#9036),(#9037,#9038,#9039)),.UNSPECIFIED.,.F.,.F.,.F.)
B_SPLINE_SURFACE_WITH_KNOTS((4,2,2,2,2,2,2,4),(3,3),(-5.50455402830914E-5,
0.000366163141833978,0.000549244712750967,0.000732326283667956,0.00109848942550193,
0.00146465256733591,0.00219697885100387,0.00292930513467182),(0.,1.00005504554028),
 .UNSPECIFIED.)
GEOMETRIC_REPRESENTATION_ITEM()
RATIONAL_B_SPLINE_SURFACE(((1.,0.714378272711793,1.00003144440459),(1.,
0.730253201953454,1.00002969671648),(1.,0.749105638559496,1.00002762123136),
(1.,0.77766734751582,1.00002447684196),(1.,0.786524584482355,1.00002350173917),
(1.,0.804402557401845,1.00002153353381),(1.,0.813464426638004,1.00002053590284),
(1.,0.840066958203171,1.00001760720139),(1.,0.857142145508021,1.00001572737557),
(1.,0.889121206165395,1.00001220676622),(1.,0.904099973380176,1.00001055773756),
(1.,0.944538464608306,1.00000610582036),(1.,0.965066645080289,1.00000384585079),
(1.,0.992845529177905,1.00000078764342),(1.,1.00005016965598,0.999999994476768),
(1.,1.,1.)))
REPRESENTATION_ITEM('')
SURFACE()
);
#347=(
BOUNDED_SURFACE()
B_SPLINE_SURFACE(3,2,((#9054,#9055,#9056),(#9057,#9058,#9059),(#9060,#9061,
#9062),(#9063,#9064,#9065)),.UNSPECIFIED.,.F.,.F.,.F.)
B_SPLINE_SURFACE_WITH_KNOTS((4,4),(3,3),(2.67754229229218,3.14159265358979),
(0.,1.),.UNSPECIFIED.)
GEOMETRIC_REPRESENTATION_ITEM()
RATIONAL_B_SPLINE_SURFACE(((1.,0.720765740857422,1.),(1.,0.721815089119623,
1.),(1.,0.722365883670712,1.),(1.,0.722363962059755,1.)))
REPRESENTATION_ITEM('')
SURFACE()
);
#348=(
BOUNDED_SURFACE()
B_SPLINE_SURFACE(3,2,((#9067,#9068,#9069),(#9070,#9071,#9072),(#9073,#9074,
#9075),(#9076,#9077,#9078)),.UNSPECIFIED.,.F.,.F.,.F.)
B_SPLINE_SURFACE_WITH_KNOTS((4,4),(3,3),(0.,0.464050361297616),(0.,1.),
 .UNSPECIFIED.)
GEOMETRIC_REPRESENTATION_ITEM()
RATIONAL_B_SPLINE_SURFACE(((1.,0.722363962059755,1.),(1.,0.72236588367071,
1.),(1.,0.721815089119625,1.),(1.,0.720765740857422,1.)))
REPRESENTATION_ITEM('')
SURFACE()
);
#349=(
BOUNDED_SURFACE()
B_SPLINE_SURFACE(3,2,((#9082,#9083,#9084),(#9085,#9086,#9087),(#9088,#9089,
#9090),(#9091,#9092,#9093),(#9094,#9095,#9096),(#9097,#9098,#9099),(#9100,
#9101,#9102),(#9103,#9104,#9105),(#9106,#9107,#9108),(#9109,#9110,#9111),
(#9112,#9113,#9114),(#9115,#9116,#9117),(#9118,#9119,#9120),(#9121,#9122,
#9123),(#9124,#9125,#9126),(#9127,#9128,#9129)),.UNSPECIFIED.,.F.,.F.,.F.)
B_SPLINE_SURFACE_WITH_KNOTS((4,2,2,2,2,2,2,4),(3,3),(-5.50459803309228E-5,
0.000366163141833978,0.000549244712750967,0.000732326283667956,0.00109848942550193,
0.00146465256733591,0.00219697885100387,0.00292930513467182),(-5.50459803309228E-5,
1.),.UNSPECIFIED.)
GEOMETRIC_REPRESENTATION_ITEM()
RATIONAL_B_SPLINE_SURFACE(((1.00003144466146,0.714378222831249,1.),(1.00002969695823,
0.730253162443486,1.),(1.00002762145447,0.749105617650286,1.),(1.00002447703764,
0.777667347417987,1.),(1.00002350192706,0.786524584388447,1.),(1.00002153370597,
0.804402557315749,1.),(1.00002053606701,0.813464426555924,1.),(1.00001760734215,
0.840066958132796,1.),(1.0000157275013,0.85714214544516,1.),(1.00001220686381,
0.889121206116606,1.),(1.00001055782196,0.904099973337979,1.),(1.00000610586918,
0.944538464583902,1.),(1.00000384588154,0.965066645064918,1.),(1.00000078764972,
0.992845529174757,1.),(0.999999994476724,1.000050169656,1.),(1.,1.,1.)))
REPRESENTATION_ITEM('')
SURFACE()
);
#350=(
BOUNDED_SURFACE()
B_SPLINE_SURFACE(3,2,((#9383,#9384,#9385),(#9386,#9387,#9388),(#9389,#9390,
#9391),(#9392,#9393,#9394),(#9395,#9396,#9397),(#9398,#9399,#9400),(#9401,
#9402,#9403),(#9404,#9405,#9406),(#9407,#9408,#9409),(#9410,#9411,#9412)),
 .UNSPECIFIED.,.F.,.F.,.F.)
B_SPLINE_SURFACE_WITH_KNOTS((4,2,2,2,4),(3,3),(4.79092879672445,5.16399292433823,
5.53705705195202,5.9101211795658,6.28318530717959),(0.,1.),
 .UNSPECIFIED.)
GEOMETRIC_REPRESENTATION_ITEM()
RATIONAL_B_SPLINE_SURFACE(((1.,0.708315726808634,1.),(1.,0.710224835497796,
1.),(1.,0.712095942987344,1.),(1.,0.715514580733143,1.),(1.,0.717060659686798,
1.),(1.,0.719623507407807,1.),(1.,0.720639637847487,1.),(1.,0.722010025071152,
1.),(1.,0.722365371022337,1.),(1.,0.722363962059756,1.)))
REPRESENTATION_ITEM('')
SURFACE()
);
#351=(
BOUNDED_SURFACE()
B_SPLINE_SURFACE(3,2,((#9414,#9415,#9416),(#9417,#9418,#9419),(#9420,#9421,
#9422),(#9423,#9424,#9425),(#9426,#9427,#9428),(#9429,#9430,#9431),(#9432,
#9433,#9434),(#9435,#9436,#9437),(#9438,#9439,#9440),(#9441,#9442,#9443)),
 .UNSPECIFIED.,.F.,.F.,.F.)
B_SPLINE_SURFACE_WITH_KNOTS((4,2,2,2,4),(3,3),(3.12299675685186,3.49606088446565,
3.86912501207944,4.24218913969322,4.61525326730701),(0.,1.),
 .UNSPECIFIED.)
GEOMETRIC_REPRESENTATION_ITEM()
RATIONAL_B_SPLINE_SURFACE(((1.,0.951014796201482,1.),(1.,0.951513666840158,
1.),(1.,0.947046832608312,1.),(1.,0.928428419328602,1.),(1.,0.914268956735933,
1.),(1.,0.876917335649191,1.),(1.,0.853722703258621,1.),(1.,0.799473174261169,
1.),(1.,0.768423299475191,1.),(1.,0.734322509435686,1.)))
REPRESENTATION_ITEM('')
SURFACE()
);
#352=(
BOUNDED_SURFACE()
B_SPLINE_SURFACE(3,2,((#9445,#9446,#9447),(#9448,#9449,#9450),(#9451,#9452,
#9453),(#9454,#9455,#9456),(#9457,#9458,#9459),(#9460,#9461,#9462),(#9463,
#9464,#9465),(#9466,#9467,#9468),(#9469,#9470,#9471),(#9472,#9473,#9474)),
 .UNSPECIFIED.,.F.,.F.,.F.)
B_SPLINE_SURFACE_WITH_KNOTS((4,2,2,2,4),(3,3),(4.78630227049219,5.15936639810598,
5.53243052571976,5.90549465333355,6.27855878094734),(0.,1.),
 .UNSPECIFIED.)
GEOMETRIC_REPRESENTATION_ITEM()
RATIONAL_B_SPLINE_SURFACE(((1.,0.722363962059755,1.),(1.,0.747728964661667,
1.),(1.,0.771347182162931,1.),(1.,0.813150713317111,1.),(1.,0.831329977575309,
1.),(1.,0.860940821822353,1.),(1.,0.872375763700645,1.),(1.,0.8877654084285,
1.),(1.,0.891728923456779,1.),(1.,0.891816698239467,1.)))
REPRESENTATION_ITEM('')
SURFACE()
);
#353=(
BOUNDED_SURFACE()
B_SPLINE_SURFACE(3,2,((#9482,#9483,#9484),(#9485,#9486,#9487),(#9488,#9489,
#9490),(#9491,#9492,#9493),(#9494,#9495,#9496),(#9497,#9498,#9499),(#9500,
#9501,#9502),(#9503,#9504,#9505),(#9506,#9507,#9508),(#9509,#9510,#9511)),
 .UNSPECIFIED.,.F.,.F.,.F.)
B_SPLINE_SURFACE_WITH_KNOTS((4,2,2,2,4),(3,3),(3.14159265358979,3.51465678120358,
3.88772090881737,4.26078503643117,4.63384916404496),(0.,1.),
 .UNSPECIFIED.)
GEOMETRIC_REPRESENTATION_ITEM()
RATIONAL_B_SPLINE_SURFACE(((1.,0.722363962059756,1.),(1.,0.722365371022432,
1.),(1.,0.722010025071025,1.),(1.,0.720639637847614,1.),(1.,0.719623507407607,
1.),(1.,0.717060659686999,1.),(1.,0.715514580733013,1.),(1.,0.712095942987474,
1.),(1.,0.710224835497698,1.),(1.,0.708315726808634,1.)))
REPRESENTATION_ITEM('')
SURFACE()
);
#354=(
BOUNDED_SURFACE()
B_SPLINE_SURFACE(3,2,((#9520,#9521,#9522),(#9523,#9524,#9525),(#9526,#9527,
#9528),(#9529,#9530,#9531),(#9532,#9533,#9534),(#9535,#9536,#9537),(#9538,
#9539,#9540),(#9541,#9542,#9543),(#9544,#9545,#9546),(#9547,#9548,#9549)),
 .UNSPECIFIED.,.F.,.F.,.F.)
B_SPLINE_SURFACE_WITH_KNOTS((4,2,2,2,4),(3,3),(3.14621917982204,3.51928330743583,
3.89234743504962,4.26541156266341,4.63847569027719),(0.,1.),
 .UNSPECIFIED.)
GEOMETRIC_REPRESENTATION_ITEM()
RATIONAL_B_SPLINE_SURFACE(((1.,0.891816698239467,1.),(1.,0.891728923456779,
1.),(1.,0.8877654084285,1.),(1.,0.872375763700645,1.),(1.,0.860940821822351,
1.),(1.,0.831329977575312,1.),(1.,0.813150713316657,1.),(1.,0.771347182163385,
1.),(1.,0.747728964661328,1.),(1.,0.722363962059756,1.)))
REPRESENTATION_ITEM('')
SURFACE()
);
#355=(
BOUNDED_SURFACE()
B_SPLINE_SURFACE(3,2,((#9551,#9552,#9553),(#9554,#9555,#9556),(#9557,#9558,
#9559),(#9560,#9561,#9562),(#9563,#9564,#9565),(#9566,#9567,#9568),(#9569,
#9570,#9571),(#9572,#9573,#9574),(#9575,#9576,#9577),(#9578,#9579,#9580)),
 .UNSPECIFIED.,.F.,.F.,.F.)
B_SPLINE_SURFACE_WITH_KNOTS((4,2,2,2,4),(3,3),(4.78797155459216,5.16103568220595,
5.53409980981974,5.90716393743353,6.28022806504731),(0.,1.),
 .UNSPECIFIED.)
GEOMETRIC_REPRESENTATION_ITEM()
RATIONAL_B_SPLINE_SURFACE(((1.,0.7283709698824,1.),(1.,0.762792605395814,
1.),(1.,0.794230620362253,1.),(1.,0.849347016434902,1.),(1.,0.873020487421706,
1.),(1.,0.911387917997342,1.),(1.,0.926084513714657,1.),(1.,0.945807747449626,
1.),(1.,0.950842344792949,1.),(1.,0.950913390503083,1.)))
REPRESENTATION_ITEM('')
SURFACE()
);
#356=(
BOUNDED_SURFACE()
B_SPLINE_SURFACE(3,2,((#9590,#9591,#9592),(#9593,#9594,#9595),(#9596,#9597,
#9598),(#9599,#9600,#9601),(#9602,#9603,#9604),(#9605,#9606,#9607),(#9608,
#9609,#9610),(#9611,#9612,#9613),(#9614,#9615,#9616),(#9617,#9618,#9619)),
 .UNSPECIFIED.,.F.,.F.,.F.)
B_SPLINE_SURFACE_WITH_KNOTS((4,2,2,2,4),(3,3),(4.77347550420449,5.15090295494826,
5.52833040569204,5.90575785643581,6.28318530717959),(0.,1.),
 .UNSPECIFIED.)
GEOMETRIC_REPRESENTATION_ITEM()
RATIONAL_B_SPLINE_SURFACE(((1.,0.708047632541081,1.),(1.,0.709982156633592,
1.),(1.,0.711884162513725,1.),(1.,0.71536532686138,1.),(1.,0.716942965008366,
1.),(1.,0.719560495120406,1.),(1.,0.720599702775753,1.),(1.,0.722001607699464,
1.),(1.,0.72236543759771,1.),(1.,0.722363962059756,1.)))
REPRESENTATION_ITEM('')
SURFACE()
);
#357=(
BOUNDED_SURFACE()
B_SPLINE_SURFACE(3,2,((#9623,#9624,#9625),(#9626,#9627,#9628),(#9629,#9630,
#9631),(#9632,#9633,#9634),(#9635,#9636,#9637),(#9638,#9639,#9640),(#9641,
#9642,#9643),(#9644,#9645,#9646),(#9647,#9648,#9649),(#9650,#9651,#9652)),
 .UNSPECIFIED.,.F.,.F.,.F.)
B_SPLINE_SURFACE_WITH_KNOTS((4,2,2,2,4),(3,3),(3.14159265358979,3.51902010433357,
3.89644755507734,4.27387500582111,4.65130245656489),(0.,1.),
 .UNSPECIFIED.)
GEOMETRIC_REPRESENTATION_ITEM()
RATIONAL_B_SPLINE_SURFACE(((1.,0.722363962059756,1.),(1.,0.722365437597562,
1.),(1.,0.722001607699661,1.),(1.,0.720599702775556,1.),(1.,0.719560495120335,
1.),(1.,0.716942965008436,1.),(1.,0.71536532686138,1.),(1.,0.711884162513725,
1.),(1.,0.709982156633592,1.),(1.,0.708047632541081,1.)))
REPRESENTATION_ITEM('')
SURFACE()
);
#358=(
BOUNDED_SURFACE()
B_SPLINE_SURFACE(3,2,((#9657,#9658,#9659),(#9660,#9661,#9662),(#9663,#9664,
#9665),(#9666,#9667,#9668),(#9669,#9670,#9671),(#9672,#9673,#9674),(#9675,
#9676,#9677),(#9678,#9679,#9680),(#9681,#9682,#9683),(#9684,#9685,#9686)),
 .UNSPECIFIED.,.F.,.F.,.F.)
B_SPLINE_SURFACE_WITH_KNOTS((4,2,2,2,4),(3,3),(1.59697626557481,1.98313036257856,
2.3692844595823,2.75543855658605,3.14159265358979),(0.,1.),
 .UNSPECIFIED.)
GEOMETRIC_REPRESENTATION_ITEM()
RATIONAL_B_SPLINE_SURFACE(((1.,0.707671556749201,1.),(1.,0.710447420916452,
1.),(1.,0.713189431612084,1.),(1.,0.718219057241636,1.),(1.,0.72050437830733,
1.),(1.,0.72429954438395,1.),(1.,0.725808411519442,1.),(1.,0.727844361815844,
1.),(1.,0.728373160044761,1.),(1.,0.728370969882401,1.)))
REPRESENTATION_ITEM('')
SURFACE()
);
#359=(
BOUNDED_SURFACE()
B_SPLINE_SURFACE(3,2,((#9689,#9690,#9691),(#9692,#9693,#9694),(#9695,#9696,
#9697),(#9698,#9699,#9700),(#9701,#9702,#9703),(#9704,#9705,#9706)),
 .UNSPECIFIED.,.F.,.F.,.F.)
B_SPLINE_SURFACE_WITH_KNOTS((4,2,4),(3,3),(1.84584323896234E-16,0.391767348496925,
0.783534696993849),(0.,1.),.UNSPECIFIED.)
GEOMETRIC_REPRESENTATION_ITEM()
RATIONAL_B_SPLINE_SURFACE(((1.,0.736944786815159,1.),(1.,0.736947914964673,
1.),(1.,0.736188618107134,1.),(1.,0.733264498011721,1.),(1.,0.731099976537742,
1.),(1.,0.728370969882401,1.)))
REPRESENTATION_ITEM('')
SURFACE()
);
#360=(
BOUNDED_SURFACE()
B_SPLINE_SURFACE(3,2,((#9709,#9710,#9711),(#9712,#9713,#9714),(#9715,#9716,
#9717),(#9718,#9719,#9720),(#9721,#9722,#9723),(#9724,#9725,#9726)),
 .UNSPECIFIED.,.F.,.F.,.F.)
B_SPLINE_SURFACE_WITH_KNOTS((4,2,4),(3,3),(9.2292161948117E-17,0.391767348496924,
0.783534696993849),(0.,1.),.UNSPECIFIED.)
GEOMETRIC_REPRESENTATION_ITEM()
RATIONAL_B_SPLINE_SURFACE(((1.,0.736944786815158,1.),(1.,0.736947914964622,
1.),(1.,0.736188618107202,1.),(1.,0.733264498011653,1.),(1.,0.731099976537794,
1.),(1.,0.728370969882401,1.)))
REPRESENTATION_ITEM('')
SURFACE()
);
#361=(
BOUNDED_SURFACE()
B_SPLINE_SURFACE(3,2,((#9730,#9731,#9732),(#9733,#9734,#9735),(#9736,#9737,
#9738),(#9739,#9740,#9741),(#9742,#9743,#9744),(#9745,#9746,#9747),(#9748,
#9749,#9750),(#9751,#9752,#9753),(#9754,#9755,#9756),(#9757,#9758,#9759)),
 .UNSPECIFIED.,.F.,.F.,.F.)
B_SPLINE_SURFACE_WITH_KNOTS((4,2,2,2,4),(3,3),(0.,0.386154097003746,0.772308194007491,
1.15846229101124,1.54461638801498),(0.,1.),.UNSPECIFIED.)
GEOMETRIC_REPRESENTATION_ITEM()
RATIONAL_B_SPLINE_SURFACE(((1.,0.728370969882401,1.),(1.,0.728370969882401,
1.),(1.,0.727844361815787,1.),(1.,0.725808411519499,1.),(1.,0.724299544383948,
1.),(1.,0.720504378307332,1.),(1.,0.718219057241636,1.),(1.,0.713189431612084,
1.),(1.,0.710447420916453,1.),(1.,0.707671556749201,1.)))
REPRESENTATION_ITEM('')
SURFACE()
);
#362=(
BOUNDED_SURFACE()
B_SPLINE_SURFACE(3,1,((#9762,#9763),(#9764,#9765),(#9766,#9767),(#9768,
#9769)),.UNSPECIFIED.,.F.,.F.,.F.)
B_SPLINE_SURFACE_WITH_KNOTS((4,4),(2,2),(0.,1.),(0.,0.343294432622184),
 .UNSPECIFIED.)
GEOMETRIC_REPRESENTATION_ITEM()
RATIONAL_B_SPLINE_SURFACE(((1.,1.),(0.949490460198112,0.949490460198112),
(0.949490460198112,0.949490460198112),(1.,1.)))
REPRESENTATION_ITEM('')
SURFACE()
);
#363=(
BOUNDED_SURFACE()
B_SPLINE_SURFACE(3,1,((#9781,#9782),(#9783,#9784),(#9785,#9786),(#9787,
#9788)),.UNSPECIFIED.,.F.,.F.,.F.)
B_SPLINE_SURFACE_WITH_KNOTS((4,4),(2,2),(0.,1.),(0.,0.343294432622185),
 .UNSPECIFIED.)
GEOMETRIC_REPRESENTATION_ITEM()
RATIONAL_B_SPLINE_SURFACE(((1.,1.),(0.949490460198111,0.949490460198111),
(0.949490460198111,0.949490460198111),(1.,1.)))
REPRESENTATION_ITEM('')
SURFACE()
);
#364=(
BOUNDED_SURFACE()
B_SPLINE_SURFACE(3,2,((#10032,#10033,#10034),(#10035,#10036,#10037),(#10038,
#10039,#10040),(#10041,#10042,#10043),(#10044,#10045,#10046),(#10047,#10048,
#10049),(#10050,#10051,#10052),(#10053,#10054,#10055),(#10056,#10057,#10058),
(#10059,#10060,#10061)),.UNSPECIFIED.,.F.,.F.,.F.)
B_SPLINE_SURFACE_WITH_KNOTS((4,2,2,2,4),(3,3),(3.12299675685186,3.49606088446565,
3.86912501207944,4.24218913969322,4.61525326730701),(0.,1.),
 .UNSPECIFIED.)
GEOMETRIC_REPRESENTATION_ITEM()
RATIONAL_B_SPLINE_SURFACE(((1.,0.951014796201482,1.),(1.,0.951513666840276,
1.),(1.,0.947046832608154,1.),(1.,0.92842841932876,1.),(1.,0.914268956735869,
1.),(1.,0.876917335649255,1.),(1.,0.853722703258621,1.),(1.,0.799473174261169,
1.),(1.,0.768423299475191,1.),(1.,0.734322509435686,1.)))
REPRESENTATION_ITEM('')
SURFACE()
);
#365=(
BOUNDED_SURFACE()
B_SPLINE_SURFACE(3,2,((#10189,#10190,#10191),(#10192,#10193,#10194),(#10195,
#10196,#10197),(#10198,#10199,#10200),(#10201,#10202,#10203),(#10204,#10205,
#10206),(#10207,#10208,#10209),(#10210,#10211,#10212),(#10213,#10214,#10215),
(#10216,#10217,#10218)),.UNSPECIFIED.,.F.,.F.,.F.)
B_SPLINE_SURFACE_WITH_KNOTS((4,2,2,2,4),(3,3),(4.78797155459216,5.16103568220595,
5.53409980981974,5.90716393743352,6.28022806504731),(0.,1.),
 .UNSPECIFIED.)
GEOMETRIC_REPRESENTATION_ITEM()
RATIONAL_B_SPLINE_SURFACE(((1.,0.7283709698824,1.),(1.,0.762792605395701,
1.),(1.,0.794230620362404,1.),(1.,0.849347016434751,1.),(1.,0.873020487421641,
1.),(1.,0.911387917997407,1.),(1.,0.926084513714498,1.),(1.,0.945807747449785,
1.),(1.,0.95084234479283,1.),(1.,0.950913390503083,1.)))
REPRESENTATION_ITEM('')
SURFACE()
);
#366=(
BOUNDED_SURFACE()
B_SPLINE_SURFACE(3,2,((#10336,#10337,#10338),(#10339,#10340,#10341),(#10342,
#10343,#10344),(#10345,#10346,#10347),(#10348,#10349,#10350),(#10351,#10352,
#10353)),.UNSPECIFIED.,.F.,.F.,.F.)
B_SPLINE_SURFACE_WITH_KNOTS((4,2,4),(3,3),(5.49965061018574,5.89141795868266,
6.28318530717959),(0.,1.),.UNSPECIFIED.)
GEOMETRIC_REPRESENTATION_ITEM()
RATIONAL_B_SPLINE_SURFACE(((1.,0.728370969882401,1.),(1.,0.731099976537841,
1.),(1.,0.733264498011588,1.),(1.,0.736188618107269,1.),(1.,0.736947914964573,
1.),(1.,0.736944786815158,1.)))
REPRESENTATION_ITEM('')
SURFACE()
);
#367=(
BOUNDED_SURFACE()
B_SPLINE_SURFACE(3,2,((#10395,#10396,#10397),(#10398,#10399,#10400),(#10401,
#10402,#10403),(#10404,#10405,#10406),(#10407,#10408,#10409),(#10410,#10411,
#10412)),.UNSPECIFIED.,.F.,.F.,.F.)
B_SPLINE_SURFACE_WITH_KNOTS((4,2,4),(3,3),(-4.2899273734807E-5,0.391767348496925,
0.783577596267585),(0.,1.00004289927374),.UNSPECIFIED.)
GEOMETRIC_REPRESENTATION_ITEM()
RATIONAL_B_SPLINE_SURFACE(((1.,0.736933500882442,1.00002257072351),(1.,
0.736936796607747,1.00002257044074),(1.,0.736177460764117,1.00002263559066),
(1.,0.733252895278739,1.00002288651413),(1.,0.731087966755933,1.00002307226185),
(1.,0.72835842064121,1.00002330645294)))
REPRESENTATION_ITEM('')
SURFACE()
);
#368=(
BOUNDED_SURFACE()
B_SPLINE_SURFACE(3,2,((#10465,#10466,#10467),(#10468,#10469,#10470),(#10471,
#10472,#10473),(#10474,#10475,#10476),(#10477,#10478,#10479),(#10480,#10481,
#10482)),.UNSPECIFIED.,.F.,.F.,.F.)
B_SPLINE_SURFACE_WITH_KNOTS((4,2,4),(3,3),(-4.28992736291045E-5,0.391767348496925,
0.783577596267478),(0.,1.00004289927363),.UNSPECIFIED.)
GEOMETRIC_REPRESENTATION_ITEM()
RATIONAL_B_SPLINE_SURFACE(((0.999999999999999,0.736933500882469,1.00002257072346),
(1.,0.73693679660772,1.00002257044069),(1.,0.736177460764219,1.0000226355906),
(1.,0.733252895278694,1.00002288651407),(1.,0.731087966756019,1.00002307226179),
(1.,0.728358420641241,1.00002330645288)))
REPRESENTATION_ITEM('')
SURFACE()
);
#369=(
BOUNDED_SURFACE()
B_SPLINE_SURFACE(3,2,((#10507,#10508,#10509),(#10510,#10511,#10512),(#10513,
#10514,#10515),(#10516,#10517,#10518),(#10519,#10520,#10521),(#10522,#10523,
#10524)),.UNSPECIFIED.,.F.,.F.,.F.)
B_SPLINE_SURFACE_WITH_KNOTS((4,2,4),(3,3),(5.49965061018574,5.89141795868266,
6.28318530717959),(0.,1.),.UNSPECIFIED.)
GEOMETRIC_REPRESENTATION_ITEM()
RATIONAL_B_SPLINE_SURFACE(((1.,0.7283709698824,1.),(1.,0.731099976537945,
1.),(1.,0.733264498011451,1.),(1.,0.736188618107405,1.),(1.,0.73694791496447,
1.),(1.,0.736944786815158,1.)))
REPRESENTATION_ITEM('')
SURFACE()
);
#370=(
BOUNDED_SURFACE()
B_SPLINE_SURFACE(3,2,((#10563,#10564,#10565),(#10566,#10567,#10568),(#10569,
#10570,#10571),(#10572,#10573,#10574),(#10575,#10576,#10577),(#10578,#10579,
#10580),(#10581,#10582,#10583),(#10584,#10585,#10586),(#10587,#10588,#10589),
(#10590,#10591,#10592)),.UNSPECIFIED.,.F.,.F.,.F.)
B_SPLINE_SURFACE_WITH_KNOTS((4,2,2,2,4),(3,3),(4.79092879672445,5.16399292433823,
5.53705705195202,5.9101211795658,6.28318530717959),(0.,1.),
 .UNSPECIFIED.)
GEOMETRIC_REPRESENTATION_ITEM()
RATIONAL_B_SPLINE_SURFACE(((1.,0.708315726808634,1.),(1.,0.710224835497747,
1.),(1.,0.712095942987409,1.),(1.,0.715514580733078,1.),(1.,0.717060659686863,
1.),(1.,0.719623507407742,1.),(1.,0.720639637847357,1.),(1.,0.722010025071281,
1.),(1.,0.72236537102224,1.),(1.,0.722363962059755,1.)))
REPRESENTATION_ITEM('')
SURFACE()
);
#371=(
BOUNDED_SURFACE()
B_SPLINE_SURFACE(3,2,((#10614,#10615,#10616),(#10617,#10618,#10619),(#10620,
#10621,#10622),(#10623,#10624,#10625),(#10626,#10627,#10628),(#10629,#10630,
#10631),(#10632,#10633,#10634),(#10635,#10636,#10637),(#10638,#10639,#10640),
(#10641,#10642,#10643)),.UNSPECIFIED.,.F.,.F.,.F.)
B_SPLINE_SURFACE_WITH_KNOTS((4,2,2,2,4),(3,3),(3.14159265358979,3.51465678120358,
3.88772090881737,4.26078503643117,4.63384916404496),(0.,1.),
 .UNSPECIFIED.)
GEOMETRIC_REPRESENTATION_ITEM()
RATIONAL_B_SPLINE_SURFACE(((1.,0.722363962059755,1.),(1.,0.722365371022432,
1.),(1.,0.722010025071025,1.),(1.,0.720639637847614,1.),(1.,0.719623507407607,
1.),(1.,0.717060659686999,1.),(1.,0.715514580732948,1.),(1.,0.712095942987539,
1.),(1.,0.71022483549765,1.),(1.,0.708315726808634,1.)))
REPRESENTATION_ITEM('')
SURFACE()
);
#372=(
BOUNDED_SURFACE()
B_SPLINE_SURFACE(3,2,((#10666,#10667,#10668),(#10669,#10670,#10671),(#10672,
#10673,#10674),(#10675,#10676,#10677),(#10678,#10679,#10680),(#10681,#10682,
#10683),(#10684,#10685,#10686),(#10687,#10688,#10689),(#10690,#10691,#10692),
(#10693,#10694,#10695)),.UNSPECIFIED.,.F.,.F.,.F.)
B_SPLINE_SURFACE_WITH_KNOTS((4,2,2,2,4),(3,3),(4.78630227049219,5.15936639810598,
5.53243052571976,5.90549465333355,6.27855878094734),(0.,1.),
 .UNSPECIFIED.)
GEOMETRIC_REPRESENTATION_ITEM()
RATIONAL_B_SPLINE_SURFACE(((1.,0.722363962059756,1.),(1.,0.747728964661793,
1.),(1.,0.771347182162761,1.),(1.,0.813150713317281,1.),(1.,0.83132997757515,
1.),(1.,0.860940821822511,1.),(1.,0.872375763700988,1.),(1.,0.887765408428157,
1.),(1.,0.891728923457035,1.),(1.,0.891816698239467,1.)))
REPRESENTATION_ITEM('')
SURFACE()
);
#373=(
BOUNDED_SURFACE()
B_SPLINE_SURFACE(3,2,((#10757,#10758,#10759),(#10760,#10761,#10762),(#10763,
#10764,#10765),(#10766,#10767,#10768)),.UNSPECIFIED.,.F.,.F.,.F.)
B_SPLINE_SURFACE_WITH_KNOTS((4,4),(3,3),(0.,0.464050361297616),(0.,1.),
 .UNSPECIFIED.)
GEOMETRIC_REPRESENTATION_ITEM()
RATIONAL_B_SPLINE_SURFACE(((1.,0.722363962059756,1.),(1.,0.722365883670711,
1.),(1.,0.721815089119625,1.),(1.,0.720765740857422,1.)))
REPRESENTATION_ITEM('')
SURFACE()
);
#374=(
BOUNDED_SURFACE()
B_SPLINE_SURFACE(3,2,((#10774,#10775,#10776),(#10777,#10778,#10779),(#10780,
#10781,#10782),(#10783,#10784,#10785),(#10786,#10787,#10788),(#10789,#10790,
#10791),(#10792,#10793,#10794),(#10795,#10796,#10797),(#10798,#10799,#10800),
(#10801,#10802,#10803)),.UNSPECIFIED.,.F.,.F.,.F.)
B_SPLINE_SURFACE_WITH_KNOTS((4,2,2,2,4),(3,3),(3.14621917982204,3.51928330743583,
3.89234743504962,4.26541156266341,4.63847569027719),(0.,1.),
 .UNSPECIFIED.)
GEOMETRIC_REPRESENTATION_ITEM()
RATIONAL_B_SPLINE_SURFACE(((1.,0.891816698239467,1.),(1.,0.89172892345678,
1.),(1.,0.8877654084285,1.),(1.,0.872375763700645,1.),(1.,0.860940821821928,
1.),(1.,0.831329977575735,1.),(1.,0.813150713316543,1.),(1.,0.771347182163499,
1.),(1.,0.747728964661241,1.),(1.,0.722363962059756,1.)))
REPRESENTATION_ITEM('')
SURFACE()
);
#375=(
BOUNDED_SURFACE()
B_SPLINE_SURFACE(3,2,((#10852,#10853,#10854),(#10855,#10856,#10857),(#10858,
#10859,#10860),(#10861,#10862,#10863),(#10864,#10865,#10866),(#10867,#10868,
#10869),(#10870,#10871,#10872),(#10873,#10874,#10875),(#10876,#10877,#10878),
(#10879,#10880,#10881)),.UNSPECIFIED.,.F.,.F.,.F.)
B_SPLINE_SURFACE_WITH_KNOTS((4,2,2,2,4),(3,3),(4.77347550420449,5.15090295494826,
5.52833040569204,5.90575785643581,6.28318530717959),(0.,1.),
 .UNSPECIFIED.)
GEOMETRIC_REPRESENTATION_ITEM()
RATIONAL_B_SPLINE_SURFACE(((1.,0.708047632541081,1.),(1.,0.709982156633444,
1.),(1.,0.711884162513922,1.),(1.,0.715365326861183,1.),(1.,0.716942965008365,
1.),(1.,0.719560495120406,1.),(1.,0.720599702775818,1.),(1.,0.722001607699398,
1.),(1.,0.722365437597759,1.),(1.,0.722363962059755,1.)))
REPRESENTATION_ITEM('')
SURFACE()
);
#376=(
BOUNDED_SURFACE()
B_SPLINE_SURFACE(3,2,((#10901,#10902,#10903),(#10904,#10905,#10906),(#10907,
#10908,#10909),(#10910,#10911,#10912),(#10913,#10914,#10915),(#10916,#10917,
#10918),(#10919,#10920,#10921),(#10922,#10923,#10924),(#10925,#10926,#10927),
(#10928,#10929,#10930)),.UNSPECIFIED.,.F.,.F.,.F.)
B_SPLINE_SURFACE_WITH_KNOTS((4,2,2,2,4),(3,3),(3.14159265358979,3.51902010433357,
3.89644755507734,4.27387500582111,4.65130245656489),(0.,1.),
 .UNSPECIFIED.)
GEOMETRIC_REPRESENTATION_ITEM()
RATIONAL_B_SPLINE_SURFACE(((1.,0.722363962059755,1.),(1.,0.722365437597513,
1.),(1.,0.722001607699726,1.),(1.,0.72059970277549,1.),(1.,0.7195604951204,
1.),(1.,0.716942965008371,1.),(1.,0.715365326861445,1.),(1.,0.711884162513659,
1.),(1.,0.709982156633642,1.),(1.,0.708047632541081,1.)))
REPRESENTATION_ITEM('')
SURFACE()
);
#377=(
BOUNDED_SURFACE()
B_SPLINE_SURFACE(3,2,((#10950,#10951,#10952),(#10953,#10954,#10955),(#10956,
#10957,#10958),(#10959,#10960,#10961)),.UNSPECIFIED.,.F.,.F.,.F.)
B_SPLINE_SURFACE_WITH_KNOTS((4,4),(3,3),(2.67754229229218,3.14159265358979),
(0.,1.),.UNSPECIFIED.)
GEOMETRIC_REPRESENTATION_ITEM()
RATIONAL_B_SPLINE_SURFACE(((1.,0.720765740857422,1.),(1.,0.721815089119624,
1.),(1.,0.722365883670711,1.),(1.,0.722363962059756,1.)))
REPRESENTATION_ITEM('')
SURFACE()
);
#378=(
BOUNDED_SURFACE()
B_SPLINE_SURFACE(3,2,((#11171,#11172,#11173),(#11174,#11175,#11176),(#11177,
#11178,#11179),(#11180,#11181,#11182),(#11183,#11184,#11185),(#11186,#11187,
#11188),(#11189,#11190,#11191),(#11192,#11193,#11194),(#11195,#11196,#11197),
(#11198,#11199,#11200),(#11201,#11202,#11203),(#11204,#11205,#11206),(#11207,
#11208,#11209),(#11210,#11211,#11212),(#11213,#11214,#11215),(#11216,#11217,
#11218),(#11219,#11220,#11221),(#11222,#11223,#11224)),.UNSPECIFIED.,.F.,
 .F.,.F.)
B_SPLINE_SURFACE_WITH_KNOTS((4,2,2,2,2,2,2,2,4),(3,3),(-3.74634936180307E-5,
0.000364073265073296,0.000546109897609948,0.000728146530146599,0.0010922197952199,
0.0014562930602932,0.00182036632536651,0.00218443959043981,0.00291258612058641),
(0.,1.00003746349362),.UNSPECIFIED.)
GEOMETRIC_REPRESENTATION_ITEM()
RATIONAL_B_SPLINE_SURFACE(((1.,0.721838607958374,1.00002084179507),(1.,
0.73695623902469,1.00001970907652),(1.,0.754634463753868,1.0000183845004),
(1.,0.781720372734748,1.00001635503485),(1.,0.790370365223037,1.00001570691697),
(1.,0.807838056925301,1.00001439811546),(1.,0.816697865276226,1.00001373427671),
(1.,0.842734228686403,1.00001178345044),(1.,0.859466857987388,1.00001052972494),
(1.,0.89083746964602,1.00000817921952),(1.,0.905544462696134,1.00000707726884),
(1.,0.932061146896861,1.00000509045358),(1.,0.943743458063057,1.0000042151332),
(1.,0.963909809445805,1.00000270412925),(1.,0.972395394523849,1.00000206832992),
(1.,0.992936565918616,1.00000052924184),(1.,1.00005093750926,0.999999996183406),
(1.,1.,1.)))
REPRESENTATION_ITEM('')
SURFACE()
);
#379=(
BOUNDED_SURFACE()
B_SPLINE_SURFACE(3,2,((#11307,#11308,#11309),(#11310,#11311,#11312),(#11313,
#11314,#11315),(#11316,#11317,#11318)),.UNSPECIFIED.,.F.,.F.,.F.)
B_SPLINE_SURFACE_WITH_KNOTS((4,4),(3,3),(2.67692145536131,3.14159851947111),
(-5.86588131205652E-6,1.),.UNSPECIFIED.)
GEOMETRIC_REPRESENTATION_ITEM()
RATIONAL_B_SPLINE_SURFACE(((1.0000032128111,0.726144211977203,1.),(1.0000031956652,
0.727605706088809,1.),(1.00000318667504,0.728372014962654,1.),(1.000003186706,
0.728369376439193,1.)))
REPRESENTATION_ITEM('')
SURFACE()
);
#380=(
BOUNDED_SURFACE()
B_SPLINE_SURFACE(3,2,((#11372,#11373,#11374),(#11375,#11376,#11377),(#11378,
#11379,#11380),(#11381,#11382,#11383),(#11384,#11385,#11386),(#11387,#11388,
#11389),(#11390,#11391,#11392),(#11393,#11394,#11395),(#11396,#11397,#11398),
(#11399,#11400,#11401)),.UNSPECIFIED.,.F.,.F.,.F.)
B_SPLINE_SURFACE_WITH_KNOTS((4,2,2,2,4),(3,3),(1.59697626557481,1.98313036257856,
2.3692844595823,2.75543855658605,3.14159265358979),(0.,1.),
 .UNSPECIFIED.)
GEOMETRIC_REPRESENTATION_ITEM()
RATIONAL_B_SPLINE_SURFACE(((1.,0.707671556749201,1.),(1.,0.710447420916626,
1.),(1.,0.713189431611852,1.),(1.,0.718219057241869,1.),(1.,0.720504378307272,
1.),(1.,0.724299544384008,1.),(1.,0.725808411519267,1.),(1.,0.727844361816018,
1.),(1.,0.72837316004463,1.),(1.,0.728370969882401,1.)))
REPRESENTATION_ITEM('')
SURFACE()
);
#381=(
BOUNDED_SURFACE()
B_SPLINE_SURFACE(3,2,((#11428,#11429,#11430),(#11431,#11432,#11433),(#11434,
#11435,#11436),(#11437,#11438,#11439),(#11440,#11441,#11442),(#11443,#11444,
#11445),(#11446,#11447,#11448),(#11449,#11450,#11451),(#11452,#11453,#11454),
(#11455,#11456,#11457),(#11458,#11459,#11460),(#11461,#11462,#11463),(#11464,
#11465,#11466),(#11467,#11468,#11469),(#11470,#11471,#11472),(#11473,#11474,
#11475),(#11476,#11477,#11478),(#11479,#11480,#11481)),.UNSPECIFIED.,.F.,
 .F.,.F.)
B_SPLINE_SURFACE_WITH_KNOTS((4,2,2,2,2,2,2,2,4),(3,3),(-3.7463493585156E-5,
0.000364073265073296,0.000546109897609948,0.000728146530146599,0.0010922197952199,
0.0014562930602932,0.00182036632536651,0.00218443959043981,0.00291258612058641),
(-3.74634935851496E-5,1.),.UNSPECIFIED.)
GEOMETRIC_REPRESENTATION_ITEM()
RATIONAL_B_SPLINE_SURFACE(((1.00002084179505,0.721838607962083,0.999999999999999),
(1.0000197090765,0.736956239027641,1.),(1.00001838450039,0.754634463755357,
1.),(1.00001635503483,0.781720372734775,1.),(1.00001570691696,0.790370365223041,
1.),(1.00001439811544,0.807838056925312,1.),(1.0000137342767,0.816697865276161,
1.),(1.00001178345043,0.842734228686551,1.),(1.00001052972493,0.859466857987395,
1.),(1.00000817921951,0.890837469646027,1.),(1.00000707726883,0.905544462696225,
1.),(1.00000509045357,0.932061146896774,1.),(1.0000042151332,0.943743458063066,
1.),(1.00000270412924,0.963909809445799,1.),(1.00000206832992,0.972395394523843,
1.),(1.00000052924183,0.99293656591863,1.),(0.999999996183406,1.00005093750925,
1.),(1.,1.,1.)))
REPRESENTATION_ITEM('')
SURFACE()
);
#382=(
BOUNDED_SURFACE()
B_SPLINE_SURFACE(3,2,((#11529,#11530,#11531),(#11532,#11533,#11534),(#11535,
#11536,#11537),(#11538,#11539,#11540)),.UNSPECIFIED.,.F.,.F.,.F.)
B_SPLINE_SURFACE_WITH_KNOTS((4,4),(3,3),(-5.86588126895734E-6,0.46467119822844),
(-5.86588126895734E-6,1.),.UNSPECIFIED.)
GEOMETRIC_REPRESENTATION_ITEM()
RATIONAL_B_SPLINE_SURFACE(((1.00000318670597,0.728369376439205,1.),(1.00000318667502,
0.728372014962666,1.),(1.00000319566517,0.72760570608882,1.),(1.00000321281107,
0.726144211977215,1.)))
REPRESENTATION_ITEM('')
SURFACE()
);
#383=(
BOUNDED_SURFACE()
B_SPLINE_SURFACE(3,2,((#11552,#11553,#11554),(#11555,#11556,#11557),(#11558,
#11559,#11560),(#11561,#11562,#11563)),.UNSPECIFIED.,.F.,.F.,.F.)
B_SPLINE_SURFACE_WITH_KNOTS((4,4),(3,3),(9.3907274782209E-16,0.539669485016593),
(0.,1.),.UNSPECIFIED.)
GEOMETRIC_REPRESENTATION_ITEM()
RATIONAL_B_SPLINE_SURFACE(((1.,0.724860553203254,1.),(1.,0.724864573538075,
1.),(1.,0.723994522365817,1.),(1.,0.722363962059757,1.)))
REPRESENTATION_ITEM('')
SURFACE()
);
#384=(
BOUNDED_SURFACE()
B_SPLINE_SURFACE(3,2,((#11565,#11566,#11567),(#11568,#11569,#11570),(#11571,
#11572,#11573),(#11574,#11575,#11576),(#11577,#11578,#11579),(#11580,#11581,
#11582),(#11583,#11584,#11585),(#11586,#11587,#11588),(#11589,#11590,#11591),
(#11592,#11593,#11594)),.UNSPECIFIED.,.F.,.F.,.F.)
B_SPLINE_SURFACE_WITH_KNOTS((4,2,2,2,4),(3,3),(0.,0.386154097003745,0.772308194007491,
1.15846229101124,1.54461638801498),(0.,1.),.UNSPECIFIED.)
GEOMETRIC_REPRESENTATION_ITEM()
RATIONAL_B_SPLINE_SURFACE(((1.,0.7283709698824,1.),(1.,0.728373160044847,
1.),(1.,0.727844361815729,1.),(1.,0.725808411519557,1.),(1.,0.724299544384296,
1.),(1.,0.720504378306982,1.),(1.,0.718219057242218,1.),(1.,0.713189431611502,
1.),(1.,0.71044742091689,1.),(1.,0.707671556749201,1.)))
REPRESENTATION_ITEM('')
SURFACE()
);
#385=(
BOUNDED_SURFACE()
B_SPLINE_SURFACE(3,2,((#11625,#11626,#11627),(#11628,#11629,#11630),(#11631,
#11632,#11633),(#11634,#11635,#11636),(#11637,#11638,#11639),(#11640,#11641,
#11642),(#11643,#11644,#11645),(#11646,#11647,#11648),(#11649,#11650,#11651),
(#11652,#11653,#11654)),.UNSPECIFIED.,.F.,.F.,.F.)
B_SPLINE_SURFACE_WITH_KNOTS((4,2,2,2,4),(3,3),(-1.3175291639018E-5,0.257496254770477,
0.514992509540956,0.772488764311434,1.02999819437355),(-1.31752916381299E-5,
1.),.UNSPECIFIED.)
GEOMETRIC_REPRESENTATION_ITEM()
RATIONAL_B_SPLINE_SURFACE(((1.00000725018043,0.72485692810239,1.),(1.00000725017014,
0.724857318651737,1.),(1.00000725531248,0.724662167522389,1.),(1.00000727553027,
0.723894906011644,1.),(1.00000729061398,0.723322481994596,1.),(1.0000073298074,
0.721835098693836,1.),(1.00000735391511,0.720920215141812,1.),(1.00000740966374,
0.718804564329682,1.),(1.00000744129512,0.717604159156026,1.),(1.00000747571304,
0.716298005135455,1.)))
REPRESENTATION_ITEM('')
SURFACE()
);
#386=(
BOUNDED_SURFACE()
B_SPLINE_SURFACE(3,2,((#11668,#11669,#11670),(#11671,#11672,#11673),(#11674,
#11675,#11676),(#11677,#11678,#11679),(#11680,#11681,#11682),(#11683,#11684,
#11685),(#11686,#11687,#11688),(#11689,#11690,#11691),(#11692,#11693,#11694),
(#11695,#11696,#11697),(#11698,#11699,#11700),(#11701,#11702,#11703),(#11704,
#11705,#11706),(#11707,#11708,#11709),(#11710,#11711,#11712),(#11713,#11714,
#11715),(#11716,#11717,#11718),(#11719,#11720,#11721)),.UNSPECIFIED.,.F.,
 .F.,.F.)
B_SPLINE_SURFACE_WITH_KNOTS((4,2,2,2,2,2,2,2,4),(3,3),(-3.74793783392365E-5,
0.000366163141833978,0.000549244712750967,0.000732326283667956,0.00109848942550193,
0.00146465256733591,0.00183081570916989,0.00219697885100387,0.00292930513467182),
(-3.74793783392365E-5,1.),.UNSPECIFIED.)
GEOMETRIC_REPRESENTATION_ITEM()
RATIONAL_B_SPLINE_SURFACE(((1.0000212594425,0.716384803598522,1.),(1.00002010152489,
0.731832199744683,1.),(1.00001874416469,0.74994029359785,1.),(1.00001666548646,
0.777671252832238,1.),(1.00001600157065,0.786528334219692,1.),(1.00001466148357,
0.804405993109052,1.),(1.00001398222905,0.813467703171722,1.),(1.00001198817139,
0.840069767458273,1.),(1.00001070825906,0.857144654834108,1.),(1.00000831119054,
0.889123153773031,1.),(1.00000718842049,0.904101657882844,1.),(1.00000516764331,
0.931060178494953,1.),(1.0000042781056,0.942927206992109,1.),(1.0000027433189,
0.963402289239901,1.),(1.00000209795635,0.972011857730521,1.),(1.00000053628082,
0.992845654847554,1.),(0.999999996239411,1.00005016877476,1.),(1.,1.,1.)))
REPRESENTATION_ITEM('')
SURFACE()
);
#387=(
BOUNDED_SURFACE()
B_SPLINE_SURFACE(3,2,((#11837,#11838,#11839),(#11840,#11841,#11842),(#11843,
#11844,#11845),(#11846,#11847,#11848),(#11849,#11850,#11851),(#11852,#11853,
#11854),(#11855,#11856,#11857),(#11858,#11859,#11860),(#11861,#11862,#11863),
(#11864,#11865,#11866),(#11867,#11868,#11869),(#11870,#11871,#11872),(#11873,
#11874,#11875),(#11876,#11877,#11878),(#11879,#11880,#11881),(#11882,#11883,
#11884),(#11885,#11886,#11887),(#11888,#11889,#11890)),.UNSPECIFIED.,.F.,
 .F.,.F.)
B_SPLINE_SURFACE_WITH_KNOTS((4,2,2,2,2,2,2,2,4),(3,3),(0.,0.000366163141833978,
0.000549244712750967,0.000732326283667956,0.00109848942550193,0.00146465256733591,
0.00183081570916989,0.00219697885100387,0.00292930513467182),(0.,1.),
 .UNSPECIFIED.)
GEOMETRIC_REPRESENTATION_ITEM()
RATIONAL_B_SPLINE_SURFACE(((1.,0.720765740857422,1.),(1.,0.735213262144504,
1.),(1.,0.751721026308178,1.),(1.,0.777679585263175,1.),(1.,0.786536334705145,
1.),(1.,0.804413323576117,1.),(1.,0.813474694024234,1.),(1.,0.84007576131932,
1.),(1.,0.857150008762975,1.),(1.,0.889127309212556,1.),(1.,0.904105251958386,
1.),(1.,0.931062762219769,1.),(1.,0.942929345964744,1.),(1.,0.963403660847942,
1.),(1.,0.97201290666938,1.),(1.,0.992845922977913,1.),(1.,1.00005016689454,
1.),(1.,1.,1.)))
REPRESENTATION_ITEM('')
SURFACE()
);
#388=(
BOUNDED_SURFACE()
B_SPLINE_SURFACE(3,2,((#11943,#11944,#11945),(#11946,#11947,#11948),(#11949,
#11950,#11951),(#11952,#11953,#11954),(#11955,#11956,#11957),(#11958,#11959,
#11960)),.UNSPECIFIED.,.F.,.F.,.F.)
B_SPLINE_SURFACE_WITH_KNOTS((4,2,4),(3,3),(5.30109619939352,5.77072813601636,
6.2403600726392),(-0.00018073734146889,1.),.UNSPECIFIED.)
GEOMETRIC_REPRESENTATION_ITEM()
RATIONAL_B_SPLINE_SURFACE(((1.00010037801629,0.722309691302747,1.),(1.00009909691487,
0.725853788541624,1.),(1.00009803408851,0.728794039712979,1.),(1.00009654326325,
0.732918326487926,1.),(1.00009611561628,0.73410138851975,1.),(1.00009605297141,
0.734274692128125,1.)))
REPRESENTATION_ITEM('')
SURFACE()
);
#389=(
BOUNDED_SURFACE()
B_SPLINE_SURFACE(3,2,((#11965,#11966,#11967),(#11968,#11969,#11970),(#11971,
#11972,#11973),(#11974,#11975,#11976)),.UNSPECIFIED.,.F.,.F.,.F.)
B_SPLINE_SURFACE_WITH_KNOTS((4,4),(3,3),(5.96889106079855,6.28318530717959),
(0.,1.),.UNSPECIFIED.)
GEOMETRIC_REPRESENTATION_ITEM()
RATIONAL_B_SPLINE_SURFACE(((1.,0.734322509435684,1.),(1.,0.735232900611135,
1.),(1.,0.735697800019476,1.),(1.,0.735697082486732,1.)))
REPRESENTATION_ITEM('')
SURFACE()
);
#390=(
BOUNDED_SURFACE()
B_SPLINE_SURFACE(3,2,((#11978,#11979,#11980),(#11981,#11982,#11983),(#11984,
#11985,#11986),(#11987,#11988,#11989),(#11990,#11991,#11992),(#11993,#11994,
#11995)),.UNSPECIFIED.,.F.,.F.,.F.)
B_SPLINE_SURFACE_WITH_KNOTS((4,2,4),(3,3),(5.50086507807289,5.89202519262624,
6.28318530717959),(0.,1.),.UNSPECIFIED.)
GEOMETRIC_REPRESENTATION_ITEM()
RATIONAL_B_SPLINE_SURFACE(((1.,0.734322509435685,1.),(1.,0.737787487488385,
1.),(1.,0.740530413771076,1.),(1.,0.744234013056049,1.),(1.,0.745194387889317,
1.),(1.,0.745190568563822,1.)))
REPRESENTATION_ITEM('')
SURFACE()
);
#391=(
BOUNDED_SURFACE()
B_SPLINE_SURFACE(3,2,((#11998,#11999,#12000),(#12001,#12002,#12003),(#12004,
#12005,#12006),(#12007,#12008,#12009),(#12010,#12011,#12012),(#12013,#12014,
#12015)),.UNSPECIFIED.,.F.,.F.,.F.)
B_SPLINE_SURFACE_WITH_KNOTS((4,2,4),(3,3),(5.50086507807289,5.89202519262624,
6.28318530717959),(0.,1.),.UNSPECIFIED.)
GEOMETRIC_REPRESENTATION_ITEM()
RATIONAL_B_SPLINE_SURFACE(((1.,0.734322509435686,1.),(1.,0.737787487489148,
1.),(1.,0.740530413770058,1.),(1.,0.744234013057063,1.),(1.,0.745194387888555,
1.),(1.,0.745190568563824,1.)))
REPRESENTATION_ITEM('')
SURFACE()
);
#392=(
BOUNDED_SURFACE()
B_SPLINE_SURFACE(3,2,((#12019,#12020,#12021),(#12022,#12023,#12024),(#12025,
#12026,#12027),(#12028,#12029,#12030)),.UNSPECIFIED.,.F.,.F.,.F.)
B_SPLINE_SURFACE_WITH_KNOTS((4,4),(3,3),(5.77838579007493,6.28320006383352),
(-1.47566539145998E-5,1.),.UNSPECIFIED.)
GEOMETRIC_REPRESENTATION_ITEM()
RATIONAL_B_SPLINE_SURFACE(((1.00000784114371,0.734318370686617,0.999999999999999),
(1.00000776769616,0.736806995448834,1.),(1.00000772893974,0.7381201799664,
1.),(1.00000772909182,0.738115027274663,0.999999999999999)))
REPRESENTATION_ITEM('')
SURFACE()
);
#393=(
BOUNDED_SURFACE()
B_SPLINE_SURFACE(3,2,((#12031,#12032,#12033),(#12034,#12035,#12036),(#12037,
#12038,#12039),(#12040,#12041,#12042),(#12043,#12044,#12045),(#12046,#12047,
#12048)),.UNSPECIFIED.,.F.,.F.,.F.)
B_SPLINE_SURFACE_WITH_KNOTS((4,2,4),(3,3),(5.33349865780839,5.80843366579619,
6.283368673784),(-0.000183366604422454,1.),.UNSPECIFIED.)
GEOMETRIC_REPRESENTATION_ITEM()
RATIONAL_B_SPLINE_SURFACE(((1.00010183844578,0.722309179187265,1.),(1.0001006118566,
0.725653815424073,1.),(1.00009961046736,0.728384381462573,1.),(1.00009824859447,
0.732097906311432,1.),(1.00009788845373,0.733079930126665,1.),(1.00009789091732,
0.733073212459523,1.)))
REPRESENTATION_ITEM('')
SURFACE()
);
#394=(
BOUNDED_SURFACE()
B_SPLINE_SURFACE(3,2,((#12066,#12067,#12068),(#12069,#12070,#12071),(#12072,
#12073,#12074),(#12075,#12076,#12077),(#12078,#12079,#12080),(#12081,#12082,
#12083)),.UNSPECIFIED.,.F.,.F.,.F.)
B_SPLINE_SURFACE_WITH_KNOTS((4,2,4),(3,3),(5.62493012376659,5.95405771547309,
6.28318530717959),(0.,1.),.UNSPECIFIED.)
GEOMETRIC_REPRESENTATION_ITEM()
RATIONAL_B_SPLINE_SURFACE(((1.,0.734322509435686,1.),(1.,0.736590350635809,
1.),(1.,0.738357749438715,1.),(1.,0.740735552371684,1.),(1.,0.741345850844296,
1.),(1.,0.741344093581526,1.)))
REPRESENTATION_ITEM('')
SURFACE()
);
#395=(
BOUNDED_SURFACE()
B_SPLINE_SURFACE(3,2,((#12107,#12108,#12109),(#12110,#12111,#12112),(#12113,
#12114,#12115),(#12116,#12117,#12118),(#12119,#12120,#12121),(#12122,#12123,
#12124)),.UNSPECIFIED.,.F.,.F.,.F.)
B_SPLINE_SURFACE_WITH_KNOTS((4,2,4),(3,3),(5.37543399532018,5.82930965124988,
6.28318530717959),(0.,1.),.UNSPECIFIED.)
GEOMETRIC_REPRESENTATION_ITEM()
RATIONAL_B_SPLINE_SURFACE(((1.,0.7283709698824,1.),(1.,0.732435685785738,
1.),(1.,0.735721128131987,1.),(1.,0.740178863382362,1.),(1.,0.741350406908262,
1.),(1.,0.741344093581525,1.)))
REPRESENTATION_ITEM('')
SURFACE()
);
#396=(
BOUNDED_SURFACE()
B_SPLINE_SURFACE(3,2,((#12156,#12157,#12158),(#12159,#12160,#12161),(#12162,
#12163,#12164),(#12165,#12166,#12167)),.UNSPECIFIED.,.F.,.F.,.F.)
B_SPLINE_SURFACE_WITH_KNOTS((4,4),(3,3),(2.46077662218502,3.09002082323073),
(0.,1.),.UNSPECIFIED.)
GEOMETRIC_REPRESENTATION_ITEM()
RATIONAL_B_SPLINE_SURFACE(((1.,0.728370969882401,1.),(1.,0.731941509566367,
1.),(1.,0.734044074706658,1.),(1.,0.734322509435686,1.)))
REPRESENTATION_ITEM('')
SURFACE()
);
#397=(
BOUNDED_SURFACE()
B_SPLINE_SURFACE(3,2,((#12175,#12176,#12177),(#12178,#12179,#12180),(#12181,
#12182,#12183),(#12184,#12185,#12186),(#12187,#12188,#12189),(#12190,#12191,
#12192)),.UNSPECIFIED.,.F.,.F.,.F.)
B_SPLINE_SURFACE_WITH_KNOTS((4,2,4),(3,3),(3.18441788813017,3.65404982475302,
4.12368176137588),(-0.000180737341485993,1.),.UNSPECIFIED.)
GEOMETRIC_REPRESENTATION_ITEM()
RATIONAL_B_SPLINE_SURFACE(((1.00009605297142,0.73427469212812,0.999999999999999),
(1.00009611561629,0.734101388519746,1.),(1.00009654326326,0.732918326487921,
1.),(1.00009803408851,0.728794039712976,1.),(1.00009909691487,0.725853788541619,
1.),(1.0001003780163,0.722309691302742,1.)))
REPRESENTATION_ITEM('')
SURFACE()
);
#398=(
BOUNDED_SURFACE()
B_SPLINE_SURFACE(3,2,((#12366,#12367,#12368),(#12369,#12370,#12371),(#12372,
#12373,#12374),(#12375,#12376,#12377),(#12378,#12379,#12380),(#12381,#12382,
#12383),(#12384,#12385,#12386),(#12387,#12388,#12389),(#12390,#12391,#12392),
(#12393,#12394,#12395)),.UNSPECIFIED.,.F.,.F.,.F.)
B_SPLINE_SURFACE_WITH_KNOTS((4,2,2,2,4),(3,3),(5.25320028809768,5.51069654286815,
5.76819279763863,6.02568905240911,6.28318530717959),(0.,1.),
 .UNSPECIFIED.)
GEOMETRIC_REPRESENTATION_ITEM()
RATIONAL_B_SPLINE_SURFACE(((1.,0.716301943424654,1.),(1.,0.717608002663791,
1.),(1.,0.718808323135905,1.),(1.,0.720923892151335,1.),(1.,0.721838763479089,
1.),(1.,0.723326127323718,1.),(1.,0.723898543693375,1.),(1.,0.724665775537868,
1.),(1.,0.724860923692625,1.),(1.,0.724860553203254,1.)))
REPRESENTATION_ITEM('')
SURFACE()
);
#399=(
BOUNDED_SURFACE()
B_SPLINE_SURFACE(3,2,((#12399,#12400,#12401),(#12402,#12403,#12404),(#12405,
#12406,#12407),(#12408,#12409,#12410),(#12411,#12412,#12413),(#12414,#12415,
#12416)),.UNSPECIFIED.,.F.,.F.,.F.)
B_SPLINE_SURFACE_WITH_KNOTS((4,2,4),(3,3),(5.11737116162447,5.70044891167431,
6.28352666171376),(-0.000341354534161345,0.191182319951894),
 .UNSPECIFIED.)
GEOMETRIC_REPRESENTATION_ITEM()
RATIONAL_B_SPLINE_SURFACE(((1.00019375432572,0.945820368972425,0.912260355255789),
(1.00019092133551,0.946612559616877,0.913543245603981),(1.00018849465148,
0.947291134638491,0.914642144400438),(1.0001851569923,0.948224446151208,
0.916153568878758),(1.00018424812871,0.948478592186248,0.916565138363539),
(1.00018425742027,0.948475993983975,0.916560930779617)))
REPRESENTATION_ITEM('')
SURFACE()
);
#400=(
BOUNDED_SURFACE()
B_SPLINE_SURFACE(3,2,((#12418,#12419,#12420),(#12421,#12422,#12423),(#12424,
#12425,#12426),(#12427,#12428,#12429),(#12430,#12431,#12432),(#12433,#12434,
#12435)),.UNSPECIFIED.,.F.,.F.,.F.)
B_SPLINE_SURFACE_WITH_KNOTS((4,2,4),(3,3),(5.74351582216299,6.01335056467129,
6.28318530717959),(0.,1.),.UNSPECIFIED.)
GEOMETRIC_REPRESENTATION_ITEM()
RATIONAL_B_SPLINE_SURFACE(((1.,0.722363962059756,1.),(1.,0.723177688198633,
1.),(1.,0.723804887225953,1.),(1.,0.724646555991117,1.),(1.,0.724860999685219,
1.),(1.,0.724860553203254,1.)))
REPRESENTATION_ITEM('')
SURFACE()
);
#401=(
BOUNDED_SURFACE()
B_SPLINE_SURFACE(3,2,((#12444,#12445,#12446),(#12447,#12448,#12449),(#12450,
#12451,#12452),(#12453,#12454,#12455),(#12456,#12457,#12458),(#12459,#12460,
#12461),(#12462,#12463,#12464),(#12465,#12466,#12467),(#12468,#12469,#12470),
(#12471,#12472,#12473)),.UNSPECIFIED.,.F.,.F.,.F.)
B_SPLINE_SURFACE_WITH_KNOTS((4,2,2,2,4),(3,3),(2.73786718295972,3.13016674837247,
3.52246631378523,3.91476587919798,4.30706544461074),(0.,0.19949289416997),
 .UNSPECIFIED.)
GEOMETRIC_REPRESENTATION_ITEM()
RATIONAL_B_SPLINE_SURFACE(((1.,0.945811938641257,0.913244143662346),(1.,
0.946045950372084,0.913618799769094),(1.,0.946169856939142,0.913817175943872),
(1.,0.946183405973761,0.913838868140851),(1.,0.946072545665397,0.913661379211651),
(1.,0.945630744630899,0.912954049476694),(1.,0.945299908682409,0.912424376421434),
(1.,0.944464278209472,0.911086520158565),(1.,0.943960051512109,0.910279246050189),
(1.,0.943404253623388,0.909389405731536)))
REPRESENTATION_ITEM('')
SURFACE()
);
#402=(
BOUNDED_SURFACE()
B_SPLINE_SURFACE(3,2,((#12477,#12478,#12479),(#12480,#12481,#12482),(#12483,
#12484,#12485),(#12486,#12487,#12488),(#12489,#12490,#12491),(#12492,#12493,
#12494)),.UNSPECIFIED.,.F.,.F.,.F.)
B_SPLINE_SURFACE_WITH_KNOTS((4,2,4),(3,3),(5.49965061018574,5.89141795868266,
6.28318530717959),(0.771600477858333,1.),.UNSPECIFIED.)
GEOMETRIC_REPRESENTATION_ITEM()
RATIONAL_B_SPLINE_SURFACE(((0.90425990425208,0.937960059321336,1.),(0.905221787296504,
0.938583363137252,1.),(0.905984708303736,0.939077738807774,1.),(0.907015362272116,
0.939745606440023,1.),(0.907282988872607,0.939919029479647,1.),(0.907281886305,
0.939918315011708,1.)))
REPRESENTATION_ITEM('')
SURFACE()
);
#403=(
BOUNDED_SURFACE()
B_SPLINE_SURFACE(3,2,((#12497,#12498,#12499),(#12500,#12501,#12502),(#12503,
#12504,#12505),(#12506,#12507,#12508),(#12509,#12510,#12511),(#12512,#12513,
#12514)),.UNSPECIFIED.,.F.,.F.,.F.)
B_SPLINE_SURFACE_WITH_KNOTS((4,2,4),(3,3),(5.49965061018574,5.89141795868266,
6.28318530717959),(0.771600477858327,1.),.UNSPECIFIED.)
GEOMETRIC_REPRESENTATION_ITEM()
RATIONAL_B_SPLINE_SURFACE(((0.904259904252079,0.937960059321334,1.),(0.905221787296486,
0.93858336313724,1.),(0.905984708303756,0.939077738807786,1.),(0.907015362272094,
0.939745606440008,1.),(0.907282988872621,0.939919029479656,1.),(0.907281886304999,
0.939918315011707,1.)))
REPRESENTATION_ITEM('')
SURFACE()
);
#404=(
BOUNDED_SURFACE()
B_SPLINE_SURFACE(3,2,((#12515,#12516,#12517),(#12518,#12519,#12520),(#12521,
#12522,#12523),(#12524,#12525,#12526),(#12527,#12528,#12529),(#12530,#12531,
#12532)),.UNSPECIFIED.,.F.,.F.,.F.)
B_SPLINE_SURFACE_WITH_KNOTS((4,2,4),(3,3),(5.66455516619265,5.97387023668612,
6.28318530717959),(0.783811827782945,1.),.UNSPECIFIED.)
GEOMETRIC_REPRESENTATION_ITEM()
RATIONAL_B_SPLINE_SURFACE(((0.907944461873817,0.941277016457785,1.),(0.908466002519006,
0.941609711517175,1.),(0.90887105331014,0.941868096742286,1.),(0.909415571074345,
0.942215449094537,1.),(0.90955501432833,0.942304401091076,1.),(0.909554646987617,
0.94230416676142,1.)))
REPRESENTATION_ITEM('')
SURFACE()
);
#405=(
BOUNDED_SURFACE()
B_SPLINE_SURFACE(3,2,((#12541,#12542,#12543),(#12544,#12545,#12546),(#12547,
#12548,#12549),(#12550,#12551,#12552),(#12553,#12554,#12555),(#12556,#12557,
#12558),(#12559,#12560,#12561),(#12562,#12563,#12564),(#12565,#12566,#12567),
(#12568,#12569,#12570)),.UNSPECIFIED.,.F.,.F.,.F.)
B_SPLINE_SURFACE_WITH_KNOTS((4,2,2,2,4),(3,3),(5.33366912330665,5.57105784510451,
5.8084336657962,6.04580948648789,6.28318530717959),(-1.2901106157468E-5,
1.),.UNSPECIFIED.)
GEOMETRIC_REPRESENTATION_ITEM()
RATIONAL_B_SPLINE_SURFACE(((1.00000716372344,0.722360108137128,1.),(1.00000712065923,
0.72402912025293,1.),(1.00000708143798,0.725549193489224,1.),(1.00000701266866,
0.728214442628435,1.),(1.00000698312996,0.729359255320672,1.),(1.00000693524803,
0.731214984747987,1.),(1.00000691690625,0.731925845525539,1.),(1.00000689234569,
0.732877723438271,1.),(1.00000688611789,0.733119090442173,1.),(1.00000688612762,
0.733118713262805,1.)))
REPRESENTATION_ITEM('')
SURFACE()
);
#406=FACE_OUTER_BOUND('',#701,.T.);
#407=FACE_OUTER_BOUND('',#702,.T.);
#408=FACE_OUTER_BOUND('',#703,.T.);
#409=FACE_OUTER_BOUND('',#704,.T.);
#410=FACE_OUTER_BOUND('',#705,.T.);
#411=FACE_OUTER_BOUND('',#706,.T.);
#412=FACE_OUTER_BOUND('',#707,.T.);
#413=FACE_OUTER_BOUND('',#708,.T.);
#414=FACE_OUTER_BOUND('',#709,.T.);
#415=FACE_OUTER_BOUND('',#710,.T.);
#416=FACE_OUTER_BOUND('',#711,.T.);
#417=FACE_OUTER_BOUND('',#712,.T.);
#418=FACE_OUTER_BOUND('',#713,.T.);
#419=FACE_OUTER_BOUND('',#714,.T.);
#420=FACE_OUTER_BOUND('',#715,.T.);
#421=FACE_OUTER_BOUND('',#716,.T.);
#422=FACE_OUTER_BOUND('',#717,.T.);
#423=FACE_OUTER_BOUND('',#718,.T.);
#424=FACE_OUTER_BOUND('',#719,.T.);
#425=FACE_OUTER_BOUND('',#720,.T.);
#426=FACE_OUTER_BOUND('',#721,.T.);
#427=FACE_OUTER_BOUND('',#722,.T.);
#428=FACE_OUTER_BOUND('',#723,.T.);
#429=FACE_OUTER_BOUND('',#724,.T.);
#430=FACE_OUTER_BOUND('',#725,.T.);
#431=FACE_OUTER_BOUND('',#726,.T.);
#432=FACE_OUTER_BOUND('',#727,.T.);
#433=FACE_OUTER_BOUND('',#728,.T.);
#434=FACE_OUTER_BOUND('',#729,.T.);
#435=FACE_OUTER_BOUND('',#730,.T.);
#436=FACE_OUTER_BOUND('',#731,.T.);
#437=FACE_OUTER_BOUND('',#732,.T.);
#438=FACE_OUTER_BOUND('',#733,.T.);
#439=FACE_OUTER_BOUND('',#734,.T.);
#440=FACE_OUTER_BOUND('',#735,.T.);
#441=FACE_OUTER_BOUND('',#741,.T.);
#442=FACE_OUTER_BOUND('',#744,.T.);
#443=FACE_OUTER_BOUND('',#745,.T.);
#444=FACE_OUTER_BOUND('',#746,.T.);
#445=FACE_OUTER_BOUND('',#747,.T.);
#446=FACE_OUTER_BOUND('',#748,.T.);
#447=FACE_OUTER_BOUND('',#749,.T.);
#448=FACE_OUTER_BOUND('',#750,.T.);
#449=FACE_OUTER_BOUND('',#751,.T.);
#450=FACE_OUTER_BOUND('',#752,.T.);
#451=FACE_OUTER_BOUND('',#753,.T.);
#452=FACE_OUTER_BOUND('',#754,.T.);
#453=FACE_OUTER_BOUND('',#755,.T.);
#454=FACE_OUTER_BOUND('',#756,.T.);
#455=FACE_OUTER_BOUND('',#757,.T.);
#456=FACE_OUTER_BOUND('',#758,.T.);
#457=FACE_OUTER_BOUND('',#759,.T.);
#458=FACE_OUTER_BOUND('',#760,.T.);
#459=FACE_OUTER_BOUND('',#761,.T.);
#460=FACE_OUTER_BOUND('',#762,.T.);
#461=FACE_OUTER_BOUND('',#763,.T.);
#462=FACE_OUTER_BOUND('',#764,.T.);
#463=FACE_OUTER_BOUND('',#765,.T.);
#464=FACE_OUTER_BOUND('',#766,.T.);
#465=FACE_OUTER_BOUND('',#767,.T.);
#466=FACE_OUTER_BOUND('',#768,.T.);
#467=FACE_OUTER_BOUND('',#769,.T.);
#468=FACE_OUTER_BOUND('',#770,.T.);
#469=FACE_OUTER_BOUND('',#771,.T.);
#470=FACE_OUTER_BOUND('',#772,.T.);
#471=FACE_OUTER_BOUND('',#773,.T.);
#472=FACE_OUTER_BOUND('',#774,.T.);
#473=FACE_OUTER_BOUND('',#775,.T.);
#474=FACE_OUTER_BOUND('',#776,.T.);
#475=FACE_OUTER_BOUND('',#777,.T.);
#476=FACE_OUTER_BOUND('',#778,.T.);
#477=FACE_OUTER_BOUND('',#779,.T.);
#478=FACE_OUTER_BOUND('',#780,.T.);
#479=FACE_OUTER_BOUND('',#781,.T.);
#480=FACE_OUTER_BOUND('',#782,.T.);
#481=FACE_OUTER_BOUND('',#783,.T.);
#482=FACE_OUTER_BOUND('',#784,.T.);
#483=FACE_OUTER_BOUND('',#785,.T.);
#484=FACE_OUTER_BOUND('',#786,.T.);
#485=FACE_OUTER_BOUND('',#787,.T.);
#486=FACE_OUTER_BOUND('',#788,.T.);
#487=FACE_OUTER_BOUND('',#789,.T.);
#488=FACE_OUTER_BOUND('',#790,.T.);
#489=FACE_OUTER_BOUND('',#791,.T.);
#490=FACE_OUTER_BOUND('',#792,.T.);
#491=FACE_OUTER_BOUND('',#793,.T.);
#492=FACE_OUTER_BOUND('',#794,.T.);
#493=FACE_OUTER_BOUND('',#795,.T.);
#494=FACE_OUTER_BOUND('',#796,.T.);
#495=FACE_OUTER_BOUND('',#797,.T.);
#496=FACE_OUTER_BOUND('',#798,.T.);
#497=FACE_OUTER_BOUND('',#799,.T.);
#498=FACE_OUTER_BOUND('',#800,.T.);
#499=FACE_OUTER_BOUND('',#801,.T.);
#500=FACE_OUTER_BOUND('',#802,.T.);
#501=FACE_OUTER_BOUND('',#803,.T.);
#502=FACE_OUTER_BOUND('',#804,.T.);
#503=FACE_OUTER_BOUND('',#805,.T.);
#504=FACE_OUTER_BOUND('',#806,.T.);
#505=FACE_OUTER_BOUND('',#807,.T.);
#506=FACE_OUTER_BOUND('',#808,.T.);
#507=FACE_OUTER_BOUND('',#809,.T.);
#508=FACE_OUTER_BOUND('',#810,.T.);
#509=FACE_OUTER_BOUND('',#811,.T.);
#510=FACE_OUTER_BOUND('',#812,.T.);
#511=FACE_OUTER_BOUND('',#813,.T.);
#512=FACE_OUTER_BOUND('',#814,.T.);
#513=FACE_OUTER_BOUND('',#815,.T.);
#514=FACE_OUTER_BOUND('',#816,.T.);
#515=FACE_OUTER_BOUND('',#817,.T.);
#516=FACE_OUTER_BOUND('',#818,.T.);
#517=FACE_OUTER_BOUND('',#819,.T.);
#518=FACE_OUTER_BOUND('',#820,.T.);
#519=FACE_OUTER_BOUND('',#821,.T.);
#520=FACE_OUTER_BOUND('',#822,.T.);
#521=FACE_OUTER_BOUND('',#823,.T.);
#522=FACE_OUTER_BOUND('',#824,.T.);
#523=FACE_OUTER_BOUND('',#825,.T.);
#524=FACE_OUTER_BOUND('',#826,.T.);
#525=FACE_OUTER_BOUND('',#827,.T.);
#526=FACE_OUTER_BOUND('',#828,.T.);
#527=FACE_OUTER_BOUND('',#829,.T.);
#528=FACE_OUTER_BOUND('',#830,.T.);
#529=FACE_OUTER_BOUND('',#831,.T.);
#530=FACE_OUTER_BOUND('',#832,.T.);
#531=FACE_OUTER_BOUND('',#833,.T.);
#532=FACE_OUTER_BOUND('',#834,.T.);
#533=FACE_OUTER_BOUND('',#835,.T.);
#534=FACE_OUTER_BOUND('',#836,.T.);
#535=FACE_OUTER_BOUND('',#837,.T.);
#536=FACE_OUTER_BOUND('',#838,.T.);
#537=FACE_OUTER_BOUND('',#839,.T.);
#538=FACE_OUTER_BOUND('',#840,.T.);
#539=FACE_OUTER_BOUND('',#841,.T.);
#540=FACE_OUTER_BOUND('',#842,.T.);
#541=FACE_OUTER_BOUND('',#843,.T.);
#542=FACE_OUTER_BOUND('',#844,.T.);
#543=FACE_OUTER_BOUND('',#845,.T.);
#544=FACE_OUTER_BOUND('',#846,.T.);
#545=FACE_OUTER_BOUND('',#847,.T.);
#546=FACE_OUTER_BOUND('',#848,.T.);
#547=FACE_OUTER_BOUND('',#849,.T.);
#548=FACE_OUTER_BOUND('',#850,.T.);
#549=FACE_OUTER_BOUND('',#851,.T.);
#550=FACE_OUTER_BOUND('',#852,.T.);
#551=FACE_OUTER_BOUND('',#853,.T.);
#552=FACE_OUTER_BOUND('',#854,.T.);
#553=FACE_OUTER_BOUND('',#855,.T.);
#554=FACE_OUTER_BOUND('',#856,.T.);
#555=FACE_OUTER_BOUND('',#857,.T.);
#556=FACE_OUTER_BOUND('',#858,.T.);
#557=FACE_OUTER_BOUND('',#859,.T.);
#558=FACE_OUTER_BOUND('',#860,.T.);
#559=FACE_OUTER_BOUND('',#861,.T.);
#560=FACE_OUTER_BOUND('',#862,.T.);
#561=FACE_OUTER_BOUND('',#863,.T.);
#562=FACE_OUTER_BOUND('',#864,.T.);
#563=FACE_OUTER_BOUND('',#865,.T.);
#564=FACE_OUTER_BOUND('',#866,.T.);
#565=FACE_OUTER_BOUND('',#867,.T.);
#566=FACE_OUTER_BOUND('',#868,.T.);
#567=FACE_OUTER_BOUND('',#869,.T.);
#568=FACE_OUTER_BOUND('',#870,.T.);
#569=FACE_OUTER_BOUND('',#871,.T.);
#570=FACE_OUTER_BOUND('',#872,.T.);
#571=FACE_OUTER_BOUND('',#873,.T.);
#572=FACE_OUTER_BOUND('',#874,.T.);
#573=FACE_OUTER_BOUND('',#875,.T.);
#574=FACE_OUTER_BOUND('',#876,.T.);
#575=FACE_OUTER_BOUND('',#877,.T.);
#576=FACE_OUTER_BOUND('',#878,.T.);
#577=FACE_OUTER_BOUND('',#879,.T.);
#578=FACE_OUTER_BOUND('',#880,.T.);
#579=FACE_OUTER_BOUND('',#881,.T.);
#580=FACE_OUTER_BOUND('',#882,.T.);
#581=FACE_OUTER_BOUND('',#883,.T.);
#582=FACE_OUTER_BOUND('',#884,.T.);
#583=FACE_OUTER_BOUND('',#885,.T.);
#584=FACE_OUTER_BOUND('',#886,.T.);
#585=FACE_OUTER_BOUND('',#887,.T.);
#586=FACE_OUTER_BOUND('',#888,.T.);
#587=FACE_OUTER_BOUND('',#889,.T.);
#588=FACE_OUTER_BOUND('',#890,.T.);
#589=FACE_OUTER_BOUND('',#891,.T.);
#590=FACE_OUTER_BOUND('',#892,.T.);
#591=FACE_OUTER_BOUND('',#893,.T.);
#592=FACE_OUTER_BOUND('',#894,.T.);
#593=FACE_OUTER_BOUND('',#895,.T.);
#594=FACE_OUTER_BOUND('',#896,.T.);
#595=FACE_OUTER_BOUND('',#897,.T.);
#596=FACE_OUTER_BOUND('',#898,.T.);
#597=FACE_OUTER_BOUND('',#899,.T.);
#598=FACE_OUTER_BOUND('',#900,.T.);
#599=FACE_OUTER_BOUND('',#901,.T.);
#600=FACE_OUTER_BOUND('',#902,.T.);
#601=FACE_OUTER_BOUND('',#903,.T.);
#602=FACE_OUTER_BOUND('',#904,.T.);
#603=FACE_OUTER_BOUND('',#905,.T.);
#604=FACE_OUTER_BOUND('',#906,.T.);
#605=FACE_OUTER_BOUND('',#907,.T.);
#606=FACE_OUTER_BOUND('',#908,.T.);
#607=FACE_OUTER_BOUND('',#909,.T.);
#608=FACE_OUTER_BOUND('',#910,.T.);
#609=FACE_OUTER_BOUND('',#911,.T.);
#610=FACE_OUTER_BOUND('',#912,.T.);
#611=FACE_OUTER_BOUND('',#913,.T.);
#612=FACE_OUTER_BOUND('',#914,.T.);
#613=FACE_OUTER_BOUND('',#915,.T.);
#614=FACE_OUTER_BOUND('',#916,.T.);
#615=FACE_OUTER_BOUND('',#917,.T.);
#616=FACE_OUTER_BOUND('',#918,.T.);
#617=FACE_OUTER_BOUND('',#919,.T.);
#618=FACE_OUTER_BOUND('',#920,.T.);
#619=FACE_OUTER_BOUND('',#921,.T.);
#620=FACE_OUTER_BOUND('',#922,.T.);
#621=FACE_OUTER_BOUND('',#923,.T.);
#622=FACE_OUTER_BOUND('',#924,.T.);
#623=FACE_OUTER_BOUND('',#925,.T.);
#624=FACE_OUTER_BOUND('',#926,.T.);
#625=FACE_OUTER_BOUND('',#927,.T.);
#626=FACE_OUTER_BOUND('',#928,.T.);
#627=FACE_OUTER_BOUND('',#929,.T.);
#628=FACE_OUTER_BOUND('',#930,.T.);
#629=FACE_OUTER_BOUND('',#931,.T.);
#630=FACE_OUTER_BOUND('',#932,.T.);
#631=FACE_OUTER_BOUND('',#933,.T.);
#632=FACE_OUTER_BOUND('',#934,.T.);
#633=FACE_OUTER_BOUND('',#935,.T.);
#634=FACE_OUTER_BOUND('',#936,.T.);
#635=FACE_OUTER_BOUND('',#937,.T.);
#636=FACE_OUTER_BOUND('',#938,.T.);
#637=FACE_OUTER_BOUND('',#939,.T.);
#638=FACE_OUTER_BOUND('',#940,.T.);
#639=FACE_OUTER_BOUND('',#941,.T.);
#640=FACE_OUTER_BOUND('',#942,.T.);
#641=FACE_OUTER_BOUND('',#943,.T.);
#642=FACE_OUTER_BOUND('',#944,.T.);
#643=FACE_OUTER_BOUND('',#945,.T.);
#644=FACE_OUTER_BOUND('',#946,.T.);
#645=FACE_OUTER_BOUND('',#947,.T.);
#646=FACE_OUTER_BOUND('',#948,.T.);
#647=FACE_OUTER_BOUND('',#949,.T.);
#648=FACE_OUTER_BOUND('',#950,.T.);
#649=FACE_OUTER_BOUND('',#951,.T.);
#650=FACE_OUTER_BOUND('',#952,.T.);
#651=FACE_OUTER_BOUND('',#953,.T.);
#652=FACE_OUTER_BOUND('',#954,.T.);
#653=FACE_OUTER_BOUND('',#955,.T.);
#654=FACE_OUTER_BOUND('',#956,.T.);
#655=FACE_OUTER_BOUND('',#957,.T.);
#656=FACE_OUTER_BOUND('',#958,.T.);
#657=FACE_OUTER_BOUND('',#959,.T.);
#658=FACE_OUTER_BOUND('',#960,.T.);
#659=FACE_OUTER_BOUND('',#961,.T.);
#660=FACE_OUTER_BOUND('',#962,.T.);
#661=FACE_OUTER_BOUND('',#963,.T.);
#662=FACE_OUTER_BOUND('',#964,.T.);
#663=FACE_OUTER_BOUND('',#965,.T.);
#664=FACE_OUTER_BOUND('',#966,.T.);
#665=FACE_OUTER_BOUND('',#967,.T.);
#666=FACE_OUTER_BOUND('',#968,.T.);
#667=FACE_OUTER_BOUND('',#969,.T.);
#668=FACE_OUTER_BOUND('',#970,.T.);
#669=FACE_OUTER_BOUND('',#971,.T.);
#670=FACE_OUTER_BOUND('',#972,.T.);
#671=FACE_OUTER_BOUND('',#973,.T.);
#672=FACE_OUTER_BOUND('',#974,.T.);
#673=FACE_OUTER_BOUND('',#975,.T.);
#674=FACE_OUTER_BOUND('',#976,.T.);
#675=FACE_OUTER_BOUND('',#977,.T.);
#676=FACE_OUTER_BOUND('',#978,.T.);
#677=FACE_OUTER_BOUND('',#979,.T.);
#678=FACE_OUTER_BOUND('',#980,.T.);
#679=FACE_OUTER_BOUND('',#981,.T.);
#680=FACE_OUTER_BOUND('',#982,.T.);
#681=FACE_OUTER_BOUND('',#983,.T.);
#682=FACE_OUTER_BOUND('',#984,.T.);
#683=FACE_OUTER_BOUND('',#985,.T.);
#684=FACE_OUTER_BOUND('',#986,.T.);
#685=FACE_OUTER_BOUND('',#987,.T.);
#686=FACE_OUTER_BOUND('',#988,.T.);
#687=FACE_OUTER_BOUND('',#989,.T.);
#688=FACE_OUTER_BOUND('',#990,.T.);
#689=FACE_OUTER_BOUND('',#991,.T.);
#690=FACE_OUTER_BOUND('',#992,.T.);
#691=FACE_OUTER_BOUND('',#993,.T.);
#692=FACE_OUTER_BOUND('',#994,.T.);
#693=FACE_OUTER_BOUND('',#997,.T.);
#694=FACE_OUTER_BOUND('',#998,.T.);
#695=FACE_OUTER_BOUND('',#999,.T.);
#696=FACE_OUTER_BOUND('',#1000,.T.);
#697=FACE_OUTER_BOUND('',#1001,.T.);
#698=FACE_OUTER_BOUND('',#1002,.T.);
#699=FACE_OUTER_BOUND('',#1003,.T.);
#700=FACE_OUTER_BOUND('',#1004,.T.);
#701=EDGE_LOOP('',(#2930,#2931,#2932,#2933));
#702=EDGE_LOOP('',(#2934,#2935,#2936,#2937));
#703=EDGE_LOOP('',(#2938,#2939,#2940,#2941));
#704=EDGE_LOOP('',(#2942,#2943,#2944,#2945));
#705=EDGE_LOOP('',(#2946,#2947,#2948,#2949,#2950));
#706=EDGE_LOOP('',(#2951,#2952,#2953,#2954,#2955,#2956));
#707=EDGE_LOOP('',(#2957,#2958,#2959,#2960,#2961));
#708=EDGE_LOOP('',(#2962,#2963,#2964,#2965,#2966));
#709=EDGE_LOOP('',(#2967,#2968,#2969,#2970,#2971));
#710=EDGE_LOOP('',(#2972,#2973,#2974,#2975));
#711=EDGE_LOOP('',(#2976,#2977,#2978,#2979));
#712=EDGE_LOOP('',(#2980,#2981,#2982,#2983));
#713=EDGE_LOOP('',(#2984,#2985,#2986,#2987));
#714=EDGE_LOOP('',(#2988,#2989,#2990,#2991));
#715=EDGE_LOOP('',(#2992,#2993,#2994,#2995));
#716=EDGE_LOOP('',(#2996,#2997,#2998,#2999));
#717=EDGE_LOOP('',(#3000,#3001,#3002,#3003));
#718=EDGE_LOOP('',(#3004,#3005,#3006,#3007));
#719=EDGE_LOOP('',(#3008,#3009,#3010,#3011));
#720=EDGE_LOOP('',(#3012,#3013,#3014,#3015));
#721=EDGE_LOOP('',(#3016,#3017,#3018,#3019));
#722=EDGE_LOOP('',(#3020,#3021,#3022,#3023));
#723=EDGE_LOOP('',(#3024,#3025,#3026,#3027));
#724=EDGE_LOOP('',(#3028,#3029,#3030,#3031));
#725=EDGE_LOOP('',(#3032,#3033,#3034,#3035));
#726=EDGE_LOOP('',(#3036,#3037,#3038,#3039));
#727=EDGE_LOOP('',(#3040,#3041,#3042,#3043));
#728=EDGE_LOOP('',(#3044,#3045,#3046,#3047));
#729=EDGE_LOOP('',(#3048,#3049,#3050,#3051));
#730=EDGE_LOOP('',(#3052,#3053,#3054,#3055));
#731=EDGE_LOOP('',(#3056,#3057,#3058,#3059));
#732=EDGE_LOOP('',(#3060,#3061,#3062,#3063));
#733=EDGE_LOOP('',(#3064,#3065,#3066,#3067));
#734=EDGE_LOOP('',(#3068,#3069,#3070,#3071));
#735=EDGE_LOOP('',(#3072,#3073,#3074,#3075,#3076,#3077,#3078,#3079,#3080,
#3081,#3082,#3083,#3084,#3085,#3086,#3087,#3088,#3089,#3090,#3091,#3092,
#3093,#3094,#3095));
#736=EDGE_LOOP('',(#3096,#3097,#3098,#3099,#3100,#3101,#3102,#3103,#3104,
#3105,#3106,#3107,#3108,#3109,#3110,#3111,#3112,#3113,#3114,#3115,#3116,
#3117,#3118,#3119,#3120,#3121,#3122,#3123,#3124,#3125,#3126,#3127,#3128,
#3129,#3130,#3131));
#737=EDGE_LOOP('',(#3132));
#738=EDGE_LOOP('',(#3133));
#739=EDGE_LOOP('',(#3134));
#740=EDGE_LOOP('',(#3135));
#741=EDGE_LOOP('',(#3136,#3137,#3138,#3139,#3140,#3141,#3142,#3143,#3144,
#3145,#3146,#3147,#3148,#3149,#3150,#3151,#3152,#3153,#3154,#3155,#3156,
#3157,#3158,#3159));
#742=EDGE_LOOP('',(#3160));
#743=EDGE_LOOP('',(#3161));
#744=EDGE_LOOP('',(#3162,#3163,#3164,#3165,#3166,#3167,#3168,#3169,#3170,
#3171,#3172,#3173,#3174,#3175));
#745=EDGE_LOOP('',(#3176,#3177,#3178,#3179,#3180,#3181,#3182));
#746=EDGE_LOOP('',(#3183,#3184,#3185,#3186,#3187,#3188,#3189,#3190,#3191,
#3192,#3193,#3194,#3195,#3196));
#747=EDGE_LOOP('',(#3197,#3198,#3199,#3200,#3201,#3202,#3203));
#748=EDGE_LOOP('',(#3204,#3205,#3206,#3207));
#749=EDGE_LOOP('',(#3208,#3209,#3210,#3211));
#750=EDGE_LOOP('',(#3212,#3213,#3214,#3215,#3216,#3217,#3218,#3219,#3220,
#3221,#3222,#3223,#3224,#3225,#3226,#3227));
#751=EDGE_LOOP('',(#3228,#3229,#3230,#3231));
#752=EDGE_LOOP('',(#3232,#3233,#3234,#3235,#3236,#3237,#3238,#3239));
#753=EDGE_LOOP('',(#3240,#3241,#3242,#3243,#3244,#3245,#3246,#3247));
#754=EDGE_LOOP('',(#3248,#3249,#3250,#3251));
#755=EDGE_LOOP('',(#3252,#3253,#3254,#3255));
#756=EDGE_LOOP('',(#3256,#3257,#3258,#3259,#3260,#3261,#3262,#3263));
#757=EDGE_LOOP('',(#3264,#3265,#3266,#3267));
#758=EDGE_LOOP('',(#3268,#3269,#3270,#3271));
#759=EDGE_LOOP('',(#3272,#3273,#3274,#3275));
#760=EDGE_LOOP('',(#3276,#3277,#3278,#3279));
#761=EDGE_LOOP('',(#3280,#3281,#3282,#3283));
#762=EDGE_LOOP('',(#3284,#3285,#3286,#3287));
#763=EDGE_LOOP('',(#3288,#3289,#3290,#3291,#3292,#3293));
#764=EDGE_LOOP('',(#3294,#3295,#3296,#3297));
#765=EDGE_LOOP('',(#3298,#3299,#3300,#3301));
#766=EDGE_LOOP('',(#3302,#3303,#3304,#3305));
#767=EDGE_LOOP('',(#3306,#3307,#3308,#3309));
#768=EDGE_LOOP('',(#3310,#3311,#3312));
#769=EDGE_LOOP('',(#3313,#3314,#3315,#3316));
#770=EDGE_LOOP('',(#3317,#3318,#3319,#3320,#3321,#3322));
#771=EDGE_LOOP('',(#3323,#3324,#3325,#3326));
#772=EDGE_LOOP('',(#3327,#3328,#3329,#3330,#3331,#3332));
#773=EDGE_LOOP('',(#3333,#3334,#3335));
#774=EDGE_LOOP('',(#3336,#3337,#3338,#3339));
#775=EDGE_LOOP('',(#3340,#3341,#3342,#3343));
#776=EDGE_LOOP('',(#3344,#3345,#3346,#3347));
#777=EDGE_LOOP('',(#3348,#3349,#3350,#3351,#3352));
#778=EDGE_LOOP('',(#3353,#3354,#3355,#3356));
#779=EDGE_LOOP('',(#3357,#3358,#3359,#3360));
#780=EDGE_LOOP('',(#3361,#3362,#3363,#3364,#3365));
#781=EDGE_LOOP('',(#3366,#3367,#3368,#3369));
#782=EDGE_LOOP('',(#3370,#3371,#3372,#3373));
#783=EDGE_LOOP('',(#3374,#3375,#3376,#3377));
#784=EDGE_LOOP('',(#3378,#3379,#3380,#3381));
#785=EDGE_LOOP('',(#3382,#3383,#3384,#3385));
#786=EDGE_LOOP('',(#3386,#3387,#3388,#3389));
#787=EDGE_LOOP('',(#3390,#3391,#3392));
#788=EDGE_LOOP('',(#3393,#3394,#3395,#3396));
#789=EDGE_LOOP('',(#3397,#3398,#3399,#3400));
#790=EDGE_LOOP('',(#3401,#3402,#3403));
#791=EDGE_LOOP('',(#3404,#3405,#3406,#3407,#3408,#3409));
#792=EDGE_LOOP('',(#3410,#3411,#3412,#3413));
#793=EDGE_LOOP('',(#3414,#3415,#3416,#3417));
#794=EDGE_LOOP('',(#3418,#3419,#3420));
#795=EDGE_LOOP('',(#3421,#3422,#3423,#3424));
#796=EDGE_LOOP('',(#3425,#3426,#3427,#3428));
#797=EDGE_LOOP('',(#3429,#3430,#3431));
#798=EDGE_LOOP('',(#3432,#3433,#3434,#3435));
#799=EDGE_LOOP('',(#3436,#3437,#3438,#3439));
#800=EDGE_LOOP('',(#3440,#3441,#3442,#3443));
#801=EDGE_LOOP('',(#3444,#3445,#3446));
#802=EDGE_LOOP('',(#3447,#3448,#3449,#3450));
#803=EDGE_LOOP('',(#3451,#3452,#3453,#3454));
#804=EDGE_LOOP('',(#3455,#3456,#3457));
#805=EDGE_LOOP('',(#3458,#3459,#3460,#3461));
#806=EDGE_LOOP('',(#3462,#3463,#3464));
#807=EDGE_LOOP('',(#3465,#3466,#3467,#3468));
#808=EDGE_LOOP('',(#3469,#3470,#3471));
#809=EDGE_LOOP('',(#3472,#3473,#3474,#3475));
#810=EDGE_LOOP('',(#3476,#3477,#3478,#3479));
#811=EDGE_LOOP('',(#3480,#3481,#3482,#3483));
#812=EDGE_LOOP('',(#3484,#3485,#3486,#3487));
#813=EDGE_LOOP('',(#3488,#3489,#3490,#3491));
#814=EDGE_LOOP('',(#3492,#3493,#3494,#3495));
#815=EDGE_LOOP('',(#3496,#3497,#3498,#3499));
#816=EDGE_LOOP('',(#3500,#3501,#3502,#3503));
#817=EDGE_LOOP('',(#3504,#3505,#3506,#3507));
#818=EDGE_LOOP('',(#3508,#3509,#3510,#3511));
#819=EDGE_LOOP('',(#3512,#3513,#3514,#3515));
#820=EDGE_LOOP('',(#3516,#3517,#3518,#3519));
#821=EDGE_LOOP('',(#3520,#3521,#3522,#3523));
#822=EDGE_LOOP('',(#3524,#3525,#3526));
#823=EDGE_LOOP('',(#3527,#3528,#3529,#3530));
#824=EDGE_LOOP('',(#3531,#3532,#3533,#3534));
#825=EDGE_LOOP('',(#3535,#3536,#3537,#3538));
#826=EDGE_LOOP('',(#3539,#3540,#3541,#3542));
#827=EDGE_LOOP('',(#3543,#3544,#3545,#3546));
#828=EDGE_LOOP('',(#3547,#3548,#3549,#3550));
#829=EDGE_LOOP('',(#3551,#3552,#3553,#3554));
#830=EDGE_LOOP('',(#3555,#3556,#3557));
#831=EDGE_LOOP('',(#3558,#3559,#3560,#3561));
#832=EDGE_LOOP('',(#3562,#3563,#3564,#3565));
#833=EDGE_LOOP('',(#3566,#3567,#3568,#3569));
#834=EDGE_LOOP('',(#3570,#3571,#3572,#3573));
#835=EDGE_LOOP('',(#3574,#3575,#3576,#3577));
#836=EDGE_LOOP('',(#3578,#3579,#3580,#3581));
#837=EDGE_LOOP('',(#3582,#3583,#3584,#3585));
#838=EDGE_LOOP('',(#3586,#3587,#3588,#3589));
#839=EDGE_LOOP('',(#3590,#3591,#3592,#3593));
#840=EDGE_LOOP('',(#3594,#3595,#3596,#3597));
#841=EDGE_LOOP('',(#3598,#3599,#3600,#3601));
#842=EDGE_LOOP('',(#3602,#3603,#3604,#3605));
#843=EDGE_LOOP('',(#3606,#3607,#3608,#3609));
#844=EDGE_LOOP('',(#3610,#3611,#3612,#3613));
#845=EDGE_LOOP('',(#3614,#3615,#3616,#3617));
#846=EDGE_LOOP('',(#3618,#3619,#3620,#3621,#3622));
#847=EDGE_LOOP('',(#3623,#3624,#3625,#3626));
#848=EDGE_LOOP('',(#3627,#3628,#3629,#3630,#3631,#3632));
#849=EDGE_LOOP('',(#3633,#3634,#3635,#3636,#3637,#3638));
#850=EDGE_LOOP('',(#3639,#3640,#3641,#3642,#3643));
#851=EDGE_LOOP('',(#3644,#3645,#3646,#3647,#3648,#3649));
#852=EDGE_LOOP('',(#3650,#3651,#3652,#3653,#3654));
#853=EDGE_LOOP('',(#3655,#3656,#3657,#3658,#3659,#3660));
#854=EDGE_LOOP('',(#3661,#3662,#3663,#3664,#3665));
#855=EDGE_LOOP('',(#3666,#3667,#3668,#3669,#3670,#3671));
#856=EDGE_LOOP('',(#3672,#3673,#3674,#3675,#3676));
#857=EDGE_LOOP('',(#3677,#3678,#3679,#3680));
#858=EDGE_LOOP('',(#3681,#3682,#3683,#3684));
#859=EDGE_LOOP('',(#3685,#3686,#3687));
#860=EDGE_LOOP('',(#3688,#3689,#3690));
#861=EDGE_LOOP('',(#3691,#3692,#3693,#3694));
#862=EDGE_LOOP('',(#3695,#3696,#3697));
#863=EDGE_LOOP('',(#3698,#3699,#3700));
#864=EDGE_LOOP('',(#3701,#3702,#3703,#3704));
#865=EDGE_LOOP('',(#3705,#3706,#3707,#3708));
#866=EDGE_LOOP('',(#3709,#3710,#3711,#3712));
#867=EDGE_LOOP('',(#3713,#3714,#3715,#3716));
#868=EDGE_LOOP('',(#3717,#3718,#3719,#3720));
#869=EDGE_LOOP('',(#3721,#3722,#3723));
#870=EDGE_LOOP('',(#3724,#3725,#3726,#3727));
#871=EDGE_LOOP('',(#3728,#3729,#3730));
#872=EDGE_LOOP('',(#3731,#3732,#3733,#3734));
#873=EDGE_LOOP('',(#3735,#3736,#3737,#3738));
#874=EDGE_LOOP('',(#3739,#3740,#3741));
#875=EDGE_LOOP('',(#3742,#3743,#3744,#3745));
#876=EDGE_LOOP('',(#3746,#3747,#3748));
#877=EDGE_LOOP('',(#3749,#3750,#3751,#3752));
#878=EDGE_LOOP('',(#3753,#3754,#3755,#3756));
#879=EDGE_LOOP('',(#3757,#3758,#3759,#3760));
#880=EDGE_LOOP('',(#3761,#3762,#3763,#3764));
#881=EDGE_LOOP('',(#3765,#3766,#3767,#3768));
#882=EDGE_LOOP('',(#3769,#3770,#3771,#3772));
#883=EDGE_LOOP('',(#3773,#3774,#3775,#3776,#3777,#3778,#3779,#3780));
#884=EDGE_LOOP('',(#3781,#3782,#3783,#3784));
#885=EDGE_LOOP('',(#3785,#3786,#3787,#3788));
#886=EDGE_LOOP('',(#3789,#3790,#3791,#3792));
#887=EDGE_LOOP('',(#3793,#3794,#3795,#3796));
#888=EDGE_LOOP('',(#3797,#3798,#3799,#3800));
#889=EDGE_LOOP('',(#3801,#3802,#3803,#3804));
#890=EDGE_LOOP('',(#3805,#3806,#3807,#3808));
#891=EDGE_LOOP('',(#3809,#3810,#3811,#3812));
#892=EDGE_LOOP('',(#3813,#3814,#3815,#3816));
#893=EDGE_LOOP('',(#3817,#3818,#3819,#3820));
#894=EDGE_LOOP('',(#3821,#3822,#3823,#3824,#3825,#3826,#3827,#3828,#3829,
#3830,#3831,#3832,#3833,#3834,#3835,#3836));
#895=EDGE_LOOP('',(#3837,#3838,#3839,#3840));
#896=EDGE_LOOP('',(#3841,#3842,#3843,#3844));
#897=EDGE_LOOP('',(#3845,#3846,#3847,#3848));
#898=EDGE_LOOP('',(#3849,#3850,#3851,#3852));
#899=EDGE_LOOP('',(#3853,#3854,#3855,#3856));
#900=EDGE_LOOP('',(#3857,#3858,#3859,#3860));
#901=EDGE_LOOP('',(#3861,#3862,#3863,#3864));
#902=EDGE_LOOP('',(#3865,#3866,#3867,#3868));
#903=EDGE_LOOP('',(#3869,#3870,#3871,#3872));
#904=EDGE_LOOP('',(#3873,#3874,#3875,#3876));
#905=EDGE_LOOP('',(#3877,#3878,#3879,#3880));
#906=EDGE_LOOP('',(#3881,#3882,#3883,#3884,#3885));
#907=EDGE_LOOP('',(#3886,#3887,#3888,#3889,#3890,#3891,#3892));
#908=EDGE_LOOP('',(#3893,#3894,#3895,#3896,#3897));
#909=EDGE_LOOP('',(#3898,#3899,#3900,#3901));
#910=EDGE_LOOP('',(#3902,#3903,#3904,#3905,#3906));
#911=EDGE_LOOP('',(#3907,#3908,#3909,#3910));
#912=EDGE_LOOP('',(#3911,#3912,#3913,#3914,#3915));
#913=EDGE_LOOP('',(#3916,#3917,#3918,#3919,#3920));
#914=EDGE_LOOP('',(#3921,#3922,#3923,#3924));
#915=EDGE_LOOP('',(#3925,#3926,#3927,#3928,#3929));
#916=EDGE_LOOP('',(#3930,#3931,#3932,#3933));
#917=EDGE_LOOP('',(#3934,#3935,#3936,#3937,#3938));
#918=EDGE_LOOP('',(#3939,#3940,#3941,#3942,#3943,#3944,#3945));
#919=EDGE_LOOP('',(#3946,#3947,#3948,#3949));
#920=EDGE_LOOP('',(#3950,#3951,#3952,#3953));
#921=EDGE_LOOP('',(#3954,#3955,#3956,#3957));
#922=EDGE_LOOP('',(#3958,#3959,#3960));
#923=EDGE_LOOP('',(#3961,#3962,#3963,#3964));
#924=EDGE_LOOP('',(#3965,#3966,#3967,#3968,#3969,#3970));
#925=EDGE_LOOP('',(#3971,#3972,#3973,#3974));
#926=EDGE_LOOP('',(#3975,#3976,#3977,#3978));
#927=EDGE_LOOP('',(#3979,#3980,#3981,#3982,#3983,#3984));
#928=EDGE_LOOP('',(#3985,#3986,#3987,#3988));
#929=EDGE_LOOP('',(#3989,#3990,#3991));
#930=EDGE_LOOP('',(#3992,#3993,#3994,#3995));
#931=EDGE_LOOP('',(#3996,#3997,#3998,#3999));
#932=EDGE_LOOP('',(#4000,#4001,#4002,#4003));
#933=EDGE_LOOP('',(#4004,#4005,#4006,#4007,#4008,#4009));
#934=EDGE_LOOP('',(#4010,#4011,#4012,#4013));
#935=EDGE_LOOP('',(#4014,#4015,#4016,#4017));
#936=EDGE_LOOP('',(#4018,#4019,#4020,#4021));
#937=EDGE_LOOP('',(#4022,#4023,#4024,#4025));
#938=EDGE_LOOP('',(#4026,#4027,#4028,#4029));
#939=EDGE_LOOP('',(#4030,#4031,#4032));
#940=EDGE_LOOP('',(#4033,#4034,#4035,#4036,#4037,#4038,#4039,#4040,#4041,
#4042,#4043,#4044,#4045,#4046));
#941=EDGE_LOOP('',(#4047,#4048,#4049,#4050,#4051,#4052));
#942=EDGE_LOOP('',(#4053,#4054,#4055));
#943=EDGE_LOOP('',(#4056,#4057,#4058,#4059,#4060,#4061,#4062,#4063,#4064,
#4065,#4066,#4067,#4068,#4069));
#944=EDGE_LOOP('',(#4070,#4071,#4072,#4073));
#945=EDGE_LOOP('',(#4074,#4075,#4076,#4077));
#946=EDGE_LOOP('',(#4078,#4079,#4080,#4081));
#947=EDGE_LOOP('',(#4082,#4083,#4084,#4085));
#948=EDGE_LOOP('',(#4086,#4087,#4088,#4089));
#949=EDGE_LOOP('',(#4090,#4091,#4092,#4093));
#950=EDGE_LOOP('',(#4094,#4095,#4096,#4097));
#951=EDGE_LOOP('',(#4098,#4099,#4100,#4101));
#952=EDGE_LOOP('',(#4102,#4103,#4104,#4105));
#953=EDGE_LOOP('',(#4106,#4107,#4108,#4109));
#954=EDGE_LOOP('',(#4110,#4111,#4112,#4113));
#955=EDGE_LOOP('',(#4114,#4115,#4116,#4117));
#956=EDGE_LOOP('',(#4118,#4119,#4120,#4121));
#957=EDGE_LOOP('',(#4122,#4123,#4124,#4125));
#958=EDGE_LOOP('',(#4126,#4127,#4128,#4129));
#959=EDGE_LOOP('',(#4130,#4131,#4132,#4133));
#960=EDGE_LOOP('',(#4134,#4135,#4136,#4137));
#961=EDGE_LOOP('',(#4138,#4139,#4140,#4141));
#962=EDGE_LOOP('',(#4142,#4143,#4144,#4145,#4146));
#963=EDGE_LOOP('',(#4147,#4148,#4149,#4150,#4151,#4152,#4153,#4154));
#964=EDGE_LOOP('',(#4155,#4156,#4157,#4158));
#965=EDGE_LOOP('',(#4159,#4160,#4161,#4162,#4163));
#966=EDGE_LOOP('',(#4164,#4165,#4166,#4167,#4168));
#967=EDGE_LOOP('',(#4169,#4170,#4171,#4172));
#968=EDGE_LOOP('',(#4173,#4174,#4175,#4176,#4177,#4178,#4179,#4180));
#969=EDGE_LOOP('',(#4181,#4182,#4183,#4184));
#970=EDGE_LOOP('',(#4185,#4186,#4187,#4188,#4189,#4190));
#971=EDGE_LOOP('',(#4191,#4192,#4193,#4194));
#972=EDGE_LOOP('',(#4195,#4196,#4197,#4198));
#973=EDGE_LOOP('',(#4199,#4200,#4201,#4202,#4203,#4204));
#974=EDGE_LOOP('',(#4205,#4206,#4207,#4208));
#975=EDGE_LOOP('',(#4209,#4210,#4211,#4212,#4213));
#976=EDGE_LOOP('',(#4214,#4215,#4216,#4217));
#977=EDGE_LOOP('',(#4218,#4219,#4220,#4221));
#978=EDGE_LOOP('',(#4222,#4223,#4224,#4225));
#979=EDGE_LOOP('',(#4226,#4227,#4228,#4229,#4230));
#980=EDGE_LOOP('',(#4231,#4232,#4233,#4234,#4235));
#981=EDGE_LOOP('',(#4236,#4237,#4238,#4239,#4240));
#982=EDGE_LOOP('',(#4241,#4242,#4243,#4244));
#983=EDGE_LOOP('',(#4245,#4246,#4247,#4248));
#984=EDGE_LOOP('',(#4249,#4250,#4251,#4252));
#985=EDGE_LOOP('',(#4253,#4254,#4255,#4256,#4257));
#986=EDGE_LOOP('',(#4258,#4259,#4260,#4261));
#987=EDGE_LOOP('',(#4262,#4263,#4264,#4265));
#988=EDGE_LOOP('',(#4266,#4267,#4268,#4269,#4270));
#989=EDGE_LOOP('',(#4271,#4272,#4273,#4274));
#990=EDGE_LOOP('',(#4275,#4276,#4277,#4278,#4279));
#991=EDGE_LOOP('',(#4280,#4281,#4282,#4283,#4284));
#992=EDGE_LOOP('',(#4285,#4286,#4287,#4288));
#993=EDGE_LOOP('',(#4289,#4290,#4291,#4292,#4293,#4294));
#994=EDGE_LOOP('',(#4295,#4296,#4297,#4298,#4299,#4300,#4301,#4302,#4303,
#4304,#4305,#4306,#4307,#4308,#4309,#4310,#4311,#4312,#4313,#4314,#4315,
#4316,#4317));
#995=EDGE_LOOP('',(#4318));
#996=EDGE_LOOP('',(#4319));
#997=EDGE_LOOP('',(#4320,#4321,#4322,#4323));
#998=EDGE_LOOP('',(#4324,#4325,#4326,#4327));
#999=EDGE_LOOP('',(#4328,#4329,#4330,#4331));
#1000=EDGE_LOOP('',(#4332,#4333,#4334,#4335));
#1001=EDGE_LOOP('',(#4336,#4337,#4338,#4339));
#1002=EDGE_LOOP('',(#4340,#4341,#4342,#4343));
#1003=EDGE_LOOP('',(#4344,#4345,#4346,#4347,#4348));
#1004=EDGE_LOOP('',(#4349,#4350,#4351,#4352,#4353));
#1005=LINE('',#6470,#1299);
#1006=LINE('',#6476,#1300);
#1007=LINE('',#6482,#1301);
#1008=LINE('',#6488,#1302);
#1009=LINE('',#7521,#1303);
#1010=LINE('',#7522,#1304);
#1011=LINE('',#7534,#1305);
#1012=LINE('',#7535,#1306);
#1013=LINE('',#7541,#1307);
#1014=LINE('',#7544,#1308);
#1015=LINE('',#7865,#1309);
#1016=LINE('',#7868,#1310);
#1017=LINE('',#7872,#1311);
#1018=LINE('',#7876,#1312);
#1019=LINE('',#7880,#1313);
#1020=LINE('',#7882,#1314);
#1021=LINE('',#7885,#1315);
#1022=LINE('',#7887,#1316);
#1023=LINE('',#7891,#1317);
#1024=LINE('',#7894,#1318);
#1025=LINE('',#7897,#1319);
#1026=LINE('',#7900,#1320);
#1027=LINE('',#7902,#1321);
#1028=LINE('',#7905,#1322);
#1029=LINE('',#7908,#1323);
#1030=LINE('',#7912,#1324);
#1031=LINE('',#7916,#1325);
#1032=LINE('',#7920,#1326);
#1033=LINE('',#7924,#1327);
#1034=LINE('',#7928,#1328);
#1035=LINE('',#7932,#1329);
#1036=LINE('',#7936,#1330);
#1037=LINE('',#7940,#1331);
#1038=LINE('',#7944,#1332);
#1039=LINE('',#7948,#1333);
#1040=LINE('',#7952,#1334);
#1041=LINE('',#7956,#1335);
#1042=LINE('',#7960,#1336);
#1043=LINE('',#7964,#1337);
#1044=LINE('',#7968,#1338);
#1045=LINE('',#7972,#1339);
#1046=LINE('',#7976,#1340);
#1047=LINE('',#7981,#1341);
#1048=LINE('',#7983,#1342);
#1049=LINE('',#7986,#1343);
#1050=LINE('',#7988,#1344);
#1051=LINE('',#7999,#1345);
#1052=LINE('',#8003,#1346);
#1053=LINE('',#8024,#1347);
#1054=LINE('',#8044,#1348);
#1055=LINE('',#8048,#1349);
#1056=LINE('',#8064,#1350);
#1057=LINE('',#8083,#1351);
#1058=LINE('',#8099,#1352);
#1059=LINE('',#8101,#1353);
#1060=LINE('',#8140,#1354);
#1061=LINE('',#8142,#1355);
#1062=LINE('',#8145,#1356);
#1063=LINE('',#8146,#1357);
#1064=LINE('',#8147,#1358);
#1065=LINE('',#8151,#1359);
#1066=LINE('',#8152,#1360);
#1067=LINE('',#8154,#1361);
#1068=LINE('',#8194,#1362);
#1069=LINE('',#8195,#1363);
#1070=LINE('',#8198,#1364);
#1071=LINE('',#8200,#1365);
#1072=LINE('',#8203,#1366);
#1073=LINE('',#8205,#1367);
#1074=LINE('',#8245,#1368);
#1075=LINE('',#8247,#1369);
#1076=LINE('',#8263,#1370);
#1077=LINE('',#8278,#1371);
#1078=LINE('',#8282,#1372);
#1079=LINE('',#8321,#1373);
#1080=LINE('',#8323,#1374);
#1081=LINE('',#8325,#1375);
#1082=LINE('',#8326,#1376);
#1083=LINE('',#8329,#1377);
#1084=LINE('',#8331,#1378);
#1085=LINE('',#8332,#1379);
#1086=LINE('',#8335,#1380);
#1087=LINE('',#8336,#1381);
#1088=LINE('',#8337,#1382);
#1089=LINE('',#8340,#1383);
#1090=LINE('',#8361,#1384);
#1091=LINE('',#8363,#1385);
#1092=LINE('',#8384,#1386);
#1093=LINE('',#8386,#1387);
#1094=LINE('',#8388,#1388);
#1095=LINE('',#8391,#1389);
#1096=LINE('',#8393,#1390);
#1097=LINE('',#8415,#1391);
#1098=LINE('',#8417,#1392);
#1099=LINE('',#8418,#1393);
#1100=LINE('',#8435,#1394);
#1101=LINE('',#8437,#1395);
#1102=LINE('',#8439,#1396);
#1103=LINE('',#8442,#1397);
#1104=LINE('',#8443,#1398);
#1105=LINE('',#8446,#1399);
#1106=LINE('',#8449,#1400);
#1107=LINE('',#8451,#1401);
#1108=LINE('',#8453,#1402);
#1109=LINE('',#8468,#1403);
#1110=LINE('',#8471,#1404);
#1111=LINE('',#8472,#1405);
#1112=LINE('',#8474,#1406);
#1113=LINE('',#8475,#1407);
#1114=LINE('',#8479,#1408);
#1115=LINE('',#8480,#1409);
#1116=LINE('',#8481,#1410);
#1117=LINE('',#8498,#1411);
#1118=LINE('',#8500,#1412);
#1119=LINE('',#8502,#1413);
#1120=LINE('',#8516,#1414);
#1121=LINE('',#8520,#1415);
#1122=LINE('',#8521,#1416);
#1123=LINE('',#8522,#1417);
#1124=LINE('',#8526,#1418);
#1125=LINE('',#8527,#1419);
#1126=LINE('',#8528,#1420);
#1127=LINE('',#8532,#1421);
#1128=LINE('',#8534,#1422);
#1129=LINE('',#8536,#1423);
#1130=LINE('',#8537,#1424);
#1131=LINE('',#8540,#1425);
#1132=LINE('',#8542,#1426);
#1133=LINE('',#8543,#1427);
#1134=LINE('',#8547,#1428);
#1135=LINE('',#8548,#1429);
#1136=LINE('',#8549,#1430);
#1137=LINE('',#8553,#1431);
#1138=LINE('',#8555,#1432);
#1139=LINE('',#8557,#1433);
#1140=LINE('',#8558,#1434);
#1141=LINE('',#9210,#1435);
#1142=LINE('',#9212,#1436);
#1143=LINE('',#9213,#1437);
#1144=LINE('',#9216,#1438);
#1145=LINE('',#9218,#1439);
#1146=LINE('',#9219,#1440);
#1147=LINE('',#9223,#1441);
#1148=LINE('',#9225,#1442);
#1149=LINE('',#9226,#1443);
#1150=LINE('',#9229,#1444);
#1151=LINE('',#9231,#1445);
#1152=LINE('',#9232,#1446);
#1153=LINE('',#9771,#1447);
#1154=LINE('',#9779,#1448);
#1155=LINE('',#9780,#1449);
#1156=LINE('',#9790,#1450);
#1157=LINE('',#9805,#1451);
#1158=LINE('',#9820,#1452);
#1159=LINE('',#9830,#1453);
#1160=LINE('',#9831,#1454);
#1161=LINE('',#9834,#1455);
#1162=LINE('',#9860,#1456);
#1163=LINE('',#9863,#1457);
#1164=LINE('',#9864,#1458);
#1165=LINE('',#9879,#1459);
#1166=LINE('',#9880,#1460);
#1167=LINE('',#9882,#1461);
#1168=LINE('',#9884,#1462);
#1169=LINE('',#9892,#1463);
#1170=LINE('',#9894,#1464);
#1171=LINE('',#9896,#1465);
#1172=LINE('',#9897,#1466);
#1173=LINE('',#9900,#1467);
#1174=LINE('',#9903,#1468);
#1175=LINE('',#9907,#1469);
#1176=LINE('',#9909,#1470);
#1177=LINE('',#9911,#1471);
#1178=LINE('',#9912,#1472);
#1179=LINE('',#9923,#1473);
#1180=LINE('',#9924,#1474);
#1181=LINE('',#9925,#1475);
#1182=LINE('',#9928,#1476);
#1183=LINE('',#9931,#1477);
#1184=LINE('',#9935,#1478);
#1185=LINE('',#9937,#1479);
#1186=LINE('',#9938,#1480);
#1187=LINE('',#9948,#1481);
#1188=LINE('',#9950,#1482);
#1189=LINE('',#9952,#1483);
#1190=LINE('',#9953,#1484);
#1191=LINE('',#9957,#1485);
#1192=LINE('',#10104,#1486);
#1193=LINE('',#10118,#1487);
#1194=LINE('',#10127,#1488);
#1195=LINE('',#10134,#1489);
#1196=LINE('',#10158,#1490);
#1197=LINE('',#10167,#1491);
#1198=LINE('',#10174,#1492);
#1199=LINE('',#10188,#1493);
#1200=LINE('',#10298,#1494);
#1201=LINE('',#10447,#1495);
#1202=LINE('',#10449,#1496);
#1203=LINE('',#10451,#1497);
#1204=LINE('',#10505,#1498);
#1205=LINE('',#10506,#1499);
#1206=LINE('',#10612,#1500);
#1207=LINE('',#10660,#1501);
#1208=LINE('',#10661,#1502);
#1209=LINE('',#10665,#1503);
#1210=LINE('',#10740,#1504);
#1211=LINE('',#10743,#1505);
#1212=LINE('',#10746,#1506);
#1213=LINE('',#10748,#1507);
#1214=LINE('',#10751,#1508);
#1215=LINE('',#10752,#1509);
#1216=LINE('',#10755,#1510);
#1217=LINE('',#10756,#1511);
#1218=LINE('',#10846,#1512);
#1219=LINE('',#10849,#1513);
#1220=LINE('',#10851,#1514);
#1221=LINE('',#10899,#1515);
#1222=LINE('',#10948,#1516);
#1223=LINE('',#10969,#1517);
#1224=LINE('',#10990,#1518);
#1225=LINE('',#10993,#1519);
#1226=LINE('',#10994,#1520);
#1227=LINE('',#10997,#1521);
#1228=LINE('',#10999,#1522);
#1229=LINE('',#11000,#1523);
#1230=LINE('',#11022,#1524);
#1231=LINE('',#11024,#1525);
#1232=LINE('',#11025,#1526);
#1233=LINE('',#11047,#1527);
#1234=LINE('',#11050,#1528);
#1235=LINE('',#11051,#1529);
#1236=LINE('',#11063,#1530);
#1237=LINE('',#11066,#1531);
#1238=LINE('',#11086,#1532);
#1239=LINE('',#11088,#1533);
#1240=LINE('',#11089,#1534);
#1241=LINE('',#11111,#1535);
#1242=LINE('',#11113,#1536);
#1243=LINE('',#11114,#1537);
#1244=LINE('',#11136,#1538);
#1245=LINE('',#11139,#1539);
#1246=LINE('',#11140,#1540);
#1247=LINE('',#11144,#1541);
#1248=LINE('',#11147,#1542);
#1249=LINE('',#11148,#1543);
#1250=LINE('',#11170,#1544);
#1251=LINE('',#11300,#1545);
#1252=LINE('',#11302,#1546);
#1253=LINE('',#11305,#1547);
#1254=LINE('',#11335,#1548);
#1255=LINE('',#11528,#1549);
#1256=LINE('',#11545,#1550);
#1257=LINE('',#11547,#1551);
#1258=LINE('',#11550,#1552);
#1259=LINE('',#11623,#1553);
#1260=LINE('',#11789,#1554);
#1261=LINE('',#11790,#1555);
#1262=LINE('',#11792,#1556);
#1263=LINE('',#11793,#1557);
#1264=LINE('',#11836,#1558);
#1265=LINE('',#11938,#1559);
#1266=LINE('',#11939,#1560);
#1267=LINE('',#11941,#1561);
#1268=LINE('',#11942,#1562);
#1269=LINE('',#12065,#1563);
#1270=LINE('',#12106,#1564);
#1271=LINE('',#12154,#1565);
#1272=LINE('',#12173,#1566);
#1273=LINE('',#12209,#1567);
#1274=LINE('',#12230,#1568);
#1275=LINE('',#12232,#1569);
#1276=LINE('',#12233,#1570);
#1277=LINE('',#12235,#1571);
#1278=LINE('',#12236,#1572);
#1279=LINE('',#12239,#1573);
#1280=LINE('',#12283,#1574);
#1281=LINE('',#12286,#1575);
#1282=LINE('',#12287,#1576);
#1283=LINE('',#12290,#1577);
#1284=LINE('',#12291,#1578);
#1285=LINE('',#12319,#1579);
#1286=LINE('',#12321,#1580);
#1287=LINE('',#12322,#1581);
#1288=LINE('',#12328,#1582);
#1289=LINE('',#12330,#1583);
#1290=LINE('',#12348,#1584);
#1291=LINE('',#12349,#1585);
#1292=LINE('',#12351,#1586);
#1293=LINE('',#12574,#1587);
#1294=LINE('',#12576,#1588);
#1295=LINE('',#12579,#1589);
#1296=LINE('',#12581,#1590);
#1297=LINE('',#12584,#1591);
#1298=LINE('',#12585,#1592);
#1299=VECTOR('',#5255,0.0642499999999997);
#1300=VECTOR('',#5262,0.0642499999999997);
#1301=VECTOR('',#5269,0.0642499999999997);
#1302=VECTOR('',#5276,0.0642499999999997);
#1303=VECTOR('',#5383,39.3700787401575);
#1304=VECTOR('',#5384,39.3700787401575);
#1305=VECTOR('',#5387,39.3700787401575);
#1306=VECTOR('',#5388,39.3700787401575);
#1307=VECTOR('',#5393,39.3700787401575);
#1308=VECTOR('',#5396,39.3700787401575);
#1309=VECTOR('',#5429,39.3700787401575);
#1310=VECTOR('',#5432,39.3700787401575);
#1311=VECTOR('',#5435,39.3700787401575);
#1312=VECTOR('',#5438,39.3700787401575);
#1313=VECTOR('',#5441,39.3700787401575);
#1314=VECTOR('',#5442,39.3700787401575);
#1315=VECTOR('',#5445,39.3700787401575);
#1316=VECTOR('',#5446,39.3700787401575);
#1317=VECTOR('',#5449,39.3700787401575);
#1318=VECTOR('',#5452,39.3700787401575);
#1319=VECTOR('',#5455,39.3700787401575);
#1320=VECTOR('',#5458,39.3700787401575);
#1321=VECTOR('',#5459,39.3700787401575);
#1322=VECTOR('',#5462,39.3700787401575);
#1323=VECTOR('',#5463,39.3700787401575);
#1324=VECTOR('',#5466,39.3700787401575);
#1325=VECTOR('',#5469,39.3700787401575);
#1326=VECTOR('',#5472,39.3700787401575);
#1327=VECTOR('',#5475,39.3700787401575);
#1328=VECTOR('',#5478,39.3700787401575);
#1329=VECTOR('',#5481,39.3700787401575);
#1330=VECTOR('',#5484,39.3700787401575);
#1331=VECTOR('',#5487,39.3700787401575);
#1332=VECTOR('',#5490,39.3700787401575);
#1333=VECTOR('',#5493,39.3700787401575);
#1334=VECTOR('',#5496,39.3700787401575);
#1335=VECTOR('',#5499,39.3700787401575);
#1336=VECTOR('',#5502,39.3700787401575);
#1337=VECTOR('',#5505,39.3700787401575);
#1338=VECTOR('',#5508,39.3700787401575);
#1339=VECTOR('',#5511,39.3700787401575);
#1340=VECTOR('',#5514,39.3700787401575);
#1341=VECTOR('',#5519,39.3700787401575);
#1342=VECTOR('',#5520,39.3700787401575);
#1343=VECTOR('',#5523,39.3700787401575);
#1344=VECTOR('',#5524,39.3700787401575);
#1345=VECTOR('',#5525,39.3700787401575);
#1346=VECTOR('',#5528,39.3700787401575);
#1347=VECTOR('',#5529,39.3700787401575);
#1348=VECTOR('',#5530,39.3700787401575);
#1349=VECTOR('',#5533,39.3700787401575);
#1350=VECTOR('',#5534,39.3700787401575);
#1351=VECTOR('',#5539,39.3700787401575);
#1352=VECTOR('',#5540,39.3700787401575);
#1353=VECTOR('',#5541,39.3700787401575);
#1354=VECTOR('',#5542,39.3700787401575);
#1355=VECTOR('',#5543,39.3700787401575);
#1356=VECTOR('',#5546,39.3700787401575);
#1357=VECTOR('',#5547,39.3700787401575);
#1358=VECTOR('',#5548,39.3700787401575);
#1359=VECTOR('',#5551,39.3700787401575);
#1360=VECTOR('',#5552,39.3700787401575);
#1361=VECTOR('',#5553,39.3700787401575);
#1362=VECTOR('',#5554,39.3700787401575);
#1363=VECTOR('',#5555,39.3700787401575);
#1364=VECTOR('',#5558,39.3700787401575);
#1365=VECTOR('',#5559,39.3700787401575);
#1366=VECTOR('',#5562,39.3700787401575);
#1367=VECTOR('',#5563,39.3700787401575);
#1368=VECTOR('',#5564,39.3700787401575);
#1369=VECTOR('',#5565,39.3700787401575);
#1370=VECTOR('',#5566,39.3700787401575);
#1371=VECTOR('',#5567,39.3700787401575);
#1372=VECTOR('',#5570,39.3700787401575);
#1373=VECTOR('',#5571,39.3700787401575);
#1374=VECTOR('',#5572,39.3700787401575);
#1375=VECTOR('',#5573,39.3700787401575);
#1376=VECTOR('',#5574,39.3700787401575);
#1377=VECTOR('',#5577,39.3700787401575);
#1378=VECTOR('',#5578,39.3700787401575);
#1379=VECTOR('',#5579,39.3700787401575);
#1380=VECTOR('',#5582,39.3700787401575);
#1381=VECTOR('',#5583,39.3700787401575);
#1382=VECTOR('',#5584,39.3700787401575);
#1383=VECTOR('',#5587,39.3700787401575);
#1384=VECTOR('',#5588,39.3700787401575);
#1385=VECTOR('',#5589,39.3700787401575);
#1386=VECTOR('',#5590,39.3700787401575);
#1387=VECTOR('',#5591,39.3700787401575);
#1388=VECTOR('',#5592,39.3700787401575);
#1389=VECTOR('',#5595,39.3700787401575);
#1390=VECTOR('',#5596,39.3700787401575);
#1391=VECTOR('',#5599,39.3700787401575);
#1392=VECTOR('',#5600,39.3700787401575);
#1393=VECTOR('',#5601,39.3700787401575);
#1394=VECTOR('',#5604,39.3700787401575);
#1395=VECTOR('',#5605,39.3700787401575);
#1396=VECTOR('',#5606,39.3700787401575);
#1397=VECTOR('',#5609,39.3700787401575);
#1398=VECTOR('',#5610,39.3700787401575);
#1399=VECTOR('',#5613,39.3700787401575);
#1400=VECTOR('',#5616,39.3700787401575);
#1401=VECTOR('',#5617,39.3700787401575);
#1402=VECTOR('',#5618,39.3700787401575);
#1403=VECTOR('',#5619,39.3700787401575);
#1404=VECTOR('',#5622,39.3700787401575);
#1405=VECTOR('',#5623,39.3700787401575);
#1406=VECTOR('',#5624,39.3700787401575);
#1407=VECTOR('',#5625,39.3700787401575);
#1408=VECTOR('',#5628,39.3700787401575);
#1409=VECTOR('',#5629,39.3700787401575);
#1410=VECTOR('',#5630,39.3700787401575);
#1411=VECTOR('',#5633,39.3700787401575);
#1412=VECTOR('',#5634,39.3700787401575);
#1413=VECTOR('',#5635,39.3700787401575);
#1414=VECTOR('',#5636,39.3700787401575);
#1415=VECTOR('',#5639,39.3700787401575);
#1416=VECTOR('',#5640,39.3700787401575);
#1417=VECTOR('',#5641,39.3700787401575);
#1418=VECTOR('',#5644,39.3700787401575);
#1419=VECTOR('',#5645,39.3700787401575);
#1420=VECTOR('',#5646,39.3700787401575);
#1421=VECTOR('',#5649,39.3700787401575);
#1422=VECTOR('',#5650,39.3700787401575);
#1423=VECTOR('',#5651,39.3700787401575);
#1424=VECTOR('',#5652,39.3700787401575);
#1425=VECTOR('',#5655,39.3700787401575);
#1426=VECTOR('',#5656,39.3700787401575);
#1427=VECTOR('',#5657,39.3700787401575);
#1428=VECTOR('',#5660,39.3700787401575);
#1429=VECTOR('',#5661,39.3700787401575);
#1430=VECTOR('',#5662,39.3700787401575);
#1431=VECTOR('',#5665,39.3700787401575);
#1432=VECTOR('',#5666,39.3700787401575);
#1433=VECTOR('',#5667,39.3700787401575);
#1434=VECTOR('',#5668,39.3700787401575);
#1435=VECTOR('',#5789,39.3700787401575);
#1436=VECTOR('',#5790,39.3700787401575);
#1437=VECTOR('',#5791,39.3700787401575);
#1438=VECTOR('',#5794,39.3700787401575);
#1439=VECTOR('',#5795,39.3700787401575);
#1440=VECTOR('',#5796,39.3700787401575);
#1441=VECTOR('',#5799,39.3700787401575);
#1442=VECTOR('',#5800,39.3700787401575);
#1443=VECTOR('',#5801,39.3700787401575);
#1444=VECTOR('',#5804,39.3700787401575);
#1445=VECTOR('',#5805,39.3700787401575);
#1446=VECTOR('',#5806,39.3700787401575);
#1447=VECTOR('',#5909,39.3700787401575);
#1448=VECTOR('',#5912,39.3700787401575);
#1449=VECTOR('',#5913,39.3700787401575);
#1450=VECTOR('',#5914,39.3700787401575);
#1451=VECTOR('',#5917,39.3700787401575);
#1452=VECTOR('',#5922,39.3700787401575);
#1453=VECTOR('',#5925,39.3700787401575);
#1454=VECTOR('',#5926,39.3700787401575);
#1455=VECTOR('',#5929,39.3700787401575);
#1456=VECTOR('',#5932,39.3700787401575);
#1457=VECTOR('',#5937,39.3700787401575);
#1458=VECTOR('',#5938,39.3700787401575);
#1459=VECTOR('',#5941,39.3700787401575);
#1460=VECTOR('',#5942,39.3700787401575);
#1461=VECTOR('',#5945,39.3700787401575);
#1462=VECTOR('',#5946,39.3700787401575);
#1463=VECTOR('',#5947,39.3700787401575);
#1464=VECTOR('',#5950,39.3700787401575);
#1465=VECTOR('',#5951,39.3700787401575);
#1466=VECTOR('',#5952,39.3700787401575);
#1467=VECTOR('',#5955,39.3700787401575);
#1468=VECTOR('',#5958,39.3700787401575);
#1469=VECTOR('',#5961,39.3700787401575);
#1470=VECTOR('',#5962,39.3700787401575);
#1471=VECTOR('',#5963,39.3700787401575);
#1472=VECTOR('',#5964,39.3700787401575);
#1473=VECTOR('',#5975,39.3700787401575);
#1474=VECTOR('',#5976,39.3700787401575);
#1475=VECTOR('',#5977,39.3700787401575);
#1476=VECTOR('',#5980,39.3700787401575);
#1477=VECTOR('',#5983,39.3700787401575);
#1478=VECTOR('',#5986,39.3700787401575);
#1479=VECTOR('',#5987,39.3700787401575);
#1480=VECTOR('',#5988,39.3700787401575);
#1481=VECTOR('',#5999,39.3700787401575);
#1482=VECTOR('',#6000,39.3700787401575);
#1483=VECTOR('',#6001,39.3700787401575);
#1484=VECTOR('',#6002,39.3700787401575);
#1485=VECTOR('',#6005,39.3700787401575);
#1486=VECTOR('',#6012,39.3700787401575);
#1487=VECTOR('',#6015,39.3700787401575);
#1488=VECTOR('',#6028,39.3700787401575);
#1489=VECTOR('',#6037,39.3700787401575);
#1490=VECTOR('',#6040,39.3700787401575);
#1491=VECTOR('',#6053,39.3700787401575);
#1492=VECTOR('',#6062,39.3700787401575);
#1493=VECTOR('',#6067,39.3700787401575);
#1494=VECTOR('',#6072,39.3700787401575);
#1495=VECTOR('',#6077,39.3700787401575);
#1496=VECTOR('',#6078,39.3700787401575);
#1497=VECTOR('',#6079,39.3700787401575);
#1498=VECTOR('',#6084,39.3700787401575);
#1499=VECTOR('',#6085,39.3700787401575);
#1500=VECTOR('',#6092,39.3700787401575);
#1501=VECTOR('',#6099,39.3700787401575);
#1502=VECTOR('',#6100,39.3700787401575);
#1503=VECTOR('',#6105,39.3700787401575);
#1504=VECTOR('',#6112,39.3700787401575);
#1505=VECTOR('',#6115,39.3700787401575);
#1506=VECTOR('',#6118,39.3700787401575);
#1507=VECTOR('',#6119,39.3700787401575);
#1508=VECTOR('',#6122,39.3700787401575);
#1509=VECTOR('',#6123,39.3700787401575);
#1510=VECTOR('',#6126,39.3700787401575);
#1511=VECTOR('',#6127,39.3700787401575);
#1512=VECTOR('',#6140,39.3700787401575);
#1513=VECTOR('',#6143,39.3700787401575);
#1514=VECTOR('',#6146,39.3700787401575);
#1515=VECTOR('',#6151,39.3700787401575);
#1516=VECTOR('',#6158,39.3700787401575);
#1517=VECTOR('',#6169,39.3700787401575);
#1518=VECTOR('',#6170,39.3700787401575);
#1519=VECTOR('',#6173,39.3700787401575);
#1520=VECTOR('',#6174,39.3700787401575);
#1521=VECTOR('',#6179,39.3700787401575);
#1522=VECTOR('',#6182,39.3700787401575);
#1523=VECTOR('',#6183,39.3700787401575);
#1524=VECTOR('',#6186,39.3700787401575);
#1525=VECTOR('',#6189,39.3700787401575);
#1526=VECTOR('',#6190,39.3700787401575);
#1527=VECTOR('',#6193,39.3700787401575);
#1528=VECTOR('',#6196,39.3700787401575);
#1529=VECTOR('',#6197,39.3700787401575);
#1530=VECTOR('',#6200,39.3700787401575);
#1531=VECTOR('',#6203,39.3700787401575);
#1532=VECTOR('',#6204,39.3700787401575);
#1533=VECTOR('',#6207,39.3700787401575);
#1534=VECTOR('',#6208,39.3700787401575);
#1535=VECTOR('',#6211,39.3700787401575);
#1536=VECTOR('',#6214,39.3700787401575);
#1537=VECTOR('',#6215,39.3700787401575);
#1538=VECTOR('',#6218,39.3700787401575);
#1539=VECTOR('',#6221,39.3700787401575);
#1540=VECTOR('',#6222,39.3700787401575);
#1541=VECTOR('',#6227,39.3700787401575);
#1542=VECTOR('',#6230,39.3700787401575);
#1543=VECTOR('',#6231,39.3700787401575);
#1544=VECTOR('',#6234,39.3700787401575);
#1545=VECTOR('',#6241,39.3700787401575);
#1546=VECTOR('',#6244,39.3700787401575);
#1547=VECTOR('',#6247,39.3700787401575);
#1548=VECTOR('',#6254,39.3700787401575);
#1549=VECTOR('',#6261,39.3700787401575);
#1550=VECTOR('',#6268,39.3700787401575);
#1551=VECTOR('',#6271,39.3700787401575);
#1552=VECTOR('',#6274,39.3700787401575);
#1553=VECTOR('',#6283,39.3700787401575);
#1554=VECTOR('',#6288,39.3700787401575);
#1555=VECTOR('',#6289,39.3700787401575);
#1556=VECTOR('',#6290,39.3700787401575);
#1557=VECTOR('',#6291,39.3700787401575);
#1558=VECTOR('',#6294,39.3700787401575);
#1559=VECTOR('',#6297,39.3700787401575);
#1560=VECTOR('',#6298,39.3700787401575);
#1561=VECTOR('',#6299,39.3700787401575);
#1562=VECTOR('',#6300,39.3700787401575);
#1563=VECTOR('',#6325,39.3700787401575);
#1564=VECTOR('',#6330,39.3700787401575);
#1565=VECTOR('',#6335,39.3700787401575);
#1566=VECTOR('',#6344,39.3700787401575);
#1567=VECTOR('',#6351,39.3700787401575);
#1568=VECTOR('',#6352,39.3700787401575);
#1569=VECTOR('',#6355,39.3700787401575);
#1570=VECTOR('',#6356,39.3700787401575);
#1571=VECTOR('',#6359,39.3700787401575);
#1572=VECTOR('',#6360,39.3700787401575);
#1573=VECTOR('',#6363,39.3700787401575);
#1574=VECTOR('',#6366,39.3700787401575);
#1575=VECTOR('',#6369,39.3700787401575);
#1576=VECTOR('',#6370,39.3700787401575);
#1577=VECTOR('',#6373,39.3700787401575);
#1578=VECTOR('',#6374,39.3700787401575);
#1579=VECTOR('',#6381,39.3700787401575);
#1580=VECTOR('',#6384,39.3700787401575);
#1581=VECTOR('',#6385,39.3700787401575);
#1582=VECTOR('',#6394,39.3700787401575);
#1583=VECTOR('',#6397,39.3700787401575);
#1584=VECTOR('',#6404,39.3700787401575);
#1585=VECTOR('',#6405,39.3700787401575);
#1586=VECTOR('',#6408,39.3700787401575);
#1587=VECTOR('',#6441,39.3700787401575);
#1588=VECTOR('',#6442,39.3700787401575);
#1589=VECTOR('',#6447,39.3700787401575);
#1590=VECTOR('',#6450,39.3700787401575);
#1591=VECTOR('',#6455,39.3700787401575);
#1592=VECTOR('',#6456,39.3700787401575);
#1593=CIRCLE('',#4790,0.0642499999999997);
#1594=CIRCLE('',#4791,0.0642499999999997);
#1595=CIRCLE('',#4793,0.0642499999999997);
#1596=CIRCLE('',#4794,0.0642499999999997);
#1597=CIRCLE('',#4796,0.0642499999999997);
#1598=CIRCLE('',#4797,0.0642499999999997);
#1599=CIRCLE('',#4799,0.0642499999999997);
#1600=CIRCLE('',#4800,0.0642499999999997);
#1601=CIRCLE('',#4801,0.0749999999999998);
#1602=CIRCLE('',#4802,0.0749999999999999);
#1603=CIRCLE('',#4804,0.0749999999999998);
#1604=CIRCLE('',#4805,0.075);
#1605=CIRCLE('',#4807,0.0750000000000002);
#1606=CIRCLE('',#4808,0.075);
#1607=CIRCLE('',#4809,0.0750000000000001);
#1608=CIRCLE('',#4810,0.075);
#1609=CIRCLE('',#4811,0.0750000000000002);
#1610=CIRCLE('',#4812,0.075);
#1611=CIRCLE('',#4814,0.0750000000000001);
#1612=CIRCLE('',#4815,0.075);
#1613=CIRCLE('',#4816,0.0750000000000002);
#1614=CIRCLE('',#4818,0.075);
#1615=CIRCLE('',#4819,0.0750000000000002);
#1616=CIRCLE('',#4820,0.075);
#1617=CIRCLE('',#4821,0.0750000000000002);
#1618=CIRCLE('',#4822,0.075);
#1619=CIRCLE('',#4824,0.0749999999999998);
#1620=CIRCLE('',#4826,0.075);
#1621=CIRCLE('',#4827,0.0750000000000001);
#1622=CIRCLE('',#4828,0.075);
#1623=CIRCLE('',#4829,0.075);
#1624=CIRCLE('',#4830,0.075);
#1625=CIRCLE('',#4831,0.0750000000000001);
#1626=CIRCLE('',#4832,0.075);
#1627=CIRCLE('',#4834,0.0749999999999999);
#1628=CIRCLE('',#4835,0.0449394953923507);
#1629=CIRCLE('',#4836,0.075);
#1630=CIRCLE('',#4838,0.2);
#1631=CIRCLE('',#4839,0.249990622076824);
#1632=CIRCLE('',#4840,0.2);
#1633=CIRCLE('',#4842,0.2);
#1634=CIRCLE('',#4843,0.2);
#1635=CIRCLE('',#4844,0.12);
#1636=CIRCLE('',#4845,0.12);
#1637=CIRCLE('',#4846,0.2);
#1638=CIRCLE('',#4847,0.2);
#1639=CIRCLE('',#4848,0.2);
#1640=CIRCLE('',#4849,0.2);
#1641=CIRCLE('',#4850,0.12);
#1642=CIRCLE('',#4851,0.12);
#1643=CIRCLE('',#4855,1.51);
#1644=CIRCLE('',#4856,1.51);
#1645=CIRCLE('',#4857,0.1825);
#1646=CIRCLE('',#4858,0.1825);
#1647=CIRCLE('',#4859,0.1825);
#1648=CIRCLE('',#4860,0.1825);
#1649=CIRCLE('',#4862,0.1375);
#1650=CIRCLE('',#4863,0.187487496915638);
#1651=CIRCLE('',#4864,0.1375);
#1652=CIRCLE('',#4865,0.1375);
#1653=CIRCLE('',#4866,0.1375);
#1654=CIRCLE('',#4867,0.1375);
#1655=CIRCLE('',#4868,0.1375);
#1656=CIRCLE('',#4869,0.1375);
#1657=CIRCLE('',#4870,0.1375);
#1658=CIRCLE('',#4872,1.51);
#1659=CIRCLE('',#4873,1.51);
#1660=CIRCLE('',#4875,0.25);
#1661=CIRCLE('',#4876,0.25);
#1662=CIRCLE('',#4877,1.36);
#1663=CIRCLE('',#4878,0.118005253429147);
#1664=CIRCLE('',#4881,0.118005253429148);
#1665=CIRCLE('',#4882,1.36);
#1666=CIRCLE('',#4902,1.36);
#1667=CIRCLE('',#4904,0.0449394953926644);
#1668=CIRCLE('',#4932,0.1375);
#1669=CIRCLE('',#4934,0.1375);
#1670=CIRCLE('',#4935,0.1375);
#1671=CIRCLE('',#4941,0.1375);
#1672=CIRCLE('',#4942,0.1375);
#1673=CIRCLE('',#4943,0.1375);
#1674=CIRCLE('',#4946,0.187487496915629);
#1675=CIRCLE('',#4949,0.1375);
#1676=CIRCLE('',#4951,0.1375);
#1677=CIRCLE('',#4954,0.1375);
#1678=CIRCLE('',#4956,0.1375);
#1679=CIRCLE('',#4958,0.1375);
#1680=CIRCLE('',#4960,0.1375);
#1681=CIRCLE('',#4964,0.1875);
#1682=CIRCLE('',#4966,0.1875);
#1683=CIRCLE('',#4968,0.1875);
#1684=CIRCLE('',#4970,0.1875);
#1685=CIRCLE('',#4972,0.1875);
#1686=CIRCLE('',#4974,0.1875);
#1687=CIRCLE('',#4977,0.1875);
#1688=CIRCLE('',#4979,0.1875);
#1689=CIRCLE('',#4981,0.1875);
#1690=CIRCLE('',#4983,0.1875);
#1691=CIRCLE('',#4985,0.1875);
#1692=CIRCLE('',#4987,0.1875);
#1693=CIRCLE('',#4996,0.1825);
#1694=CIRCLE('',#4998,0.1825);
#1695=CIRCLE('',#5000,0.1825);
#1696=CIRCLE('',#5001,0.1825);
#1697=CIRCLE('',#5002,0.1825);
#1698=CIRCLE('',#5003,0.1825);
#1699=CIRCLE('',#5005,0.1825);
#1700=CIRCLE('',#5007,0.1825);
#1701=CIRCLE('',#5009,0.1825);
#1702=CIRCLE('',#5010,0.1825);
#1703=CIRCLE('',#5012,0.1825);
#1704=CIRCLE('',#5015,0.1825);
#1705=CIRCLE('',#5017,0.1825);
#1706=CIRCLE('',#5018,0.1825);
#1707=CIRCLE('',#5019,0.1825);
#1708=CIRCLE('',#5021,0.1825);
#1709=CIRCLE('',#5023,0.1825);
#1710=CIRCLE('',#5025,0.1825);
#1711=CIRCLE('',#5027,0.1825);
#1712=CIRCLE('',#5028,0.1825);
#1713=CIRCLE('',#5030,0.1825);
#1714=CIRCLE('',#5031,0.1825);
#1715=CIRCLE('',#5034,0.1825);
#1716=CIRCLE('',#5035,0.1825);
#1717=CIRCLE('',#5037,0.1825);
#1718=CIRCLE('',#5039,0.1825);
#1719=CIRCLE('',#5041,0.1825);
#1720=CIRCLE('',#5042,0.1825);
#1721=CIRCLE('',#5057,0.2);
#1722=CIRCLE('',#5060,0.12);
#1723=CIRCLE('',#5061,0.12);
#1724=CIRCLE('',#5062,0.12);
#1725=CIRCLE('',#5065,0.12);
#1726=CIRCLE('',#5068,0.12);
#1727=CIRCLE('',#5069,0.12);
#1728=CIRCLE('',#5070,0.12);
#1729=CIRCLE('',#5073,0.12);
#1730=CIRCLE('',#5074,0.12);
#1731=CIRCLE('',#5077,0.25);
#1732=CIRCLE('',#5079,0.25);
#1733=CIRCLE('',#5080,0.25);
#1734=CIRCLE('',#5082,0.25);
#1735=CIRCLE('',#5084,0.25);
#1736=CIRCLE('',#5085,0.25);
#1737=CIRCLE('',#5088,0.25);
#1738=CIRCLE('',#5090,0.25);
#1739=CIRCLE('',#5091,0.25);
#1740=CIRCLE('',#5093,0.25);
#1741=CIRCLE('',#5095,0.25);
#1742=CIRCLE('',#5096,0.25);
#1743=CIRCLE('',#5099,0.12);
#1744=CIRCLE('',#5100,0.12);
#1745=CIRCLE('',#5102,0.12);
#1746=CIRCLE('',#5104,0.2);
#1747=CIRCLE('',#5106,0.12);
#1748=CIRCLE('',#5107,0.12);
#1749=CIRCLE('',#5109,0.12);
#1750=CIRCLE('',#5110,0.12);
#1751=CIRCLE('',#5113,0.12);
#1752=CIRCLE('',#5114,0.12);
#1753=CIRCLE('',#5116,0.2);
#1754=CIRCLE('',#5117,0.2);
#1755=CIRCLE('',#5121,0.2);
#1756=CIRCLE('',#5124,0.12);
#1757=CIRCLE('',#5125,0.12);
#1758=CIRCLE('',#5128,0.12);
#1759=CIRCLE('',#5129,0.12);
#1760=CIRCLE('',#5131,0.12);
#1761=CIRCLE('',#5132,0.12);
#1762=CIRCLE('',#5134,0.2);
#1763=CIRCLE('',#5136,0.2);
#1764=CIRCLE('',#5141,0.11994782716509);
#1765=CIRCLE('',#5158,0.2);
#1766=CIRCLE('',#5160,0.12);
#1767=CIRCLE('',#5163,0.2);
#1768=CIRCLE('',#5166,0.12);
#1769=CIRCLE('',#5167,0.2);
#1770=CIRCLE('',#5170,0.2);
#1771=CIRCLE('',#5174,0.12);
#1772=CIRCLE('',#5175,0.249990622076829);
#1773=CIRCLE('',#5176,0.12);
#1774=CIRCLE('',#5178,0.2);
#1775=CIRCLE('',#5182,0.075);
#1776=CIRCLE('',#5183,0.075);
#1777=CIRCLE('',#5185,0.075);
#1778=CIRCLE('',#5187,0.0750000000000001);
#1779=CIRCLE('',#5189,0.075);
#1780=CIRCLE('',#5191,0.0749999999999999);
#1781=CIRCLE('',#5192,0.075);
#1782=CIRCLE('',#5194,0.075);
#1783=CIRCLE('',#5196,0.075);
#1784=CIRCLE('',#5198,0.075);
#1785=CIRCLE('',#5200,0.075);
#1786=CIRCLE('',#5202,0.075);
#1787=CIRCLE('',#5203,0.075);
#1788=CIRCLE('',#5218,0.075);
#1789=CIRCLE('',#5221,0.075);
#1790=CIRCLE('',#5225,0.075);
#1791=CIRCLE('',#5227,0.075);
#1792=CIRCLE('',#5230,0.075);
#1793=CIRCLE('',#5231,0.075);
#1794=CIRCLE('',#5233,0.075);
#1795=CIRCLE('',#5235,0.075);
#1796=CIRCLE('',#5236,0.075);
#1797=CIRCLE('',#5240,1.36);
#1798=VERTEX_POINT('',#6467);
#1799=VERTEX_POINT('',#6469);
#1800=VERTEX_POINT('',#6473);
#1801=VERTEX_POINT('',#6475);
#1802=VERTEX_POINT('',#6479);
#1803=VERTEX_POINT('',#6481);
#1804=VERTEX_POINT('',#6485);
#1805=VERTEX_POINT('',#6487);
#1806=VERTEX_POINT('',#6508);
#1807=VERTEX_POINT('',#6509);
#1808=VERTEX_POINT('',#6516);
#1809=VERTEX_POINT('',#6518);
#1810=VERTEX_POINT('',#6532);
#1811=VERTEX_POINT('',#6570);
#1812=VERTEX_POINT('',#6571);
#1813=VERTEX_POINT('',#6573);
#1814=VERTEX_POINT('',#6575);
#1815=VERTEX_POINT('',#6589);
#1816=VERTEX_POINT('',#6591);
#1817=VERTEX_POINT('',#6623);
#1818=VERTEX_POINT('',#6624);
#1819=VERTEX_POINT('',#6631);
#1820=VERTEX_POINT('',#6633);
#1821=VERTEX_POINT('',#6653);
#1822=VERTEX_POINT('',#6679);
#1823=VERTEX_POINT('',#6680);
#1824=VERTEX_POINT('',#6687);
#1825=VERTEX_POINT('',#6689);
#1826=VERTEX_POINT('',#6709);
#1827=VERTEX_POINT('',#6747);
#1828=VERTEX_POINT('',#6748);
#1829=VERTEX_POINT('',#6759);
#1830=VERTEX_POINT('',#6761);
#1831=VERTEX_POINT('',#6775);
#1832=VERTEX_POINT('',#6801);
#1833=VERTEX_POINT('',#6802);
#1834=VERTEX_POINT('',#6804);
#1835=VERTEX_POINT('',#6806);
#1836=VERTEX_POINT('',#6832);
#1837=VERTEX_POINT('',#6833);
#1838=VERTEX_POINT('',#6840);
#1839=VERTEX_POINT('',#6842);
#1840=VERTEX_POINT('',#6863);
#1841=VERTEX_POINT('',#6864);
#1842=VERTEX_POINT('',#6884);
#1843=VERTEX_POINT('',#6886);
#1844=VERTEX_POINT('',#6925);
#1845=VERTEX_POINT('',#6926);
#1846=VERTEX_POINT('',#6952);
#1847=VERTEX_POINT('',#6954);
#1848=VERTEX_POINT('',#6987);
#1849=VERTEX_POINT('',#6988);
#1850=VERTEX_POINT('',#6990);
#1851=VERTEX_POINT('',#6992);
#1852=VERTEX_POINT('',#7013);
#1853=VERTEX_POINT('',#7014);
#1854=VERTEX_POINT('',#7037);
#1855=VERTEX_POINT('',#7039);
#1856=VERTEX_POINT('',#7078);
#1857=VERTEX_POINT('',#7079);
#1858=VERTEX_POINT('',#7099);
#1859=VERTEX_POINT('',#7101);
#1860=VERTEX_POINT('',#7140);
#1861=VERTEX_POINT('',#7141);
#1862=VERTEX_POINT('',#7161);
#1863=VERTEX_POINT('',#7163);
#1864=VERTEX_POINT('',#7196);
#1865=VERTEX_POINT('',#7197);
#1866=VERTEX_POINT('',#7199);
#1867=VERTEX_POINT('',#7201);
#1868=VERTEX_POINT('',#7216);
#1869=VERTEX_POINT('',#7217);
#1870=VERTEX_POINT('',#7219);
#1871=VERTEX_POINT('',#7221);
#1872=VERTEX_POINT('',#7254);
#1873=VERTEX_POINT('',#7255);
#1874=VERTEX_POINT('',#7257);
#1875=VERTEX_POINT('',#7259);
#1876=VERTEX_POINT('',#7292);
#1877=VERTEX_POINT('',#7293);
#1878=VERTEX_POINT('',#7313);
#1879=VERTEX_POINT('',#7315);
#1880=VERTEX_POINT('',#7354);
#1881=VERTEX_POINT('',#7355);
#1882=VERTEX_POINT('',#7369);
#1883=VERTEX_POINT('',#7371);
#1884=VERTEX_POINT('',#7410);
#1885=VERTEX_POINT('',#7411);
#1886=VERTEX_POINT('',#7425);
#1887=VERTEX_POINT('',#7427);
#1888=VERTEX_POINT('',#7466);
#1889=VERTEX_POINT('',#7467);
#1890=VERTEX_POINT('',#7487);
#1891=VERTEX_POINT('',#7489);
#1892=VERTEX_POINT('',#7518);
#1893=VERTEX_POINT('',#7519);
#1894=VERTEX_POINT('',#7531);
#1895=VERTEX_POINT('',#7532);
#1896=VERTEX_POINT('',#7537);
#1897=VERTEX_POINT('',#7538);
#1898=VERTEX_POINT('',#7540);
#1899=VERTEX_POINT('',#7542);
#1900=VERTEX_POINT('',#7563);
#1901=VERTEX_POINT('',#7564);
#1902=VERTEX_POINT('',#7584);
#1903=VERTEX_POINT('',#7586);
#1904=VERTEX_POINT('',#7625);
#1905=VERTEX_POINT('',#7626);
#1906=VERTEX_POINT('',#7646);
#1907=VERTEX_POINT('',#7648);
#1908=VERTEX_POINT('',#7681);
#1909=VERTEX_POINT('',#7682);
#1910=VERTEX_POINT('',#7684);
#1911=VERTEX_POINT('',#7686);
#1912=VERTEX_POINT('',#7707);
#1913=VERTEX_POINT('',#7708);
#1914=VERTEX_POINT('',#7728);
#1915=VERTEX_POINT('',#7730);
#1916=VERTEX_POINT('',#7772);
#1917=VERTEX_POINT('',#7773);
#1918=VERTEX_POINT('',#7787);
#1919=VERTEX_POINT('',#7789);
#1920=VERTEX_POINT('',#7825);
#1921=VERTEX_POINT('',#7826);
#1922=VERTEX_POINT('',#7840);
#1923=VERTEX_POINT('',#7842);
#1924=VERTEX_POINT('',#7861);
#1925=VERTEX_POINT('',#7862);
#1926=VERTEX_POINT('',#7864);
#1927=VERTEX_POINT('',#7866);
#1928=VERTEX_POINT('',#7870);
#1929=VERTEX_POINT('',#7871);
#1930=VERTEX_POINT('',#7873);
#1931=VERTEX_POINT('',#7875);
#1932=VERTEX_POINT('',#7877);
#1933=VERTEX_POINT('',#7879);
#1934=VERTEX_POINT('',#7881);
#1935=VERTEX_POINT('',#7883);
#1936=VERTEX_POINT('',#7886);
#1937=VERTEX_POINT('',#7888);
#1938=VERTEX_POINT('',#7890);
#1939=VERTEX_POINT('',#7893);
#1940=VERTEX_POINT('',#7896);
#1941=VERTEX_POINT('',#7898);
#1942=VERTEX_POINT('',#7901);
#1943=VERTEX_POINT('',#7903);
#1944=VERTEX_POINT('',#7906);
#1945=VERTEX_POINT('',#7907);
#1946=VERTEX_POINT('',#7909);
#1947=VERTEX_POINT('',#7911);
#1948=VERTEX_POINT('',#7913);
#1949=VERTEX_POINT('',#7915);
#1950=VERTEX_POINT('',#7917);
#1951=VERTEX_POINT('',#7919);
#1952=VERTEX_POINT('',#7921);
#1953=VERTEX_POINT('',#7923);
#1954=VERTEX_POINT('',#7925);
#1955=VERTEX_POINT('',#7927);
#1956=VERTEX_POINT('',#7929);
#1957=VERTEX_POINT('',#7931);
#1958=VERTEX_POINT('',#7933);
#1959=VERTEX_POINT('',#7935);
#1960=VERTEX_POINT('',#7937);
#1961=VERTEX_POINT('',#7939);
#1962=VERTEX_POINT('',#7941);
#1963=VERTEX_POINT('',#7943);
#1964=VERTEX_POINT('',#7945);
#1965=VERTEX_POINT('',#7947);
#1966=VERTEX_POINT('',#7949);
#1967=VERTEX_POINT('',#7951);
#1968=VERTEX_POINT('',#7953);
#1969=VERTEX_POINT('',#7955);
#1970=VERTEX_POINT('',#7957);
#1971=VERTEX_POINT('',#7959);
#1972=VERTEX_POINT('',#7961);
#1973=VERTEX_POINT('',#7963);
#1974=VERTEX_POINT('',#7965);
#1975=VERTEX_POINT('',#7967);
#1976=VERTEX_POINT('',#7969);
#1977=VERTEX_POINT('',#7971);
#1978=VERTEX_POINT('',#7973);
#1979=VERTEX_POINT('',#7975);
#1980=VERTEX_POINT('',#7979);
#1981=VERTEX_POINT('',#7980);
#1982=VERTEX_POINT('',#7982);
#1983=VERTEX_POINT('',#7984);
#1984=VERTEX_POINT('',#7987);
#1985=VERTEX_POINT('',#8000);
#1986=VERTEX_POINT('',#8002);
#1987=VERTEX_POINT('',#8023);
#1988=VERTEX_POINT('',#8045);
#1989=VERTEX_POINT('',#8047);
#1990=VERTEX_POINT('',#8049);
#1991=VERTEX_POINT('',#8063);
#1992=VERTEX_POINT('',#8067);
#1993=VERTEX_POINT('',#8068);
#1994=VERTEX_POINT('',#8082);
#1995=VERTEX_POINT('',#8084);
#1996=VERTEX_POINT('',#8098);
#1997=VERTEX_POINT('',#8100);
#1998=VERTEX_POINT('',#8102);
#1999=VERTEX_POINT('',#8141);
#2000=VERTEX_POINT('',#8143);
#2001=VERTEX_POINT('',#8149);
#2002=VERTEX_POINT('',#8150);
#2003=VERTEX_POINT('',#8153);
#2004=VERTEX_POINT('',#8155);
#2005=VERTEX_POINT('',#8193);
#2006=VERTEX_POINT('',#8197);
#2007=VERTEX_POINT('',#8199);
#2008=VERTEX_POINT('',#8201);
#2009=VERTEX_POINT('',#8204);
#2010=VERTEX_POINT('',#8206);
#2011=VERTEX_POINT('',#8244);
#2012=VERTEX_POINT('',#8246);
#2013=VERTEX_POINT('',#8248);
#2014=VERTEX_POINT('',#8262);
#2015=VERTEX_POINT('',#8264);
#2016=VERTEX_POINT('',#8280);
#2017=VERTEX_POINT('',#8281);
#2018=VERTEX_POINT('',#8283);
#2019=VERTEX_POINT('',#8322);
#2020=VERTEX_POINT('',#8324);
#2021=VERTEX_POINT('',#8328);
#2022=VERTEX_POINT('',#8330);
#2023=VERTEX_POINT('',#8334);
#2024=VERTEX_POINT('',#8339);
#2025=VERTEX_POINT('',#8360);
#2026=VERTEX_POINT('',#8362);
#2027=VERTEX_POINT('',#8383);
#2028=VERTEX_POINT('',#8385);
#2029=VERTEX_POINT('',#8387);
#2030=VERTEX_POINT('',#8390);
#2031=VERTEX_POINT('',#8392);
#2032=VERTEX_POINT('',#8414);
#2033=VERTEX_POINT('',#8416);
#2034=VERTEX_POINT('',#8420);
#2035=VERTEX_POINT('',#8421);
#2036=VERTEX_POINT('',#8436);
#2037=VERTEX_POINT('',#8438);
#2038=VERTEX_POINT('',#8440);
#2039=VERTEX_POINT('',#8445);
#2040=VERTEX_POINT('',#8447);
#2041=VERTEX_POINT('',#8450);
#2042=VERTEX_POINT('',#8452);
#2043=VERTEX_POINT('',#8454);
#2044=VERTEX_POINT('',#8470);
#2045=VERTEX_POINT('',#8473);
#2046=VERTEX_POINT('',#8477);
#2047=VERTEX_POINT('',#8478);
#2048=VERTEX_POINT('',#8483);
#2049=VERTEX_POINT('',#8497);
#2050=VERTEX_POINT('',#8499);
#2051=VERTEX_POINT('',#8501);
#2052=VERTEX_POINT('',#8518);
#2053=VERTEX_POINT('',#8519);
#2054=VERTEX_POINT('',#8524);
#2055=VERTEX_POINT('',#8525);
#2056=VERTEX_POINT('',#8530);
#2057=VERTEX_POINT('',#8531);
#2058=VERTEX_POINT('',#8533);
#2059=VERTEX_POINT('',#8535);
#2060=VERTEX_POINT('',#8539);
#2061=VERTEX_POINT('',#8541);
#2062=VERTEX_POINT('',#8545);
#2063=VERTEX_POINT('',#8546);
#2064=VERTEX_POINT('',#8551);
#2065=VERTEX_POINT('',#8552);
#2066=VERTEX_POINT('',#8554);
#2067=VERTEX_POINT('',#8556);
#2068=VERTEX_POINT('',#8645);
#2069=VERTEX_POINT('',#8765);
#2070=VERTEX_POINT('',#9040);
#2071=VERTEX_POINT('',#9079);
#2072=VERTEX_POINT('',#9208);
#2073=VERTEX_POINT('',#9209);
#2074=VERTEX_POINT('',#9211);
#2075=VERTEX_POINT('',#9215);
#2076=VERTEX_POINT('',#9217);
#2077=VERTEX_POINT('',#9221);
#2078=VERTEX_POINT('',#9222);
#2079=VERTEX_POINT('',#9224);
#2080=VERTEX_POINT('',#9228);
#2081=VERTEX_POINT('',#9230);
#2082=VERTEX_POINT('',#9770);
#2083=VERTEX_POINT('',#9789);
#2084=VERTEX_POINT('',#9798);
#2085=VERTEX_POINT('',#9807);
#2086=VERTEX_POINT('',#9818);
#2087=VERTEX_POINT('',#9822);
#2088=VERTEX_POINT('',#9829);
#2089=VERTEX_POINT('',#9833);
#2090=VERTEX_POINT('',#9848);
#2091=VERTEX_POINT('',#9859);
#2092=VERTEX_POINT('',#9866);
#2093=VERTEX_POINT('',#9883);
#2094=VERTEX_POINT('',#9885);
#2095=VERTEX_POINT('',#9895);
#2096=VERTEX_POINT('',#9899);
#2097=VERTEX_POINT('',#9901);
#2098=VERTEX_POINT('',#9905);
#2099=VERTEX_POINT('',#9906);
#2100=VERTEX_POINT('',#9908);
#2101=VERTEX_POINT('',#9910);
#2102=VERTEX_POINT('',#9914);
#2103=VERTEX_POINT('',#9915);
#2104=VERTEX_POINT('',#9917);
#2105=VERTEX_POINT('',#9921);
#2106=VERTEX_POINT('',#9922);
#2107=VERTEX_POINT('',#9927);
#2108=VERTEX_POINT('',#9929);
#2109=VERTEX_POINT('',#9933);
#2110=VERTEX_POINT('',#9934);
#2111=VERTEX_POINT('',#9936);
#2112=VERTEX_POINT('',#9940);
#2113=VERTEX_POINT('',#9942);
#2114=VERTEX_POINT('',#9946);
#2115=VERTEX_POINT('',#9947);
#2116=VERTEX_POINT('',#9949);
#2117=VERTEX_POINT('',#9951);
#2118=VERTEX_POINT('',#9955);
#2119=VERTEX_POINT('',#9956);
#2120=VERTEX_POINT('',#10062);
#2121=VERTEX_POINT('',#10064);
#2122=VERTEX_POINT('',#10106);
#2123=VERTEX_POINT('',#10117);
#2124=VERTEX_POINT('',#10121);
#2125=VERTEX_POINT('',#10125);
#2126=VERTEX_POINT('',#10129);
#2127=VERTEX_POINT('',#10133);
#2128=VERTEX_POINT('',#10146);
#2129=VERTEX_POINT('',#10157);
#2130=VERTEX_POINT('',#10161);
#2131=VERTEX_POINT('',#10165);
#2132=VERTEX_POINT('',#10169);
#2133=VERTEX_POINT('',#10173);
#2134=VERTEX_POINT('',#10186);
#2135=VERTEX_POINT('',#10219);
#2136=VERTEX_POINT('',#10220);
#2137=VERTEX_POINT('',#10297);
#2138=VERTEX_POINT('',#10354);
#2139=VERTEX_POINT('',#10374);
#2140=VERTEX_POINT('',#10446);
#2141=VERTEX_POINT('',#10448);
#2142=VERTEX_POINT('',#10450);
#2143=VERTEX_POINT('',#10483);
#2144=VERTEX_POINT('',#10593);
#2145=VERTEX_POINT('',#10595);
#2146=VERTEX_POINT('',#10611);
#2147=VERTEX_POINT('',#10644);
#2148=VERTEX_POINT('',#10663);
#2149=VERTEX_POINT('',#10696);
#2150=VERTEX_POINT('',#10736);
#2151=VERTEX_POINT('',#10737);
#2152=VERTEX_POINT('',#10739);
#2153=VERTEX_POINT('',#10741);
#2154=VERTEX_POINT('',#10745);
#2155=VERTEX_POINT('',#10747);
#2156=VERTEX_POINT('',#10750);
#2157=VERTEX_POINT('',#10754);
#2158=VERTEX_POINT('',#10769);
#2159=VERTEX_POINT('',#10770);
#2160=VERTEX_POINT('',#10804);
#2161=VERTEX_POINT('',#10806);
#2162=VERTEX_POINT('',#10848);
#2163=VERTEX_POINT('',#10882);
#2164=VERTEX_POINT('',#10898);
#2165=VERTEX_POINT('',#10931);
#2166=VERTEX_POINT('',#10947);
#2167=VERTEX_POINT('',#10962);
#2168=VERTEX_POINT('',#10964);
#2169=VERTEX_POINT('',#10968);
#2170=VERTEX_POINT('',#10970);
#2171=VERTEX_POINT('',#10992);
#2172=VERTEX_POINT('',#11002);
#2173=VERTEX_POINT('',#11027);
#2174=VERTEX_POINT('',#11049);
#2175=VERTEX_POINT('',#11065);
#2176=VERTEX_POINT('',#11091);
#2177=VERTEX_POINT('',#11116);
#2178=VERTEX_POINT('',#11138);
#2179=VERTEX_POINT('',#11142);
#2180=VERTEX_POINT('',#11146);
#2181=VERTEX_POINT('',#11150);
#2182=VERTEX_POINT('',#11225);
#2183=VERTEX_POINT('',#11226);
#2184=VERTEX_POINT('',#11273);
#2185=VERTEX_POINT('',#11298);
#2186=VERTEX_POINT('',#11304);
#2187=VERTEX_POINT('',#11334);
#2188=VERTEX_POINT('',#11336);
#2189=VERTEX_POINT('',#11402);
#2190=VERTEX_POINT('',#11403);
#2191=VERTEX_POINT('',#11482);
#2192=VERTEX_POINT('',#11541);
#2193=VERTEX_POINT('',#11549);
#2194=VERTEX_POINT('',#11595);
#2195=VERTEX_POINT('',#11609);
#2196=VERTEX_POINT('',#11622);
#2197=VERTEX_POINT('',#11722);
#2198=VERTEX_POINT('',#11791);
#2199=VERTEX_POINT('',#11795);
#2200=VERTEX_POINT('',#11940);
#2201=VERTEX_POINT('',#12049);
#2202=VERTEX_POINT('',#12084);
#2203=VERTEX_POINT('',#12125);
#2204=VERTEX_POINT('',#12153);
#2205=VERTEX_POINT('',#12168);
#2206=VERTEX_POINT('',#12172);
#2207=VERTEX_POINT('',#12193);
#2208=VERTEX_POINT('',#12210);
#2209=VERTEX_POINT('',#12238);
#2210=VERTEX_POINT('',#12263);
#2211=VERTEX_POINT('',#12285);
#2212=VERTEX_POINT('',#12289);
#2213=VERTEX_POINT('',#12308);
#2214=VERTEX_POINT('',#12326);
#2215=VERTEX_POINT('',#12347);
#2216=VERTEX_POINT('',#12573);
#2217=VERTEX_POINT('',#12575);
#2218=EDGE_CURVE('',#1798,#1798,#1593,.T.);
#2219=EDGE_CURVE('',#1798,#1799,#1005,.T.);
#2220=EDGE_CURVE('',#1799,#1799,#1594,.T.);
#2221=EDGE_CURVE('',#1800,#1800,#1595,.T.);
#2222=EDGE_CURVE('',#1800,#1801,#1006,.T.);
#2223=EDGE_CURVE('',#1801,#1801,#1596,.T.);
#2224=EDGE_CURVE('',#1802,#1802,#1597,.T.);
#2225=EDGE_CURVE('',#1802,#1803,#1007,.T.);
#2226=EDGE_CURVE('',#1803,#1803,#1598,.T.);
#2227=EDGE_CURVE('',#1804,#1804,#1599,.T.);
#2228=EDGE_CURVE('',#1804,#1805,#1008,.T.);
#2229=EDGE_CURVE('',#1805,#1805,#1600,.T.);
#2230=EDGE_CURVE('',#1806,#1807,#168,.T.);
#2231=EDGE_CURVE('',#1807,#1808,#1601,.T.);
#2232=EDGE_CURVE('',#1809,#1808,#169,.T.);
#2233=EDGE_CURVE('',#1810,#1809,#1602,.T.);
#2234=EDGE_CURVE('',#1806,#1810,#170,.T.);
#2235=EDGE_CURVE('',#1811,#1812,#112,.T.);
#2236=EDGE_CURVE('',#1812,#1813,#1603,.T.);
#2237=EDGE_CURVE('',#1814,#1813,#171,.T.);
#2238=EDGE_CURVE('',#1814,#1815,#1604,.T.);
#2239=EDGE_CURVE('',#1816,#1815,#113,.T.);
#2240=EDGE_CURVE('',#1811,#1816,#172,.T.);
#2241=EDGE_CURVE('',#1817,#1818,#173,.T.);
#2242=EDGE_CURVE('',#1817,#1819,#1605,.T.);
#2243=EDGE_CURVE('',#1820,#1819,#174,.T.);
#2244=EDGE_CURVE('',#1821,#1820,#1606,.T.);
#2245=EDGE_CURVE('',#1818,#1821,#175,.T.);
#2246=EDGE_CURVE('',#1822,#1823,#176,.T.);
#2247=EDGE_CURVE('',#1822,#1824,#1607,.T.);
#2248=EDGE_CURVE('',#1825,#1824,#177,.T.);
#2249=EDGE_CURVE('',#1825,#1826,#1608,.T.);
#2250=EDGE_CURVE('',#1823,#1826,#178,.T.);
#2251=EDGE_CURVE('',#1827,#1828,#179,.T.);
#2252=EDGE_CURVE('',#1827,#1829,#1609,.T.);
#2253=EDGE_CURVE('',#1830,#1829,#180,.T.);
#2254=EDGE_CURVE('',#1830,#1831,#1610,.T.);
#2255=EDGE_CURVE('',#1828,#1831,#181,.T.);
#2256=EDGE_CURVE('',#1832,#1833,#114,.T.);
#2257=EDGE_CURVE('',#1832,#1834,#1611,.T.);
#2258=EDGE_CURVE('',#1835,#1834,#182,.T.);
#2259=EDGE_CURVE('',#1835,#1833,#1612,.T.);
#2260=EDGE_CURVE('',#1836,#1837,#97,.T.);
#2261=EDGE_CURVE('',#1836,#1838,#1613,.T.);
#2262=EDGE_CURVE('',#1839,#1838,#115,.T.);
#2263=EDGE_CURVE('',#1837,#1839,#1614,.T.);
#2264=EDGE_CURVE('',#1840,#1841,#183,.T.);
#2265=EDGE_CURVE('',#1840,#1842,#1615,.T.);
#2266=EDGE_CURVE('',#1843,#1842,#184,.T.);
#2267=EDGE_CURVE('',#1843,#1841,#1616,.T.);
#2268=EDGE_CURVE('',#1844,#1845,#185,.T.);
#2269=EDGE_CURVE('',#1844,#1846,#1617,.T.);
#2270=EDGE_CURVE('',#1847,#1846,#186,.T.);
#2271=EDGE_CURVE('',#1847,#1845,#1618,.T.);
#2272=EDGE_CURVE('',#1848,#1849,#116,.T.);
#2273=EDGE_CURVE('',#1848,#1850,#1619,.T.);
#2274=EDGE_CURVE('',#1851,#1850,#117,.T.);
#2275=EDGE_CURVE('',#1849,#1851,#1620,.T.);
#2276=EDGE_CURVE('',#1852,#1853,#187,.T.);
#2277=EDGE_CURVE('',#1852,#1854,#1621,.T.);
#2278=EDGE_CURVE('',#1855,#1854,#188,.T.);
#2279=EDGE_CURVE('',#1855,#1853,#1622,.T.);
#2280=EDGE_CURVE('',#1856,#1857,#189,.T.);
#2281=EDGE_CURVE('',#1856,#1858,#1623,.T.);
#2282=EDGE_CURVE('',#1859,#1858,#190,.T.);
#2283=EDGE_CURVE('',#1857,#1859,#1624,.T.);
#2284=EDGE_CURVE('',#1860,#1861,#191,.T.);
#2285=EDGE_CURVE('',#1860,#1862,#1625,.T.);
#2286=EDGE_CURVE('',#1863,#1862,#192,.T.);
#2287=EDGE_CURVE('',#1861,#1863,#1626,.T.);
#2288=EDGE_CURVE('',#1864,#1865,#118,.T.);
#2289=EDGE_CURVE('',#1864,#1866,#1627,.T.);
#2290=EDGE_CURVE('',#1867,#1866,#1628,.T.);
#2291=EDGE_CURVE('',#1867,#1865,#1629,.T.);
#2292=EDGE_CURVE('',#1868,#1869,#119,.T.);
#2293=EDGE_CURVE('',#1869,#1870,#1630,.T.);
#2294=EDGE_CURVE('',#1870,#1871,#1631,.T.);
#2295=EDGE_CURVE('',#1868,#1871,#1632,.T.);
#2296=EDGE_CURVE('',#1872,#1873,#120,.T.);
#2297=EDGE_CURVE('',#1873,#1874,#1633,.T.);
#2298=EDGE_CURVE('',#1874,#1875,#193,.T.);
#2299=EDGE_CURVE('',#1875,#1872,#1634,.T.);
#2300=EDGE_CURVE('',#1876,#1877,#194,.T.);
#2301=EDGE_CURVE('',#1876,#1878,#1635,.T.);
#2302=EDGE_CURVE('',#1879,#1878,#195,.T.);
#2303=EDGE_CURVE('',#1877,#1879,#1636,.T.);
#2304=EDGE_CURVE('',#1880,#1881,#196,.T.);
#2305=EDGE_CURVE('',#1881,#1882,#1637,.T.);
#2306=EDGE_CURVE('',#1882,#1883,#197,.T.);
#2307=EDGE_CURVE('',#1880,#1883,#1638,.T.);
#2308=EDGE_CURVE('',#1884,#1885,#198,.T.);
#2309=EDGE_CURVE('',#1885,#1886,#1639,.T.);
#2310=EDGE_CURVE('',#1886,#1887,#199,.T.);
#2311=EDGE_CURVE('',#1884,#1887,#1640,.T.);
#2312=EDGE_CURVE('',#1888,#1889,#200,.T.);
#2313=EDGE_CURVE('',#1888,#1890,#1641,.T.);
#2314=EDGE_CURVE('',#1891,#1890,#201,.T.);
#2315=EDGE_CURVE('',#1889,#1891,#1642,.T.);
#2316=EDGE_CURVE('',#1892,#1893,#121,.T.);
#2317=EDGE_CURVE('',#1893,#1822,#1009,.T.);
#2318=EDGE_CURVE('',#1892,#1823,#1010,.T.);
#2319=EDGE_CURVE('',#1894,#1895,#122,.T.);
#2320=EDGE_CURVE('',#1895,#1817,#1011,.T.);
#2321=EDGE_CURVE('',#1894,#1818,#1012,.T.);
#2322=EDGE_CURVE('',#1896,#1897,#1643,.T.);
#2323=EDGE_CURVE('',#1897,#1898,#1013,.T.);
#2324=EDGE_CURVE('',#1898,#1899,#1644,.T.);
#2325=EDGE_CURVE('',#1896,#1899,#1014,.T.);
#2326=EDGE_CURVE('',#1900,#1901,#202,.T.);
#2327=EDGE_CURVE('',#1901,#1902,#1645,.T.);
#2328=EDGE_CURVE('',#1902,#1903,#203,.T.);
#2329=EDGE_CURVE('',#1900,#1903,#1646,.T.);
#2330=EDGE_CURVE('',#1904,#1905,#204,.T.);
#2331=EDGE_CURVE('',#1905,#1906,#1647,.T.);
#2332=EDGE_CURVE('',#1906,#1907,#205,.T.);
#2333=EDGE_CURVE('',#1904,#1907,#1648,.T.);
#2334=EDGE_CURVE('',#1908,#1909,#123,.T.);
#2335=EDGE_CURVE('',#1908,#1910,#1649,.T.);
#2336=EDGE_CURVE('',#1911,#1910,#1650,.T.);
#2337=EDGE_CURVE('',#1911,#1909,#1651,.T.);
#2338=EDGE_CURVE('',#1912,#1913,#206,.T.);
#2339=EDGE_CURVE('',#1912,#1914,#1652,.T.);
#2340=EDGE_CURVE('',#1915,#1914,#207,.T.);
#2341=EDGE_CURVE('',#1913,#1915,#1653,.T.);
#2342=EDGE_CURVE('',#1916,#1917,#208,.T.);
#2343=EDGE_CURVE('',#1916,#1918,#1654,.T.);
#2344=EDGE_CURVE('',#1919,#1918,#209,.T.);
#2345=EDGE_CURVE('',#1917,#1919,#1655,.T.);
#2346=EDGE_CURVE('',#1920,#1921,#210,.T.);
#2347=EDGE_CURVE('',#1920,#1922,#1656,.T.);
#2348=EDGE_CURVE('',#1923,#1922,#211,.T.);
#2349=EDGE_CURVE('',#1921,#1923,#1657,.T.);
#2350=EDGE_CURVE('',#1924,#1925,#1658,.T.);
#2351=EDGE_CURVE('',#1925,#1926,#1015,.T.);
#2352=EDGE_CURVE('',#1926,#1927,#1659,.T.);
#2353=EDGE_CURVE('',#1924,#1927,#1016,.T.);
#2354=EDGE_CURVE('',#1928,#1929,#1017,.T.);
#2355=EDGE_CURVE('',#1928,#1930,#1660,.T.);
#2356=EDGE_CURVE('',#1931,#1930,#1018,.T.);
#2357=EDGE_CURVE('',#1931,#1932,#1661,.T.);
#2358=EDGE_CURVE('',#1933,#1932,#1019,.T.);
#2359=EDGE_CURVE('',#1934,#1933,#1020,.T.);
#2360=EDGE_CURVE('',#1935,#1934,#1662,.T.);
#2361=EDGE_CURVE('',#1925,#1935,#1021,.T.);
#2362=EDGE_CURVE('',#1936,#1924,#1022,.T.);
#2363=EDGE_CURVE('',#1937,#1936,#1663,.T.);
#2364=EDGE_CURVE('',#1938,#1937,#1023,.T.);
#2365=EDGE_CURVE('',#1893,#1938,#124,.T.);
#2366=EDGE_CURVE('',#1939,#1892,#1024,.T.);
#2367=EDGE_CURVE('',#1895,#1939,#125,.T.);
#2368=EDGE_CURVE('',#1940,#1894,#1025,.T.);
#2369=EDGE_CURVE('',#1941,#1940,#1664,.T.);
#2370=EDGE_CURVE('',#1897,#1941,#1026,.T.);
#2371=EDGE_CURVE('',#1896,#1942,#1027,.T.);
#2372=EDGE_CURVE('',#1943,#1942,#1665,.T.);
#2373=EDGE_CURVE('',#1929,#1943,#1028,.T.);
#2374=EDGE_CURVE('',#1944,#1945,#1029,.T.);
#2375=EDGE_CURVE('',#1946,#1944,#126,.T.);
#2376=EDGE_CURVE('',#1947,#1946,#1030,.T.);
#2377=EDGE_CURVE('',#1948,#1947,#127,.T.);
#2378=EDGE_CURVE('',#1948,#1949,#1031,.T.);
#2379=EDGE_CURVE('',#1950,#1949,#128,.T.);
#2380=EDGE_CURVE('',#1950,#1951,#1032,.T.);
#2381=EDGE_CURVE('',#1952,#1951,#129,.T.);
#2382=EDGE_CURVE('',#1952,#1953,#1033,.T.);
#2383=EDGE_CURVE('',#1954,#1953,#130,.T.);
#2384=EDGE_CURVE('',#1954,#1955,#1034,.T.);
#2385=EDGE_CURVE('',#1956,#1955,#131,.T.);
#2386=EDGE_CURVE('',#1956,#1957,#1035,.T.);
#2387=EDGE_CURVE('',#1958,#1957,#132,.T.);
#2388=EDGE_CURVE('',#1959,#1958,#1036,.T.);
#2389=EDGE_CURVE('',#1960,#1959,#133,.T.);
#2390=EDGE_CURVE('',#1961,#1960,#1037,.T.);
#2391=EDGE_CURVE('',#1962,#1961,#134,.T.);
#2392=EDGE_CURVE('',#1963,#1962,#1038,.T.);
#2393=EDGE_CURVE('',#1964,#1963,#135,.T.);
#2394=EDGE_CURVE('',#1964,#1965,#1039,.T.);
#2395=EDGE_CURVE('',#1966,#1965,#136,.T.);
#2396=EDGE_CURVE('',#1966,#1967,#1040,.T.);
#2397=EDGE_CURVE('',#1968,#1967,#137,.T.);
#2398=EDGE_CURVE('',#1968,#1969,#1041,.T.);
#2399=EDGE_CURVE('',#1970,#1969,#138,.T.);
#2400=EDGE_CURVE('',#1970,#1971,#1042,.T.);
#2401=EDGE_CURVE('',#1972,#1971,#139,.T.);
#2402=EDGE_CURVE('',#1972,#1973,#1043,.T.);
#2403=EDGE_CURVE('',#1974,#1973,#140,.T.);
#2404=EDGE_CURVE('',#1974,#1975,#1044,.T.);
#2405=EDGE_CURVE('',#1976,#1975,#141,.T.);
#2406=EDGE_CURVE('',#1976,#1977,#1045,.T.);
#2407=EDGE_CURVE('',#1978,#1977,#142,.T.);
#2408=EDGE_CURVE('',#1979,#1978,#1046,.T.);
#2409=EDGE_CURVE('',#1945,#1979,#143,.T.);
#2410=EDGE_CURVE('',#1980,#1981,#1047,.T.);
#2411=EDGE_CURVE('',#1980,#1982,#1048,.T.);
#2412=EDGE_CURVE('',#1982,#1983,#1666,.T.);
#2413=EDGE_CURVE('',#1899,#1983,#1049,.T.);
#2414=EDGE_CURVE('',#1984,#1898,#1050,.T.);
#2415=EDGE_CURVE('',#1984,#1836,#212,.T.);
#2416=EDGE_CURVE('',#1837,#1855,#1051,.T.);
#2417=EDGE_CURVE('',#1854,#1985,#144,.T.);
#2418=EDGE_CURVE('',#1985,#1986,#1052,.T.);
#2419=EDGE_CURVE('',#1986,#1856,#213,.T.);
#2420=EDGE_CURVE('',#1857,#1987,#1053,.T.);
#2421=EDGE_CURVE('',#1987,#1860,#214,.T.);
#2422=EDGE_CURVE('',#1861,#1867,#1054,.T.);
#2423=EDGE_CURVE('',#1866,#1988,#1667,.T.);
#2424=EDGE_CURVE('',#1988,#1989,#1055,.T.);
#2425=EDGE_CURVE('',#1989,#1990,#215,.T.);
#2426=EDGE_CURVE('',#1990,#1991,#1056,.T.);
#2427=EDGE_CURVE('',#1991,#1981,#145,.T.);
#2428=EDGE_CURVE('',#1992,#1993,#216,.T.);
#2429=EDGE_CURVE('',#1994,#1992,#1057,.T.);
#2430=EDGE_CURVE('',#1995,#1994,#217,.T.);
#2431=EDGE_CURVE('',#1996,#1995,#1058,.T.);
#2432=EDGE_CURVE('',#1997,#1996,#1059,.T.);
#2433=EDGE_CURVE('',#1998,#1997,#218,.T.);
#2434=EDGE_CURVE('',#1955,#1998,#1060,.T.);
#2435=EDGE_CURVE('',#1999,#1954,#1061,.T.);
#2436=EDGE_CURVE('',#2000,#1999,#146,.T.);
#2437=EDGE_CURVE('',#1911,#2000,#1062,.T.);
#2438=EDGE_CURVE('',#1965,#1911,#1063,.T.);
#2439=EDGE_CURVE('',#1993,#1964,#1064,.T.);
#2440=EDGE_CURVE('',#2001,#2002,#1065,.T.);
#2441=EDGE_CURVE('',#1959,#2001,#1066,.T.);
#2442=EDGE_CURVE('',#2003,#1958,#1067,.T.);
#2443=EDGE_CURVE('',#2004,#2003,#219,.T.);
#2444=EDGE_CURVE('',#2005,#2004,#1068,.T.);
#2445=EDGE_CURVE('',#2002,#2005,#1069,.T.);
#2446=EDGE_CURVE('',#2006,#1976,#1070,.T.);
#2447=EDGE_CURVE('',#2007,#2006,#1071,.T.);
#2448=EDGE_CURVE('',#2008,#2007,#147,.T.);
#2449=EDGE_CURVE('',#1951,#2008,#1072,.T.);
#2450=EDGE_CURVE('',#2009,#1950,#1073,.T.);
#2451=EDGE_CURVE('',#2010,#2009,#220,.T.);
#2452=EDGE_CURVE('',#2011,#2010,#1074,.T.);
#2453=EDGE_CURVE('',#2012,#2011,#1075,.T.);
#2454=EDGE_CURVE('',#2013,#2012,#221,.T.);
#2455=EDGE_CURVE('',#2014,#2013,#1076,.T.);
#2456=EDGE_CURVE('',#2015,#2014,#222,.T.);
#2457=EDGE_CURVE('',#1977,#2015,#1077,.T.);
#2458=EDGE_CURVE('',#2016,#2017,#1078,.T.);
#2459=EDGE_CURVE('',#2018,#2016,#223,.T.);
#2460=EDGE_CURVE('',#1947,#2018,#1079,.T.);
#2461=EDGE_CURVE('',#2019,#1946,#1080,.T.);
#2462=EDGE_CURVE('',#2020,#2019,#1081,.T.);
#2463=EDGE_CURVE('',#2017,#2020,#1082,.T.);
#2464=EDGE_CURVE('',#2021,#1966,#1083,.T.);
#2465=EDGE_CURVE('',#2022,#2021,#1084,.T.);
#2466=EDGE_CURVE('',#1967,#2022,#1085,.T.);
#2467=EDGE_CURVE('',#1915,#2023,#1086,.T.);
#2468=EDGE_CURVE('',#1975,#1915,#1087,.T.);
#2469=EDGE_CURVE('',#2023,#1974,#1088,.T.);
#2470=EDGE_CURVE('',#2024,#1900,#1089,.T.);
#2471=EDGE_CURVE('',#1905,#2024,#224,.T.);
#2472=EDGE_CURVE('',#2025,#1904,#1090,.T.);
#2473=EDGE_CURVE('',#2026,#2025,#1091,.T.);
#2474=EDGE_CURVE('',#2026,#1908,#225,.T.);
#2475=EDGE_CURVE('',#2027,#1909,#1092,.T.);
#2476=EDGE_CURVE('',#2028,#2027,#1093,.T.);
#2477=EDGE_CURVE('',#2029,#2028,#1094,.T.);
#2478=EDGE_CURVE('',#2029,#1912,#148,.T.);
#2479=EDGE_CURVE('',#2030,#1913,#1095,.T.);
#2480=EDGE_CURVE('',#2031,#2030,#1096,.T.);
#2481=EDGE_CURVE('',#1901,#2031,#226,.T.);
#2482=EDGE_CURVE('',#2032,#1952,#1097,.T.);
#2483=EDGE_CURVE('',#2033,#2032,#1098,.T.);
#2484=EDGE_CURVE('',#1953,#2033,#1099,.T.);
#2485=EDGE_CURVE('',#2034,#2035,#227,.T.);
#2486=EDGE_CURVE('',#1907,#2034,#1100,.T.);
#2487=EDGE_CURVE('',#2036,#1907,#1101,.T.);
#2488=EDGE_CURVE('',#2037,#2036,#1102,.T.);
#2489=EDGE_CURVE('',#2038,#2037,#149,.T.);
#2490=EDGE_CURVE('',#1969,#2038,#1103,.T.);
#2491=EDGE_CURVE('',#2035,#1968,#1104,.T.);
#2492=EDGE_CURVE('',#2039,#1972,#1105,.T.);
#2493=EDGE_CURVE('',#2040,#2039,#150,.T.);
#2494=EDGE_CURVE('',#1923,#2040,#1106,.T.);
#2495=EDGE_CURVE('',#2041,#1923,#1107,.T.);
#2496=EDGE_CURVE('',#2042,#2041,#1108,.T.);
#2497=EDGE_CURVE('',#2043,#2042,#228,.T.);
#2498=EDGE_CURVE('',#1973,#2043,#1109,.T.);
#2499=EDGE_CURVE('',#2044,#1903,#1110,.T.);
#2500=EDGE_CURVE('',#1919,#2044,#1111,.T.);
#2501=EDGE_CURVE('',#2045,#1919,#1112,.T.);
#2502=EDGE_CURVE('',#1903,#2045,#1113,.T.);
#2503=EDGE_CURVE('',#2046,#2047,#1114,.T.);
#2504=EDGE_CURVE('',#1971,#2046,#1115,.T.);
#2505=EDGE_CURVE('',#2047,#1970,#1116,.T.);
#2506=EDGE_CURVE('',#2048,#1920,#229,.T.);
#2507=EDGE_CURVE('',#2049,#1921,#1117,.T.);
#2508=EDGE_CURVE('',#2050,#2049,#1118,.T.);
#2509=EDGE_CURVE('',#2051,#2050,#1119,.T.);
#2510=EDGE_CURVE('',#2051,#1916,#230,.T.);
#2511=EDGE_CURVE('',#2048,#1917,#1120,.T.);
#2512=EDGE_CURVE('',#2052,#2053,#1121,.T.);
#2513=EDGE_CURVE('',#1979,#2052,#1122,.T.);
#2514=EDGE_CURVE('',#2053,#1978,#1123,.T.);
#2515=EDGE_CURVE('',#2054,#2055,#1124,.T.);
#2516=EDGE_CURVE('',#1944,#2054,#1125,.T.);
#2517=EDGE_CURVE('',#2055,#1945,#1126,.T.);
#2518=EDGE_CURVE('',#2056,#2057,#1127,.T.);
#2519=EDGE_CURVE('',#2058,#2056,#1128,.T.);
#2520=EDGE_CURVE('',#2059,#2058,#1129,.T.);
#2521=EDGE_CURVE('',#2057,#2059,#1130,.T.);
#2522=EDGE_CURVE('',#2060,#1962,#1131,.T.);
#2523=EDGE_CURVE('',#2061,#2060,#1132,.T.);
#2524=EDGE_CURVE('',#1963,#2061,#1133,.T.);
#2525=EDGE_CURVE('',#2062,#2063,#1134,.T.);
#2526=EDGE_CURVE('',#1961,#2062,#1135,.T.);
#2527=EDGE_CURVE('',#2063,#1960,#1136,.T.);
#2528=EDGE_CURVE('',#2064,#2065,#1137,.T.);
#2529=EDGE_CURVE('',#2066,#2064,#1138,.T.);
#2530=EDGE_CURVE('',#2067,#2066,#1139,.T.);
#2531=EDGE_CURVE('',#2065,#2067,#1140,.T.);
#2532=EDGE_CURVE('',#1922,#2044,#231,.T.);
#2533=EDGE_CURVE('',#2041,#1902,#232,.T.);
#2534=EDGE_CURVE('',#2040,#2049,#1668,.T.);
#2535=EDGE_CURVE('',#2046,#2039,#233,.T.);
#2536=EDGE_CURVE('',#2048,#2044,#1669,.T.);
#2537=EDGE_CURVE('',#2039,#2068,#1670,.T.);
#2538=EDGE_CURVE('',#2068,#2049,#151,.T.);
#2539=EDGE_CURVE('',#2046,#2068,#234,.T.);
#2540=EDGE_CURVE('',#2038,#2047,#235,.T.);
#2541=EDGE_CURVE('',#1918,#2036,#236,.T.);
#2542=EDGE_CURVE('',#2045,#1906,#237,.T.);
#2543=EDGE_CURVE('',#2047,#2069,#238,.T.);
#2544=EDGE_CURVE('',#2069,#2050,#239,.T.);
#2545=EDGE_CURVE('',#2038,#2069,#1671,.T.);
#2546=EDGE_CURVE('',#2051,#2036,#1672,.T.);
#2547=EDGE_CURVE('',#2037,#2050,#1673,.T.);
#2548=EDGE_CURVE('',#1914,#2006,#1674,.T.);
#2549=EDGE_CURVE('',#2030,#2023,#98,.T.);
#2550=EDGE_CURVE('',#2021,#2026,#1675,.T.);
#2551=EDGE_CURVE('',#2022,#2025,#99,.T.);
#2552=EDGE_CURVE('',#1910,#2021,#240,.T.);
#2553=EDGE_CURVE('',#2029,#2006,#1676,.T.);
#2554=EDGE_CURVE('',#2008,#2032,#241,.T.);
#2555=EDGE_CURVE('',#2028,#2007,#1677,.T.);
#2556=EDGE_CURVE('',#2000,#2027,#1678,.T.);
#2557=EDGE_CURVE('',#2033,#1999,#242,.T.);
#2558=EDGE_CURVE('',#2008,#2070,#1679,.T.);
#2559=EDGE_CURVE('',#2070,#2032,#243,.T.);
#2560=EDGE_CURVE('',#2028,#2070,#152,.T.);
#2561=EDGE_CURVE('',#1999,#2071,#1680,.T.);
#2562=EDGE_CURVE('',#2071,#2027,#153,.T.);
#2563=EDGE_CURVE('',#2033,#2071,#244,.T.);
#2564=EDGE_CURVE('',#2060,#2064,#1681,.T.);
#2565=EDGE_CURVE('',#2061,#2065,#100,.T.);
#2566=EDGE_CURVE('',#2062,#2060,#1682,.T.);
#2567=EDGE_CURVE('',#2062,#2064,#1683,.T.);
#2568=EDGE_CURVE('',#2066,#2001,#1684,.T.);
#2569=EDGE_CURVE('',#2067,#2002,#101,.T.);
#2570=EDGE_CURVE('',#2063,#2066,#1685,.T.);
#2571=EDGE_CURVE('',#2063,#2001,#1686,.T.);
#2572=EDGE_CURVE('',#2019,#2056,#1687,.T.);
#2573=EDGE_CURVE('',#2020,#2057,#102,.T.);
#2574=EDGE_CURVE('',#2054,#2019,#1688,.T.);
#2575=EDGE_CURVE('',#2054,#2056,#1689,.T.);
#2576=EDGE_CURVE('',#2058,#2052,#1690,.T.);
#2577=EDGE_CURVE('',#2059,#2053,#103,.T.);
#2578=EDGE_CURVE('',#2055,#2058,#1691,.T.);
#2579=EDGE_CURVE('',#2055,#2052,#1692,.T.);
#2580=EDGE_CURVE('',#2072,#2073,#1141,.T.);
#2581=EDGE_CURVE('',#2074,#2072,#1142,.T.);
#2582=EDGE_CURVE('',#2073,#2074,#1143,.T.);
#2583=EDGE_CURVE('',#2075,#1948,#1144,.T.);
#2584=EDGE_CURVE('',#2076,#2075,#1145,.T.);
#2585=EDGE_CURVE('',#1949,#2076,#1146,.T.);
#2586=EDGE_CURVE('',#2077,#2078,#1147,.T.);
#2587=EDGE_CURVE('',#2079,#2077,#1148,.T.);
#2588=EDGE_CURVE('',#2078,#2079,#1149,.T.);
#2589=EDGE_CURVE('',#2080,#1956,#1150,.T.);
#2590=EDGE_CURVE('',#2081,#2080,#1151,.T.);
#2591=EDGE_CURVE('',#1957,#2081,#1152,.T.);
#2592=EDGE_CURVE('',#2072,#2075,#245,.T.);
#2593=EDGE_CURVE('',#2076,#2073,#246,.T.);
#2594=EDGE_CURVE('',#2077,#2080,#247,.T.);
#2595=EDGE_CURVE('',#2081,#2078,#248,.T.);
#2596=EDGE_CURVE('',#2061,#1993,#1693,.T.);
#2597=EDGE_CURVE('',#2081,#2003,#1694,.T.);
#2598=EDGE_CURVE('',#1998,#2080,#1695,.T.);
#2599=EDGE_CURVE('',#2065,#1992,#1696,.T.);
#2600=EDGE_CURVE('',#2078,#2004,#1697,.T.);
#2601=EDGE_CURVE('',#1997,#2077,#1698,.T.);
#2602=EDGE_CURVE('',#2067,#1994,#1699,.T.);
#2603=EDGE_CURVE('',#2079,#2005,#1700,.T.);
#2604=EDGE_CURVE('',#1996,#2079,#1701,.T.);
#2605=EDGE_CURVE('',#2002,#1995,#1702,.T.);
#2606=EDGE_CURVE('',#1996,#2005,#1703,.T.);
#2607=EDGE_CURVE('',#2076,#2009,#1704,.T.);
#2608=EDGE_CURVE('',#2018,#2075,#1705,.T.);
#2609=EDGE_CURVE('',#2073,#2010,#1706,.T.);
#2610=EDGE_CURVE('',#2016,#2072,#1707,.T.);
#2611=EDGE_CURVE('',#2074,#2011,#1708,.T.);
#2612=EDGE_CURVE('',#2017,#2074,#1709,.T.);
#2613=EDGE_CURVE('',#2017,#2011,#1710,.T.);
#2614=EDGE_CURVE('',#2020,#2012,#1711,.T.);
#2615=EDGE_CURVE('',#2057,#2013,#1712,.T.);
#2616=EDGE_CURVE('',#2059,#2014,#1713,.T.);
#2617=EDGE_CURVE('',#2053,#2015,#1714,.T.);
#2618=EDGE_CURVE('',#2022,#2035,#1715,.T.);
#2619=EDGE_CURVE('',#2025,#2034,#1716,.T.);
#2620=EDGE_CURVE('',#2024,#2045,#1717,.T.);
#2621=EDGE_CURVE('',#2031,#2041,#1718,.T.);
#2622=EDGE_CURVE('',#2030,#2042,#1719,.T.);
#2623=EDGE_CURVE('',#2023,#2043,#1720,.T.);
#2624=EDGE_CURVE('',#1939,#2082,#1153,.T.);
#2625=EDGE_CURVE('',#2082,#1817,#249,.T.);
#2626=EDGE_CURVE('',#1821,#1835,#1154,.T.);
#2627=EDGE_CURVE('',#1940,#1835,#1155,.T.);
#2628=EDGE_CURVE('',#1938,#2083,#1156,.T.);
#2629=EDGE_CURVE('',#2083,#1822,#250,.T.);
#2630=EDGE_CURVE('',#2084,#2082,#251,.T.);
#2631=EDGE_CURVE('',#1826,#2084,#1157,.T.);
#2632=EDGE_CURVE('',#1834,#2085,#252,.T.);
#2633=EDGE_CURVE('',#2085,#2086,#154,.T.);
#2634=EDGE_CURVE('',#1941,#2086,#1158,.T.);
#2635=EDGE_CURVE('',#2087,#2083,#253,.T.);
#2636=EDGE_CURVE('',#1937,#2088,#1159,.T.);
#2637=EDGE_CURVE('',#2088,#2087,#1160,.T.);
#2638=EDGE_CURVE('',#2086,#2089,#1161,.T.);
#2639=EDGE_CURVE('',#2089,#1984,#254,.T.);
#2640=EDGE_CURVE('',#2090,#2088,#255,.T.);
#2641=EDGE_CURVE('',#1936,#2091,#1162,.T.);
#2642=EDGE_CURVE('',#2091,#2090,#155,.T.);
#2643=EDGE_CURVE('',#1927,#1828,#1163,.T.);
#2644=EDGE_CURVE('',#1831,#2091,#1164,.T.);
#2645=EDGE_CURVE('',#1981,#2092,#256,.T.);
#2646=EDGE_CURVE('',#2092,#1928,#1165,.T.);
#2647=EDGE_CURVE('',#1929,#1980,#1166,.T.);
#2648=EDGE_CURVE('',#1930,#1806,#1167,.T.);
#2649=EDGE_CURVE('',#1810,#2093,#1168,.T.);
#2650=EDGE_CURVE('',#2093,#2094,#257,.T.);
#2651=EDGE_CURVE('',#2094,#1931,#1169,.T.);
#2652=EDGE_CURVE('',#1932,#1811,#1170,.T.);
#2653=EDGE_CURVE('',#1816,#2095,#1171,.T.);
#2654=EDGE_CURVE('',#1933,#2095,#1172,.T.);
#2655=EDGE_CURVE('',#2096,#1883,#1173,.T.);
#2656=EDGE_CURVE('',#2097,#2096,#1721,.T.);
#2657=EDGE_CURVE('',#1880,#2097,#1174,.T.);
#2658=EDGE_CURVE('',#2098,#2099,#1175,.T.);
#2659=EDGE_CURVE('',#2099,#2100,#1176,.T.);
#2660=EDGE_CURVE('',#2100,#2101,#1177,.T.);
#2661=EDGE_CURVE('',#2101,#2098,#1178,.T.);
#2662=EDGE_CURVE('',#2102,#2103,#1722,.T.);
#2663=EDGE_CURVE('',#2103,#2104,#1723,.T.);
#2664=EDGE_CURVE('',#2102,#2104,#1724,.T.);
#2665=EDGE_CURVE('',#2105,#2106,#1179,.T.);
#2666=EDGE_CURVE('',#2106,#2103,#1180,.T.);
#2667=EDGE_CURVE('',#2103,#2105,#1181,.T.);
#2668=EDGE_CURVE('',#2107,#1891,#1182,.T.);
#2669=EDGE_CURVE('',#2108,#2107,#1725,.T.);
#2670=EDGE_CURVE('',#1889,#2108,#1183,.T.);
#2671=EDGE_CURVE('',#2109,#2110,#1184,.T.);
#2672=EDGE_CURVE('',#2110,#2111,#1185,.T.);
#2673=EDGE_CURVE('',#2111,#2109,#1186,.T.);
#2674=EDGE_CURVE('',#2112,#2111,#1726,.T.);
#2675=EDGE_CURVE('',#2111,#2113,#1727,.T.);
#2676=EDGE_CURVE('',#2112,#2113,#1728,.T.);
#2677=EDGE_CURVE('',#2114,#2115,#1187,.T.);
#2678=EDGE_CURVE('',#2115,#2116,#1188,.T.);
#2679=EDGE_CURVE('',#2116,#2117,#1189,.T.);
#2680=EDGE_CURVE('',#2117,#2114,#1190,.T.);
#2681=EDGE_CURVE('',#2118,#2119,#1191,.T.);
#2682=EDGE_CURVE('',#2118,#2106,#258,.T.);
#2683=EDGE_CURVE('',#2105,#2119,#259,.T.);
#2684=EDGE_CURVE('',#2118,#2120,#1729,.T.);
#2685=EDGE_CURVE('',#2121,#2120,#260,.T.);
#2686=EDGE_CURVE('',#2106,#2121,#1730,.T.);
#2687=EDGE_CURVE('',#2104,#2121,#1192,.T.);
#2688=EDGE_CURVE('',#2100,#2122,#104,.T.);
#2689=EDGE_CURVE('',#2123,#2122,#1193,.T.);
#2690=EDGE_CURVE('',#2101,#2123,#1731,.T.);
#2691=EDGE_CURVE('',#2124,#2101,#1732,.T.);
#2692=EDGE_CURVE('',#2124,#2123,#1733,.T.);
#2693=EDGE_CURVE('',#2125,#2098,#1734,.T.);
#2694=EDGE_CURVE('',#2125,#2124,#1194,.T.);
#2695=EDGE_CURVE('',#2125,#2126,#1735,.T.);
#2696=EDGE_CURVE('',#2126,#2098,#1736,.T.);
#2697=EDGE_CURVE('',#2127,#2126,#1195,.T.);
#2698=EDGE_CURVE('',#2127,#2099,#105,.T.);
#2699=EDGE_CURVE('',#2116,#2128,#106,.T.);
#2700=EDGE_CURVE('',#2129,#2128,#1196,.T.);
#2701=EDGE_CURVE('',#2117,#2129,#1737,.T.);
#2702=EDGE_CURVE('',#2130,#2117,#1738,.T.);
#2703=EDGE_CURVE('',#2130,#2129,#1739,.T.);
#2704=EDGE_CURVE('',#2131,#2114,#1740,.T.);
#2705=EDGE_CURVE('',#2131,#2130,#1197,.T.);
#2706=EDGE_CURVE('',#2131,#2132,#1741,.T.);
#2707=EDGE_CURVE('',#2132,#2114,#1742,.T.);
#2708=EDGE_CURVE('',#2133,#2132,#1198,.T.);
#2709=EDGE_CURVE('',#2133,#2115,#107,.T.);
#2710=EDGE_CURVE('',#2134,#2109,#1743,.T.);
#2711=EDGE_CURVE('',#2134,#2112,#1199,.T.);
#2712=EDGE_CURVE('',#2135,#2136,#1744,.T.);
#2713=EDGE_CURVE('',#2109,#2136,#261,.T.);
#2714=EDGE_CURVE('',#2135,#2134,#262,.T.);
#2715=EDGE_CURVE('',#2137,#2136,#1200,.T.);
#2716=EDGE_CURVE('',#2137,#2110,#263,.T.);
#2717=EDGE_CURVE('',#2138,#1888,#264,.T.);
#2718=EDGE_CURVE('',#2138,#2139,#1745,.T.);
#2719=EDGE_CURVE('',#1890,#2139,#265,.T.);
#2720=EDGE_CURVE('',#1885,#2097,#266,.T.);
#2721=EDGE_CURVE('',#2096,#1886,#267,.T.);
#2722=EDGE_CURVE('',#1884,#2140,#1201,.T.);
#2723=EDGE_CURVE('',#2140,#2141,#1202,.T.);
#2724=EDGE_CURVE('',#2141,#2142,#1203,.T.);
#2725=EDGE_CURVE('',#1881,#2142,#268,.T.);
#2726=EDGE_CURVE('',#2142,#2143,#1746,.T.);
#2727=EDGE_CURVE('',#2143,#1882,#269,.T.);
#2728=EDGE_CURVE('',#1883,#2107,#1204,.T.);
#2729=EDGE_CURVE('',#1891,#2096,#1205,.T.);
#2730=EDGE_CURVE('',#2108,#1876,#270,.T.);
#2731=EDGE_CURVE('',#1878,#2107,#271,.T.);
#2732=EDGE_CURVE('',#2127,#2144,#1747,.T.);
#2733=EDGE_CURVE('',#2145,#2144,#272,.T.);
#2734=EDGE_CURVE('',#2099,#2145,#1748,.T.);
#2735=EDGE_CURVE('',#2146,#2145,#1206,.T.);
#2736=EDGE_CURVE('',#2100,#2146,#1749,.T.);
#2737=EDGE_CURVE('',#2147,#2146,#273,.T.);
#2738=EDGE_CURVE('',#2122,#2147,#1750,.T.);
#2739=EDGE_CURVE('',#2102,#2147,#1207,.T.);
#2740=EDGE_CURVE('',#2122,#2104,#1208,.T.);
#2741=EDGE_CURVE('',#2148,#2105,#1751,.T.);
#2742=EDGE_CURVE('',#2148,#2102,#1209,.T.);
#2743=EDGE_CURVE('',#2149,#2119,#1752,.T.);
#2744=EDGE_CURVE('',#2149,#2148,#274,.T.);
#2745=EDGE_CURVE('',#2150,#2151,#1753,.T.);
#2746=EDGE_CURVE('',#2152,#2151,#1210,.T.);
#2747=EDGE_CURVE('',#2153,#2152,#1754,.T.);
#2748=EDGE_CURVE('',#2150,#2153,#1211,.T.);
#2749=EDGE_CURVE('',#1877,#2154,#1212,.T.);
#2750=EDGE_CURVE('',#2154,#2155,#1213,.T.);
#2751=EDGE_CURVE('',#1869,#2155,#156,.T.);
#2752=EDGE_CURVE('',#1868,#2156,#1214,.T.);
#2753=EDGE_CURVE('',#2156,#2152,#1215,.T.);
#2754=EDGE_CURVE('',#1873,#2151,#157,.T.);
#2755=EDGE_CURVE('',#1872,#2157,#1216,.T.);
#2756=EDGE_CURVE('',#2157,#2138,#1217,.T.);
#2757=EDGE_CURVE('',#2158,#2159,#1755,.T.);
#2758=EDGE_CURVE('',#2153,#2158,#158,.T.);
#2759=EDGE_CURVE('',#2159,#2152,#159,.T.);
#2760=EDGE_CURVE('',#2137,#2160,#1756,.T.);
#2761=EDGE_CURVE('',#2161,#2160,#275,.T.);
#2762=EDGE_CURVE('',#2110,#2161,#1757,.T.);
#2763=EDGE_CURVE('',#2113,#2161,#1218,.T.);
#2764=EDGE_CURVE('',#2162,#2113,#1219,.T.);
#2765=EDGE_CURVE('',#2133,#2162,#1758,.T.);
#2766=EDGE_CURVE('',#2112,#2133,#1220,.T.);
#2767=EDGE_CURVE('',#2163,#2162,#276,.T.);
#2768=EDGE_CURVE('',#2115,#2163,#1759,.T.);
#2769=EDGE_CURVE('',#2164,#2163,#1221,.T.);
#2770=EDGE_CURVE('',#2116,#2164,#1760,.T.);
#2771=EDGE_CURVE('',#2165,#2164,#277,.T.);
#2772=EDGE_CURVE('',#2128,#2165,#1761,.T.);
#2773=EDGE_CURVE('',#2166,#1871,#1222,.T.);
#2774=EDGE_CURVE('',#2156,#2166,#1762,.T.);
#2775=EDGE_CURVE('',#2167,#2166,#160,.T.);
#2776=EDGE_CURVE('',#2167,#2168,#1763,.T.);
#2777=EDGE_CURVE('',#2156,#2168,#161,.T.);
#2778=EDGE_CURVE('',#2169,#2149,#1223,.T.);
#2779=EDGE_CURVE('',#2169,#2170,#278,.T.);
#2780=EDGE_CURVE('',#2119,#2170,#1224,.T.);
#2781=EDGE_CURVE('',#2170,#2171,#1225,.T.);
#2782=EDGE_CURVE('',#2171,#2118,#1226,.T.);
#2783=EDGE_CURVE('',#2171,#1864,#1764,.T.);
#2784=EDGE_CURVE('',#2120,#1865,#1227,.T.);
#2785=EDGE_CURVE('',#1865,#1863,#1228,.T.);
#2786=EDGE_CURVE('',#1863,#2123,#1229,.T.);
#2787=EDGE_CURVE('',#1862,#2172,#279,.T.);
#2788=EDGE_CURVE('',#2124,#2172,#1230,.T.);
#2789=EDGE_CURVE('',#2172,#1859,#1231,.T.);
#2790=EDGE_CURVE('',#1859,#2125,#1232,.T.);
#2791=EDGE_CURVE('',#1858,#2173,#280,.T.);
#2792=EDGE_CURVE('',#2126,#2173,#1233,.T.);
#2793=EDGE_CURVE('',#2173,#2174,#1234,.T.);
#2794=EDGE_CURVE('',#2174,#2127,#1235,.T.);
#2795=EDGE_CURVE('',#2174,#1852,#281,.T.);
#2796=EDGE_CURVE('',#2144,#1853,#1236,.T.);
#2797=EDGE_CURVE('',#2175,#2165,#1237,.T.);
#2798=EDGE_CURVE('',#2175,#1848,#282,.T.);
#2799=EDGE_CURVE('',#2128,#1849,#1238,.T.);
#2800=EDGE_CURVE('',#1849,#1847,#1239,.T.);
#2801=EDGE_CURVE('',#1847,#2129,#1240,.T.);
#2802=EDGE_CURVE('',#1846,#2176,#283,.T.);
#2803=EDGE_CURVE('',#2130,#2176,#1241,.T.);
#2804=EDGE_CURVE('',#2176,#1843,#1242,.T.);
#2805=EDGE_CURVE('',#1843,#2131,#1243,.T.);
#2806=EDGE_CURVE('',#1842,#2177,#284,.T.);
#2807=EDGE_CURVE('',#2132,#2177,#1244,.T.);
#2808=EDGE_CURVE('',#2177,#2178,#1245,.T.);
#2809=EDGE_CURVE('',#2178,#2135,#1246,.T.);
#2810=EDGE_CURVE('',#2178,#2179,#162,.T.);
#2811=EDGE_CURVE('',#2136,#2179,#1247,.T.);
#2812=EDGE_CURVE('',#2179,#2180,#1248,.T.);
#2813=EDGE_CURVE('',#2180,#2137,#1249,.T.);
#2814=EDGE_CURVE('',#2180,#2181,#285,.T.);
#2815=EDGE_CURVE('',#2160,#2181,#1250,.T.);
#2816=EDGE_CURVE('',#2182,#2183,#286,.T.);
#2817=EDGE_CURVE('',#2183,#2184,#287,.T.);
#2818=EDGE_CURVE('',#2182,#2184,#1765,.T.);
#2819=EDGE_CURVE('',#2157,#2185,#1766,.T.);
#2820=EDGE_CURVE('',#2139,#2185,#1251,.T.);
#2821=EDGE_CURVE('',#1887,#2139,#1252,.T.);
#2822=EDGE_CURVE('',#2186,#1887,#1253,.T.);
#2823=EDGE_CURVE('',#2186,#2140,#1767,.T.);
#2824=EDGE_CURVE('',#2184,#2140,#288,.T.);
#2825=EDGE_CURVE('',#2182,#2186,#163,.T.);
#2826=EDGE_CURVE('',#2187,#2183,#1254,.T.);
#2827=EDGE_CURVE('',#2187,#2188,#289,.T.);
#2828=EDGE_CURVE('',#2188,#2141,#290,.T.);
#2829=EDGE_CURVE('',#2189,#2190,#1768,.T.);
#2830=EDGE_CURVE('',#2185,#2190,#291,.T.);
#2831=EDGE_CURVE('',#2189,#2157,#108,.T.);
#2832=EDGE_CURVE('',#2187,#2191,#292,.T.);
#2833=EDGE_CURVE('',#2191,#2188,#1769,.T.);
#2834=EDGE_CURVE('',#2189,#1875,#1255,.T.);
#2835=EDGE_CURVE('',#2192,#2191,#164,.T.);
#2836=EDGE_CURVE('',#2192,#2141,#1770,.T.);
#2837=EDGE_CURVE('',#2143,#2192,#1256,.T.);
#2838=EDGE_CURVE('',#1879,#2143,#1257,.T.);
#2839=EDGE_CURVE('',#2193,#1879,#1258,.T.);
#2840=EDGE_CURVE('',#2154,#2193,#1771,.T.);
#2841=EDGE_CURVE('',#2150,#1874,#1772,.T.);
#2842=EDGE_CURVE('',#2194,#2193,#293,.T.);
#2843=EDGE_CURVE('',#2195,#2194,#1773,.T.);
#2844=EDGE_CURVE('',#2154,#2195,#109,.T.);
#2845=EDGE_CURVE('',#2196,#2195,#1259,.T.);
#2846=EDGE_CURVE('',#2155,#2196,#1774,.T.);
#2847=EDGE_CURVE('',#2196,#1870,#294,.T.);
#2848=EDGE_CURVE('',#2197,#2158,#295,.T.);
#2849=EDGE_CURVE('',#2197,#2159,#296,.T.);
#2850=EDGE_CURVE('',#1853,#1839,#1260,.T.);
#2851=EDGE_CURVE('',#1839,#2150,#1261,.T.);
#2852=EDGE_CURVE('',#2158,#2198,#1262,.T.);
#2853=EDGE_CURVE('',#2198,#2169,#1263,.T.);
#2854=EDGE_CURVE('',#2168,#2199,#297,.T.);
#2855=EDGE_CURVE('',#2197,#2199,#1264,.T.);
#2856=EDGE_CURVE('',#2167,#2199,#298,.T.);
#2857=EDGE_CURVE('',#2181,#1814,#1265,.T.);
#2858=EDGE_CURVE('',#1814,#2167,#1266,.T.);
#2859=EDGE_CURVE('',#1871,#2200,#1267,.T.);
#2860=EDGE_CURVE('',#2200,#2175,#1268,.T.);
#2861=EDGE_CURVE('',#1989,#2170,#1775,.T.);
#2862=EDGE_CURVE('',#1990,#2169,#1776,.T.);
#2863=EDGE_CURVE('',#1988,#2171,#1777,.T.);
#2864=EDGE_CURVE('',#1987,#2172,#1778,.T.);
#2865=EDGE_CURVE('',#1986,#2173,#1779,.T.);
#2866=EDGE_CURVE('',#1985,#2174,#1780,.T.);
#2867=EDGE_CURVE('',#2175,#2201,#1781,.T.);
#2868=EDGE_CURVE('',#1850,#2201,#299,.T.);
#2869=EDGE_CURVE('',#1845,#1851,#1269,.T.);
#2870=EDGE_CURVE('',#2202,#1844,#300,.T.);
#2871=EDGE_CURVE('',#2176,#2202,#1782,.T.);
#2872=EDGE_CURVE('',#1841,#2202,#1270,.T.);
#2873=EDGE_CURVE('',#2203,#1840,#301,.T.);
#2874=EDGE_CURVE('',#2177,#2203,#1783,.T.);
#2875=EDGE_CURVE('',#2204,#2203,#1271,.T.);
#2876=EDGE_CURVE('',#2178,#2204,#1784,.T.);
#2877=EDGE_CURVE('',#2205,#2204,#165,.T.);
#2878=EDGE_CURVE('',#2179,#2205,#1785,.T.);
#2879=EDGE_CURVE('',#2206,#2205,#1272,.T.);
#2880=EDGE_CURVE('',#2180,#2206,#1786,.T.);
#2881=EDGE_CURVE('',#2207,#2206,#302,.T.);
#2882=EDGE_CURVE('',#2181,#2207,#1787,.T.);
#2883=EDGE_CURVE('',#1820,#2182,#1273,.T.);
#2884=EDGE_CURVE('',#1819,#2208,#303,.T.);
#2885=EDGE_CURVE('',#2183,#2208,#1274,.T.);
#2886=EDGE_CURVE('',#2190,#1833,#1275,.T.);
#2887=EDGE_CURVE('',#1833,#1820,#1276,.T.);
#2888=EDGE_CURVE('',#2208,#1825,#1277,.T.);
#2889=EDGE_CURVE('',#1825,#2187,#1278,.T.);
#2890=EDGE_CURVE('',#2209,#2189,#1279,.T.);
#2891=EDGE_CURVE('',#2209,#1832,#304,.T.);
#2892=EDGE_CURVE('',#1824,#2210,#305,.T.);
#2893=EDGE_CURVE('',#2191,#2210,#1280,.T.);
#2894=EDGE_CURVE('',#1875,#2211,#1281,.T.);
#2895=EDGE_CURVE('',#2211,#2209,#1282,.T.);
#2896=EDGE_CURVE('',#2210,#2212,#1283,.T.);
#2897=EDGE_CURVE('',#2212,#2194,#1284,.T.);
#2898=EDGE_CURVE('',#1838,#2211,#306,.T.);
#2899=EDGE_CURVE('',#2212,#2213,#110,.T.);
#2900=EDGE_CURVE('',#2195,#2213,#1285,.T.);
#2901=EDGE_CURVE('',#2213,#1830,#1286,.T.);
#2902=EDGE_CURVE('',#1830,#2196,#1287,.T.);
#2903=EDGE_CURVE('',#1829,#2200,#166,.T.);
#2904=EDGE_CURVE('',#2200,#2214,#1788,.T.);
#2905=EDGE_CURVE('',#2201,#2214,#1288,.T.);
#2906=EDGE_CURVE('',#1809,#2197,#1289,.T.);
#2907=EDGE_CURVE('',#1808,#2198,#307,.T.);
#2908=EDGE_CURVE('',#1991,#2198,#1789,.T.);
#2909=EDGE_CURVE('',#2199,#2215,#1290,.T.);
#2910=EDGE_CURVE('',#2215,#1809,#1291,.T.);
#2911=EDGE_CURVE('',#1815,#2207,#1292,.T.);
#2912=EDGE_CURVE('',#1813,#2215,#308,.T.);
#2913=EDGE_CURVE('',#2089,#2211,#1790,.T.);
#2914=EDGE_CURVE('',#2085,#2209,#1791,.T.);
#2915=EDGE_CURVE('',#2214,#1827,#111,.T.);
#2916=EDGE_CURVE('',#2213,#2090,#1792,.T.);
#2917=EDGE_CURVE('',#2212,#2088,#1793,.T.);
#2918=EDGE_CURVE('',#2210,#2087,#1794,.T.);
#2919=EDGE_CURVE('',#2208,#2084,#1795,.T.);
#2920=EDGE_CURVE('',#1812,#2094,#309,.T.);
#2921=EDGE_CURVE('',#2093,#2215,#1796,.T.);
#2922=EDGE_CURVE('',#1807,#2092,#167,.T.);
#2923=EDGE_CURVE('',#2216,#2095,#1293,.T.);
#2924=EDGE_CURVE('',#1926,#2217,#1294,.T.);
#2925=EDGE_CURVE('',#2217,#2216,#1797,.T.);
#2926=EDGE_CURVE('',#1943,#1982,#1295,.T.);
#2927=EDGE_CURVE('',#1942,#1983,#1296,.T.);
#2928=EDGE_CURVE('',#1935,#2217,#1297,.T.);
#2929=EDGE_CURVE('',#1934,#2216,#1298,.T.);
#2930=ORIENTED_EDGE('',*,*,#2218,.F.);
#2931=ORIENTED_EDGE('',*,*,#2219,.T.);
#2932=ORIENTED_EDGE('',*,*,#2220,.T.);
#2933=ORIENTED_EDGE('',*,*,#2219,.F.);
#2934=ORIENTED_EDGE('',*,*,#2221,.F.);
#2935=ORIENTED_EDGE('',*,*,#2222,.T.);
#2936=ORIENTED_EDGE('',*,*,#2223,.T.);
#2937=ORIENTED_EDGE('',*,*,#2222,.F.);
#2938=ORIENTED_EDGE('',*,*,#2224,.F.);
#2939=ORIENTED_EDGE('',*,*,#2225,.T.);
#2940=ORIENTED_EDGE('',*,*,#2226,.T.);
#2941=ORIENTED_EDGE('',*,*,#2225,.F.);
#2942=ORIENTED_EDGE('',*,*,#2227,.F.);
#2943=ORIENTED_EDGE('',*,*,#2228,.T.);
#2944=ORIENTED_EDGE('',*,*,#2229,.T.);
#2945=ORIENTED_EDGE('',*,*,#2228,.F.);
#2946=ORIENTED_EDGE('',*,*,#2230,.T.);
#2947=ORIENTED_EDGE('',*,*,#2231,.T.);
#2948=ORIENTED_EDGE('',*,*,#2232,.F.);
#2949=ORIENTED_EDGE('',*,*,#2233,.F.);
#2950=ORIENTED_EDGE('',*,*,#2234,.F.);
#2951=ORIENTED_EDGE('',*,*,#2235,.T.);
#2952=ORIENTED_EDGE('',*,*,#2236,.T.);
#2953=ORIENTED_EDGE('',*,*,#2237,.F.);
#2954=ORIENTED_EDGE('',*,*,#2238,.T.);
#2955=ORIENTED_EDGE('',*,*,#2239,.F.);
#2956=ORIENTED_EDGE('',*,*,#2240,.F.);
#2957=ORIENTED_EDGE('',*,*,#2241,.F.);
#2958=ORIENTED_EDGE('',*,*,#2242,.T.);
#2959=ORIENTED_EDGE('',*,*,#2243,.F.);
#2960=ORIENTED_EDGE('',*,*,#2244,.F.);
#2961=ORIENTED_EDGE('',*,*,#2245,.F.);
#2962=ORIENTED_EDGE('',*,*,#2246,.F.);
#2963=ORIENTED_EDGE('',*,*,#2247,.T.);
#2964=ORIENTED_EDGE('',*,*,#2248,.F.);
#2965=ORIENTED_EDGE('',*,*,#2249,.T.);
#2966=ORIENTED_EDGE('',*,*,#2250,.F.);
#2967=ORIENTED_EDGE('',*,*,#2251,.F.);
#2968=ORIENTED_EDGE('',*,*,#2252,.T.);
#2969=ORIENTED_EDGE('',*,*,#2253,.F.);
#2970=ORIENTED_EDGE('',*,*,#2254,.T.);
#2971=ORIENTED_EDGE('',*,*,#2255,.F.);
#2972=ORIENTED_EDGE('',*,*,#2256,.F.);
#2973=ORIENTED_EDGE('',*,*,#2257,.T.);
#2974=ORIENTED_EDGE('',*,*,#2258,.F.);
#2975=ORIENTED_EDGE('',*,*,#2259,.T.);
#2976=ORIENTED_EDGE('',*,*,#2260,.F.);
#2977=ORIENTED_EDGE('',*,*,#2261,.T.);
#2978=ORIENTED_EDGE('',*,*,#2262,.F.);
#2979=ORIENTED_EDGE('',*,*,#2263,.F.);
#2980=ORIENTED_EDGE('',*,*,#2264,.F.);
#2981=ORIENTED_EDGE('',*,*,#2265,.T.);
#2982=ORIENTED_EDGE('',*,*,#2266,.F.);
#2983=ORIENTED_EDGE('',*,*,#2267,.T.);
#2984=ORIENTED_EDGE('',*,*,#2268,.F.);
#2985=ORIENTED_EDGE('',*,*,#2269,.T.);
#2986=ORIENTED_EDGE('',*,*,#2270,.F.);
#2987=ORIENTED_EDGE('',*,*,#2271,.T.);
#2988=ORIENTED_EDGE('',*,*,#2272,.F.);
#2989=ORIENTED_EDGE('',*,*,#2273,.T.);
#2990=ORIENTED_EDGE('',*,*,#2274,.F.);
#2991=ORIENTED_EDGE('',*,*,#2275,.F.);
#2992=ORIENTED_EDGE('',*,*,#2276,.F.);
#2993=ORIENTED_EDGE('',*,*,#2277,.T.);
#2994=ORIENTED_EDGE('',*,*,#2278,.F.);
#2995=ORIENTED_EDGE('',*,*,#2279,.T.);
#2996=ORIENTED_EDGE('',*,*,#2280,.F.);
#2997=ORIENTED_EDGE('',*,*,#2281,.T.);
#2998=ORIENTED_EDGE('',*,*,#2282,.F.);
#2999=ORIENTED_EDGE('',*,*,#2283,.F.);
#3000=ORIENTED_EDGE('',*,*,#2284,.F.);
#3001=ORIENTED_EDGE('',*,*,#2285,.T.);
#3002=ORIENTED_EDGE('',*,*,#2286,.F.);
#3003=ORIENTED_EDGE('',*,*,#2287,.F.);
#3004=ORIENTED_EDGE('',*,*,#2288,.F.);
#3005=ORIENTED_EDGE('',*,*,#2289,.T.);
#3006=ORIENTED_EDGE('',*,*,#2290,.F.);
#3007=ORIENTED_EDGE('',*,*,#2291,.T.);
#3008=ORIENTED_EDGE('',*,*,#2292,.T.);
#3009=ORIENTED_EDGE('',*,*,#2293,.T.);
#3010=ORIENTED_EDGE('',*,*,#2294,.T.);
#3011=ORIENTED_EDGE('',*,*,#2295,.F.);
#3012=ORIENTED_EDGE('',*,*,#2296,.T.);
#3013=ORIENTED_EDGE('',*,*,#2297,.T.);
#3014=ORIENTED_EDGE('',*,*,#2298,.T.);
#3015=ORIENTED_EDGE('',*,*,#2299,.T.);
#3016=ORIENTED_EDGE('',*,*,#2300,.F.);
#3017=ORIENTED_EDGE('',*,*,#2301,.T.);
#3018=ORIENTED_EDGE('',*,*,#2302,.F.);
#3019=ORIENTED_EDGE('',*,*,#2303,.F.);
#3020=ORIENTED_EDGE('',*,*,#2304,.T.);
#3021=ORIENTED_EDGE('',*,*,#2305,.T.);
#3022=ORIENTED_EDGE('',*,*,#2306,.T.);
#3023=ORIENTED_EDGE('',*,*,#2307,.F.);
#3024=ORIENTED_EDGE('',*,*,#2308,.T.);
#3025=ORIENTED_EDGE('',*,*,#2309,.T.);
#3026=ORIENTED_EDGE('',*,*,#2310,.T.);
#3027=ORIENTED_EDGE('',*,*,#2311,.F.);
#3028=ORIENTED_EDGE('',*,*,#2312,.F.);
#3029=ORIENTED_EDGE('',*,*,#2313,.T.);
#3030=ORIENTED_EDGE('',*,*,#2314,.F.);
#3031=ORIENTED_EDGE('',*,*,#2315,.F.);
#3032=ORIENTED_EDGE('',*,*,#2316,.T.);
#3033=ORIENTED_EDGE('',*,*,#2317,.T.);
#3034=ORIENTED_EDGE('',*,*,#2246,.T.);
#3035=ORIENTED_EDGE('',*,*,#2318,.F.);
#3036=ORIENTED_EDGE('',*,*,#2319,.T.);
#3037=ORIENTED_EDGE('',*,*,#2320,.T.);
#3038=ORIENTED_EDGE('',*,*,#2241,.T.);
#3039=ORIENTED_EDGE('',*,*,#2321,.F.);
#3040=ORIENTED_EDGE('',*,*,#2322,.T.);
#3041=ORIENTED_EDGE('',*,*,#2323,.T.);
#3042=ORIENTED_EDGE('',*,*,#2324,.T.);
#3043=ORIENTED_EDGE('',*,*,#2325,.F.);
#3044=ORIENTED_EDGE('',*,*,#2326,.T.);
#3045=ORIENTED_EDGE('',*,*,#2327,.T.);
#3046=ORIENTED_EDGE('',*,*,#2328,.T.);
#3047=ORIENTED_EDGE('',*,*,#2329,.F.);
#3048=ORIENTED_EDGE('',*,*,#2330,.T.);
#3049=ORIENTED_EDGE('',*,*,#2331,.T.);
#3050=ORIENTED_EDGE('',*,*,#2332,.T.);
#3051=ORIENTED_EDGE('',*,*,#2333,.F.);
#3052=ORIENTED_EDGE('',*,*,#2334,.F.);
#3053=ORIENTED_EDGE('',*,*,#2335,.T.);
#3054=ORIENTED_EDGE('',*,*,#2336,.F.);
#3055=ORIENTED_EDGE('',*,*,#2337,.T.);
#3056=ORIENTED_EDGE('',*,*,#2338,.F.);
#3057=ORIENTED_EDGE('',*,*,#2339,.T.);
#3058=ORIENTED_EDGE('',*,*,#2340,.F.);
#3059=ORIENTED_EDGE('',*,*,#2341,.F.);
#3060=ORIENTED_EDGE('',*,*,#2342,.F.);
#3061=ORIENTED_EDGE('',*,*,#2343,.T.);
#3062=ORIENTED_EDGE('',*,*,#2344,.F.);
#3063=ORIENTED_EDGE('',*,*,#2345,.F.);
#3064=ORIENTED_EDGE('',*,*,#2346,.F.);
#3065=ORIENTED_EDGE('',*,*,#2347,.T.);
#3066=ORIENTED_EDGE('',*,*,#2348,.F.);
#3067=ORIENTED_EDGE('',*,*,#2349,.F.);
#3068=ORIENTED_EDGE('',*,*,#2350,.T.);
#3069=ORIENTED_EDGE('',*,*,#2351,.T.);
#3070=ORIENTED_EDGE('',*,*,#2352,.T.);
#3071=ORIENTED_EDGE('',*,*,#2353,.F.);
#3072=ORIENTED_EDGE('',*,*,#2354,.F.);
#3073=ORIENTED_EDGE('',*,*,#2355,.T.);
#3074=ORIENTED_EDGE('',*,*,#2356,.F.);
#3075=ORIENTED_EDGE('',*,*,#2357,.T.);
#3076=ORIENTED_EDGE('',*,*,#2358,.F.);
#3077=ORIENTED_EDGE('',*,*,#2359,.F.);
#3078=ORIENTED_EDGE('',*,*,#2360,.F.);
#3079=ORIENTED_EDGE('',*,*,#2361,.F.);
#3080=ORIENTED_EDGE('',*,*,#2350,.F.);
#3081=ORIENTED_EDGE('',*,*,#2362,.F.);
#3082=ORIENTED_EDGE('',*,*,#2363,.F.);
#3083=ORIENTED_EDGE('',*,*,#2364,.F.);
#3084=ORIENTED_EDGE('',*,*,#2365,.F.);
#3085=ORIENTED_EDGE('',*,*,#2316,.F.);
#3086=ORIENTED_EDGE('',*,*,#2366,.F.);
#3087=ORIENTED_EDGE('',*,*,#2367,.F.);
#3088=ORIENTED_EDGE('',*,*,#2319,.F.);
#3089=ORIENTED_EDGE('',*,*,#2368,.F.);
#3090=ORIENTED_EDGE('',*,*,#2369,.F.);
#3091=ORIENTED_EDGE('',*,*,#2370,.F.);
#3092=ORIENTED_EDGE('',*,*,#2322,.F.);
#3093=ORIENTED_EDGE('',*,*,#2371,.T.);
#3094=ORIENTED_EDGE('',*,*,#2372,.F.);
#3095=ORIENTED_EDGE('',*,*,#2373,.F.);
#3096=ORIENTED_EDGE('',*,*,#2374,.F.);
#3097=ORIENTED_EDGE('',*,*,#2375,.F.);
#3098=ORIENTED_EDGE('',*,*,#2376,.F.);
#3099=ORIENTED_EDGE('',*,*,#2377,.F.);
#3100=ORIENTED_EDGE('',*,*,#2378,.T.);
#3101=ORIENTED_EDGE('',*,*,#2379,.F.);
#3102=ORIENTED_EDGE('',*,*,#2380,.T.);
#3103=ORIENTED_EDGE('',*,*,#2381,.F.);
#3104=ORIENTED_EDGE('',*,*,#2382,.T.);
#3105=ORIENTED_EDGE('',*,*,#2383,.F.);
#3106=ORIENTED_EDGE('',*,*,#2384,.T.);
#3107=ORIENTED_EDGE('',*,*,#2385,.F.);
#3108=ORIENTED_EDGE('',*,*,#2386,.T.);
#3109=ORIENTED_EDGE('',*,*,#2387,.F.);
#3110=ORIENTED_EDGE('',*,*,#2388,.F.);
#3111=ORIENTED_EDGE('',*,*,#2389,.F.);
#3112=ORIENTED_EDGE('',*,*,#2390,.F.);
#3113=ORIENTED_EDGE('',*,*,#2391,.F.);
#3114=ORIENTED_EDGE('',*,*,#2392,.F.);
#3115=ORIENTED_EDGE('',*,*,#2393,.F.);
#3116=ORIENTED_EDGE('',*,*,#2394,.T.);
#3117=ORIENTED_EDGE('',*,*,#2395,.F.);
#3118=ORIENTED_EDGE('',*,*,#2396,.T.);
#3119=ORIENTED_EDGE('',*,*,#2397,.F.);
#3120=ORIENTED_EDGE('',*,*,#2398,.T.);
#3121=ORIENTED_EDGE('',*,*,#2399,.F.);
#3122=ORIENTED_EDGE('',*,*,#2400,.T.);
#3123=ORIENTED_EDGE('',*,*,#2401,.F.);
#3124=ORIENTED_EDGE('',*,*,#2402,.T.);
#3125=ORIENTED_EDGE('',*,*,#2403,.F.);
#3126=ORIENTED_EDGE('',*,*,#2404,.T.);
#3127=ORIENTED_EDGE('',*,*,#2405,.F.);
#3128=ORIENTED_EDGE('',*,*,#2406,.T.);
#3129=ORIENTED_EDGE('',*,*,#2407,.F.);
#3130=ORIENTED_EDGE('',*,*,#2408,.F.);
#3131=ORIENTED_EDGE('',*,*,#2409,.F.);
#3132=ORIENTED_EDGE('',*,*,#2218,.T.);
#3133=ORIENTED_EDGE('',*,*,#2221,.T.);
#3134=ORIENTED_EDGE('',*,*,#2224,.T.);
#3135=ORIENTED_EDGE('',*,*,#2227,.T.);
#3136=ORIENTED_EDGE('',*,*,#2410,.F.);
#3137=ORIENTED_EDGE('',*,*,#2411,.T.);
#3138=ORIENTED_EDGE('',*,*,#2412,.T.);
#3139=ORIENTED_EDGE('',*,*,#2413,.F.);
#3140=ORIENTED_EDGE('',*,*,#2324,.F.);
#3141=ORIENTED_EDGE('',*,*,#2414,.F.);
#3142=ORIENTED_EDGE('',*,*,#2415,.T.);
#3143=ORIENTED_EDGE('',*,*,#2260,.T.);
#3144=ORIENTED_EDGE('',*,*,#2416,.T.);
#3145=ORIENTED_EDGE('',*,*,#2278,.T.);
#3146=ORIENTED_EDGE('',*,*,#2417,.T.);
#3147=ORIENTED_EDGE('',*,*,#2418,.T.);
#3148=ORIENTED_EDGE('',*,*,#2419,.T.);
#3149=ORIENTED_EDGE('',*,*,#2280,.T.);
#3150=ORIENTED_EDGE('',*,*,#2420,.T.);
#3151=ORIENTED_EDGE('',*,*,#2421,.T.);
#3152=ORIENTED_EDGE('',*,*,#2284,.T.);
#3153=ORIENTED_EDGE('',*,*,#2422,.T.);
#3154=ORIENTED_EDGE('',*,*,#2290,.T.);
#3155=ORIENTED_EDGE('',*,*,#2423,.T.);
#3156=ORIENTED_EDGE('',*,*,#2424,.T.);
#3157=ORIENTED_EDGE('',*,*,#2425,.T.);
#3158=ORIENTED_EDGE('',*,*,#2426,.T.);
#3159=ORIENTED_EDGE('',*,*,#2427,.T.);
#3160=ORIENTED_EDGE('',*,*,#2223,.F.);
#3161=ORIENTED_EDGE('',*,*,#2229,.F.);
#3162=ORIENTED_EDGE('',*,*,#2428,.F.);
#3163=ORIENTED_EDGE('',*,*,#2429,.F.);
#3164=ORIENTED_EDGE('',*,*,#2430,.F.);
#3165=ORIENTED_EDGE('',*,*,#2431,.F.);
#3166=ORIENTED_EDGE('',*,*,#2432,.F.);
#3167=ORIENTED_EDGE('',*,*,#2433,.F.);
#3168=ORIENTED_EDGE('',*,*,#2434,.F.);
#3169=ORIENTED_EDGE('',*,*,#2384,.F.);
#3170=ORIENTED_EDGE('',*,*,#2435,.F.);
#3171=ORIENTED_EDGE('',*,*,#2436,.F.);
#3172=ORIENTED_EDGE('',*,*,#2437,.F.);
#3173=ORIENTED_EDGE('',*,*,#2438,.F.);
#3174=ORIENTED_EDGE('',*,*,#2394,.F.);
#3175=ORIENTED_EDGE('',*,*,#2439,.F.);
#3176=ORIENTED_EDGE('',*,*,#2440,.F.);
#3177=ORIENTED_EDGE('',*,*,#2441,.F.);
#3178=ORIENTED_EDGE('',*,*,#2388,.T.);
#3179=ORIENTED_EDGE('',*,*,#2442,.F.);
#3180=ORIENTED_EDGE('',*,*,#2443,.F.);
#3181=ORIENTED_EDGE('',*,*,#2444,.F.);
#3182=ORIENTED_EDGE('',*,*,#2445,.F.);
#3183=ORIENTED_EDGE('',*,*,#2406,.F.);
#3184=ORIENTED_EDGE('',*,*,#2446,.F.);
#3185=ORIENTED_EDGE('',*,*,#2447,.F.);
#3186=ORIENTED_EDGE('',*,*,#2448,.F.);
#3187=ORIENTED_EDGE('',*,*,#2449,.F.);
#3188=ORIENTED_EDGE('',*,*,#2380,.F.);
#3189=ORIENTED_EDGE('',*,*,#2450,.F.);
#3190=ORIENTED_EDGE('',*,*,#2451,.F.);
#3191=ORIENTED_EDGE('',*,*,#2452,.F.);
#3192=ORIENTED_EDGE('',*,*,#2453,.F.);
#3193=ORIENTED_EDGE('',*,*,#2454,.F.);
#3194=ORIENTED_EDGE('',*,*,#2455,.F.);
#3195=ORIENTED_EDGE('',*,*,#2456,.F.);
#3196=ORIENTED_EDGE('',*,*,#2457,.F.);
#3197=ORIENTED_EDGE('',*,*,#2458,.F.);
#3198=ORIENTED_EDGE('',*,*,#2459,.F.);
#3199=ORIENTED_EDGE('',*,*,#2460,.F.);
#3200=ORIENTED_EDGE('',*,*,#2376,.T.);
#3201=ORIENTED_EDGE('',*,*,#2461,.F.);
#3202=ORIENTED_EDGE('',*,*,#2462,.F.);
#3203=ORIENTED_EDGE('',*,*,#2463,.F.);
#3204=ORIENTED_EDGE('',*,*,#2396,.F.);
#3205=ORIENTED_EDGE('',*,*,#2464,.F.);
#3206=ORIENTED_EDGE('',*,*,#2465,.F.);
#3207=ORIENTED_EDGE('',*,*,#2466,.F.);
#3208=ORIENTED_EDGE('',*,*,#2467,.F.);
#3209=ORIENTED_EDGE('',*,*,#2468,.F.);
#3210=ORIENTED_EDGE('',*,*,#2404,.F.);
#3211=ORIENTED_EDGE('',*,*,#2469,.F.);
#3212=ORIENTED_EDGE('',*,*,#2326,.F.);
#3213=ORIENTED_EDGE('',*,*,#2470,.F.);
#3214=ORIENTED_EDGE('',*,*,#2471,.F.);
#3215=ORIENTED_EDGE('',*,*,#2330,.F.);
#3216=ORIENTED_EDGE('',*,*,#2472,.F.);
#3217=ORIENTED_EDGE('',*,*,#2473,.F.);
#3218=ORIENTED_EDGE('',*,*,#2474,.T.);
#3219=ORIENTED_EDGE('',*,*,#2334,.T.);
#3220=ORIENTED_EDGE('',*,*,#2475,.F.);
#3221=ORIENTED_EDGE('',*,*,#2476,.F.);
#3222=ORIENTED_EDGE('',*,*,#2477,.F.);
#3223=ORIENTED_EDGE('',*,*,#2478,.T.);
#3224=ORIENTED_EDGE('',*,*,#2338,.T.);
#3225=ORIENTED_EDGE('',*,*,#2479,.F.);
#3226=ORIENTED_EDGE('',*,*,#2480,.F.);
#3227=ORIENTED_EDGE('',*,*,#2481,.F.);
#3228=ORIENTED_EDGE('',*,*,#2382,.F.);
#3229=ORIENTED_EDGE('',*,*,#2482,.F.);
#3230=ORIENTED_EDGE('',*,*,#2483,.F.);
#3231=ORIENTED_EDGE('',*,*,#2484,.F.);
#3232=ORIENTED_EDGE('',*,*,#2485,.F.);
#3233=ORIENTED_EDGE('',*,*,#2486,.F.);
#3234=ORIENTED_EDGE('',*,*,#2487,.F.);
#3235=ORIENTED_EDGE('',*,*,#2488,.F.);
#3236=ORIENTED_EDGE('',*,*,#2489,.F.);
#3237=ORIENTED_EDGE('',*,*,#2490,.F.);
#3238=ORIENTED_EDGE('',*,*,#2398,.F.);
#3239=ORIENTED_EDGE('',*,*,#2491,.F.);
#3240=ORIENTED_EDGE('',*,*,#2402,.F.);
#3241=ORIENTED_EDGE('',*,*,#2492,.F.);
#3242=ORIENTED_EDGE('',*,*,#2493,.F.);
#3243=ORIENTED_EDGE('',*,*,#2494,.F.);
#3244=ORIENTED_EDGE('',*,*,#2495,.F.);
#3245=ORIENTED_EDGE('',*,*,#2496,.F.);
#3246=ORIENTED_EDGE('',*,*,#2497,.F.);
#3247=ORIENTED_EDGE('',*,*,#2498,.F.);
#3248=ORIENTED_EDGE('',*,*,#2499,.F.);
#3249=ORIENTED_EDGE('',*,*,#2500,.F.);
#3250=ORIENTED_EDGE('',*,*,#2501,.F.);
#3251=ORIENTED_EDGE('',*,*,#2502,.F.);
#3252=ORIENTED_EDGE('',*,*,#2503,.F.);
#3253=ORIENTED_EDGE('',*,*,#2504,.F.);
#3254=ORIENTED_EDGE('',*,*,#2400,.F.);
#3255=ORIENTED_EDGE('',*,*,#2505,.F.);
#3256=ORIENTED_EDGE('',*,*,#2506,.T.);
#3257=ORIENTED_EDGE('',*,*,#2346,.T.);
#3258=ORIENTED_EDGE('',*,*,#2507,.F.);
#3259=ORIENTED_EDGE('',*,*,#2508,.F.);
#3260=ORIENTED_EDGE('',*,*,#2509,.F.);
#3261=ORIENTED_EDGE('',*,*,#2510,.T.);
#3262=ORIENTED_EDGE('',*,*,#2342,.T.);
#3263=ORIENTED_EDGE('',*,*,#2511,.F.);
#3264=ORIENTED_EDGE('',*,*,#2512,.F.);
#3265=ORIENTED_EDGE('',*,*,#2513,.F.);
#3266=ORIENTED_EDGE('',*,*,#2408,.T.);
#3267=ORIENTED_EDGE('',*,*,#2514,.F.);
#3268=ORIENTED_EDGE('',*,*,#2515,.F.);
#3269=ORIENTED_EDGE('',*,*,#2516,.F.);
#3270=ORIENTED_EDGE('',*,*,#2374,.T.);
#3271=ORIENTED_EDGE('',*,*,#2517,.F.);
#3272=ORIENTED_EDGE('',*,*,#2518,.F.);
#3273=ORIENTED_EDGE('',*,*,#2519,.F.);
#3274=ORIENTED_EDGE('',*,*,#2520,.F.);
#3275=ORIENTED_EDGE('',*,*,#2521,.F.);
#3276=ORIENTED_EDGE('',*,*,#2392,.T.);
#3277=ORIENTED_EDGE('',*,*,#2522,.F.);
#3278=ORIENTED_EDGE('',*,*,#2523,.F.);
#3279=ORIENTED_EDGE('',*,*,#2524,.F.);
#3280=ORIENTED_EDGE('',*,*,#2525,.F.);
#3281=ORIENTED_EDGE('',*,*,#2526,.F.);
#3282=ORIENTED_EDGE('',*,*,#2390,.T.);
#3283=ORIENTED_EDGE('',*,*,#2527,.F.);
#3284=ORIENTED_EDGE('',*,*,#2528,.F.);
#3285=ORIENTED_EDGE('',*,*,#2529,.F.);
#3286=ORIENTED_EDGE('',*,*,#2530,.F.);
#3287=ORIENTED_EDGE('',*,*,#2531,.F.);
#3288=ORIENTED_EDGE('',*,*,#2495,.T.);
#3289=ORIENTED_EDGE('',*,*,#2348,.T.);
#3290=ORIENTED_EDGE('',*,*,#2532,.T.);
#3291=ORIENTED_EDGE('',*,*,#2499,.T.);
#3292=ORIENTED_EDGE('',*,*,#2328,.F.);
#3293=ORIENTED_EDGE('',*,*,#2533,.F.);
#3294=ORIENTED_EDGE('',*,*,#2534,.T.);
#3295=ORIENTED_EDGE('',*,*,#2507,.T.);
#3296=ORIENTED_EDGE('',*,*,#2349,.T.);
#3297=ORIENTED_EDGE('',*,*,#2494,.T.);
#3298=ORIENTED_EDGE('',*,*,#2401,.T.);
#3299=ORIENTED_EDGE('',*,*,#2504,.T.);
#3300=ORIENTED_EDGE('',*,*,#2535,.T.);
#3301=ORIENTED_EDGE('',*,*,#2492,.T.);
#3302=ORIENTED_EDGE('',*,*,#2347,.F.);
#3303=ORIENTED_EDGE('',*,*,#2506,.F.);
#3304=ORIENTED_EDGE('',*,*,#2536,.T.);
#3305=ORIENTED_EDGE('',*,*,#2532,.F.);
#3306=ORIENTED_EDGE('',*,*,#2537,.T.);
#3307=ORIENTED_EDGE('',*,*,#2538,.T.);
#3308=ORIENTED_EDGE('',*,*,#2534,.F.);
#3309=ORIENTED_EDGE('',*,*,#2493,.T.);
#3310=ORIENTED_EDGE('',*,*,#2535,.F.);
#3311=ORIENTED_EDGE('',*,*,#2539,.T.);
#3312=ORIENTED_EDGE('',*,*,#2537,.F.);
#3313=ORIENTED_EDGE('',*,*,#2399,.T.);
#3314=ORIENTED_EDGE('',*,*,#2490,.T.);
#3315=ORIENTED_EDGE('',*,*,#2540,.T.);
#3316=ORIENTED_EDGE('',*,*,#2505,.T.);
#3317=ORIENTED_EDGE('',*,*,#2501,.T.);
#3318=ORIENTED_EDGE('',*,*,#2344,.T.);
#3319=ORIENTED_EDGE('',*,*,#2541,.T.);
#3320=ORIENTED_EDGE('',*,*,#2487,.T.);
#3321=ORIENTED_EDGE('',*,*,#2332,.F.);
#3322=ORIENTED_EDGE('',*,*,#2542,.F.);
#3323=ORIENTED_EDGE('',*,*,#2536,.F.);
#3324=ORIENTED_EDGE('',*,*,#2511,.T.);
#3325=ORIENTED_EDGE('',*,*,#2345,.T.);
#3326=ORIENTED_EDGE('',*,*,#2500,.T.);
#3327=ORIENTED_EDGE('',*,*,#2543,.T.);
#3328=ORIENTED_EDGE('',*,*,#2544,.T.);
#3329=ORIENTED_EDGE('',*,*,#2508,.T.);
#3330=ORIENTED_EDGE('',*,*,#2538,.F.);
#3331=ORIENTED_EDGE('',*,*,#2539,.F.);
#3332=ORIENTED_EDGE('',*,*,#2503,.T.);
#3333=ORIENTED_EDGE('',*,*,#2540,.F.);
#3334=ORIENTED_EDGE('',*,*,#2545,.T.);
#3335=ORIENTED_EDGE('',*,*,#2543,.F.);
#3336=ORIENTED_EDGE('',*,*,#2343,.F.);
#3337=ORIENTED_EDGE('',*,*,#2510,.F.);
#3338=ORIENTED_EDGE('',*,*,#2546,.T.);
#3339=ORIENTED_EDGE('',*,*,#2541,.F.);
#3340=ORIENTED_EDGE('',*,*,#2545,.F.);
#3341=ORIENTED_EDGE('',*,*,#2489,.T.);
#3342=ORIENTED_EDGE('',*,*,#2547,.T.);
#3343=ORIENTED_EDGE('',*,*,#2544,.F.);
#3344=ORIENTED_EDGE('',*,*,#2546,.F.);
#3345=ORIENTED_EDGE('',*,*,#2509,.T.);
#3346=ORIENTED_EDGE('',*,*,#2547,.F.);
#3347=ORIENTED_EDGE('',*,*,#2488,.T.);
#3348=ORIENTED_EDGE('',*,*,#2405,.T.);
#3349=ORIENTED_EDGE('',*,*,#2468,.T.);
#3350=ORIENTED_EDGE('',*,*,#2340,.T.);
#3351=ORIENTED_EDGE('',*,*,#2548,.T.);
#3352=ORIENTED_EDGE('',*,*,#2446,.T.);
#3353=ORIENTED_EDGE('',*,*,#2479,.T.);
#3354=ORIENTED_EDGE('',*,*,#2341,.T.);
#3355=ORIENTED_EDGE('',*,*,#2467,.T.);
#3356=ORIENTED_EDGE('',*,*,#2549,.F.);
#3357=ORIENTED_EDGE('',*,*,#2465,.T.);
#3358=ORIENTED_EDGE('',*,*,#2550,.T.);
#3359=ORIENTED_EDGE('',*,*,#2473,.T.);
#3360=ORIENTED_EDGE('',*,*,#2551,.F.);
#3361=ORIENTED_EDGE('',*,*,#2395,.T.);
#3362=ORIENTED_EDGE('',*,*,#2438,.T.);
#3363=ORIENTED_EDGE('',*,*,#2336,.T.);
#3364=ORIENTED_EDGE('',*,*,#2552,.T.);
#3365=ORIENTED_EDGE('',*,*,#2464,.T.);
#3366=ORIENTED_EDGE('',*,*,#2339,.F.);
#3367=ORIENTED_EDGE('',*,*,#2478,.F.);
#3368=ORIENTED_EDGE('',*,*,#2553,.T.);
#3369=ORIENTED_EDGE('',*,*,#2548,.F.);
#3370=ORIENTED_EDGE('',*,*,#2335,.F.);
#3371=ORIENTED_EDGE('',*,*,#2474,.F.);
#3372=ORIENTED_EDGE('',*,*,#2550,.F.);
#3373=ORIENTED_EDGE('',*,*,#2552,.F.);
#3374=ORIENTED_EDGE('',*,*,#2381,.T.);
#3375=ORIENTED_EDGE('',*,*,#2449,.T.);
#3376=ORIENTED_EDGE('',*,*,#2554,.T.);
#3377=ORIENTED_EDGE('',*,*,#2482,.T.);
#3378=ORIENTED_EDGE('',*,*,#2553,.F.);
#3379=ORIENTED_EDGE('',*,*,#2477,.T.);
#3380=ORIENTED_EDGE('',*,*,#2555,.T.);
#3381=ORIENTED_EDGE('',*,*,#2447,.T.);
#3382=ORIENTED_EDGE('',*,*,#2337,.F.);
#3383=ORIENTED_EDGE('',*,*,#2437,.T.);
#3384=ORIENTED_EDGE('',*,*,#2556,.T.);
#3385=ORIENTED_EDGE('',*,*,#2475,.T.);
#3386=ORIENTED_EDGE('',*,*,#2383,.T.);
#3387=ORIENTED_EDGE('',*,*,#2484,.T.);
#3388=ORIENTED_EDGE('',*,*,#2557,.T.);
#3389=ORIENTED_EDGE('',*,*,#2435,.T.);
#3390=ORIENTED_EDGE('',*,*,#2558,.T.);
#3391=ORIENTED_EDGE('',*,*,#2559,.T.);
#3392=ORIENTED_EDGE('',*,*,#2554,.F.);
#3393=ORIENTED_EDGE('',*,*,#2448,.T.);
#3394=ORIENTED_EDGE('',*,*,#2555,.F.);
#3395=ORIENTED_EDGE('',*,*,#2560,.T.);
#3396=ORIENTED_EDGE('',*,*,#2558,.F.);
#3397=ORIENTED_EDGE('',*,*,#2561,.T.);
#3398=ORIENTED_EDGE('',*,*,#2562,.T.);
#3399=ORIENTED_EDGE('',*,*,#2556,.F.);
#3400=ORIENTED_EDGE('',*,*,#2436,.T.);
#3401=ORIENTED_EDGE('',*,*,#2557,.F.);
#3402=ORIENTED_EDGE('',*,*,#2563,.T.);
#3403=ORIENTED_EDGE('',*,*,#2561,.F.);
#3404=ORIENTED_EDGE('',*,*,#2559,.F.);
#3405=ORIENTED_EDGE('',*,*,#2560,.F.);
#3406=ORIENTED_EDGE('',*,*,#2476,.T.);
#3407=ORIENTED_EDGE('',*,*,#2562,.F.);
#3408=ORIENTED_EDGE('',*,*,#2563,.F.);
#3409=ORIENTED_EDGE('',*,*,#2483,.T.);
#3410=ORIENTED_EDGE('',*,*,#2523,.T.);
#3411=ORIENTED_EDGE('',*,*,#2564,.T.);
#3412=ORIENTED_EDGE('',*,*,#2528,.T.);
#3413=ORIENTED_EDGE('',*,*,#2565,.F.);
#3414=ORIENTED_EDGE('',*,*,#2391,.T.);
#3415=ORIENTED_EDGE('',*,*,#2526,.T.);
#3416=ORIENTED_EDGE('',*,*,#2566,.T.);
#3417=ORIENTED_EDGE('',*,*,#2522,.T.);
#3418=ORIENTED_EDGE('',*,*,#2566,.F.);
#3419=ORIENTED_EDGE('',*,*,#2567,.T.);
#3420=ORIENTED_EDGE('',*,*,#2564,.F.);
#3421=ORIENTED_EDGE('',*,*,#2530,.T.);
#3422=ORIENTED_EDGE('',*,*,#2568,.T.);
#3423=ORIENTED_EDGE('',*,*,#2440,.T.);
#3424=ORIENTED_EDGE('',*,*,#2569,.F.);
#3425=ORIENTED_EDGE('',*,*,#2567,.F.);
#3426=ORIENTED_EDGE('',*,*,#2525,.T.);
#3427=ORIENTED_EDGE('',*,*,#2570,.T.);
#3428=ORIENTED_EDGE('',*,*,#2529,.T.);
#3429=ORIENTED_EDGE('',*,*,#2570,.F.);
#3430=ORIENTED_EDGE('',*,*,#2571,.T.);
#3431=ORIENTED_EDGE('',*,*,#2568,.F.);
#3432=ORIENTED_EDGE('',*,*,#2571,.F.);
#3433=ORIENTED_EDGE('',*,*,#2527,.T.);
#3434=ORIENTED_EDGE('',*,*,#2389,.T.);
#3435=ORIENTED_EDGE('',*,*,#2441,.T.);
#3436=ORIENTED_EDGE('',*,*,#2462,.T.);
#3437=ORIENTED_EDGE('',*,*,#2572,.T.);
#3438=ORIENTED_EDGE('',*,*,#2518,.T.);
#3439=ORIENTED_EDGE('',*,*,#2573,.F.);
#3440=ORIENTED_EDGE('',*,*,#2375,.T.);
#3441=ORIENTED_EDGE('',*,*,#2516,.T.);
#3442=ORIENTED_EDGE('',*,*,#2574,.T.);
#3443=ORIENTED_EDGE('',*,*,#2461,.T.);
#3444=ORIENTED_EDGE('',*,*,#2574,.F.);
#3445=ORIENTED_EDGE('',*,*,#2575,.T.);
#3446=ORIENTED_EDGE('',*,*,#2572,.F.);
#3447=ORIENTED_EDGE('',*,*,#2520,.T.);
#3448=ORIENTED_EDGE('',*,*,#2576,.T.);
#3449=ORIENTED_EDGE('',*,*,#2512,.T.);
#3450=ORIENTED_EDGE('',*,*,#2577,.F.);
#3451=ORIENTED_EDGE('',*,*,#2575,.F.);
#3452=ORIENTED_EDGE('',*,*,#2515,.T.);
#3453=ORIENTED_EDGE('',*,*,#2578,.T.);
#3454=ORIENTED_EDGE('',*,*,#2519,.T.);
#3455=ORIENTED_EDGE('',*,*,#2578,.F.);
#3456=ORIENTED_EDGE('',*,*,#2579,.T.);
#3457=ORIENTED_EDGE('',*,*,#2576,.F.);
#3458=ORIENTED_EDGE('',*,*,#2579,.F.);
#3459=ORIENTED_EDGE('',*,*,#2517,.T.);
#3460=ORIENTED_EDGE('',*,*,#2409,.T.);
#3461=ORIENTED_EDGE('',*,*,#2513,.T.);
#3462=ORIENTED_EDGE('',*,*,#2580,.F.);
#3463=ORIENTED_EDGE('',*,*,#2581,.F.);
#3464=ORIENTED_EDGE('',*,*,#2582,.F.);
#3465=ORIENTED_EDGE('',*,*,#2378,.F.);
#3466=ORIENTED_EDGE('',*,*,#2583,.F.);
#3467=ORIENTED_EDGE('',*,*,#2584,.F.);
#3468=ORIENTED_EDGE('',*,*,#2585,.F.);
#3469=ORIENTED_EDGE('',*,*,#2586,.F.);
#3470=ORIENTED_EDGE('',*,*,#2587,.F.);
#3471=ORIENTED_EDGE('',*,*,#2588,.F.);
#3472=ORIENTED_EDGE('',*,*,#2386,.F.);
#3473=ORIENTED_EDGE('',*,*,#2589,.F.);
#3474=ORIENTED_EDGE('',*,*,#2590,.F.);
#3475=ORIENTED_EDGE('',*,*,#2591,.F.);
#3476=ORIENTED_EDGE('',*,*,#2584,.T.);
#3477=ORIENTED_EDGE('',*,*,#2592,.F.);
#3478=ORIENTED_EDGE('',*,*,#2580,.T.);
#3479=ORIENTED_EDGE('',*,*,#2593,.F.);
#3480=ORIENTED_EDGE('',*,*,#2590,.T.);
#3481=ORIENTED_EDGE('',*,*,#2594,.F.);
#3482=ORIENTED_EDGE('',*,*,#2586,.T.);
#3483=ORIENTED_EDGE('',*,*,#2595,.F.);
#3484=ORIENTED_EDGE('',*,*,#2393,.T.);
#3485=ORIENTED_EDGE('',*,*,#2524,.T.);
#3486=ORIENTED_EDGE('',*,*,#2596,.T.);
#3487=ORIENTED_EDGE('',*,*,#2439,.T.);
#3488=ORIENTED_EDGE('',*,*,#2387,.T.);
#3489=ORIENTED_EDGE('',*,*,#2591,.T.);
#3490=ORIENTED_EDGE('',*,*,#2597,.T.);
#3491=ORIENTED_EDGE('',*,*,#2442,.T.);
#3492=ORIENTED_EDGE('',*,*,#2385,.T.);
#3493=ORIENTED_EDGE('',*,*,#2434,.T.);
#3494=ORIENTED_EDGE('',*,*,#2598,.T.);
#3495=ORIENTED_EDGE('',*,*,#2589,.T.);
#3496=ORIENTED_EDGE('',*,*,#2596,.F.);
#3497=ORIENTED_EDGE('',*,*,#2565,.T.);
#3498=ORIENTED_EDGE('',*,*,#2599,.T.);
#3499=ORIENTED_EDGE('',*,*,#2428,.T.);
#3500=ORIENTED_EDGE('',*,*,#2597,.F.);
#3501=ORIENTED_EDGE('',*,*,#2595,.T.);
#3502=ORIENTED_EDGE('',*,*,#2600,.T.);
#3503=ORIENTED_EDGE('',*,*,#2443,.T.);
#3504=ORIENTED_EDGE('',*,*,#2598,.F.);
#3505=ORIENTED_EDGE('',*,*,#2433,.T.);
#3506=ORIENTED_EDGE('',*,*,#2601,.T.);
#3507=ORIENTED_EDGE('',*,*,#2594,.T.);
#3508=ORIENTED_EDGE('',*,*,#2599,.F.);
#3509=ORIENTED_EDGE('',*,*,#2531,.T.);
#3510=ORIENTED_EDGE('',*,*,#2602,.T.);
#3511=ORIENTED_EDGE('',*,*,#2429,.T.);
#3512=ORIENTED_EDGE('',*,*,#2600,.F.);
#3513=ORIENTED_EDGE('',*,*,#2588,.T.);
#3514=ORIENTED_EDGE('',*,*,#2603,.T.);
#3515=ORIENTED_EDGE('',*,*,#2444,.T.);
#3516=ORIENTED_EDGE('',*,*,#2601,.F.);
#3517=ORIENTED_EDGE('',*,*,#2432,.T.);
#3518=ORIENTED_EDGE('',*,*,#2604,.T.);
#3519=ORIENTED_EDGE('',*,*,#2587,.T.);
#3520=ORIENTED_EDGE('',*,*,#2602,.F.);
#3521=ORIENTED_EDGE('',*,*,#2569,.T.);
#3522=ORIENTED_EDGE('',*,*,#2605,.T.);
#3523=ORIENTED_EDGE('',*,*,#2430,.T.);
#3524=ORIENTED_EDGE('',*,*,#2604,.F.);
#3525=ORIENTED_EDGE('',*,*,#2606,.T.);
#3526=ORIENTED_EDGE('',*,*,#2603,.F.);
#3527=ORIENTED_EDGE('',*,*,#2605,.F.);
#3528=ORIENTED_EDGE('',*,*,#2445,.T.);
#3529=ORIENTED_EDGE('',*,*,#2606,.F.);
#3530=ORIENTED_EDGE('',*,*,#2431,.T.);
#3531=ORIENTED_EDGE('',*,*,#2379,.T.);
#3532=ORIENTED_EDGE('',*,*,#2585,.T.);
#3533=ORIENTED_EDGE('',*,*,#2607,.T.);
#3534=ORIENTED_EDGE('',*,*,#2450,.T.);
#3535=ORIENTED_EDGE('',*,*,#2377,.T.);
#3536=ORIENTED_EDGE('',*,*,#2460,.T.);
#3537=ORIENTED_EDGE('',*,*,#2608,.T.);
#3538=ORIENTED_EDGE('',*,*,#2583,.T.);
#3539=ORIENTED_EDGE('',*,*,#2607,.F.);
#3540=ORIENTED_EDGE('',*,*,#2593,.T.);
#3541=ORIENTED_EDGE('',*,*,#2609,.T.);
#3542=ORIENTED_EDGE('',*,*,#2451,.T.);
#3543=ORIENTED_EDGE('',*,*,#2608,.F.);
#3544=ORIENTED_EDGE('',*,*,#2459,.T.);
#3545=ORIENTED_EDGE('',*,*,#2610,.T.);
#3546=ORIENTED_EDGE('',*,*,#2592,.T.);
#3547=ORIENTED_EDGE('',*,*,#2609,.F.);
#3548=ORIENTED_EDGE('',*,*,#2582,.T.);
#3549=ORIENTED_EDGE('',*,*,#2611,.T.);
#3550=ORIENTED_EDGE('',*,*,#2452,.T.);
#3551=ORIENTED_EDGE('',*,*,#2610,.F.);
#3552=ORIENTED_EDGE('',*,*,#2458,.T.);
#3553=ORIENTED_EDGE('',*,*,#2612,.T.);
#3554=ORIENTED_EDGE('',*,*,#2581,.T.);
#3555=ORIENTED_EDGE('',*,*,#2612,.F.);
#3556=ORIENTED_EDGE('',*,*,#2613,.T.);
#3557=ORIENTED_EDGE('',*,*,#2611,.F.);
#3558=ORIENTED_EDGE('',*,*,#2613,.F.);
#3559=ORIENTED_EDGE('',*,*,#2463,.T.);
#3560=ORIENTED_EDGE('',*,*,#2614,.T.);
#3561=ORIENTED_EDGE('',*,*,#2453,.T.);
#3562=ORIENTED_EDGE('',*,*,#2614,.F.);
#3563=ORIENTED_EDGE('',*,*,#2573,.T.);
#3564=ORIENTED_EDGE('',*,*,#2615,.T.);
#3565=ORIENTED_EDGE('',*,*,#2454,.T.);
#3566=ORIENTED_EDGE('',*,*,#2615,.F.);
#3567=ORIENTED_EDGE('',*,*,#2521,.T.);
#3568=ORIENTED_EDGE('',*,*,#2616,.T.);
#3569=ORIENTED_EDGE('',*,*,#2455,.T.);
#3570=ORIENTED_EDGE('',*,*,#2616,.F.);
#3571=ORIENTED_EDGE('',*,*,#2577,.T.);
#3572=ORIENTED_EDGE('',*,*,#2617,.T.);
#3573=ORIENTED_EDGE('',*,*,#2456,.T.);
#3574=ORIENTED_EDGE('',*,*,#2617,.F.);
#3575=ORIENTED_EDGE('',*,*,#2514,.T.);
#3576=ORIENTED_EDGE('',*,*,#2407,.T.);
#3577=ORIENTED_EDGE('',*,*,#2457,.T.);
#3578=ORIENTED_EDGE('',*,*,#2397,.T.);
#3579=ORIENTED_EDGE('',*,*,#2466,.T.);
#3580=ORIENTED_EDGE('',*,*,#2618,.T.);
#3581=ORIENTED_EDGE('',*,*,#2491,.T.);
#3582=ORIENTED_EDGE('',*,*,#2618,.F.);
#3583=ORIENTED_EDGE('',*,*,#2551,.T.);
#3584=ORIENTED_EDGE('',*,*,#2619,.T.);
#3585=ORIENTED_EDGE('',*,*,#2485,.T.);
#3586=ORIENTED_EDGE('',*,*,#2619,.F.);
#3587=ORIENTED_EDGE('',*,*,#2472,.T.);
#3588=ORIENTED_EDGE('',*,*,#2333,.T.);
#3589=ORIENTED_EDGE('',*,*,#2486,.T.);
#3590=ORIENTED_EDGE('',*,*,#2331,.F.);
#3591=ORIENTED_EDGE('',*,*,#2471,.T.);
#3592=ORIENTED_EDGE('',*,*,#2620,.T.);
#3593=ORIENTED_EDGE('',*,*,#2542,.T.);
#3594=ORIENTED_EDGE('',*,*,#2620,.F.);
#3595=ORIENTED_EDGE('',*,*,#2470,.T.);
#3596=ORIENTED_EDGE('',*,*,#2329,.T.);
#3597=ORIENTED_EDGE('',*,*,#2502,.T.);
#3598=ORIENTED_EDGE('',*,*,#2327,.F.);
#3599=ORIENTED_EDGE('',*,*,#2481,.T.);
#3600=ORIENTED_EDGE('',*,*,#2621,.T.);
#3601=ORIENTED_EDGE('',*,*,#2533,.T.);
#3602=ORIENTED_EDGE('',*,*,#2621,.F.);
#3603=ORIENTED_EDGE('',*,*,#2480,.T.);
#3604=ORIENTED_EDGE('',*,*,#2622,.T.);
#3605=ORIENTED_EDGE('',*,*,#2496,.T.);
#3606=ORIENTED_EDGE('',*,*,#2622,.F.);
#3607=ORIENTED_EDGE('',*,*,#2549,.T.);
#3608=ORIENTED_EDGE('',*,*,#2623,.T.);
#3609=ORIENTED_EDGE('',*,*,#2497,.T.);
#3610=ORIENTED_EDGE('',*,*,#2403,.T.);
#3611=ORIENTED_EDGE('',*,*,#2498,.T.);
#3612=ORIENTED_EDGE('',*,*,#2623,.F.);
#3613=ORIENTED_EDGE('',*,*,#2469,.T.);
#3614=ORIENTED_EDGE('',*,*,#2320,.F.);
#3615=ORIENTED_EDGE('',*,*,#2367,.T.);
#3616=ORIENTED_EDGE('',*,*,#2624,.T.);
#3617=ORIENTED_EDGE('',*,*,#2625,.T.);
#3618=ORIENTED_EDGE('',*,*,#2245,.T.);
#3619=ORIENTED_EDGE('',*,*,#2626,.T.);
#3620=ORIENTED_EDGE('',*,*,#2627,.F.);
#3621=ORIENTED_EDGE('',*,*,#2368,.T.);
#3622=ORIENTED_EDGE('',*,*,#2321,.T.);
#3623=ORIENTED_EDGE('',*,*,#2317,.F.);
#3624=ORIENTED_EDGE('',*,*,#2365,.T.);
#3625=ORIENTED_EDGE('',*,*,#2628,.T.);
#3626=ORIENTED_EDGE('',*,*,#2629,.T.);
#3627=ORIENTED_EDGE('',*,*,#2630,.T.);
#3628=ORIENTED_EDGE('',*,*,#2624,.F.);
#3629=ORIENTED_EDGE('',*,*,#2366,.T.);
#3630=ORIENTED_EDGE('',*,*,#2318,.T.);
#3631=ORIENTED_EDGE('',*,*,#2250,.T.);
#3632=ORIENTED_EDGE('',*,*,#2631,.T.);
#3633=ORIENTED_EDGE('',*,*,#2258,.T.);
#3634=ORIENTED_EDGE('',*,*,#2632,.T.);
#3635=ORIENTED_EDGE('',*,*,#2633,.T.);
#3636=ORIENTED_EDGE('',*,*,#2634,.F.);
#3637=ORIENTED_EDGE('',*,*,#2369,.T.);
#3638=ORIENTED_EDGE('',*,*,#2627,.T.);
#3639=ORIENTED_EDGE('',*,*,#2635,.T.);
#3640=ORIENTED_EDGE('',*,*,#2628,.F.);
#3641=ORIENTED_EDGE('',*,*,#2364,.T.);
#3642=ORIENTED_EDGE('',*,*,#2636,.T.);
#3643=ORIENTED_EDGE('',*,*,#2637,.T.);
#3644=ORIENTED_EDGE('',*,*,#2414,.T.);
#3645=ORIENTED_EDGE('',*,*,#2323,.F.);
#3646=ORIENTED_EDGE('',*,*,#2370,.T.);
#3647=ORIENTED_EDGE('',*,*,#2634,.T.);
#3648=ORIENTED_EDGE('',*,*,#2638,.T.);
#3649=ORIENTED_EDGE('',*,*,#2639,.T.);
#3650=ORIENTED_EDGE('',*,*,#2640,.T.);
#3651=ORIENTED_EDGE('',*,*,#2636,.F.);
#3652=ORIENTED_EDGE('',*,*,#2363,.T.);
#3653=ORIENTED_EDGE('',*,*,#2641,.T.);
#3654=ORIENTED_EDGE('',*,*,#2642,.T.);
#3655=ORIENTED_EDGE('',*,*,#2643,.T.);
#3656=ORIENTED_EDGE('',*,*,#2255,.T.);
#3657=ORIENTED_EDGE('',*,*,#2644,.T.);
#3658=ORIENTED_EDGE('',*,*,#2641,.F.);
#3659=ORIENTED_EDGE('',*,*,#2362,.T.);
#3660=ORIENTED_EDGE('',*,*,#2353,.T.);
#3661=ORIENTED_EDGE('',*,*,#2645,.T.);
#3662=ORIENTED_EDGE('',*,*,#2646,.T.);
#3663=ORIENTED_EDGE('',*,*,#2354,.T.);
#3664=ORIENTED_EDGE('',*,*,#2647,.T.);
#3665=ORIENTED_EDGE('',*,*,#2410,.T.);
#3666=ORIENTED_EDGE('',*,*,#2356,.T.);
#3667=ORIENTED_EDGE('',*,*,#2648,.T.);
#3668=ORIENTED_EDGE('',*,*,#2234,.T.);
#3669=ORIENTED_EDGE('',*,*,#2649,.T.);
#3670=ORIENTED_EDGE('',*,*,#2650,.T.);
#3671=ORIENTED_EDGE('',*,*,#2651,.T.);
#3672=ORIENTED_EDGE('',*,*,#2358,.T.);
#3673=ORIENTED_EDGE('',*,*,#2652,.T.);
#3674=ORIENTED_EDGE('',*,*,#2240,.T.);
#3675=ORIENTED_EDGE('',*,*,#2653,.T.);
#3676=ORIENTED_EDGE('',*,*,#2654,.F.);
#3677=ORIENTED_EDGE('',*,*,#2307,.T.);
#3678=ORIENTED_EDGE('',*,*,#2655,.F.);
#3679=ORIENTED_EDGE('',*,*,#2656,.F.);
#3680=ORIENTED_EDGE('',*,*,#2657,.F.);
#3681=ORIENTED_EDGE('',*,*,#2658,.T.);
#3682=ORIENTED_EDGE('',*,*,#2659,.T.);
#3683=ORIENTED_EDGE('',*,*,#2660,.T.);
#3684=ORIENTED_EDGE('',*,*,#2661,.T.);
#3685=ORIENTED_EDGE('',*,*,#2662,.T.);
#3686=ORIENTED_EDGE('',*,*,#2663,.T.);
#3687=ORIENTED_EDGE('',*,*,#2664,.F.);
#3688=ORIENTED_EDGE('',*,*,#2665,.T.);
#3689=ORIENTED_EDGE('',*,*,#2666,.T.);
#3690=ORIENTED_EDGE('',*,*,#2667,.T.);
#3691=ORIENTED_EDGE('',*,*,#2315,.T.);
#3692=ORIENTED_EDGE('',*,*,#2668,.F.);
#3693=ORIENTED_EDGE('',*,*,#2669,.F.);
#3694=ORIENTED_EDGE('',*,*,#2670,.F.);
#3695=ORIENTED_EDGE('',*,*,#2671,.T.);
#3696=ORIENTED_EDGE('',*,*,#2672,.T.);
#3697=ORIENTED_EDGE('',*,*,#2673,.T.);
#3698=ORIENTED_EDGE('',*,*,#2674,.T.);
#3699=ORIENTED_EDGE('',*,*,#2675,.T.);
#3700=ORIENTED_EDGE('',*,*,#2676,.F.);
#3701=ORIENTED_EDGE('',*,*,#2677,.T.);
#3702=ORIENTED_EDGE('',*,*,#2678,.T.);
#3703=ORIENTED_EDGE('',*,*,#2679,.T.);
#3704=ORIENTED_EDGE('',*,*,#2680,.T.);
#3705=ORIENTED_EDGE('',*,*,#2681,.F.);
#3706=ORIENTED_EDGE('',*,*,#2682,.T.);
#3707=ORIENTED_EDGE('',*,*,#2665,.F.);
#3708=ORIENTED_EDGE('',*,*,#2683,.T.);
#3709=ORIENTED_EDGE('',*,*,#2684,.T.);
#3710=ORIENTED_EDGE('',*,*,#2685,.F.);
#3711=ORIENTED_EDGE('',*,*,#2686,.F.);
#3712=ORIENTED_EDGE('',*,*,#2682,.F.);
#3713=ORIENTED_EDGE('',*,*,#2686,.T.);
#3714=ORIENTED_EDGE('',*,*,#2687,.F.);
#3715=ORIENTED_EDGE('',*,*,#2663,.F.);
#3716=ORIENTED_EDGE('',*,*,#2666,.F.);
#3717=ORIENTED_EDGE('',*,*,#2660,.F.);
#3718=ORIENTED_EDGE('',*,*,#2688,.T.);
#3719=ORIENTED_EDGE('',*,*,#2689,.F.);
#3720=ORIENTED_EDGE('',*,*,#2690,.F.);
#3721=ORIENTED_EDGE('',*,*,#2691,.T.);
#3722=ORIENTED_EDGE('',*,*,#2690,.T.);
#3723=ORIENTED_EDGE('',*,*,#2692,.F.);
#3724=ORIENTED_EDGE('',*,*,#2693,.T.);
#3725=ORIENTED_EDGE('',*,*,#2661,.F.);
#3726=ORIENTED_EDGE('',*,*,#2691,.F.);
#3727=ORIENTED_EDGE('',*,*,#2694,.F.);
#3728=ORIENTED_EDGE('',*,*,#2695,.T.);
#3729=ORIENTED_EDGE('',*,*,#2696,.T.);
#3730=ORIENTED_EDGE('',*,*,#2693,.F.);
#3731=ORIENTED_EDGE('',*,*,#2697,.F.);
#3732=ORIENTED_EDGE('',*,*,#2698,.T.);
#3733=ORIENTED_EDGE('',*,*,#2658,.F.);
#3734=ORIENTED_EDGE('',*,*,#2696,.F.);
#3735=ORIENTED_EDGE('',*,*,#2679,.F.);
#3736=ORIENTED_EDGE('',*,*,#2699,.T.);
#3737=ORIENTED_EDGE('',*,*,#2700,.F.);
#3738=ORIENTED_EDGE('',*,*,#2701,.F.);
#3739=ORIENTED_EDGE('',*,*,#2702,.T.);
#3740=ORIENTED_EDGE('',*,*,#2701,.T.);
#3741=ORIENTED_EDGE('',*,*,#2703,.F.);
#3742=ORIENTED_EDGE('',*,*,#2704,.T.);
#3743=ORIENTED_EDGE('',*,*,#2680,.F.);
#3744=ORIENTED_EDGE('',*,*,#2702,.F.);
#3745=ORIENTED_EDGE('',*,*,#2705,.F.);
#3746=ORIENTED_EDGE('',*,*,#2706,.T.);
#3747=ORIENTED_EDGE('',*,*,#2707,.T.);
#3748=ORIENTED_EDGE('',*,*,#2704,.F.);
#3749=ORIENTED_EDGE('',*,*,#2708,.F.);
#3750=ORIENTED_EDGE('',*,*,#2709,.T.);
#3751=ORIENTED_EDGE('',*,*,#2677,.F.);
#3752=ORIENTED_EDGE('',*,*,#2707,.F.);
#3753=ORIENTED_EDGE('',*,*,#2710,.T.);
#3754=ORIENTED_EDGE('',*,*,#2673,.F.);
#3755=ORIENTED_EDGE('',*,*,#2674,.F.);
#3756=ORIENTED_EDGE('',*,*,#2711,.F.);
#3757=ORIENTED_EDGE('',*,*,#2712,.T.);
#3758=ORIENTED_EDGE('',*,*,#2713,.F.);
#3759=ORIENTED_EDGE('',*,*,#2710,.F.);
#3760=ORIENTED_EDGE('',*,*,#2714,.F.);
#3761=ORIENTED_EDGE('',*,*,#2715,.F.);
#3762=ORIENTED_EDGE('',*,*,#2716,.T.);
#3763=ORIENTED_EDGE('',*,*,#2671,.F.);
#3764=ORIENTED_EDGE('',*,*,#2713,.T.);
#3765=ORIENTED_EDGE('',*,*,#2313,.F.);
#3766=ORIENTED_EDGE('',*,*,#2717,.F.);
#3767=ORIENTED_EDGE('',*,*,#2718,.T.);
#3768=ORIENTED_EDGE('',*,*,#2719,.F.);
#3769=ORIENTED_EDGE('',*,*,#2309,.F.);
#3770=ORIENTED_EDGE('',*,*,#2720,.T.);
#3771=ORIENTED_EDGE('',*,*,#2656,.T.);
#3772=ORIENTED_EDGE('',*,*,#2721,.T.);
#3773=ORIENTED_EDGE('',*,*,#2304,.F.);
#3774=ORIENTED_EDGE('',*,*,#2657,.T.);
#3775=ORIENTED_EDGE('',*,*,#2720,.F.);
#3776=ORIENTED_EDGE('',*,*,#2308,.F.);
#3777=ORIENTED_EDGE('',*,*,#2722,.T.);
#3778=ORIENTED_EDGE('',*,*,#2723,.T.);
#3779=ORIENTED_EDGE('',*,*,#2724,.T.);
#3780=ORIENTED_EDGE('',*,*,#2725,.F.);
#3781=ORIENTED_EDGE('',*,*,#2305,.F.);
#3782=ORIENTED_EDGE('',*,*,#2725,.T.);
#3783=ORIENTED_EDGE('',*,*,#2726,.T.);
#3784=ORIENTED_EDGE('',*,*,#2727,.T.);
#3785=ORIENTED_EDGE('',*,*,#2728,.T.);
#3786=ORIENTED_EDGE('',*,*,#2668,.T.);
#3787=ORIENTED_EDGE('',*,*,#2729,.T.);
#3788=ORIENTED_EDGE('',*,*,#2655,.T.);
#3789=ORIENTED_EDGE('',*,*,#2301,.F.);
#3790=ORIENTED_EDGE('',*,*,#2730,.F.);
#3791=ORIENTED_EDGE('',*,*,#2669,.T.);
#3792=ORIENTED_EDGE('',*,*,#2731,.F.);
#3793=ORIENTED_EDGE('',*,*,#2732,.T.);
#3794=ORIENTED_EDGE('',*,*,#2733,.F.);
#3795=ORIENTED_EDGE('',*,*,#2734,.F.);
#3796=ORIENTED_EDGE('',*,*,#2698,.F.);
#3797=ORIENTED_EDGE('',*,*,#2734,.T.);
#3798=ORIENTED_EDGE('',*,*,#2735,.F.);
#3799=ORIENTED_EDGE('',*,*,#2736,.F.);
#3800=ORIENTED_EDGE('',*,*,#2659,.F.);
#3801=ORIENTED_EDGE('',*,*,#2736,.T.);
#3802=ORIENTED_EDGE('',*,*,#2737,.F.);
#3803=ORIENTED_EDGE('',*,*,#2738,.F.);
#3804=ORIENTED_EDGE('',*,*,#2688,.F.);
#3805=ORIENTED_EDGE('',*,*,#2738,.T.);
#3806=ORIENTED_EDGE('',*,*,#2739,.F.);
#3807=ORIENTED_EDGE('',*,*,#2664,.T.);
#3808=ORIENTED_EDGE('',*,*,#2740,.F.);
#3809=ORIENTED_EDGE('',*,*,#2741,.T.);
#3810=ORIENTED_EDGE('',*,*,#2667,.F.);
#3811=ORIENTED_EDGE('',*,*,#2662,.F.);
#3812=ORIENTED_EDGE('',*,*,#2742,.F.);
#3813=ORIENTED_EDGE('',*,*,#2743,.T.);
#3814=ORIENTED_EDGE('',*,*,#2683,.F.);
#3815=ORIENTED_EDGE('',*,*,#2741,.F.);
#3816=ORIENTED_EDGE('',*,*,#2744,.F.);
#3817=ORIENTED_EDGE('',*,*,#2745,.T.);
#3818=ORIENTED_EDGE('',*,*,#2746,.F.);
#3819=ORIENTED_EDGE('',*,*,#2747,.F.);
#3820=ORIENTED_EDGE('',*,*,#2748,.F.);
#3821=ORIENTED_EDGE('',*,*,#2730,.T.);
#3822=ORIENTED_EDGE('',*,*,#2300,.T.);
#3823=ORIENTED_EDGE('',*,*,#2749,.T.);
#3824=ORIENTED_EDGE('',*,*,#2750,.T.);
#3825=ORIENTED_EDGE('',*,*,#2751,.F.);
#3826=ORIENTED_EDGE('',*,*,#2292,.F.);
#3827=ORIENTED_EDGE('',*,*,#2752,.T.);
#3828=ORIENTED_EDGE('',*,*,#2753,.T.);
#3829=ORIENTED_EDGE('',*,*,#2746,.T.);
#3830=ORIENTED_EDGE('',*,*,#2754,.F.);
#3831=ORIENTED_EDGE('',*,*,#2296,.F.);
#3832=ORIENTED_EDGE('',*,*,#2755,.T.);
#3833=ORIENTED_EDGE('',*,*,#2756,.T.);
#3834=ORIENTED_EDGE('',*,*,#2717,.T.);
#3835=ORIENTED_EDGE('',*,*,#2312,.T.);
#3836=ORIENTED_EDGE('',*,*,#2670,.T.);
#3837=ORIENTED_EDGE('',*,*,#2757,.F.);
#3838=ORIENTED_EDGE('',*,*,#2758,.F.);
#3839=ORIENTED_EDGE('',*,*,#2747,.T.);
#3840=ORIENTED_EDGE('',*,*,#2759,.F.);
#3841=ORIENTED_EDGE('',*,*,#2760,.T.);
#3842=ORIENTED_EDGE('',*,*,#2761,.F.);
#3843=ORIENTED_EDGE('',*,*,#2762,.F.);
#3844=ORIENTED_EDGE('',*,*,#2716,.F.);
#3845=ORIENTED_EDGE('',*,*,#2762,.T.);
#3846=ORIENTED_EDGE('',*,*,#2763,.F.);
#3847=ORIENTED_EDGE('',*,*,#2675,.F.);
#3848=ORIENTED_EDGE('',*,*,#2672,.F.);
#3849=ORIENTED_EDGE('',*,*,#2676,.T.);
#3850=ORIENTED_EDGE('',*,*,#2764,.F.);
#3851=ORIENTED_EDGE('',*,*,#2765,.F.);
#3852=ORIENTED_EDGE('',*,*,#2766,.F.);
#3853=ORIENTED_EDGE('',*,*,#2765,.T.);
#3854=ORIENTED_EDGE('',*,*,#2767,.F.);
#3855=ORIENTED_EDGE('',*,*,#2768,.F.);
#3856=ORIENTED_EDGE('',*,*,#2709,.F.);
#3857=ORIENTED_EDGE('',*,*,#2768,.T.);
#3858=ORIENTED_EDGE('',*,*,#2769,.F.);
#3859=ORIENTED_EDGE('',*,*,#2770,.F.);
#3860=ORIENTED_EDGE('',*,*,#2678,.F.);
#3861=ORIENTED_EDGE('',*,*,#2770,.T.);
#3862=ORIENTED_EDGE('',*,*,#2771,.F.);
#3863=ORIENTED_EDGE('',*,*,#2772,.F.);
#3864=ORIENTED_EDGE('',*,*,#2699,.F.);
#3865=ORIENTED_EDGE('',*,*,#2295,.T.);
#3866=ORIENTED_EDGE('',*,*,#2773,.F.);
#3867=ORIENTED_EDGE('',*,*,#2774,.F.);
#3868=ORIENTED_EDGE('',*,*,#2752,.F.);
#3869=ORIENTED_EDGE('',*,*,#2775,.F.);
#3870=ORIENTED_EDGE('',*,*,#2776,.T.);
#3871=ORIENTED_EDGE('',*,*,#2777,.F.);
#3872=ORIENTED_EDGE('',*,*,#2774,.T.);
#3873=ORIENTED_EDGE('',*,*,#2778,.F.);
#3874=ORIENTED_EDGE('',*,*,#2779,.T.);
#3875=ORIENTED_EDGE('',*,*,#2780,.F.);
#3876=ORIENTED_EDGE('',*,*,#2743,.F.);
#3877=ORIENTED_EDGE('',*,*,#2780,.T.);
#3878=ORIENTED_EDGE('',*,*,#2781,.T.);
#3879=ORIENTED_EDGE('',*,*,#2782,.T.);
#3880=ORIENTED_EDGE('',*,*,#2681,.T.);
#3881=ORIENTED_EDGE('',*,*,#2782,.F.);
#3882=ORIENTED_EDGE('',*,*,#2783,.T.);
#3883=ORIENTED_EDGE('',*,*,#2288,.T.);
#3884=ORIENTED_EDGE('',*,*,#2784,.F.);
#3885=ORIENTED_EDGE('',*,*,#2684,.F.);
#3886=ORIENTED_EDGE('',*,*,#2784,.T.);
#3887=ORIENTED_EDGE('',*,*,#2785,.T.);
#3888=ORIENTED_EDGE('',*,*,#2786,.T.);
#3889=ORIENTED_EDGE('',*,*,#2689,.T.);
#3890=ORIENTED_EDGE('',*,*,#2740,.T.);
#3891=ORIENTED_EDGE('',*,*,#2687,.T.);
#3892=ORIENTED_EDGE('',*,*,#2685,.T.);
#3893=ORIENTED_EDGE('',*,*,#2786,.F.);
#3894=ORIENTED_EDGE('',*,*,#2286,.T.);
#3895=ORIENTED_EDGE('',*,*,#2787,.T.);
#3896=ORIENTED_EDGE('',*,*,#2788,.F.);
#3897=ORIENTED_EDGE('',*,*,#2692,.T.);
#3898=ORIENTED_EDGE('',*,*,#2788,.T.);
#3899=ORIENTED_EDGE('',*,*,#2789,.T.);
#3900=ORIENTED_EDGE('',*,*,#2790,.T.);
#3901=ORIENTED_EDGE('',*,*,#2694,.T.);
#3902=ORIENTED_EDGE('',*,*,#2790,.F.);
#3903=ORIENTED_EDGE('',*,*,#2282,.T.);
#3904=ORIENTED_EDGE('',*,*,#2791,.T.);
#3905=ORIENTED_EDGE('',*,*,#2792,.F.);
#3906=ORIENTED_EDGE('',*,*,#2695,.F.);
#3907=ORIENTED_EDGE('',*,*,#2792,.T.);
#3908=ORIENTED_EDGE('',*,*,#2793,.T.);
#3909=ORIENTED_EDGE('',*,*,#2794,.T.);
#3910=ORIENTED_EDGE('',*,*,#2697,.T.);
#3911=ORIENTED_EDGE('',*,*,#2794,.F.);
#3912=ORIENTED_EDGE('',*,*,#2795,.T.);
#3913=ORIENTED_EDGE('',*,*,#2276,.T.);
#3914=ORIENTED_EDGE('',*,*,#2796,.F.);
#3915=ORIENTED_EDGE('',*,*,#2732,.F.);
#3916=ORIENTED_EDGE('',*,*,#2797,.F.);
#3917=ORIENTED_EDGE('',*,*,#2798,.T.);
#3918=ORIENTED_EDGE('',*,*,#2272,.T.);
#3919=ORIENTED_EDGE('',*,*,#2799,.F.);
#3920=ORIENTED_EDGE('',*,*,#2772,.T.);
#3921=ORIENTED_EDGE('',*,*,#2799,.T.);
#3922=ORIENTED_EDGE('',*,*,#2800,.T.);
#3923=ORIENTED_EDGE('',*,*,#2801,.T.);
#3924=ORIENTED_EDGE('',*,*,#2700,.T.);
#3925=ORIENTED_EDGE('',*,*,#2801,.F.);
#3926=ORIENTED_EDGE('',*,*,#2270,.T.);
#3927=ORIENTED_EDGE('',*,*,#2802,.T.);
#3928=ORIENTED_EDGE('',*,*,#2803,.F.);
#3929=ORIENTED_EDGE('',*,*,#2703,.T.);
#3930=ORIENTED_EDGE('',*,*,#2803,.T.);
#3931=ORIENTED_EDGE('',*,*,#2804,.T.);
#3932=ORIENTED_EDGE('',*,*,#2805,.T.);
#3933=ORIENTED_EDGE('',*,*,#2705,.T.);
#3934=ORIENTED_EDGE('',*,*,#2805,.F.);
#3935=ORIENTED_EDGE('',*,*,#2266,.T.);
#3936=ORIENTED_EDGE('',*,*,#2806,.T.);
#3937=ORIENTED_EDGE('',*,*,#2807,.F.);
#3938=ORIENTED_EDGE('',*,*,#2706,.F.);
#3939=ORIENTED_EDGE('',*,*,#2807,.T.);
#3940=ORIENTED_EDGE('',*,*,#2808,.T.);
#3941=ORIENTED_EDGE('',*,*,#2809,.T.);
#3942=ORIENTED_EDGE('',*,*,#2714,.T.);
#3943=ORIENTED_EDGE('',*,*,#2711,.T.);
#3944=ORIENTED_EDGE('',*,*,#2766,.T.);
#3945=ORIENTED_EDGE('',*,*,#2708,.T.);
#3946=ORIENTED_EDGE('',*,*,#2809,.F.);
#3947=ORIENTED_EDGE('',*,*,#2810,.T.);
#3948=ORIENTED_EDGE('',*,*,#2811,.F.);
#3949=ORIENTED_EDGE('',*,*,#2712,.F.);
#3950=ORIENTED_EDGE('',*,*,#2811,.T.);
#3951=ORIENTED_EDGE('',*,*,#2812,.T.);
#3952=ORIENTED_EDGE('',*,*,#2813,.T.);
#3953=ORIENTED_EDGE('',*,*,#2715,.T.);
#3954=ORIENTED_EDGE('',*,*,#2813,.F.);
#3955=ORIENTED_EDGE('',*,*,#2814,.T.);
#3956=ORIENTED_EDGE('',*,*,#2815,.F.);
#3957=ORIENTED_EDGE('',*,*,#2760,.F.);
#3958=ORIENTED_EDGE('',*,*,#2816,.T.);
#3959=ORIENTED_EDGE('',*,*,#2817,.T.);
#3960=ORIENTED_EDGE('',*,*,#2818,.F.);
#3961=ORIENTED_EDGE('',*,*,#2819,.T.);
#3962=ORIENTED_EDGE('',*,*,#2820,.F.);
#3963=ORIENTED_EDGE('',*,*,#2718,.F.);
#3964=ORIENTED_EDGE('',*,*,#2756,.F.);
#3965=ORIENTED_EDGE('',*,*,#2729,.F.);
#3966=ORIENTED_EDGE('',*,*,#2314,.T.);
#3967=ORIENTED_EDGE('',*,*,#2719,.T.);
#3968=ORIENTED_EDGE('',*,*,#2821,.F.);
#3969=ORIENTED_EDGE('',*,*,#2310,.F.);
#3970=ORIENTED_EDGE('',*,*,#2721,.F.);
#3971=ORIENTED_EDGE('',*,*,#2311,.T.);
#3972=ORIENTED_EDGE('',*,*,#2822,.F.);
#3973=ORIENTED_EDGE('',*,*,#2823,.T.);
#3974=ORIENTED_EDGE('',*,*,#2722,.F.);
#3975=ORIENTED_EDGE('',*,*,#2818,.T.);
#3976=ORIENTED_EDGE('',*,*,#2824,.T.);
#3977=ORIENTED_EDGE('',*,*,#2823,.F.);
#3978=ORIENTED_EDGE('',*,*,#2825,.F.);
#3979=ORIENTED_EDGE('',*,*,#2817,.F.);
#3980=ORIENTED_EDGE('',*,*,#2826,.F.);
#3981=ORIENTED_EDGE('',*,*,#2827,.T.);
#3982=ORIENTED_EDGE('',*,*,#2828,.T.);
#3983=ORIENTED_EDGE('',*,*,#2723,.F.);
#3984=ORIENTED_EDGE('',*,*,#2824,.F.);
#3985=ORIENTED_EDGE('',*,*,#2829,.T.);
#3986=ORIENTED_EDGE('',*,*,#2830,.F.);
#3987=ORIENTED_EDGE('',*,*,#2819,.F.);
#3988=ORIENTED_EDGE('',*,*,#2831,.F.);
#3989=ORIENTED_EDGE('',*,*,#2832,.T.);
#3990=ORIENTED_EDGE('',*,*,#2833,.T.);
#3991=ORIENTED_EDGE('',*,*,#2827,.F.);
#3992=ORIENTED_EDGE('',*,*,#2834,.F.);
#3993=ORIENTED_EDGE('',*,*,#2831,.T.);
#3994=ORIENTED_EDGE('',*,*,#2755,.F.);
#3995=ORIENTED_EDGE('',*,*,#2299,.F.);
#3996=ORIENTED_EDGE('',*,*,#2833,.F.);
#3997=ORIENTED_EDGE('',*,*,#2835,.F.);
#3998=ORIENTED_EDGE('',*,*,#2836,.T.);
#3999=ORIENTED_EDGE('',*,*,#2828,.F.);
#4000=ORIENTED_EDGE('',*,*,#2836,.F.);
#4001=ORIENTED_EDGE('',*,*,#2837,.F.);
#4002=ORIENTED_EDGE('',*,*,#2726,.F.);
#4003=ORIENTED_EDGE('',*,*,#2724,.F.);
#4004=ORIENTED_EDGE('',*,*,#2838,.F.);
#4005=ORIENTED_EDGE('',*,*,#2302,.T.);
#4006=ORIENTED_EDGE('',*,*,#2731,.T.);
#4007=ORIENTED_EDGE('',*,*,#2728,.F.);
#4008=ORIENTED_EDGE('',*,*,#2306,.F.);
#4009=ORIENTED_EDGE('',*,*,#2727,.F.);
#4010=ORIENTED_EDGE('',*,*,#2303,.T.);
#4011=ORIENTED_EDGE('',*,*,#2839,.F.);
#4012=ORIENTED_EDGE('',*,*,#2840,.F.);
#4013=ORIENTED_EDGE('',*,*,#2749,.F.);
#4014=ORIENTED_EDGE('',*,*,#2297,.F.);
#4015=ORIENTED_EDGE('',*,*,#2754,.T.);
#4016=ORIENTED_EDGE('',*,*,#2745,.F.);
#4017=ORIENTED_EDGE('',*,*,#2841,.T.);
#4018=ORIENTED_EDGE('',*,*,#2840,.T.);
#4019=ORIENTED_EDGE('',*,*,#2842,.F.);
#4020=ORIENTED_EDGE('',*,*,#2843,.F.);
#4021=ORIENTED_EDGE('',*,*,#2844,.F.);
#4022=ORIENTED_EDGE('',*,*,#2750,.F.);
#4023=ORIENTED_EDGE('',*,*,#2844,.T.);
#4024=ORIENTED_EDGE('',*,*,#2845,.F.);
#4025=ORIENTED_EDGE('',*,*,#2846,.F.);
#4026=ORIENTED_EDGE('',*,*,#2293,.F.);
#4027=ORIENTED_EDGE('',*,*,#2751,.T.);
#4028=ORIENTED_EDGE('',*,*,#2846,.T.);
#4029=ORIENTED_EDGE('',*,*,#2847,.T.);
#4030=ORIENTED_EDGE('',*,*,#2848,.T.);
#4031=ORIENTED_EDGE('',*,*,#2757,.T.);
#4032=ORIENTED_EDGE('',*,*,#2849,.F.);
#4033=ORIENTED_EDGE('',*,*,#2796,.T.);
#4034=ORIENTED_EDGE('',*,*,#2850,.T.);
#4035=ORIENTED_EDGE('',*,*,#2851,.T.);
#4036=ORIENTED_EDGE('',*,*,#2748,.T.);
#4037=ORIENTED_EDGE('',*,*,#2758,.T.);
#4038=ORIENTED_EDGE('',*,*,#2852,.T.);
#4039=ORIENTED_EDGE('',*,*,#2853,.T.);
#4040=ORIENTED_EDGE('',*,*,#2778,.T.);
#4041=ORIENTED_EDGE('',*,*,#2744,.T.);
#4042=ORIENTED_EDGE('',*,*,#2742,.T.);
#4043=ORIENTED_EDGE('',*,*,#2739,.T.);
#4044=ORIENTED_EDGE('',*,*,#2737,.T.);
#4045=ORIENTED_EDGE('',*,*,#2735,.T.);
#4046=ORIENTED_EDGE('',*,*,#2733,.T.);
#4047=ORIENTED_EDGE('',*,*,#2854,.T.);
#4048=ORIENTED_EDGE('',*,*,#2855,.F.);
#4049=ORIENTED_EDGE('',*,*,#2849,.T.);
#4050=ORIENTED_EDGE('',*,*,#2759,.T.);
#4051=ORIENTED_EDGE('',*,*,#2753,.F.);
#4052=ORIENTED_EDGE('',*,*,#2777,.T.);
#4053=ORIENTED_EDGE('',*,*,#2776,.F.);
#4054=ORIENTED_EDGE('',*,*,#2856,.T.);
#4055=ORIENTED_EDGE('',*,*,#2854,.F.);
#4056=ORIENTED_EDGE('',*,*,#2815,.T.);
#4057=ORIENTED_EDGE('',*,*,#2857,.T.);
#4058=ORIENTED_EDGE('',*,*,#2858,.T.);
#4059=ORIENTED_EDGE('',*,*,#2775,.T.);
#4060=ORIENTED_EDGE('',*,*,#2773,.T.);
#4061=ORIENTED_EDGE('',*,*,#2859,.T.);
#4062=ORIENTED_EDGE('',*,*,#2860,.T.);
#4063=ORIENTED_EDGE('',*,*,#2797,.T.);
#4064=ORIENTED_EDGE('',*,*,#2771,.T.);
#4065=ORIENTED_EDGE('',*,*,#2769,.T.);
#4066=ORIENTED_EDGE('',*,*,#2767,.T.);
#4067=ORIENTED_EDGE('',*,*,#2764,.T.);
#4068=ORIENTED_EDGE('',*,*,#2763,.T.);
#4069=ORIENTED_EDGE('',*,*,#2761,.T.);
#4070=ORIENTED_EDGE('',*,*,#2861,.T.);
#4071=ORIENTED_EDGE('',*,*,#2779,.F.);
#4072=ORIENTED_EDGE('',*,*,#2862,.F.);
#4073=ORIENTED_EDGE('',*,*,#2425,.F.);
#4074=ORIENTED_EDGE('',*,*,#2863,.T.);
#4075=ORIENTED_EDGE('',*,*,#2781,.F.);
#4076=ORIENTED_EDGE('',*,*,#2861,.F.);
#4077=ORIENTED_EDGE('',*,*,#2424,.F.);
#4078=ORIENTED_EDGE('',*,*,#2289,.F.);
#4079=ORIENTED_EDGE('',*,*,#2783,.F.);
#4080=ORIENTED_EDGE('',*,*,#2863,.F.);
#4081=ORIENTED_EDGE('',*,*,#2423,.F.);
#4082=ORIENTED_EDGE('',*,*,#2287,.T.);
#4083=ORIENTED_EDGE('',*,*,#2785,.F.);
#4084=ORIENTED_EDGE('',*,*,#2291,.F.);
#4085=ORIENTED_EDGE('',*,*,#2422,.F.);
#4086=ORIENTED_EDGE('',*,*,#2285,.F.);
#4087=ORIENTED_EDGE('',*,*,#2421,.F.);
#4088=ORIENTED_EDGE('',*,*,#2864,.T.);
#4089=ORIENTED_EDGE('',*,*,#2787,.F.);
#4090=ORIENTED_EDGE('',*,*,#2283,.T.);
#4091=ORIENTED_EDGE('',*,*,#2789,.F.);
#4092=ORIENTED_EDGE('',*,*,#2864,.F.);
#4093=ORIENTED_EDGE('',*,*,#2420,.F.);
#4094=ORIENTED_EDGE('',*,*,#2281,.F.);
#4095=ORIENTED_EDGE('',*,*,#2419,.F.);
#4096=ORIENTED_EDGE('',*,*,#2865,.T.);
#4097=ORIENTED_EDGE('',*,*,#2791,.F.);
#4098=ORIENTED_EDGE('',*,*,#2866,.T.);
#4099=ORIENTED_EDGE('',*,*,#2793,.F.);
#4100=ORIENTED_EDGE('',*,*,#2865,.F.);
#4101=ORIENTED_EDGE('',*,*,#2418,.F.);
#4102=ORIENTED_EDGE('',*,*,#2277,.F.);
#4103=ORIENTED_EDGE('',*,*,#2795,.F.);
#4104=ORIENTED_EDGE('',*,*,#2866,.F.);
#4105=ORIENTED_EDGE('',*,*,#2417,.F.);
#4106=ORIENTED_EDGE('',*,*,#2273,.F.);
#4107=ORIENTED_EDGE('',*,*,#2798,.F.);
#4108=ORIENTED_EDGE('',*,*,#2867,.T.);
#4109=ORIENTED_EDGE('',*,*,#2868,.F.);
#4110=ORIENTED_EDGE('',*,*,#2275,.T.);
#4111=ORIENTED_EDGE('',*,*,#2869,.F.);
#4112=ORIENTED_EDGE('',*,*,#2271,.F.);
#4113=ORIENTED_EDGE('',*,*,#2800,.F.);
#4114=ORIENTED_EDGE('',*,*,#2269,.F.);
#4115=ORIENTED_EDGE('',*,*,#2870,.F.);
#4116=ORIENTED_EDGE('',*,*,#2871,.F.);
#4117=ORIENTED_EDGE('',*,*,#2802,.F.);
#4118=ORIENTED_EDGE('',*,*,#2871,.T.);
#4119=ORIENTED_EDGE('',*,*,#2872,.F.);
#4120=ORIENTED_EDGE('',*,*,#2267,.F.);
#4121=ORIENTED_EDGE('',*,*,#2804,.F.);
#4122=ORIENTED_EDGE('',*,*,#2265,.F.);
#4123=ORIENTED_EDGE('',*,*,#2873,.F.);
#4124=ORIENTED_EDGE('',*,*,#2874,.F.);
#4125=ORIENTED_EDGE('',*,*,#2806,.F.);
#4126=ORIENTED_EDGE('',*,*,#2874,.T.);
#4127=ORIENTED_EDGE('',*,*,#2875,.F.);
#4128=ORIENTED_EDGE('',*,*,#2876,.F.);
#4129=ORIENTED_EDGE('',*,*,#2808,.F.);
#4130=ORIENTED_EDGE('',*,*,#2876,.T.);
#4131=ORIENTED_EDGE('',*,*,#2877,.F.);
#4132=ORIENTED_EDGE('',*,*,#2878,.F.);
#4133=ORIENTED_EDGE('',*,*,#2810,.F.);
#4134=ORIENTED_EDGE('',*,*,#2878,.T.);
#4135=ORIENTED_EDGE('',*,*,#2879,.F.);
#4136=ORIENTED_EDGE('',*,*,#2880,.F.);
#4137=ORIENTED_EDGE('',*,*,#2812,.F.);
#4138=ORIENTED_EDGE('',*,*,#2880,.T.);
#4139=ORIENTED_EDGE('',*,*,#2881,.F.);
#4140=ORIENTED_EDGE('',*,*,#2882,.F.);
#4141=ORIENTED_EDGE('',*,*,#2814,.F.);
#4142=ORIENTED_EDGE('',*,*,#2883,.F.);
#4143=ORIENTED_EDGE('',*,*,#2243,.T.);
#4144=ORIENTED_EDGE('',*,*,#2884,.T.);
#4145=ORIENTED_EDGE('',*,*,#2885,.F.);
#4146=ORIENTED_EDGE('',*,*,#2816,.F.);
#4147=ORIENTED_EDGE('',*,*,#2886,.T.);
#4148=ORIENTED_EDGE('',*,*,#2887,.T.);
#4149=ORIENTED_EDGE('',*,*,#2883,.T.);
#4150=ORIENTED_EDGE('',*,*,#2825,.T.);
#4151=ORIENTED_EDGE('',*,*,#2822,.T.);
#4152=ORIENTED_EDGE('',*,*,#2821,.T.);
#4153=ORIENTED_EDGE('',*,*,#2820,.T.);
#4154=ORIENTED_EDGE('',*,*,#2830,.T.);
#4155=ORIENTED_EDGE('',*,*,#2885,.T.);
#4156=ORIENTED_EDGE('',*,*,#2888,.T.);
#4157=ORIENTED_EDGE('',*,*,#2889,.T.);
#4158=ORIENTED_EDGE('',*,*,#2826,.T.);
#4159=ORIENTED_EDGE('',*,*,#2890,.F.);
#4160=ORIENTED_EDGE('',*,*,#2891,.T.);
#4161=ORIENTED_EDGE('',*,*,#2256,.T.);
#4162=ORIENTED_EDGE('',*,*,#2886,.F.);
#4163=ORIENTED_EDGE('',*,*,#2829,.F.);
#4164=ORIENTED_EDGE('',*,*,#2889,.F.);
#4165=ORIENTED_EDGE('',*,*,#2248,.T.);
#4166=ORIENTED_EDGE('',*,*,#2892,.T.);
#4167=ORIENTED_EDGE('',*,*,#2893,.F.);
#4168=ORIENTED_EDGE('',*,*,#2832,.F.);
#4169=ORIENTED_EDGE('',*,*,#2894,.T.);
#4170=ORIENTED_EDGE('',*,*,#2895,.T.);
#4171=ORIENTED_EDGE('',*,*,#2890,.T.);
#4172=ORIENTED_EDGE('',*,*,#2834,.T.);
#4173=ORIENTED_EDGE('',*,*,#2893,.T.);
#4174=ORIENTED_EDGE('',*,*,#2896,.T.);
#4175=ORIENTED_EDGE('',*,*,#2897,.T.);
#4176=ORIENTED_EDGE('',*,*,#2842,.T.);
#4177=ORIENTED_EDGE('',*,*,#2839,.T.);
#4178=ORIENTED_EDGE('',*,*,#2838,.T.);
#4179=ORIENTED_EDGE('',*,*,#2837,.T.);
#4180=ORIENTED_EDGE('',*,*,#2835,.T.);
#4181=ORIENTED_EDGE('',*,*,#2263,.T.);
#4182=ORIENTED_EDGE('',*,*,#2850,.F.);
#4183=ORIENTED_EDGE('',*,*,#2279,.F.);
#4184=ORIENTED_EDGE('',*,*,#2416,.F.);
#4185=ORIENTED_EDGE('',*,*,#2851,.F.);
#4186=ORIENTED_EDGE('',*,*,#2262,.T.);
#4187=ORIENTED_EDGE('',*,*,#2898,.T.);
#4188=ORIENTED_EDGE('',*,*,#2894,.F.);
#4189=ORIENTED_EDGE('',*,*,#2298,.F.);
#4190=ORIENTED_EDGE('',*,*,#2841,.F.);
#4191=ORIENTED_EDGE('',*,*,#2897,.F.);
#4192=ORIENTED_EDGE('',*,*,#2899,.T.);
#4193=ORIENTED_EDGE('',*,*,#2900,.F.);
#4194=ORIENTED_EDGE('',*,*,#2843,.T.);
#4195=ORIENTED_EDGE('',*,*,#2900,.T.);
#4196=ORIENTED_EDGE('',*,*,#2901,.T.);
#4197=ORIENTED_EDGE('',*,*,#2902,.T.);
#4198=ORIENTED_EDGE('',*,*,#2845,.T.);
#4199=ORIENTED_EDGE('',*,*,#2902,.F.);
#4200=ORIENTED_EDGE('',*,*,#2253,.T.);
#4201=ORIENTED_EDGE('',*,*,#2903,.T.);
#4202=ORIENTED_EDGE('',*,*,#2859,.F.);
#4203=ORIENTED_EDGE('',*,*,#2294,.F.);
#4204=ORIENTED_EDGE('',*,*,#2847,.F.);
#4205=ORIENTED_EDGE('',*,*,#2904,.T.);
#4206=ORIENTED_EDGE('',*,*,#2905,.F.);
#4207=ORIENTED_EDGE('',*,*,#2867,.F.);
#4208=ORIENTED_EDGE('',*,*,#2860,.F.);
#4209=ORIENTED_EDGE('',*,*,#2906,.F.);
#4210=ORIENTED_EDGE('',*,*,#2232,.T.);
#4211=ORIENTED_EDGE('',*,*,#2907,.T.);
#4212=ORIENTED_EDGE('',*,*,#2852,.F.);
#4213=ORIENTED_EDGE('',*,*,#2848,.F.);
#4214=ORIENTED_EDGE('',*,*,#2862,.T.);
#4215=ORIENTED_EDGE('',*,*,#2853,.F.);
#4216=ORIENTED_EDGE('',*,*,#2908,.F.);
#4217=ORIENTED_EDGE('',*,*,#2426,.F.);
#4218=ORIENTED_EDGE('',*,*,#2909,.T.);
#4219=ORIENTED_EDGE('',*,*,#2910,.T.);
#4220=ORIENTED_EDGE('',*,*,#2906,.T.);
#4221=ORIENTED_EDGE('',*,*,#2855,.T.);
#4222=ORIENTED_EDGE('',*,*,#2882,.T.);
#4223=ORIENTED_EDGE('',*,*,#2911,.F.);
#4224=ORIENTED_EDGE('',*,*,#2238,.F.);
#4225=ORIENTED_EDGE('',*,*,#2857,.F.);
#4226=ORIENTED_EDGE('',*,*,#2858,.F.);
#4227=ORIENTED_EDGE('',*,*,#2237,.T.);
#4228=ORIENTED_EDGE('',*,*,#2912,.T.);
#4229=ORIENTED_EDGE('',*,*,#2909,.F.);
#4230=ORIENTED_EDGE('',*,*,#2856,.F.);
#4231=ORIENTED_EDGE('',*,*,#2261,.F.);
#4232=ORIENTED_EDGE('',*,*,#2415,.F.);
#4233=ORIENTED_EDGE('',*,*,#2639,.F.);
#4234=ORIENTED_EDGE('',*,*,#2913,.T.);
#4235=ORIENTED_EDGE('',*,*,#2898,.F.);
#4236=ORIENTED_EDGE('',*,*,#2633,.F.);
#4237=ORIENTED_EDGE('',*,*,#2914,.T.);
#4238=ORIENTED_EDGE('',*,*,#2895,.F.);
#4239=ORIENTED_EDGE('',*,*,#2913,.F.);
#4240=ORIENTED_EDGE('',*,*,#2638,.F.);
#4241=ORIENTED_EDGE('',*,*,#2257,.F.);
#4242=ORIENTED_EDGE('',*,*,#2891,.F.);
#4243=ORIENTED_EDGE('',*,*,#2914,.F.);
#4244=ORIENTED_EDGE('',*,*,#2632,.F.);
#4245=ORIENTED_EDGE('',*,*,#2626,.F.);
#4246=ORIENTED_EDGE('',*,*,#2244,.T.);
#4247=ORIENTED_EDGE('',*,*,#2887,.F.);
#4248=ORIENTED_EDGE('',*,*,#2259,.F.);
#4249=ORIENTED_EDGE('',*,*,#2252,.F.);
#4250=ORIENTED_EDGE('',*,*,#2915,.F.);
#4251=ORIENTED_EDGE('',*,*,#2904,.F.);
#4252=ORIENTED_EDGE('',*,*,#2903,.F.);
#4253=ORIENTED_EDGE('',*,*,#2644,.F.);
#4254=ORIENTED_EDGE('',*,*,#2254,.F.);
#4255=ORIENTED_EDGE('',*,*,#2901,.F.);
#4256=ORIENTED_EDGE('',*,*,#2916,.T.);
#4257=ORIENTED_EDGE('',*,*,#2642,.F.);
#4258=ORIENTED_EDGE('',*,*,#2640,.F.);
#4259=ORIENTED_EDGE('',*,*,#2916,.F.);
#4260=ORIENTED_EDGE('',*,*,#2899,.F.);
#4261=ORIENTED_EDGE('',*,*,#2917,.T.);
#4262=ORIENTED_EDGE('',*,*,#2637,.F.);
#4263=ORIENTED_EDGE('',*,*,#2917,.F.);
#4264=ORIENTED_EDGE('',*,*,#2896,.F.);
#4265=ORIENTED_EDGE('',*,*,#2918,.T.);
#4266=ORIENTED_EDGE('',*,*,#2247,.F.);
#4267=ORIENTED_EDGE('',*,*,#2629,.F.);
#4268=ORIENTED_EDGE('',*,*,#2635,.F.);
#4269=ORIENTED_EDGE('',*,*,#2918,.F.);
#4270=ORIENTED_EDGE('',*,*,#2892,.F.);
#4271=ORIENTED_EDGE('',*,*,#2631,.F.);
#4272=ORIENTED_EDGE('',*,*,#2249,.F.);
#4273=ORIENTED_EDGE('',*,*,#2888,.F.);
#4274=ORIENTED_EDGE('',*,*,#2919,.T.);
#4275=ORIENTED_EDGE('',*,*,#2242,.F.);
#4276=ORIENTED_EDGE('',*,*,#2625,.F.);
#4277=ORIENTED_EDGE('',*,*,#2630,.F.);
#4278=ORIENTED_EDGE('',*,*,#2919,.F.);
#4279=ORIENTED_EDGE('',*,*,#2884,.F.);
#4280=ORIENTED_EDGE('',*,*,#2236,.F.);
#4281=ORIENTED_EDGE('',*,*,#2920,.T.);
#4282=ORIENTED_EDGE('',*,*,#2650,.F.);
#4283=ORIENTED_EDGE('',*,*,#2921,.T.);
#4284=ORIENTED_EDGE('',*,*,#2912,.F.);
#4285=ORIENTED_EDGE('',*,*,#2649,.F.);
#4286=ORIENTED_EDGE('',*,*,#2233,.T.);
#4287=ORIENTED_EDGE('',*,*,#2910,.F.);
#4288=ORIENTED_EDGE('',*,*,#2921,.F.);
#4289=ORIENTED_EDGE('',*,*,#2231,.F.);
#4290=ORIENTED_EDGE('',*,*,#2922,.T.);
#4291=ORIENTED_EDGE('',*,*,#2645,.F.);
#4292=ORIENTED_EDGE('',*,*,#2427,.F.);
#4293=ORIENTED_EDGE('',*,*,#2908,.T.);
#4294=ORIENTED_EDGE('',*,*,#2907,.F.);
#4295=ORIENTED_EDGE('',*,*,#2923,.T.);
#4296=ORIENTED_EDGE('',*,*,#2653,.F.);
#4297=ORIENTED_EDGE('',*,*,#2239,.T.);
#4298=ORIENTED_EDGE('',*,*,#2911,.T.);
#4299=ORIENTED_EDGE('',*,*,#2881,.T.);
#4300=ORIENTED_EDGE('',*,*,#2879,.T.);
#4301=ORIENTED_EDGE('',*,*,#2877,.T.);
#4302=ORIENTED_EDGE('',*,*,#2875,.T.);
#4303=ORIENTED_EDGE('',*,*,#2873,.T.);
#4304=ORIENTED_EDGE('',*,*,#2264,.T.);
#4305=ORIENTED_EDGE('',*,*,#2872,.T.);
#4306=ORIENTED_EDGE('',*,*,#2870,.T.);
#4307=ORIENTED_EDGE('',*,*,#2268,.T.);
#4308=ORIENTED_EDGE('',*,*,#2869,.T.);
#4309=ORIENTED_EDGE('',*,*,#2274,.T.);
#4310=ORIENTED_EDGE('',*,*,#2868,.T.);
#4311=ORIENTED_EDGE('',*,*,#2905,.T.);
#4312=ORIENTED_EDGE('',*,*,#2915,.T.);
#4313=ORIENTED_EDGE('',*,*,#2251,.T.);
#4314=ORIENTED_EDGE('',*,*,#2643,.F.);
#4315=ORIENTED_EDGE('',*,*,#2352,.F.);
#4316=ORIENTED_EDGE('',*,*,#2924,.T.);
#4317=ORIENTED_EDGE('',*,*,#2925,.T.);
#4318=ORIENTED_EDGE('',*,*,#2220,.F.);
#4319=ORIENTED_EDGE('',*,*,#2226,.F.);
#4320=ORIENTED_EDGE('',*,*,#2411,.F.);
#4321=ORIENTED_EDGE('',*,*,#2647,.F.);
#4322=ORIENTED_EDGE('',*,*,#2373,.T.);
#4323=ORIENTED_EDGE('',*,*,#2926,.T.);
#4324=ORIENTED_EDGE('',*,*,#2412,.F.);
#4325=ORIENTED_EDGE('',*,*,#2926,.F.);
#4326=ORIENTED_EDGE('',*,*,#2372,.T.);
#4327=ORIENTED_EDGE('',*,*,#2927,.T.);
#4328=ORIENTED_EDGE('',*,*,#2413,.T.);
#4329=ORIENTED_EDGE('',*,*,#2927,.F.);
#4330=ORIENTED_EDGE('',*,*,#2371,.F.);
#4331=ORIENTED_EDGE('',*,*,#2325,.T.);
#4332=ORIENTED_EDGE('',*,*,#2925,.F.);
#4333=ORIENTED_EDGE('',*,*,#2928,.F.);
#4334=ORIENTED_EDGE('',*,*,#2360,.T.);
#4335=ORIENTED_EDGE('',*,*,#2929,.T.);
#4336=ORIENTED_EDGE('',*,*,#2923,.F.);
#4337=ORIENTED_EDGE('',*,*,#2929,.F.);
#4338=ORIENTED_EDGE('',*,*,#2359,.T.);
#4339=ORIENTED_EDGE('',*,*,#2654,.T.);
#4340=ORIENTED_EDGE('',*,*,#2924,.F.);
#4341=ORIENTED_EDGE('',*,*,#2351,.F.);
#4342=ORIENTED_EDGE('',*,*,#2361,.T.);
#4343=ORIENTED_EDGE('',*,*,#2928,.T.);
#4344=ORIENTED_EDGE('',*,*,#2355,.F.);
#4345=ORIENTED_EDGE('',*,*,#2646,.F.);
#4346=ORIENTED_EDGE('',*,*,#2922,.F.);
#4347=ORIENTED_EDGE('',*,*,#2230,.F.);
#4348=ORIENTED_EDGE('',*,*,#2648,.F.);
#4349=ORIENTED_EDGE('',*,*,#2357,.F.);
#4350=ORIENTED_EDGE('',*,*,#2651,.F.);
#4351=ORIENTED_EDGE('',*,*,#2920,.F.);
#4352=ORIENTED_EDGE('',*,*,#2235,.F.);
#4353=ORIENTED_EDGE('',*,*,#2652,.F.);
#4354=CYLINDRICAL_SURFACE('',#4789,0.0642499999999997);
#4355=CYLINDRICAL_SURFACE('',#4792,0.0642499999999997);
#4356=CYLINDRICAL_SURFACE('',#4795,0.0642499999999997);
#4357=CYLINDRICAL_SURFACE('',#4798,0.0642499999999997);
#4358=CYLINDRICAL_SURFACE('',#4854,1.51);
#4359=CYLINDRICAL_SURFACE('',#4871,1.51);
#4360=CYLINDRICAL_SURFACE('',#4930,0.1875);
#4361=CYLINDRICAL_SURFACE('',#4931,0.1375);
#4362=CYLINDRICAL_SURFACE('',#4933,0.1875);
#4363=CYLINDRICAL_SURFACE('',#4937,0.1875);
#4364=CYLINDRICAL_SURFACE('',#4938,0.1875);
#4365=CYLINDRICAL_SURFACE('',#4939,0.1375);
#4366=CYLINDRICAL_SURFACE('',#4940,0.2375);
#4367=CYLINDRICAL_SURFACE('',#4944,0.1375);
#4368=CYLINDRICAL_SURFACE('',#4945,0.1875);
#4369=CYLINDRICAL_SURFACE('',#4947,0.1375);
#4370=CYLINDRICAL_SURFACE('',#4948,0.1375);
#4371=CYLINDRICAL_SURFACE('',#4950,0.1875);
#4372=CYLINDRICAL_SURFACE('',#4952,0.1875);
#4373=CYLINDRICAL_SURFACE('',#4953,0.1375);
#4374=CYLINDRICAL_SURFACE('',#4955,0.1375);
#4375=CYLINDRICAL_SURFACE('',#4957,0.1875);
#4376=CYLINDRICAL_SURFACE('',#4962,0.2375);
#4377=CYLINDRICAL_SURFACE('',#4963,0.1875);
#4378=CYLINDRICAL_SURFACE('',#4965,0.1875);
#4379=CYLINDRICAL_SURFACE('',#4969,0.1875);
#4380=CYLINDRICAL_SURFACE('',#4971,0.1875);
#4381=CYLINDRICAL_SURFACE('',#4975,0.1875);
#4382=CYLINDRICAL_SURFACE('',#4976,0.1875);
#4383=CYLINDRICAL_SURFACE('',#4978,0.1875);
#4384=CYLINDRICAL_SURFACE('',#4982,0.1875);
#4385=CYLINDRICAL_SURFACE('',#4984,0.1875);
#4386=CYLINDRICAL_SURFACE('',#4988,0.1875);
#4387=CYLINDRICAL_SURFACE('',#4993,0.0875);
#4388=CYLINDRICAL_SURFACE('',#4994,0.0875);
#4389=CYLINDRICAL_SURFACE('',#4995,0.1825);
#4390=CYLINDRICAL_SURFACE('',#4997,0.1825);
#4391=CYLINDRICAL_SURFACE('',#4999,0.1825);
#4392=CYLINDRICAL_SURFACE('',#5004,0.1825);
#4393=CYLINDRICAL_SURFACE('',#5006,0.1825);
#4394=CYLINDRICAL_SURFACE('',#5008,0.1825);
#4395=CYLINDRICAL_SURFACE('',#5013,0.1825);
#4396=CYLINDRICAL_SURFACE('',#5014,0.1825);
#4397=CYLINDRICAL_SURFACE('',#5016,0.1825);
#4398=CYLINDRICAL_SURFACE('',#5020,0.1825);
#4399=CYLINDRICAL_SURFACE('',#5022,0.1825);
#4400=CYLINDRICAL_SURFACE('',#5026,0.1825);
#4401=CYLINDRICAL_SURFACE('',#5029,0.1825);
#4402=CYLINDRICAL_SURFACE('',#5032,0.1825);
#4403=CYLINDRICAL_SURFACE('',#5033,0.1825);
#4404=CYLINDRICAL_SURFACE('',#5036,0.1825);
#4405=CYLINDRICAL_SURFACE('',#5038,0.1825);
#4406=CYLINDRICAL_SURFACE('',#5040,0.1825);
#4407=CYLINDRICAL_SURFACE('',#5043,0.1825);
#4408=CYLINDRICAL_SURFACE('',#5046,0.118005253429148);
#4409=CYLINDRICAL_SURFACE('',#5050,0.118005253429147);
#4410=CYLINDRICAL_SURFACE('',#5056,0.2);
#4411=CYLINDRICAL_SURFACE('',#5064,0.12);
#4412=CYLINDRICAL_SURFACE('',#5072,0.15);
#4413=CYLINDRICAL_SURFACE('',#5075,0.12);
#4414=CYLINDRICAL_SURFACE('',#5076,0.25);
#4415=CYLINDRICAL_SURFACE('',#5081,0.25);
#4416=CYLINDRICAL_SURFACE('',#5086,0.25);
#4417=CYLINDRICAL_SURFACE('',#5087,0.25);
#4418=CYLINDRICAL_SURFACE('',#5092,0.25);
#4419=CYLINDRICAL_SURFACE('',#5097,0.25);
#4420=CYLINDRICAL_SURFACE('',#5098,0.12);
#4421=CYLINDRICAL_SURFACE('',#5101,0.15);
#4422=CYLINDRICAL_SURFACE('',#5108,0.12);
#4423=CYLINDRICAL_SURFACE('',#5111,0.12);
#4424=CYLINDRICAL_SURFACE('',#5112,0.12);
#4425=CYLINDRICAL_SURFACE('',#5115,0.2);
#4426=CYLINDRICAL_SURFACE('',#5126,0.12);
#4427=CYLINDRICAL_SURFACE('',#5127,0.12);
#4428=CYLINDRICAL_SURFACE('',#5130,0.12);
#4429=CYLINDRICAL_SURFACE('',#5133,0.2);
#4430=CYLINDRICAL_SURFACE('',#5138,0.12);
#4431=CYLINDRICAL_SURFACE('',#5140,0.12);
#4432=CYLINDRICAL_SURFACE('',#5143,0.25);
#4433=CYLINDRICAL_SURFACE('',#5145,0.25);
#4434=CYLINDRICAL_SURFACE('',#5147,0.12);
#4435=CYLINDRICAL_SURFACE('',#5148,0.12);
#4436=CYLINDRICAL_SURFACE('',#5150,0.25);
#4437=CYLINDRICAL_SURFACE('',#5152,0.25);
#4438=CYLINDRICAL_SURFACE('',#5154,0.12);
#4439=CYLINDRICAL_SURFACE('',#5157,0.12);
#4440=CYLINDRICAL_SURFACE('',#5159,0.12);
#4441=CYLINDRICAL_SURFACE('',#5161,0.25);
#4442=CYLINDRICAL_SURFACE('',#5162,0.2);
#4443=CYLINDRICAL_SURFACE('',#5165,0.3);
#4444=CYLINDRICAL_SURFACE('',#5168,0.2);
#4445=CYLINDRICAL_SURFACE('',#5171,0.2);
#4446=CYLINDRICAL_SURFACE('',#5172,0.25);
#4447=CYLINDRICAL_SURFACE('',#5173,0.12);
#4448=CYLINDRICAL_SURFACE('',#5177,0.2);
#4449=CYLINDRICAL_SURFACE('',#5180,0.3);
#4450=CYLINDRICAL_SURFACE('',#5184,0.0750000000000001);
#4451=CYLINDRICAL_SURFACE('',#5186,0.075);
#4452=CYLINDRICAL_SURFACE('',#5188,0.0750000000000001);
#4453=CYLINDRICAL_SURFACE('',#5190,0.0749999999999999);
#4454=CYLINDRICAL_SURFACE('',#5193,0.075);
#4455=CYLINDRICAL_SURFACE('',#5195,0.075);
#4456=CYLINDRICAL_SURFACE('',#5197,0.075);
#4457=CYLINDRICAL_SURFACE('',#5201,0.0750000000000001);
#4458=CYLINDRICAL_SURFACE('',#5204,0.25);
#4459=CYLINDRICAL_SURFACE('',#5207,0.12);
#4460=CYLINDRICAL_SURFACE('',#5208,0.25);
#4461=CYLINDRICAL_SURFACE('',#5211,0.075);
#4462=CYLINDRICAL_SURFACE('',#5212,0.25);
#4463=CYLINDRICAL_SURFACE('',#5213,0.12);
#4464=CYLINDRICAL_SURFACE('',#5215,0.25);
#4465=CYLINDRICAL_SURFACE('',#5217,0.075);
#4466=CYLINDRICAL_SURFACE('',#5219,0.25);
#4467=CYLINDRICAL_SURFACE('',#5220,0.075);
#4468=CYLINDRICAL_SURFACE('',#5223,0.075);
#4469=CYLINDRICAL_SURFACE('',#5224,0.25);
#4470=CYLINDRICAL_SURFACE('',#5226,0.075);
#4471=CYLINDRICAL_SURFACE('',#5228,0.075);
#4472=CYLINDRICAL_SURFACE('',#5229,0.075);
#4473=CYLINDRICAL_SURFACE('',#5232,0.075);
#4474=CYLINDRICAL_SURFACE('',#5234,0.075);
#4475=CYLINDRICAL_SURFACE('',#5237,0.075);
#4476=CYLINDRICAL_SURFACE('',#5242,1.36);
#4477=CYLINDRICAL_SURFACE('',#5244,1.36);
#4478=CYLINDRICAL_SURFACE('',#5247,0.25);
#4479=CYLINDRICAL_SURFACE('',#5248,0.25);
#4480=ADVANCED_FACE('',(#406),#4354,.F.);
#4481=ADVANCED_FACE('',(#407),#4355,.F.);
#4482=ADVANCED_FACE('',(#408),#4356,.F.);
#4483=ADVANCED_FACE('',(#409),#4357,.F.);
#4484=ADVANCED_FACE('',(#410),#310,.F.);
#4485=ADVANCED_FACE('',(#411),#311,.F.);
#4486=ADVANCED_FACE('',(#412),#312,.F.);
#4487=ADVANCED_FACE('',(#413),#313,.F.);
#4488=ADVANCED_FACE('',(#414),#314,.F.);
#4489=ADVANCED_FACE('',(#415),#315,.F.);
#4490=ADVANCED_FACE('',(#416),#316,.F.);
#4491=ADVANCED_FACE('',(#417),#317,.F.);
#4492=ADVANCED_FACE('',(#418),#318,.F.);
#4493=ADVANCED_FACE('',(#419),#319,.F.);
#4494=ADVANCED_FACE('',(#420),#320,.F.);
#4495=ADVANCED_FACE('',(#421),#321,.F.);
#4496=ADVANCED_FACE('',(#422),#322,.F.);
#4497=ADVANCED_FACE('',(#423),#323,.F.);
#4498=ADVANCED_FACE('',(#424),#324,.T.);
#4499=ADVANCED_FACE('',(#425),#325,.T.);
#4500=ADVANCED_FACE('',(#426),#326,.F.);
#4501=ADVANCED_FACE('',(#427),#327,.T.);
#4502=ADVANCED_FACE('',(#428),#328,.T.);
#4503=ADVANCED_FACE('',(#429),#329,.F.);
#4504=ADVANCED_FACE('',(#430),#330,.T.);
#4505=ADVANCED_FACE('',(#431),#331,.T.);
#4506=ADVANCED_FACE('',(#432),#4358,.T.);
#4507=ADVANCED_FACE('',(#433),#332,.T.);
#4508=ADVANCED_FACE('',(#434),#333,.T.);
#4509=ADVANCED_FACE('',(#435),#334,.F.);
#4510=ADVANCED_FACE('',(#436),#335,.F.);
#4511=ADVANCED_FACE('',(#437),#336,.F.);
#4512=ADVANCED_FACE('',(#438),#337,.F.);
#4513=ADVANCED_FACE('',(#439),#4359,.T.);
#4514=ADVANCED_FACE('',(#440,#27,#28,#29,#30,#31),#36,.T.);
#4515=ADVANCED_FACE('',(#441,#32,#33),#37,.F.);
#4516=ADVANCED_FACE('',(#442),#38,.F.);
#4517=ADVANCED_FACE('',(#443),#39,.F.);
#4518=ADVANCED_FACE('',(#444),#40,.F.);
#4519=ADVANCED_FACE('',(#445),#41,.F.);
#4520=ADVANCED_FACE('',(#446),#42,.F.);
#4521=ADVANCED_FACE('',(#447),#43,.F.);
#4522=ADVANCED_FACE('',(#448),#44,.T.);
#4523=ADVANCED_FACE('',(#449),#45,.F.);
#4524=ADVANCED_FACE('',(#450),#46,.F.);
#4525=ADVANCED_FACE('',(#451),#47,.F.);
#4526=ADVANCED_FACE('',(#452),#48,.F.);
#4527=ADVANCED_FACE('',(#453),#49,.F.);
#4528=ADVANCED_FACE('',(#454),#50,.T.);
#4529=ADVANCED_FACE('',(#455),#51,.F.);
#4530=ADVANCED_FACE('',(#456),#52,.F.);
#4531=ADVANCED_FACE('',(#457),#53,.T.);
#4532=ADVANCED_FACE('',(#458),#54,.F.);
#4533=ADVANCED_FACE('',(#459),#55,.F.);
#4534=ADVANCED_FACE('',(#460),#56,.T.);
#4535=ADVANCED_FACE('',(#461),#4360,.F.);
#4536=ADVANCED_FACE('',(#462),#4361,.F.);
#4537=ADVANCED_FACE('',(#463),#4362,.F.);
#4538=ADVANCED_FACE('',(#464),#338,.F.);
#4539=ADVANCED_FACE('',(#465),#339,.F.);
#4540=ADVANCED_FACE('',(#466),#340,.F.);
#4541=ADVANCED_FACE('',(#467),#4363,.F.);
#4542=ADVANCED_FACE('',(#468),#4364,.F.);
#4543=ADVANCED_FACE('',(#469),#4365,.F.);
#4544=ADVANCED_FACE('',(#470),#4366,.F.);
#4545=ADVANCED_FACE('',(#471),#341,.F.);
#4546=ADVANCED_FACE('',(#472),#342,.F.);
#4547=ADVANCED_FACE('',(#473),#343,.F.);
#4548=ADVANCED_FACE('',(#474),#4367,.F.);
#4549=ADVANCED_FACE('',(#475),#4368,.F.);
#4550=ADVANCED_FACE('',(#476),#4369,.F.);
#4551=ADVANCED_FACE('',(#477),#4370,.F.);
#4552=ADVANCED_FACE('',(#478),#4371,.F.);
#4553=ADVANCED_FACE('',(#479),#344,.F.);
#4554=ADVANCED_FACE('',(#480),#345,.F.);
#4555=ADVANCED_FACE('',(#481),#4372,.F.);
#4556=ADVANCED_FACE('',(#482),#4373,.F.);
#4557=ADVANCED_FACE('',(#483),#4374,.F.);
#4558=ADVANCED_FACE('',(#484),#4375,.F.);
#4559=ADVANCED_FACE('',(#485),#346,.F.);
#4560=ADVANCED_FACE('',(#486),#347,.F.);
#4561=ADVANCED_FACE('',(#487),#348,.F.);
#4562=ADVANCED_FACE('',(#488),#349,.F.);
#4563=ADVANCED_FACE('',(#489),#4376,.F.);
#4564=ADVANCED_FACE('',(#490),#4377,.F.);
#4565=ADVANCED_FACE('',(#491),#4378,.F.);
#4566=ADVANCED_FACE('',(#492),#15,.F.);
#4567=ADVANCED_FACE('',(#493),#4379,.F.);
#4568=ADVANCED_FACE('',(#494),#4380,.F.);
#4569=ADVANCED_FACE('',(#495),#16,.F.);
#4570=ADVANCED_FACE('',(#496),#4381,.F.);
#4571=ADVANCED_FACE('',(#497),#4382,.F.);
#4572=ADVANCED_FACE('',(#498),#4383,.F.);
#4573=ADVANCED_FACE('',(#499),#17,.F.);
#4574=ADVANCED_FACE('',(#500),#4384,.F.);
#4575=ADVANCED_FACE('',(#501),#4385,.F.);
#4576=ADVANCED_FACE('',(#502),#18,.F.);
#4577=ADVANCED_FACE('',(#503),#4386,.F.);
#4578=ADVANCED_FACE('',(#504),#57,.T.);
#4579=ADVANCED_FACE('',(#505),#58,.F.);
#4580=ADVANCED_FACE('',(#506),#59,.T.);
#4581=ADVANCED_FACE('',(#507),#60,.F.);
#4582=ADVANCED_FACE('',(#508),#4387,.F.);
#4583=ADVANCED_FACE('',(#509),#4388,.F.);
#4584=ADVANCED_FACE('',(#510),#4389,.T.);
#4585=ADVANCED_FACE('',(#511),#4390,.T.);
#4586=ADVANCED_FACE('',(#512),#4391,.T.);
#4587=ADVANCED_FACE('',(#513),#350,.T.);
#4588=ADVANCED_FACE('',(#514),#351,.T.);
#4589=ADVANCED_FACE('',(#515),#352,.T.);
#4590=ADVANCED_FACE('',(#516),#4392,.T.);
#4591=ADVANCED_FACE('',(#517),#4393,.T.);
#4592=ADVANCED_FACE('',(#518),#4394,.T.);
#4593=ADVANCED_FACE('',(#519),#353,.T.);
#4594=ADVANCED_FACE('',(#520),#19,.T.);
#4595=ADVANCED_FACE('',(#521),#4395,.T.);
#4596=ADVANCED_FACE('',(#522),#4396,.T.);
#4597=ADVANCED_FACE('',(#523),#4397,.T.);
#4598=ADVANCED_FACE('',(#524),#354,.T.);
#4599=ADVANCED_FACE('',(#525),#355,.T.);
#4600=ADVANCED_FACE('',(#526),#4398,.T.);
#4601=ADVANCED_FACE('',(#527),#4399,.T.);
#4602=ADVANCED_FACE('',(#528),#20,.T.);
#4603=ADVANCED_FACE('',(#529),#4400,.T.);
#4604=ADVANCED_FACE('',(#530),#356,.T.);
#4605=ADVANCED_FACE('',(#531),#4401,.T.);
#4606=ADVANCED_FACE('',(#532),#357,.T.);
#4607=ADVANCED_FACE('',(#533),#4402,.T.);
#4608=ADVANCED_FACE('',(#534),#4403,.T.);
#4609=ADVANCED_FACE('',(#535),#358,.T.);
#4610=ADVANCED_FACE('',(#536),#4404,.T.);
#4611=ADVANCED_FACE('',(#537),#359,.T.);
#4612=ADVANCED_FACE('',(#538),#4405,.T.);
#4613=ADVANCED_FACE('',(#539),#360,.T.);
#4614=ADVANCED_FACE('',(#540),#4406,.T.);
#4615=ADVANCED_FACE('',(#541),#361,.T.);
#4616=ADVANCED_FACE('',(#542),#4407,.T.);
#4617=ADVANCED_FACE('',(#543),#362,.T.);
#4618=ADVANCED_FACE('',(#544),#61,.T.);
#4619=ADVANCED_FACE('',(#545),#363,.T.);
#4620=ADVANCED_FACE('',(#546),#62,.T.);
#4621=ADVANCED_FACE('',(#547),#4408,.F.);
#4622=ADVANCED_FACE('',(#548),#63,.T.);
#4623=ADVANCED_FACE('',(#549),#64,.T.);
#4624=ADVANCED_FACE('',(#550),#4409,.F.);
#4625=ADVANCED_FACE('',(#551),#65,.T.);
#4626=ADVANCED_FACE('',(#552),#66,.T.);
#4627=ADVANCED_FACE('',(#553),#67,.T.);
#4628=ADVANCED_FACE('',(#554),#68,.T.);
#4629=ADVANCED_FACE('',(#555),#4410,.T.);
#4630=ADVANCED_FACE('',(#556),#69,.F.);
#4631=ADVANCED_FACE('',(#557),#21,.F.);
#4632=ADVANCED_FACE('',(#558),#70,.F.);
#4633=ADVANCED_FACE('',(#559),#4411,.F.);
#4634=ADVANCED_FACE('',(#560),#71,.F.);
#4635=ADVANCED_FACE('',(#561),#22,.F.);
#4636=ADVANCED_FACE('',(#562),#72,.F.);
#4637=ADVANCED_FACE('',(#563),#4412,.T.);
#4638=ADVANCED_FACE('',(#564),#364,.F.);
#4639=ADVANCED_FACE('',(#565),#4413,.F.);
#4640=ADVANCED_FACE('',(#566),#4414,.T.);
#4641=ADVANCED_FACE('',(#567),#23,.T.);
#4642=ADVANCED_FACE('',(#568),#4415,.T.);
#4643=ADVANCED_FACE('',(#569),#24,.T.);
#4644=ADVANCED_FACE('',(#570),#4416,.T.);
#4645=ADVANCED_FACE('',(#571),#4417,.T.);
#4646=ADVANCED_FACE('',(#572),#25,.T.);
#4647=ADVANCED_FACE('',(#573),#4418,.T.);
#4648=ADVANCED_FACE('',(#574),#26,.T.);
#4649=ADVANCED_FACE('',(#575),#4419,.T.);
#4650=ADVANCED_FACE('',(#576),#4420,.F.);
#4651=ADVANCED_FACE('',(#577),#365,.F.);
#4652=ADVANCED_FACE('',(#578),#4421,.T.);
#4653=ADVANCED_FACE('',(#579),#366,.F.);
#4654=ADVANCED_FACE('',(#580),#367,.T.);
#4655=ADVANCED_FACE('',(#581),#73,.F.);
#4656=ADVANCED_FACE('',(#582),#368,.T.);
#4657=ADVANCED_FACE('',(#583),#74,.T.);
#4658=ADVANCED_FACE('',(#584),#369,.F.);
#4659=ADVANCED_FACE('',(#585),#370,.F.);
#4660=ADVANCED_FACE('',(#586),#4422,.F.);
#4661=ADVANCED_FACE('',(#587),#371,.F.);
#4662=ADVANCED_FACE('',(#588),#4423,.F.);
#4663=ADVANCED_FACE('',(#589),#4424,.F.);
#4664=ADVANCED_FACE('',(#590),#372,.F.);
#4665=ADVANCED_FACE('',(#591),#4425,.T.);
#4666=ADVANCED_FACE('',(#592),#75,.F.);
#4667=ADVANCED_FACE('',(#593),#373,.T.);
#4668=ADVANCED_FACE('',(#594),#374,.F.);
#4669=ADVANCED_FACE('',(#595),#4426,.F.);
#4670=ADVANCED_FACE('',(#596),#4427,.F.);
#4671=ADVANCED_FACE('',(#597),#375,.F.);
#4672=ADVANCED_FACE('',(#598),#4428,.F.);
#4673=ADVANCED_FACE('',(#599),#376,.F.);
#4674=ADVANCED_FACE('',(#600),#4429,.T.);
#4675=ADVANCED_FACE('',(#601),#377,.T.);
#4676=ADVANCED_FACE('',(#602),#4430,.F.);
#4677=ADVANCED_FACE('',(#603),#76,.T.);
#4678=ADVANCED_FACE('',(#604),#4431,.F.);
#4679=ADVANCED_FACE('',(#605),#77,.T.);
#4680=ADVANCED_FACE('',(#606),#4432,.T.);
#4681=ADVANCED_FACE('',(#607),#78,.T.);
#4682=ADVANCED_FACE('',(#608),#4433,.T.);
#4683=ADVANCED_FACE('',(#609),#79,.T.);
#4684=ADVANCED_FACE('',(#610),#4434,.F.);
#4685=ADVANCED_FACE('',(#611),#4435,.F.);
#4686=ADVANCED_FACE('',(#612),#80,.T.);
#4687=ADVANCED_FACE('',(#613),#4436,.T.);
#4688=ADVANCED_FACE('',(#614),#81,.T.);
#4689=ADVANCED_FACE('',(#615),#4437,.T.);
#4690=ADVANCED_FACE('',(#616),#82,.T.);
#4691=ADVANCED_FACE('',(#617),#4438,.F.);
#4692=ADVANCED_FACE('',(#618),#83,.T.);
#4693=ADVANCED_FACE('',(#619),#4439,.F.);
#4694=ADVANCED_FACE('',(#620),#378,.T.);
#4695=ADVANCED_FACE('',(#621),#4440,.F.);
#4696=ADVANCED_FACE('',(#622),#4441,.T.);
#4697=ADVANCED_FACE('',(#623),#4442,.T.);
#4698=ADVANCED_FACE('',(#624),#379,.T.);
#4699=ADVANCED_FACE('',(#625),#4443,.T.);
#4700=ADVANCED_FACE('',(#626),#380,.F.);
#4701=ADVANCED_FACE('',(#627),#381,.T.);
#4702=ADVANCED_FACE('',(#628),#4444,.T.);
#4703=ADVANCED_FACE('',(#629),#382,.T.);
#4704=ADVANCED_FACE('',(#630),#4445,.T.);
#4705=ADVANCED_FACE('',(#631),#4446,.T.);
#4706=ADVANCED_FACE('',(#632),#4447,.F.);
#4707=ADVANCED_FACE('',(#633),#383,.T.);
#4708=ADVANCED_FACE('',(#634),#384,.F.);
#4709=ADVANCED_FACE('',(#635),#4448,.T.);
#4710=ADVANCED_FACE('',(#636),#385,.T.);
#4711=ADVANCED_FACE('',(#637),#386,.T.);
#4712=ADVANCED_FACE('',(#638),#84,.T.);
#4713=ADVANCED_FACE('',(#639),#4449,.T.);
#4714=ADVANCED_FACE('',(#640),#387,.T.);
#4715=ADVANCED_FACE('',(#641),#85,.T.);
#4716=ADVANCED_FACE('',(#642),#388,.F.);
#4717=ADVANCED_FACE('',(#643),#4450,.F.);
#4718=ADVANCED_FACE('',(#644),#389,.F.);
#4719=ADVANCED_FACE('',(#645),#4451,.F.);
#4720=ADVANCED_FACE('',(#646),#390,.F.);
#4721=ADVANCED_FACE('',(#647),#4452,.F.);
#4722=ADVANCED_FACE('',(#648),#391,.F.);
#4723=ADVANCED_FACE('',(#649),#4453,.F.);
#4724=ADVANCED_FACE('',(#650),#392,.F.);
#4725=ADVANCED_FACE('',(#651),#393,.F.);
#4726=ADVANCED_FACE('',(#652),#4454,.F.);
#4727=ADVANCED_FACE('',(#653),#394,.F.);
#4728=ADVANCED_FACE('',(#654),#4455,.F.);
#4729=ADVANCED_FACE('',(#655),#395,.F.);
#4730=ADVANCED_FACE('',(#656),#4456,.F.);
#4731=ADVANCED_FACE('',(#657),#396,.F.);
#4732=ADVANCED_FACE('',(#658),#4457,.F.);
#4733=ADVANCED_FACE('',(#659),#397,.F.);
#4734=ADVANCED_FACE('',(#660),#4458,.T.);
#4735=ADVANCED_FACE('',(#661),#86,.T.);
#4736=ADVANCED_FACE('',(#662),#87,.T.);
#4737=ADVANCED_FACE('',(#663),#4459,.F.);
#4738=ADVANCED_FACE('',(#664),#4460,.T.);
#4739=ADVANCED_FACE('',(#665),#88,.T.);
#4740=ADVANCED_FACE('',(#666),#89,.T.);
#4741=ADVANCED_FACE('',(#667),#4461,.F.);
#4742=ADVANCED_FACE('',(#668),#4462,.T.);
#4743=ADVANCED_FACE('',(#669),#4463,.F.);
#4744=ADVANCED_FACE('',(#670),#90,.T.);
#4745=ADVANCED_FACE('',(#671),#4464,.T.);
#4746=ADVANCED_FACE('',(#672),#4465,.F.);
#4747=ADVANCED_FACE('',(#673),#4466,.T.);
#4748=ADVANCED_FACE('',(#674),#4467,.F.);
#4749=ADVANCED_FACE('',(#675),#91,.T.);
#4750=ADVANCED_FACE('',(#676),#4468,.F.);
#4751=ADVANCED_FACE('',(#677),#4469,.T.);
#4752=ADVANCED_FACE('',(#678),#398,.F.);
#4753=ADVANCED_FACE('',(#679),#4470,.F.);
#4754=ADVANCED_FACE('',(#680),#399,.F.);
#4755=ADVANCED_FACE('',(#681),#4471,.F.);
#4756=ADVANCED_FACE('',(#682),#400,.F.);
#4757=ADVANCED_FACE('',(#683),#4472,.F.);
#4758=ADVANCED_FACE('',(#684),#401,.F.);
#4759=ADVANCED_FACE('',(#685),#4473,.F.);
#4760=ADVANCED_FACE('',(#686),#402,.F.);
#4761=ADVANCED_FACE('',(#687),#4474,.F.);
#4762=ADVANCED_FACE('',(#688),#403,.F.);
#4763=ADVANCED_FACE('',(#689),#404,.F.);
#4764=ADVANCED_FACE('',(#690),#4475,.F.);
#4765=ADVANCED_FACE('',(#691),#405,.F.);
#4766=ADVANCED_FACE('',(#692,#34,#35),#92,.F.);
#4767=ADVANCED_FACE('',(#693),#93,.T.);
#4768=ADVANCED_FACE('',(#694),#4476,.T.);
#4769=ADVANCED_FACE('',(#695),#94,.F.);
#4770=ADVANCED_FACE('',(#696),#4477,.T.);
#4771=ADVANCED_FACE('',(#697),#95,.T.);
#4772=ADVANCED_FACE('',(#698),#96,.T.);
#4773=ADVANCED_FACE('',(#699),#4478,.T.);
#4774=ADVANCED_FACE('',(#700),#4479,.T.);
#4775=CLOSED_SHELL('',(#4480,#4481,#4482,#4483,#4484,#4485,#4486,#4487,
#4488,#4489,#4490,#4491,#4492,#4493,#4494,#4495,#4496,#4497,#4498,#4499,
#4500,#4501,#4502,#4503,#4504,#4505,#4506,#4507,#4508,#4509,#4510,#4511,
#4512,#4513,#4514,#4515,#4516,#4517,#4518,#4519,#4520,#4521,#4522,#4523,
#4524,#4525,#4526,#4527,#4528,#4529,#4530,#4531,#4532,#4533,#4534,#4535,
#4536,#4537,#4538,#4539,#4540,#4541,#4542,#4543,#4544,#4545,#4546,#4547,
#4548,#4549,#4550,#4551,#4552,#4553,#4554,#4555,#4556,#4557,#4558,#4559,
#4560,#4561,#4562,#4563,#4564,#4565,#4566,#4567,#4568,#4569,#4570,#4571,
#4572,#4573,#4574,#4575,#4576,#4577,#4578,#4579,#4580,#4581,#4582,#4583,
#4584,#4585,#4586,#4587,#4588,#4589,#4590,#4591,#4592,#4593,#4594,#4595,
#4596,#4597,#4598,#4599,#4600,#4601,#4602,#4603,#4604,#4605,#4606,#4607,
#4608,#4609,#4610,#4611,#4612,#4613,#4614,#4615,#4616,#4617,#4618,#4619,
#4620,#4621,#4622,#4623,#4624,#4625,#4626,#4627,#4628,#4629,#4630,#4631,
#4632,#4633,#4634,#4635,#4636,#4637,#4638,#4639,#4640,#4641,#4642,#4643,
#4644,#4645,#4646,#4647,#4648,#4649,#4650,#4651,#4652,#4653,#4654,#4655,
#4656,#4657,#4658,#4659,#4660,#4661,#4662,#4663,#4664,#4665,#4666,#4667,
#4668,#4669,#4670,#4671,#4672,#4673,#4674,#4675,#4676,#4677,#4678,#4679,
#4680,#4681,#4682,#4683,#4684,#4685,#4686,#4687,#4688,#4689,#4690,#4691,
#4692,#4693,#4694,#4695,#4696,#4697,#4698,#4699,#4700,#4701,#4702,#4703,
#4704,#4705,#4706,#4707,#4708,#4709,#4710,#4711,#4712,#4713,#4714,#4715,
#4716,#4717,#4718,#4719,#4720,#4721,#4722,#4723,#4724,#4725,#4726,#4727,
#4728,#4729,#4730,#4731,#4732,#4733,#4734,#4735,#4736,#4737,#4738,#4739,
#4740,#4741,#4742,#4743,#4744,#4745,#4746,#4747,#4748,#4749,#4750,#4751,
#4752,#4753,#4754,#4755,#4756,#4757,#4758,#4759,#4760,#4761,#4762,#4763,
#4764,#4765,#4766,#4767,#4768,#4769,#4770,#4771,#4772,#4773,#4774));
#4776=DERIVED_UNIT_ELEMENT(#4778,1.);
#4777=DERIVED_UNIT_ELEMENT(#12597,-3.);
#4778=(
MASS_UNIT()
NAMED_UNIT(*)
SI_UNIT(.KILO.,.GRAM.)
);
#4779=DERIVED_UNIT((#4776,#4777));
#4780=MEASURE_REPRESENTATION_ITEM('density measure',
POSITIVE_RATIO_MEASURE(7850.),#4779);
#4781=PROPERTY_DEFINITION_REPRESENTATION(#4786,#4783);
#4782=PROPERTY_DEFINITION_REPRESENTATION(#4787,#4784);
#4783=REPRESENTATION('material name',(#4785),#12592);
#4784=REPRESENTATION('density',(#4780),#12592);
#4785=DESCRIPTIVE_REPRESENTATION_ITEM('Steel','Steel');
#4786=PROPERTY_DEFINITION('material property','material name',#12605);
#4787=PROPERTY_DEFINITION('material property','density of part',#12605);
#4788=AXIS2_PLACEMENT_3D('',#6465,#5249,#5250);
#4789=AXIS2_PLACEMENT_3D('',#6466,#5251,#5252);
#4790=AXIS2_PLACEMENT_3D('',#6468,#5253,#5254);
#4791=AXIS2_PLACEMENT_3D('',#6471,#5256,#5257);
#4792=AXIS2_PLACEMENT_3D('',#6472,#5258,#5259);
#4793=AXIS2_PLACEMENT_3D('',#6474,#5260,#5261);
#4794=AXIS2_PLACEMENT_3D('',#6477,#5263,#5264);
#4795=AXIS2_PLACEMENT_3D('',#6478,#5265,#5266);
#4796=AXIS2_PLACEMENT_3D('',#6480,#5267,#5268);
#4797=AXIS2_PLACEMENT_3D('',#6483,#5270,#5271);
#4798=AXIS2_PLACEMENT_3D('',#6484,#5272,#5273);
#4799=AXIS2_PLACEMENT_3D('',#6486,#5274,#5275);
#4800=AXIS2_PLACEMENT_3D('',#6489,#5277,#5278);
#4801=AXIS2_PLACEMENT_3D('',#6517,#5279,#5280);
#4802=AXIS2_PLACEMENT_3D('',#6533,#5281,#5282);
#4803=AXIS2_PLACEMENT_3D('',#6572,#5283,#5284);
#4804=AXIS2_PLACEMENT_3D('',#6574,#5285,#5286);
#4805=AXIS2_PLACEMENT_3D('',#6590,#5287,#5288);
#4806=AXIS2_PLACEMENT_3D('',#6592,#5289,#5290);
#4807=AXIS2_PLACEMENT_3D('',#6632,#5291,#5292);
#4808=AXIS2_PLACEMENT_3D('',#6654,#5293,#5294);
#4809=AXIS2_PLACEMENT_3D('',#6688,#5295,#5296);
#4810=AXIS2_PLACEMENT_3D('',#6710,#5297,#5298);
#4811=AXIS2_PLACEMENT_3D('',#6760,#5299,#5300);
#4812=AXIS2_PLACEMENT_3D('',#6776,#5301,#5302);
#4813=AXIS2_PLACEMENT_3D('',#6803,#5303,#5304);
#4814=AXIS2_PLACEMENT_3D('',#6805,#5305,#5306);
#4815=AXIS2_PLACEMENT_3D('',#6813,#5307,#5308);
#4816=AXIS2_PLACEMENT_3D('',#6841,#5309,#5310);
#4817=AXIS2_PLACEMENT_3D('',#6843,#5311,#5312);
#4818=AXIS2_PLACEMENT_3D('',#6844,#5313,#5314);
#4819=AXIS2_PLACEMENT_3D('',#6885,#5315,#5316);
#4820=AXIS2_PLACEMENT_3D('',#6906,#5317,#5318);
#4821=AXIS2_PLACEMENT_3D('',#6953,#5319,#5320);
#4822=AXIS2_PLACEMENT_3D('',#6974,#5321,#5322);
#4823=AXIS2_PLACEMENT_3D('',#6989,#5323,#5324);
#4824=AXIS2_PLACEMENT_3D('',#6991,#5325,#5326);
#4825=AXIS2_PLACEMENT_3D('',#6993,#5327,#5328);
#4826=AXIS2_PLACEMENT_3D('',#6994,#5329,#5330);
#4827=AXIS2_PLACEMENT_3D('',#7038,#5331,#5332);
#4828=AXIS2_PLACEMENT_3D('',#7059,#5333,#5334);
#4829=AXIS2_PLACEMENT_3D('',#7100,#5335,#5336);
#4830=AXIS2_PLACEMENT_3D('',#7121,#5337,#5338);
#4831=AXIS2_PLACEMENT_3D('',#7162,#5339,#5340);
#4832=AXIS2_PLACEMENT_3D('',#7183,#5341,#5342);
#4833=AXIS2_PLACEMENT_3D('',#7198,#5343,#5344);
#4834=AXIS2_PLACEMENT_3D('',#7200,#5345,#5346);
#4835=AXIS2_PLACEMENT_3D('',#7202,#5347,#5348);
#4836=AXIS2_PLACEMENT_3D('',#7203,#5349,#5350);
#4837=AXIS2_PLACEMENT_3D('',#7218,#5351,#5352);
#4838=AXIS2_PLACEMENT_3D('',#7220,#5353,#5354);
#4839=AXIS2_PLACEMENT_3D('',#7222,#5355,#5356);
#4840=AXIS2_PLACEMENT_3D('',#7223,#5357,#5358);
#4841=AXIS2_PLACEMENT_3D('',#7256,#5359,#5360);
#4842=AXIS2_PLACEMENT_3D('',#7258,#5361,#5362);
#4843=AXIS2_PLACEMENT_3D('',#7273,#5363,#5364);
#4844=AXIS2_PLACEMENT_3D('',#7314,#5365,#5366);
#4845=AXIS2_PLACEMENT_3D('',#7335,#5367,#5368);
#4846=AXIS2_PLACEMENT_3D('',#7370,#5369,#5370);
#4847=AXIS2_PLACEMENT_3D('',#7391,#5371,#5372);
#4848=AXIS2_PLACEMENT_3D('',#7426,#5373,#5374);
#4849=AXIS2_PLACEMENT_3D('',#7447,#5375,#5376);
#4850=AXIS2_PLACEMENT_3D('',#7488,#5377,#5378);
#4851=AXIS2_PLACEMENT_3D('',#7509,#5379,#5380);
#4852=AXIS2_PLACEMENT_3D('',#7520,#5381,#5382);
#4853=AXIS2_PLACEMENT_3D('',#7533,#5385,#5386);
#4854=AXIS2_PLACEMENT_3D('',#7536,#5389,#5390);
#4855=AXIS2_PLACEMENT_3D('',#7539,#5391,#5392);
#4856=AXIS2_PLACEMENT_3D('',#7543,#5394,#5395);
#4857=AXIS2_PLACEMENT_3D('',#7585,#5397,#5398);
#4858=AXIS2_PLACEMENT_3D('',#7606,#5399,#5400);
#4859=AXIS2_PLACEMENT_3D('',#7647,#5401,#5402);
#4860=AXIS2_PLACEMENT_3D('',#7668,#5403,#5404);
#4861=AXIS2_PLACEMENT_3D('',#7683,#5405,#5406);
#4862=AXIS2_PLACEMENT_3D('',#7685,#5407,#5408);
#4863=AXIS2_PLACEMENT_3D('',#7687,#5409,#5410);
#4864=AXIS2_PLACEMENT_3D('',#7688,#5411,#5412);
#4865=AXIS2_PLACEMENT_3D('',#7729,#5413,#5414);
#4866=AXIS2_PLACEMENT_3D('',#7753,#5415,#5416);
#4867=AXIS2_PLACEMENT_3D('',#7788,#5417,#5418);
#4868=AXIS2_PLACEMENT_3D('',#7806,#5419,#5420);
#4869=AXIS2_PLACEMENT_3D('',#7841,#5421,#5422);
#4870=AXIS2_PLACEMENT_3D('',#7859,#5423,#5424);
#4871=AXIS2_PLACEMENT_3D('',#7860,#5425,#5426);
#4872=AXIS2_PLACEMENT_3D('',#7863,#5427,#5428);
#4873=AXIS2_PLACEMENT_3D('',#7867,#5430,#5431);
#4874=AXIS2_PLACEMENT_3D('',#7869,#5433,#5434);
#4875=AXIS2_PLACEMENT_3D('',#7874,#5436,#5437);
#4876=AXIS2_PLACEMENT_3D('',#7878,#5439,#5440);
#4877=AXIS2_PLACEMENT_3D('',#7884,#5443,#5444);
#4878=AXIS2_PLACEMENT_3D('',#7889,#5447,#5448);
#4879=AXIS2_PLACEMENT_3D('',#7892,#5450,#5451);
#4880=AXIS2_PLACEMENT_3D('',#7895,#5453,#5454);
#4881=AXIS2_PLACEMENT_3D('',#7899,#5456,#5457);
#4882=AXIS2_PLACEMENT_3D('',#7904,#5460,#5461);
#4883=AXIS2_PLACEMENT_3D('',#7910,#5464,#5465);
#4884=AXIS2_PLACEMENT_3D('',#7914,#5467,#5468);
#4885=AXIS2_PLACEMENT_3D('',#7918,#5470,#5471);
#4886=AXIS2_PLACEMENT_3D('',#7922,#5473,#5474);
#4887=AXIS2_PLACEMENT_3D('',#7926,#5476,#5477);
#4888=AXIS2_PLACEMENT_3D('',#7930,#5479,#5480);
#4889=AXIS2_PLACEMENT_3D('',#7934,#5482,#5483);
#4890=AXIS2_PLACEMENT_3D('',#7938,#5485,#5486);
#4891=AXIS2_PLACEMENT_3D('',#7942,#5488,#5489);
#4892=AXIS2_PLACEMENT_3D('',#7946,#5491,#5492);
#4893=AXIS2_PLACEMENT_3D('',#7950,#5494,#5495);
#4894=AXIS2_PLACEMENT_3D('',#7954,#5497,#5498);
#4895=AXIS2_PLACEMENT_3D('',#7958,#5500,#5501);
#4896=AXIS2_PLACEMENT_3D('',#7962,#5503,#5504);
#4897=AXIS2_PLACEMENT_3D('',#7966,#5506,#5507);
#4898=AXIS2_PLACEMENT_3D('',#7970,#5509,#5510);
#4899=AXIS2_PLACEMENT_3D('',#7974,#5512,#5513);
#4900=AXIS2_PLACEMENT_3D('',#7977,#5515,#5516);
#4901=AXIS2_PLACEMENT_3D('',#7978,#5517,#5518);
#4902=AXIS2_PLACEMENT_3D('',#7985,#5521,#5522);
#4903=AXIS2_PLACEMENT_3D('',#8001,#5526,#5527);
#4904=AXIS2_PLACEMENT_3D('',#8046,#5531,#5532);
#4905=AXIS2_PLACEMENT_3D('',#8065,#5535,#5536);
#4906=AXIS2_PLACEMENT_3D('',#8066,#5537,#5538);
#4907=AXIS2_PLACEMENT_3D('',#8144,#5544,#5545);
#4908=AXIS2_PLACEMENT_3D('',#8148,#5549,#5550);
#4909=AXIS2_PLACEMENT_3D('',#8196,#5556,#5557);
#4910=AXIS2_PLACEMENT_3D('',#8202,#5560,#5561);
#4911=AXIS2_PLACEMENT_3D('',#8279,#5568,#5569);
#4912=AXIS2_PLACEMENT_3D('',#8327,#5575,#5576);
#4913=AXIS2_PLACEMENT_3D('',#8333,#5580,#5581);
#4914=AXIS2_PLACEMENT_3D('',#8338,#5585,#5586);
#4915=AXIS2_PLACEMENT_3D('',#8389,#5593,#5594);
#4916=AXIS2_PLACEMENT_3D('',#8413,#5597,#5598);
#4917=AXIS2_PLACEMENT_3D('',#8419,#5602,#5603);
#4918=AXIS2_PLACEMENT_3D('',#8441,#5607,#5608);
#4919=AXIS2_PLACEMENT_3D('',#8444,#5611,#5612);
#4920=AXIS2_PLACEMENT_3D('',#8448,#5614,#5615);
#4921=AXIS2_PLACEMENT_3D('',#8469,#5620,#5621);
#4922=AXIS2_PLACEMENT_3D('',#8476,#5626,#5627);
#4923=AXIS2_PLACEMENT_3D('',#8482,#5631,#5632);
#4924=AXIS2_PLACEMENT_3D('',#8517,#5637,#5638);
#4925=AXIS2_PLACEMENT_3D('',#8523,#5642,#5643);
#4926=AXIS2_PLACEMENT_3D('',#8529,#5647,#5648);
#4927=AXIS2_PLACEMENT_3D('',#8538,#5653,#5654);
#4928=AXIS2_PLACEMENT_3D('',#8544,#5658,#5659);
#4929=AXIS2_PLACEMENT_3D('',#8550,#5663,#5664);
#4930=AXIS2_PLACEMENT_3D('',#8559,#5669,#5670);
#4931=AXIS2_PLACEMENT_3D('',#8595,#5671,#5672);
#4932=AXIS2_PLACEMENT_3D('',#8596,#5673,#5674);
#4933=AXIS2_PLACEMENT_3D('',#8597,#5675,#5676);
#4934=AXIS2_PLACEMENT_3D('',#8632,#5677,#5678);
#4935=AXIS2_PLACEMENT_3D('',#8646,#5679,#5680);
#4936=AXIS2_PLACEMENT_3D('',#8647,#5681,#5682);
#4937=AXIS2_PLACEMENT_3D('',#8706,#5683,#5684);
#4938=AXIS2_PLACEMENT_3D('',#8727,#5685,#5686);
#4939=AXIS2_PLACEMENT_3D('',#8763,#5687,#5688);
#4940=AXIS2_PLACEMENT_3D('',#8764,#5689,#5690);
#4941=AXIS2_PLACEMENT_3D('',#8837,#5691,#5692);
#4942=AXIS2_PLACEMENT_3D('',#8856,#5693,#5694);
#4943=AXIS2_PLACEMENT_3D('',#8869,#5695,#5696);
#4944=AXIS2_PLACEMENT_3D('',#8870,#5697,#5698);
#4945=AXIS2_PLACEMENT_3D('',#8871,#5699,#5700);
#4946=AXIS2_PLACEMENT_3D('',#8872,#5701,#5702);
#4947=AXIS2_PLACEMENT_3D('',#8873,#5703,#5704);
#4948=AXIS2_PLACEMENT_3D('',#8884,#5705,#5706);
#4949=AXIS2_PLACEMENT_3D('',#8885,#5707,#5708);
#4950=AXIS2_PLACEMENT_3D('',#8896,#5709,#5710);
#4951=AXIS2_PLACEMENT_3D('',#8931,#5711,#5712);
#4952=AXIS2_PLACEMENT_3D('',#8950,#5713,#5714);
#4953=AXIS2_PLACEMENT_3D('',#8971,#5715,#5716);
#4954=AXIS2_PLACEMENT_3D('',#8972,#5717,#5718);
#4955=AXIS2_PLACEMENT_3D('',#8973,#5719,#5720);
#4956=AXIS2_PLACEMENT_3D('',#8974,#5721,#5722);
#4957=AXIS2_PLACEMENT_3D('',#8975,#5723,#5724);
#4958=AXIS2_PLACEMENT_3D('',#9041,#5725,#5726);
#4959=AXIS2_PLACEMENT_3D('',#9066,#5727,#5728);
#4960=AXIS2_PLACEMENT_3D('',#9080,#5729,#5730);
#4961=AXIS2_PLACEMENT_3D('',#9081,#5731,#5732);
#4962=AXIS2_PLACEMENT_3D('',#9140,#5733,#5734);
#4963=AXIS2_PLACEMENT_3D('',#9141,#5735,#5736);
#4964=AXIS2_PLACEMENT_3D('',#9142,#5737,#5738);
#4965=AXIS2_PLACEMENT_3D('',#9153,#5739,#5740);
#4966=AXIS2_PLACEMENT_3D('',#9154,#5741,#5742);
#4967=AXIS2_PLACEMENT_3D('',#9155,#5743,#5744);
#4968=AXIS2_PLACEMENT_3D('',#9156,#5745,#5746);
#4969=AXIS2_PLACEMENT_3D('',#9157,#5747,#5748);
#4970=AXIS2_PLACEMENT_3D('',#9158,#5749,#5750);
#4971=AXIS2_PLACEMENT_3D('',#9169,#5751,#5752);
#4972=AXIS2_PLACEMENT_3D('',#9170,#5753,#5754);
#4973=AXIS2_PLACEMENT_3D('',#9171,#5755,#5756);
#4974=AXIS2_PLACEMENT_3D('',#9172,#5757,#5758);
#4975=AXIS2_PLACEMENT_3D('',#9173,#5759,#5760);
#4976=AXIS2_PLACEMENT_3D('',#9174,#5761,#5762);
#4977=AXIS2_PLACEMENT_3D('',#9175,#5763,#5764);
#4978=AXIS2_PLACEMENT_3D('',#9186,#5765,#5766);
#4979=AXIS2_PLACEMENT_3D('',#9187,#5767,#5768);
#4980=AXIS2_PLACEMENT_3D('',#9188,#5769,#5770);
#4981=AXIS2_PLACEMENT_3D('',#9189,#5771,#5772);
#4982=AXIS2_PLACEMENT_3D('',#9190,#5773,#5774);
#4983=AXIS2_PLACEMENT_3D('',#9191,#5775,#5776);
#4984=AXIS2_PLACEMENT_3D('',#9202,#5777,#5778);
#4985=AXIS2_PLACEMENT_3D('',#9203,#5779,#5780);
#4986=AXIS2_PLACEMENT_3D('',#9204,#5781,#5782);
#4987=AXIS2_PLACEMENT_3D('',#9205,#5783,#5784);
#4988=AXIS2_PLACEMENT_3D('',#9206,#5785,#5786);
#4989=AXIS2_PLACEMENT_3D('',#9207,#5787,#5788);
#4990=AXIS2_PLACEMENT_3D('',#9214,#5792,#5793);
#4991=AXIS2_PLACEMENT_3D('',#9220,#5797,#5798);
#4992=AXIS2_PLACEMENT_3D('',#9227,#5802,#5803);
#4993=AXIS2_PLACEMENT_3D('',#9233,#5807,#5808);
#4994=AXIS2_PLACEMENT_3D('',#9305,#5809,#5810);
#4995=AXIS2_PLACEMENT_3D('',#9377,#5811,#5812);
#4996=AXIS2_PLACEMENT_3D('',#9378,#5813,#5814);
#4997=AXIS2_PLACEMENT_3D('',#9379,#5815,#5816);
#4998=AXIS2_PLACEMENT_3D('',#9380,#5817,#5818);
#4999=AXIS2_PLACEMENT_3D('',#9381,#5819,#5820);
#5000=AXIS2_PLACEMENT_3D('',#9382,#5821,#5822);
#5001=AXIS2_PLACEMENT_3D('',#9413,#5823,#5824);
#5002=AXIS2_PLACEMENT_3D('',#9444,#5825,#5826);
#5003=AXIS2_PLACEMENT_3D('',#9475,#5827,#5828);
#5004=AXIS2_PLACEMENT_3D('',#9476,#5829,#5830);
#5005=AXIS2_PLACEMENT_3D('',#9477,#5831,#5832);
#5006=AXIS2_PLACEMENT_3D('',#9478,#5833,#5834);
#5007=AXIS2_PLACEMENT_3D('',#9479,#5835,#5836);
#5008=AXIS2_PLACEMENT_3D('',#9480,#5837,#5838);
#5009=AXIS2_PLACEMENT_3D('',#9481,#5839,#5840);
#5010=AXIS2_PLACEMENT_3D('',#9512,#5841,#5842);
#5011=AXIS2_PLACEMENT_3D('',#9513,#5843,#5844);
#5012=AXIS2_PLACEMENT_3D('',#9514,#5845,#5846);
#5013=AXIS2_PLACEMENT_3D('',#9515,#5847,#5848);
#5014=AXIS2_PLACEMENT_3D('',#9516,#5849,#5850);
#5015=AXIS2_PLACEMENT_3D('',#9517,#5851,#5852);
#5016=AXIS2_PLACEMENT_3D('',#9518,#5853,#5854);
#5017=AXIS2_PLACEMENT_3D('',#9519,#5855,#5856);
#5018=AXIS2_PLACEMENT_3D('',#9550,#5857,#5858);
#5019=AXIS2_PLACEMENT_3D('',#9581,#5859,#5860);
#5020=AXIS2_PLACEMENT_3D('',#9582,#5861,#5862);
#5021=AXIS2_PLACEMENT_3D('',#9583,#5863,#5864);
#5022=AXIS2_PLACEMENT_3D('',#9584,#5865,#5866);
#5023=AXIS2_PLACEMENT_3D('',#9585,#5867,#5868);
#5024=AXIS2_PLACEMENT_3D('',#9586,#5869,#5870);
#5025=AXIS2_PLACEMENT_3D('',#9587,#5871,#5872);
#5026=AXIS2_PLACEMENT_3D('',#9588,#5873,#5874);
#5027=AXIS2_PLACEMENT_3D('',#9589,#5875,#5876);
#5028=AXIS2_PLACEMENT_3D('',#9620,#5877,#5878);
#5029=AXIS2_PLACEMENT_3D('',#9621,#5879,#5880);
#5030=AXIS2_PLACEMENT_3D('',#9622,#5881,#5882);
#5031=AXIS2_PLACEMENT_3D('',#9653,#5883,#5884);
#5032=AXIS2_PLACEMENT_3D('',#9654,#5885,#5886);
#5033=AXIS2_PLACEMENT_3D('',#9655,#5887,#5888);
#5034=AXIS2_PLACEMENT_3D('',#9656,#5889,#5890);
#5035=AXIS2_PLACEMENT_3D('',#9687,#5891,#5892);
#5036=AXIS2_PLACEMENT_3D('',#9688,#5893,#5894);
#5037=AXIS2_PLACEMENT_3D('',#9707,#5895,#5896);
#5038=AXIS2_PLACEMENT_3D('',#9708,#5897,#5898);
#5039=AXIS2_PLACEMENT_3D('',#9727,#5899,#5900);
#5040=AXIS2_PLACEMENT_3D('',#9728,#5901,#5902);
#5041=AXIS2_PLACEMENT_3D('',#9729,#5903,#5904);
#5042=AXIS2_PLACEMENT_3D('',#9760,#5905,#5906);
#5043=AXIS2_PLACEMENT_3D('',#9761,#5907,#5908);
#5044=AXIS2_PLACEMENT_3D('',#9778,#5910,#5911);
#5045=AXIS2_PLACEMENT_3D('',#9797,#5915,#5916);
#5046=AXIS2_PLACEMENT_3D('',#9806,#5918,#5919);
#5047=AXIS2_PLACEMENT_3D('',#9819,#5920,#5921);
#5048=AXIS2_PLACEMENT_3D('',#9821,#5923,#5924);
#5049=AXIS2_PLACEMENT_3D('',#9832,#5927,#5928);
#5050=AXIS2_PLACEMENT_3D('',#9847,#5930,#5931);
#5051=AXIS2_PLACEMENT_3D('',#9861,#5933,#5934);
#5052=AXIS2_PLACEMENT_3D('',#9862,#5935,#5936);
#5053=AXIS2_PLACEMENT_3D('',#9865,#5939,#5940);
#5054=AXIS2_PLACEMENT_3D('',#9881,#5943,#5944);
#5055=AXIS2_PLACEMENT_3D('',#9893,#5948,#5949);
#5056=AXIS2_PLACEMENT_3D('',#9898,#5953,#5954);
#5057=AXIS2_PLACEMENT_3D('',#9902,#5956,#5957);
#5058=AXIS2_PLACEMENT_3D('',#9904,#5959,#5960);
#5059=AXIS2_PLACEMENT_3D('',#9913,#5965,#5966);
#5060=AXIS2_PLACEMENT_3D('',#9916,#5967,#5968);
#5061=AXIS2_PLACEMENT_3D('',#9918,#5969,#5970);
#5062=AXIS2_PLACEMENT_3D('',#9919,#5971,#5972);
#5063=AXIS2_PLACEMENT_3D('',#9920,#5973,#5974);
#5064=AXIS2_PLACEMENT_3D('',#9926,#5978,#5979);
#5065=AXIS2_PLACEMENT_3D('',#9930,#5981,#5982);
#5066=AXIS2_PLACEMENT_3D('',#9932,#5984,#5985);
#5067=AXIS2_PLACEMENT_3D('',#9939,#5989,#5990);
#5068=AXIS2_PLACEMENT_3D('',#9941,#5991,#5992);
#5069=AXIS2_PLACEMENT_3D('',#9943,#5993,#5994);
#5070=AXIS2_PLACEMENT_3D('',#9944,#5995,#5996);
#5071=AXIS2_PLACEMENT_3D('',#9945,#5997,#5998);
#5072=AXIS2_PLACEMENT_3D('',#9954,#6003,#6004);
#5073=AXIS2_PLACEMENT_3D('',#10063,#6006,#6007);
#5074=AXIS2_PLACEMENT_3D('',#10102,#6008,#6009);
#5075=AXIS2_PLACEMENT_3D('',#10103,#6010,#6011);
#5076=AXIS2_PLACEMENT_3D('',#10105,#6013,#6014);
#5077=AXIS2_PLACEMENT_3D('',#10119,#6016,#6017);
#5078=AXIS2_PLACEMENT_3D('',#10120,#6018,#6019);
#5079=AXIS2_PLACEMENT_3D('',#10122,#6020,#6021);
#5080=AXIS2_PLACEMENT_3D('',#10123,#6022,#6023);
#5081=AXIS2_PLACEMENT_3D('',#10124,#6024,#6025);
#5082=AXIS2_PLACEMENT_3D('',#10126,#6026,#6027);
#5083=AXIS2_PLACEMENT_3D('',#10128,#6029,#6030);
#5084=AXIS2_PLACEMENT_3D('',#10130,#6031,#6032);
#5085=AXIS2_PLACEMENT_3D('',#10131,#6033,#6034);
#5086=AXIS2_PLACEMENT_3D('',#10132,#6035,#6036);
#5087=AXIS2_PLACEMENT_3D('',#10145,#6038,#6039);
#5088=AXIS2_PLACEMENT_3D('',#10159,#6041,#6042);
#5089=AXIS2_PLACEMENT_3D('',#10160,#6043,#6044);
#5090=AXIS2_PLACEMENT_3D('',#10162,#6045,#6046);
#5091=AXIS2_PLACEMENT_3D('',#10163,#6047,#6048);
#5092=AXIS2_PLACEMENT_3D('',#10164,#6049,#6050);
#5093=AXIS2_PLACEMENT_3D('',#10166,#6051,#6052);
#5094=AXIS2_PLACEMENT_3D('',#10168,#6054,#6055);
#5095=AXIS2_PLACEMENT_3D('',#10170,#6056,#6057);
#5096=AXIS2_PLACEMENT_3D('',#10171,#6058,#6059);
#5097=AXIS2_PLACEMENT_3D('',#10172,#6060,#6061);
#5098=AXIS2_PLACEMENT_3D('',#10185,#6063,#6064);
#5099=AXIS2_PLACEMENT_3D('',#10187,#6065,#6066);
#5100=AXIS2_PLACEMENT_3D('',#10221,#6068,#6069);
#5101=AXIS2_PLACEMENT_3D('',#10296,#6070,#6071);
#5102=AXIS2_PLACEMENT_3D('',#10375,#6073,#6074);
#5103=AXIS2_PLACEMENT_3D('',#10445,#6075,#6076);
#5104=AXIS2_PLACEMENT_3D('',#10484,#6080,#6081);
#5105=AXIS2_PLACEMENT_3D('',#10504,#6082,#6083);
#5106=AXIS2_PLACEMENT_3D('',#10594,#6086,#6087);
#5107=AXIS2_PLACEMENT_3D('',#10609,#6088,#6089);
#5108=AXIS2_PLACEMENT_3D('',#10610,#6090,#6091);
#5109=AXIS2_PLACEMENT_3D('',#10613,#6093,#6094);
#5110=AXIS2_PLACEMENT_3D('',#10658,#6095,#6096);
#5111=AXIS2_PLACEMENT_3D('',#10659,#6097,#6098);
#5112=AXIS2_PLACEMENT_3D('',#10662,#6101,#6102);
#5113=AXIS2_PLACEMENT_3D('',#10664,#6103,#6104);
#5114=AXIS2_PLACEMENT_3D('',#10697,#6106,#6107);
#5115=AXIS2_PLACEMENT_3D('',#10735,#6108,#6109);
#5116=AXIS2_PLACEMENT_3D('',#10738,#6110,#6111);
#5117=AXIS2_PLACEMENT_3D('',#10742,#6113,#6114);
#5118=AXIS2_PLACEMENT_3D('',#10744,#6116,#6117);
#5119=AXIS2_PLACEMENT_3D('',#10749,#6120,#6121);
#5120=AXIS2_PLACEMENT_3D('',#10753,#6124,#6125);
#5121=AXIS2_PLACEMENT_3D('',#10771,#6128,#6129);
#5122=AXIS2_PLACEMENT_3D('',#10772,#6130,#6131);
#5123=AXIS2_PLACEMENT_3D('',#10773,#6132,#6133);
#5124=AXIS2_PLACEMENT_3D('',#10805,#6134,#6135);
#5125=AXIS2_PLACEMENT_3D('',#10844,#6136,#6137);
#5126=AXIS2_PLACEMENT_3D('',#10845,#6138,#6139);
#5127=AXIS2_PLACEMENT_3D('',#10847,#6141,#6142);
#5128=AXIS2_PLACEMENT_3D('',#10850,#6144,#6145);
#5129=AXIS2_PLACEMENT_3D('',#10896,#6147,#6148);
#5130=AXIS2_PLACEMENT_3D('',#10897,#6149,#6150);
#5131=AXIS2_PLACEMENT_3D('',#10900,#6152,#6153);
#5132=AXIS2_PLACEMENT_3D('',#10945,#6154,#6155);
#5133=AXIS2_PLACEMENT_3D('',#10946,#6156,#6157);
#5134=AXIS2_PLACEMENT_3D('',#10949,#6159,#6160);
#5135=AXIS2_PLACEMENT_3D('',#10963,#6161,#6162);
#5136=AXIS2_PLACEMENT_3D('',#10965,#6163,#6164);
#5137=AXIS2_PLACEMENT_3D('',#10966,#6165,#6166);
#5138=AXIS2_PLACEMENT_3D('',#10967,#6167,#6168);
#5139=AXIS2_PLACEMENT_3D('',#10991,#6171,#6172);
#5140=AXIS2_PLACEMENT_3D('',#10995,#6175,#6176);
#5141=AXIS2_PLACEMENT_3D('',#10996,#6177,#6178);
#5142=AXIS2_PLACEMENT_3D('',#10998,#6180,#6181);
#5143=AXIS2_PLACEMENT_3D('',#11001,#6184,#6185);
#5144=AXIS2_PLACEMENT_3D('',#11023,#6187,#6188);
#5145=AXIS2_PLACEMENT_3D('',#11026,#6191,#6192);
#5146=AXIS2_PLACEMENT_3D('',#11048,#6194,#6195);
#5147=AXIS2_PLACEMENT_3D('',#11052,#6198,#6199);
#5148=AXIS2_PLACEMENT_3D('',#11064,#6201,#6202);
#5149=AXIS2_PLACEMENT_3D('',#11087,#6205,#6206);
#5150=AXIS2_PLACEMENT_3D('',#11090,#6209,#6210);
#5151=AXIS2_PLACEMENT_3D('',#11112,#6212,#6213);
#5152=AXIS2_PLACEMENT_3D('',#11115,#6216,#6217);
#5153=AXIS2_PLACEMENT_3D('',#11137,#6219,#6220);
#5154=AXIS2_PLACEMENT_3D('',#11141,#6223,#6224);
#5155=AXIS2_PLACEMENT_3D('',#11143,#6225,#6226);
#5156=AXIS2_PLACEMENT_3D('',#11145,#6228,#6229);
#5157=AXIS2_PLACEMENT_3D('',#11149,#6232,#6233);
#5158=AXIS2_PLACEMENT_3D('',#11296,#6235,#6236);
#5159=AXIS2_PLACEMENT_3D('',#11297,#6237,#6238);
#5160=AXIS2_PLACEMENT_3D('',#11299,#6239,#6240);
#5161=AXIS2_PLACEMENT_3D('',#11301,#6242,#6243);
#5162=AXIS2_PLACEMENT_3D('',#11303,#6245,#6246);
#5163=AXIS2_PLACEMENT_3D('',#11306,#6248,#6249);
#5164=AXIS2_PLACEMENT_3D('',#11332,#6250,#6251);
#5165=AXIS2_PLACEMENT_3D('',#11333,#6252,#6253);
#5166=AXIS2_PLACEMENT_3D('',#11404,#6255,#6256);
#5167=AXIS2_PLACEMENT_3D('',#11526,#6257,#6258);
#5168=AXIS2_PLACEMENT_3D('',#11527,#6259,#6260);
#5169=AXIS2_PLACEMENT_3D('',#11542,#6262,#6263);
#5170=AXIS2_PLACEMENT_3D('',#11543,#6264,#6265);
#5171=AXIS2_PLACEMENT_3D('',#11544,#6266,#6267);
#5172=AXIS2_PLACEMENT_3D('',#11546,#6269,#6270);
#5173=AXIS2_PLACEMENT_3D('',#11548,#6272,#6273);
#5174=AXIS2_PLACEMENT_3D('',#11551,#6275,#6276);
#5175=AXIS2_PLACEMENT_3D('',#11564,#6277,#6278);
#5176=AXIS2_PLACEMENT_3D('',#11610,#6279,#6280);
#5177=AXIS2_PLACEMENT_3D('',#11621,#6281,#6282);
#5178=AXIS2_PLACEMENT_3D('',#11624,#6284,#6285);
#5179=AXIS2_PLACEMENT_3D('',#11788,#6286,#6287);
#5180=AXIS2_PLACEMENT_3D('',#11794,#6292,#6293);
#5181=AXIS2_PLACEMENT_3D('',#11937,#6295,#6296);
#5182=AXIS2_PLACEMENT_3D('',#11961,#6301,#6302);
#5183=AXIS2_PLACEMENT_3D('',#11962,#6303,#6304);
#5184=AXIS2_PLACEMENT_3D('',#11963,#6305,#6306);
#5185=AXIS2_PLACEMENT_3D('',#11964,#6307,#6308);
#5186=AXIS2_PLACEMENT_3D('',#11977,#6309,#6310);
#5187=AXIS2_PLACEMENT_3D('',#11996,#6311,#6312);
#5188=AXIS2_PLACEMENT_3D('',#11997,#6313,#6314);
#5189=AXIS2_PLACEMENT_3D('',#12016,#6315,#6316);
#5190=AXIS2_PLACEMENT_3D('',#12017,#6317,#6318);
#5191=AXIS2_PLACEMENT_3D('',#12018,#6319,#6320);
#5192=AXIS2_PLACEMENT_3D('',#12050,#6321,#6322);
#5193=AXIS2_PLACEMENT_3D('',#12064,#6323,#6324);
#5194=AXIS2_PLACEMENT_3D('',#12104,#6326,#6327);
#5195=AXIS2_PLACEMENT_3D('',#12105,#6328,#6329);
#5196=AXIS2_PLACEMENT_3D('',#12151,#6331,#6332);
#5197=AXIS2_PLACEMENT_3D('',#12152,#6333,#6334);
#5198=AXIS2_PLACEMENT_3D('',#12155,#6336,#6337);
#5199=AXIS2_PLACEMENT_3D('',#12169,#6338,#6339);
#5200=AXIS2_PLACEMENT_3D('',#12170,#6340,#6341);
#5201=AXIS2_PLACEMENT_3D('',#12171,#6342,#6343);
#5202=AXIS2_PLACEMENT_3D('',#12174,#6345,#6346);
#5203=AXIS2_PLACEMENT_3D('',#12207,#6347,#6348);
#5204=AXIS2_PLACEMENT_3D('',#12208,#6349,#6350);
#5205=AXIS2_PLACEMENT_3D('',#12231,#6353,#6354);
#5206=AXIS2_PLACEMENT_3D('',#12234,#6357,#6358);
#5207=AXIS2_PLACEMENT_3D('',#12237,#6361,#6362);
#5208=AXIS2_PLACEMENT_3D('',#12262,#6364,#6365);
#5209=AXIS2_PLACEMENT_3D('',#12284,#6367,#6368);
#5210=AXIS2_PLACEMENT_3D('',#12288,#6371,#6372);
#5211=AXIS2_PLACEMENT_3D('',#12292,#6375,#6376);
#5212=AXIS2_PLACEMENT_3D('',#12293,#6377,#6378);
#5213=AXIS2_PLACEMENT_3D('',#12307,#6379,#6380);
#5214=AXIS2_PLACEMENT_3D('',#12320,#6382,#6383);
#5215=AXIS2_PLACEMENT_3D('',#12323,#6386,#6387);
#5216=AXIS2_PLACEMENT_3D('',#12324,#6388,#6389);
#5217=AXIS2_PLACEMENT_3D('',#12325,#6390,#6391);
#5218=AXIS2_PLACEMENT_3D('',#12327,#6392,#6393);
#5219=AXIS2_PLACEMENT_3D('',#12329,#6395,#6396);
#5220=AXIS2_PLACEMENT_3D('',#12344,#6398,#6399);
#5221=AXIS2_PLACEMENT_3D('',#12345,#6400,#6401);
#5222=AXIS2_PLACEMENT_3D('',#12346,#6402,#6403);
#5223=AXIS2_PLACEMENT_3D('',#12350,#6406,#6407);
#5224=AXIS2_PLACEMENT_3D('',#12352,#6409,#6410);
#5225=AXIS2_PLACEMENT_3D('',#12396,#6411,#6412);
#5226=AXIS2_PLACEMENT_3D('',#12397,#6413,#6414);
#5227=AXIS2_PLACEMENT_3D('',#12398,#6415,#6416);
#5228=AXIS2_PLACEMENT_3D('',#12417,#6417,#6418);
#5229=AXIS2_PLACEMENT_3D('',#12442,#6419,#6420);
#5230=AXIS2_PLACEMENT_3D('',#12443,#6421,#6422);
#5231=AXIS2_PLACEMENT_3D('',#12474,#6423,#6424);
#5232=AXIS2_PLACEMENT_3D('',#12475,#6425,#6426);
#5233=AXIS2_PLACEMENT_3D('',#12476,#6427,#6428);
#5234=AXIS2_PLACEMENT_3D('',#12495,#6429,#6430);
#5235=AXIS2_PLACEMENT_3D('',#12496,#6431,#6432);
#5236=AXIS2_PLACEMENT_3D('',#12539,#6433,#6434);
#5237=AXIS2_PLACEMENT_3D('',#12540,#6435,#6436);
#5238=AXIS2_PLACEMENT_3D('',#12571,#6437,#6438);
#5239=AXIS2_PLACEMENT_3D('',#12572,#6439,#6440);
#5240=AXIS2_PLACEMENT_3D('',#12577,#6443,#6444);
#5241=AXIS2_PLACEMENT_3D('',#12578,#6445,#6446);
#5242=AXIS2_PLACEMENT_3D('',#12580,#6448,#6449);
#5243=AXIS2_PLACEMENT_3D('',#12582,#6451,#6452);
#5244=AXIS2_PLACEMENT_3D('',#12583,#6453,#6454);
#5245=AXIS2_PLACEMENT_3D('',#12586,#6457,#6458);
#5246=AXIS2_PLACEMENT_3D('',#12587,#6459,#6460);
#5247=AXIS2_PLACEMENT_3D('',#12588,#6461,#6462);
#5248=AXIS2_PLACEMENT_3D('',#12589,#6463,#6464);
#5249=DIRECTION('axis',(0.,0.,1.));
#5250=DIRECTION('refdir',(1.,0.,0.));
#5251=DIRECTION('center_axis',(0.,0.,1.));
#5252=DIRECTION('ref_axis',(1.,0.,0.));
#5253=DIRECTION('center_axis',(0.,0.,1.));
#5254=DIRECTION('ref_axis',(1.,0.,0.));
#5255=DIRECTION('',(0.,0.,1.));
#5256=DIRECTION('center_axis',(0.,0.,1.));
#5257=DIRECTION('ref_axis',(1.,0.,0.));
#5258=DIRECTION('center_axis',(0.,0.,1.));
#5259=DIRECTION('ref_axis',(1.,0.,0.));
#5260=DIRECTION('center_axis',(0.,0.,1.));
#5261=DIRECTION('ref_axis',(1.,0.,0.));
#5262=DIRECTION('',(0.,0.,1.));
#5263=DIRECTION('center_axis',(0.,0.,1.));
#5264=DIRECTION('ref_axis',(1.,0.,0.));
#5265=DIRECTION('center_axis',(0.,0.,1.));
#5266=DIRECTION('ref_axis',(1.,0.,0.));
#5267=DIRECTION('center_axis',(0.,0.,1.));
#5268=DIRECTION('ref_axis',(1.,0.,0.));
#5269=DIRECTION('',(0.,0.,1.));
#5270=DIRECTION('center_axis',(0.,0.,1.));
#5271=DIRECTION('ref_axis',(1.,0.,0.));
#5272=DIRECTION('center_axis',(0.,0.,1.));
#5273=DIRECTION('ref_axis',(1.,0.,0.));
#5274=DIRECTION('center_axis',(0.,0.,1.));
#5275=DIRECTION('ref_axis',(1.,0.,0.));
#5276=DIRECTION('',(0.,0.,1.));
#5277=DIRECTION('center_axis',(0.,0.,1.));
#5278=DIRECTION('ref_axis',(1.,0.,0.));
#5279=DIRECTION('center_axis',(0.813901125966447,0.581003405455208,0.));
#5280=DIRECTION('ref_axis',(-0.581003405455208,0.813901125966447,0.));
#5281=DIRECTION('center_axis',(1.,-3.64927061686597E-15,0.));
#5282=DIRECTION('ref_axis',(3.64927061686597E-15,1.,0.));
#5283=DIRECTION('center_axis',(-0.0260566142713183,-0.0334658284356703,
0.99910014071655));
#5284=DIRECTION('ref_axis',(0.739976281526619,-0.672625199942554,-0.00323159098226812));
#5285=DIRECTION('center_axis',(0.813901125966447,-0.581003405455208,0.));
#5286=DIRECTION('ref_axis',(0.581003405455208,0.813901125966447,0.));
#5287=DIRECTION('center_axis',(0.,1.,0.));
#5288=DIRECTION('ref_axis',(0.,0.,1.));
#5289=DIRECTION('center_axis',(-1.54773206422654E-9,-2.12686330419921E-10,
-1.));
#5290=DIRECTION('ref_axis',(-0.117310759031322,0.993095255157075,-2.96521623452633E-11));
#5291=DIRECTION('center_axis',(-0.707106781186548,0.707106781186548,0.));
#5292=DIRECTION('ref_axis',(-0.707106781186548,-0.707106781186548,0.));
#5293=DIRECTION('center_axis',(0.,1.,0.));
#5294=DIRECTION('ref_axis',(0.,0.,1.));
#5295=DIRECTION('center_axis',(-0.707106781186548,-0.707106781186548,0.));
#5296=DIRECTION('ref_axis',(0.707106781186547,-0.707106781186547,0.));
#5297=DIRECTION('center_axis',(1.,0.,0.));
#5298=DIRECTION('ref_axis',(0.,0.,-1.));
#5299=DIRECTION('center_axis',(-0.514342017637468,-0.857585149645572,0.));
#5300=DIRECTION('ref_axis',(0.857585149645572,-0.514342017637468,0.));
#5301=DIRECTION('center_axis',(1.,0.,0.));
#5302=DIRECTION('ref_axis',(0.,0.,-1.));
#5303=DIRECTION('center_axis',(0.0381304450890128,0.0163250174923998,-0.99913941117403));
#5304=DIRECTION('ref_axis',(-0.200939895046943,0.979568097577675,0.00833671317587732));
#5305=DIRECTION('center_axis',(0.393581125798799,-0.919289887584406,0.));
#5306=DIRECTION('ref_axis',(0.919289887584406,0.393581125798799,0.));
#5307=DIRECTION('center_axis',(0.,1.,0.));
#5308=DIRECTION('ref_axis',(0.,0.,1.));
#5309=DIRECTION('center_axis',(-0.514342017637468,0.857585149645572,0.));
#5310=DIRECTION('ref_axis',(-0.857585149645572,-0.514342017637468,0.));
#5311=DIRECTION('center_axis',(0.0130527832817457,0.00782848780869655,0.999884163104521));
#5312=DIRECTION('ref_axis',(0.857485809763403,0.514282437656226,-0.0152203933185424));
#5313=DIRECTION('center_axis',(0.,1.,0.));
#5314=DIRECTION('ref_axis',(0.,0.,1.));
#5315=DIRECTION('center_axis',(0.613629141697574,-0.789594374637699,0.));
#5316=DIRECTION('ref_axis',(0.789594374637699,0.613629141697574,0.));
#5317=DIRECTION('center_axis',(0.,1.,0.));
#5318=DIRECTION('ref_axis',(0.,0.,1.));
#5319=DIRECTION('center_axis',(-0.613629141697574,-0.789594374637699,0.));
#5320=DIRECTION('ref_axis',(0.789594374637699,-0.613629141697574,0.));
#5321=DIRECTION('center_axis',(1.,0.,0.));
#5322=DIRECTION('ref_axis',(0.,0.,-1.));
#5323=DIRECTION('center_axis',(-0.027200565996929,0.0381040301780983,-0.99890350489606));
#5324=DIRECTION('ref_axis',(0.952286691000309,0.304869678388366,-0.0143016552558199));
#5325=DIRECTION('center_axis',(0.813901125966447,0.581003405455208,0.));
#5326=DIRECTION('ref_axis',(-0.581003405455208,0.813901125966447,0.));
#5327=DIRECTION('center_axis',(-3.59768634476674E-24,1.12379066024535E-23,
1.));
#5328=DIRECTION('ref_axis',(0.954607100222498,0.297867897237675,8.69653200616469E-26));
#5329=DIRECTION('center_axis',(1.,0.,0.));
#5330=DIRECTION('ref_axis',(0.,0.,-1.));
#5331=DIRECTION('center_axis',(0.87445063834843,-0.485114503073267,0.));
#5332=DIRECTION('ref_axis',(0.485114503073267,0.87445063834843,0.));
#5333=DIRECTION('center_axis',(0.,1.,0.));
#5334=DIRECTION('ref_axis',(0.,0.,1.));
#5335=DIRECTION('center_axis',(-0.707106781186547,0.707106781186548,0.));
#5336=DIRECTION('ref_axis',(-0.707106781186548,-0.707106781186547,0.));
#5337=DIRECTION('center_axis',(0.,1.,0.));
#5338=DIRECTION('ref_axis',(0.,0.,1.));
#5339=DIRECTION('center_axis',(0.707106781186548,0.707106781186547,0.));
#5340=DIRECTION('ref_axis',(-0.707106781186547,0.707106781186548,0.));
#5341=DIRECTION('center_axis',(1.,0.,0.));
#5342=DIRECTION('ref_axis',(0.,0.,-1.));
#5343=DIRECTION('center_axis',(0.0159819759353073,-0.0489972809531311,-0.998671038382712));
#5344=DIRECTION('ref_axis',(0.987546569081957,0.157118552870856,0.00809532199631314));
#5345=DIRECTION('center_axis',(-0.950703518797816,-0.310101304972183,0.));
#5346=DIRECTION('ref_axis',(0.310101304972183,-0.950703518797816,0.));
#5347=DIRECTION('center_axis',(-5.98438572531668E-16,-9.57660242800211E-17,
1.));
#5348=DIRECTION('ref_axis',(-0.309814143288915,0.950797137468427,-9.43506719077642E-17));
#5349=DIRECTION('center_axis',(1.,0.,0.));
#5350=DIRECTION('ref_axis',(0.,0.,-1.));
#5351=DIRECTION('center_axis',(0.,0.,-1.));
#5352=DIRECTION('ref_axis',(0.26414765253873,0.964482253677214,0.));
#5353=DIRECTION('center_axis',(-0.514342017637468,-0.857585149645572,0.));
#5354=DIRECTION('ref_axis',(0.857585149645572,-0.514342017637468,0.));
#5355=DIRECTION('center_axis',(0.0350527337797474,-0.0209679054726069,0.999165478183998));
#5356=DIRECTION('ref_axis',(-0.999385047633572,0.000177297112650918,0.0350641573715453));
#5357=DIRECTION('center_axis',(0.,-1.,0.));
#5358=DIRECTION('ref_axis',(0.,0.,1.));
#5359=DIRECTION('center_axis',(0.,0.,-1.));
#5360=DIRECTION('ref_axis',(0.857585149800796,0.514342017378657,0.));
#5361=DIRECTION('center_axis',(-0.514342017637468,0.857585149645572,0.));
#5362=DIRECTION('ref_axis',(-0.857585149645572,-0.514342017637468,0.));
#5363=DIRECTION('center_axis',(1.,0.,0.));
#5364=DIRECTION('ref_axis',(0.,0.,-1.));
#5365=DIRECTION('center_axis',(0.707106781186548,-0.707106781186548,0.));
#5366=DIRECTION('ref_axis',(0.707106781186548,0.707106781186548,0.));
#5367=DIRECTION('center_axis',(0.,-1.,0.));
#5368=DIRECTION('ref_axis',(0.,0.,-1.));
#5369=DIRECTION('center_axis',(0.707106781186548,-0.707106781186548,0.));
#5370=DIRECTION('ref_axis',(0.707106781186547,0.707106781186547,0.));
#5371=DIRECTION('center_axis',(1.,0.,0.));
#5372=DIRECTION('ref_axis',(0.,0.,1.));
#5373=DIRECTION('center_axis',(0.707106781186548,0.707106781186548,0.));
#5374=DIRECTION('ref_axis',(-0.707106781186547,0.707106781186547,0.));
#5375=DIRECTION('center_axis',(0.,1.,0.));
#5376=DIRECTION('ref_axis',(0.,0.,-1.));
#5377=DIRECTION('center_axis',(0.707106781186548,0.707106781186548,0.));
#5378=DIRECTION('ref_axis',(-0.707106781186548,0.707106781186548,0.));
#5379=DIRECTION('center_axis',(1.,0.,0.));
#5380=DIRECTION('ref_axis',(0.,0.,-1.));
#5381=DIRECTION('center_axis',(0.,0.,1.));
#5382=DIRECTION('ref_axis',(0.707106781186547,-0.707106781186547,0.));
#5383=DIRECTION('',(0.,0.,1.));
#5384=DIRECTION('',(0.,0.,1.));
#5385=DIRECTION('center_axis',(-5.31391473889492E-16,-2.19869770798238E-16,
1.));
#5386=DIRECTION('ref_axis',(-0.707106781186547,-0.707106781186547,-5.3122192056134E-16));
#5387=DIRECTION('',(0.,0.,1.));
#5388=DIRECTION('',(0.,0.,1.));
#5389=DIRECTION('center_axis',(0.,0.,1.));
#5390=DIRECTION('ref_axis',(1.,0.,0.));
#5391=DIRECTION('center_axis',(0.,0.,1.));
#5392=DIRECTION('ref_axis',(-1.,0.,0.));
#5393=DIRECTION('',(0.,0.,1.));
#5394=DIRECTION('center_axis',(0.,0.,-1.));
#5395=DIRECTION('ref_axis',(-1.,0.,0.));
#5396=DIRECTION('',(0.,0.,1.));
#5397=DIRECTION('center_axis',(0.707106781186548,-0.707106781186548,0.));
#5398=DIRECTION('ref_axis',(0.707106781186548,0.707106781186548,0.));
#5399=DIRECTION('center_axis',(1.,-1.84241316481059E-16,0.));
#5400=DIRECTION('ref_axis',(1.84241316481059E-16,1.,0.));
#5401=DIRECTION('center_axis',(0.707106781186548,0.707106781186548,0.));
#5402=DIRECTION('ref_axis',(-0.707106781186548,0.707106781186548,0.));
#5403=DIRECTION('center_axis',(-6.44844607683707E-16,1.,0.));
#5404=DIRECTION('ref_axis',(-1.,-6.44844607683707E-16,0.));
#5405=DIRECTION('center_axis',(0.,0.,-1.));
#5406=DIRECTION('ref_axis',(-0.264147652537331,0.964482253677597,0.));
#5407=DIRECTION('center_axis',(-0.514342017637468,0.857585149645572,0.));
#5408=DIRECTION('ref_axis',(-0.857585149645572,-0.514342017637468,0.));
#5409=DIRECTION('center_axis',(-0.0322016288994416,-0.0192395440780252,
0.999296199852623));
#5410=DIRECTION('ref_axis',(0.856983338629575,0.513977097069036,0.0375113449478117));
#5411=DIRECTION('center_axis',(0.,-1.,0.));
#5412=DIRECTION('ref_axis',(0.,0.,-1.));
#5413=DIRECTION('center_axis',(-0.514342017637468,-0.857585149645572,0.));
#5414=DIRECTION('ref_axis',(0.857585149645572,-0.514342017637468,0.));
#5415=DIRECTION('center_axis',(-1.,2.5586715551663E-16,0.));
#5416=DIRECTION('ref_axis',(-2.5586715551663E-16,-1.,0.));
#5417=DIRECTION('center_axis',(0.707106781186548,0.707106781186548,0.));
#5418=DIRECTION('ref_axis',(-0.707106781186548,0.707106781186548,0.));
#5419=DIRECTION('center_axis',(1.,-8.52116088724899E-17,0.));
#5420=DIRECTION('ref_axis',(8.52116088724899E-17,1.,0.));
#5421=DIRECTION('center_axis',(0.707106781186548,-0.707106781186548,0.));
#5422=DIRECTION('ref_axis',(0.707106781186548,0.707106781186548,0.));
#5423=DIRECTION('center_axis',(1.44859735083233E-15,-1.,0.));
#5424=DIRECTION('ref_axis',(1.,1.44859735083233E-15,0.));
#5425=DIRECTION('center_axis',(0.,0.,1.));
#5426=DIRECTION('ref_axis',(-0.882462614279516,0.470382540491207,0.));
#5427=DIRECTION('center_axis',(0.,0.,1.));
#5428=DIRECTION('ref_axis',(1.,0.,0.));
#5429=DIRECTION('',(0.,0.,1.));
#5430=DIRECTION('center_axis',(0.,0.,-1.));
#5431=DIRECTION('ref_axis',(-1.,0.,0.));
#5432=DIRECTION('',(0.,0.,1.));
#5433=DIRECTION('center_axis',(0.,0.,-1.));
#5434=DIRECTION('ref_axis',(-1.,0.,0.));
#5435=DIRECTION('',(0.810921626534281,0.585154779198629,0.));
#5436=DIRECTION('center_axis',(0.,0.,-1.));
#5437=DIRECTION('ref_axis',(-1.,0.,0.));
#5438=DIRECTION('',(1.,0.,0.));
#5439=DIRECTION('center_axis',(0.,0.,-1.));
#5440=DIRECTION('ref_axis',(-1.,0.,0.));
#5441=DIRECTION('',(0.807674361309098,-0.589628803641698,0.));
#5442=DIRECTION('',(1.,1.21647175290393E-16,0.));
#5443=DIRECTION('center_axis',(0.,0.,1.));
#5444=DIRECTION('ref_axis',(1.,0.,0.));
#5445=DIRECTION('',(0.830190012786621,0.557480531202076,0.));
#5446=DIRECTION('',(-1.,-1.06083715961716E-16,0.));
#5447=DIRECTION('center_axis',(0.,0.,-1.));
#5448=DIRECTION('ref_axis',(1.,0.,0.));
#5449=DIRECTION('',(0.,-1.,0.));
#5450=DIRECTION('center_axis',(5.31391473889496E-16,-2.19869770798239E-16,
1.));
#5451=DIRECTION('ref_axis',(0.707106781186548,-0.707106781186548,-5.31221920561343E-16));
#5452=DIRECTION('',(-1.,-2.10177759439891E-16,0.));
#5453=DIRECTION('center_axis',(-2.19869770798242E-16,-5.31391473889502E-16,
1.));
#5454=DIRECTION('ref_axis',(-0.707106781186547,-0.707106781186547,-5.3122192056135E-16));
#5455=DIRECTION('',(2.34877034995146E-15,1.,0.));
#5456=DIRECTION('center_axis',(0.,0.,-1.));
#5457=DIRECTION('ref_axis',(1.,0.,0.));
#5458=DIRECTION('',(-1.,-5.60326985574634E-16,0.));
#5459=DIRECTION('',(-0.830190012786621,0.557480531202076,0.));
#5460=DIRECTION('center_axis',(0.,0.,1.));
#5461=DIRECTION('ref_axis',(1.,0.,0.));
#5462=DIRECTION('',(1.,1.21647175290393E-16,0.));
#5463=DIRECTION('',(0.,1.,0.));
#5464=DIRECTION('center_axis',(0.,0.,-1.));
#5465=DIRECTION('ref_axis',(0.789594374638561,0.613629141696464,0.));
#5466=DIRECTION('',(-1.,3.2139388160756E-17,0.));
#5467=DIRECTION('center_axis',(0.,0.,1.));
#5468=DIRECTION('ref_axis',(-0.630603541332795,-0.776105130545171,0.));
#5469=DIRECTION('',(0.807674361309098,-0.589628803641699,0.));
#5470=DIRECTION('center_axis',(0.,0.,1.));
#5471=DIRECTION('ref_axis',(-0.554248757356293,-0.832351076751274,0.));
#5472=DIRECTION('',(0.,-1.,0.));
#5473=DIRECTION('center_axis',(1.21629729536565E-15,4.131487112332E-15,
-1.));
#5474=DIRECTION('ref_axis',(0.581003405458114,0.813901125964373,4.06929488329125E-15));
#5475=DIRECTION('',(1.,0.,0.));
#5476=DIRECTION('center_axis',(-1.07546663074051E-15,3.99078520824907E-15,
-1.));
#5477=DIRECTION('ref_axis',(-0.581003405461046,0.81390112596228,3.87295434938748E-15));
#5478=DIRECTION('',(0.,1.,0.));
#5479=DIRECTION('center_axis',(0.,0.,1.));
#5480=DIRECTION('ref_axis',(0.554248757278904,-0.832351076802806,0.));
#5481=DIRECTION('',(0.807674361309098,0.589628803641699,-4.36882234969952E-18));
#5482=DIRECTION('center_axis',(0.,0.,1.));
#5483=DIRECTION('ref_axis',(0.310101304972174,-0.950703518797819,0.));
#5484=DIRECTION('',(-1.,5.46369598732853E-16,0.));
#5485=DIRECTION('center_axis',(1.26792673834794E-15,-1.26792673834794E-15,
-1.));
#5486=DIRECTION('ref_axis',(-0.707106781186548,0.707106781186548,-1.79311918946714E-15));
#5487=DIRECTION('',(-6.72454890748126E-16,-1.,0.));
#5488=DIRECTION('center_axis',(0.,0.,-1.));
#5489=DIRECTION('ref_axis',(0.707106781186547,0.707106781186547,0.));
#5490=DIRECTION('',(1.,-5.14230210572097E-16,-7.76058746101342E-33));
#5491=DIRECTION('center_axis',(-1.10519591494174E-15,-4.09766504574046E-15,
1.));
#5492=DIRECTION('ref_axis',(-0.485114503067476,-0.874450638351643,-4.11935238206813E-15));
#5493=DIRECTION('',(0.,1.,0.));
#5494=DIRECTION('center_axis',(-1.07495419384602E-15,-3.99191212367911E-15,
-1.));
#5495=DIRECTION('ref_axis',(0.857585149644379,0.514342017639458,-2.97507288912282E-15));
#5496=DIRECTION('',(-1.,0.,0.));
#5497=DIRECTION('center_axis',(-1.10355256927464E-15,-4.10280632579266E-15,
1.));
#5498=DIRECTION('ref_axis',(0.919289887586008,0.393581125795057,2.62927184997829E-15));
#5499=DIRECTION('',(0.,1.,0.));
#5500=DIRECTION('center_axis',(2.81616907830119E-16,2.81616907830118E-16,
-1.));
#5501=DIRECTION('ref_axis',(0.707106781186548,0.707106781186548,3.98266450446927E-16));
#5502=DIRECTION('',(-1.,0.,0.));
#5503=DIRECTION('center_axis',(-5.20991279485719E-15,5.2099127948572E-15,
-1.));
#5504=DIRECTION('ref_axis',(-0.707106781186548,0.707106781186548,7.36792933326817E-15));
#5505=DIRECTION('',(0.,-1.,0.));
#5506=DIRECTION('center_axis',(9.59105065880356E-16,-3.95813848626755E-15,
1.));
#5507=DIRECTION('ref_axis',(0.919289887576892,-0.39358112581635,-2.43954418974978E-15));
#5508=DIRECTION('',(-1.,0.,0.));
#5509=DIRECTION('center_axis',(3.98947980296166E-15,-1.07560957587202E-15,
-1.));
#5510=DIRECTION('ref_axis',(0.857585149644747,-0.514342017638843,3.97454983327325E-15));
#5511=DIRECTION('',(0.,-1.,0.));
#5512=DIRECTION('center_axis',(-1.30220135098583E-15,1.30101075693114E-15,
1.));
#5513=DIRECTION('ref_axis',(0.581003405440544,-0.813901125976916,1.81547753946638E-15));
#5514=DIRECTION('',(1.,0.,0.));
#5515=DIRECTION('center_axis',(1.40743307107518E-16,-1.40915186962328E-16,
-1.));
#5516=DIRECTION('ref_axis',(0.78959437464486,-0.613629141688359,1.97599788787558E-16));
#5517=DIRECTION('center_axis',(0.,0.,-1.));
#5518=DIRECTION('ref_axis',(-1.,0.,0.));
#5519=DIRECTION('',(-0.810921626534281,-0.585154779198629,0.));
#5520=DIRECTION('',(1.,1.21647175290393E-16,0.));
#5521=DIRECTION('center_axis',(0.,0.,1.));
#5522=DIRECTION('ref_axis',(1.,0.,0.));
#5523=DIRECTION('',(-0.830190012786621,0.557480531202076,0.));
#5524=DIRECTION('',(1.,5.60326985574634E-16,0.));
#5525=DIRECTION('',(0.,-1.,0.));
#5526=DIRECTION('center_axis',(1.4847943230797E-17,2.70725710018807E-17,
1.));
#5527=DIRECTION('ref_axis',(0.97011301747334,-0.242653525275796,-7.83492821901569E-18));
#5528=DIRECTION('',(1.,-5.14230210572097E-16,0.));
#5529=DIRECTION('',(-6.72454890748127E-16,-1.,0.));
#5530=DIRECTION('',(-1.,5.46369598732853E-16,0.));
#5531=DIRECTION('center_axis',(-1.14523900383279E-17,1.57283552097011E-17,
1.));
#5532=DIRECTION('ref_axis',(-0.589426869754959,0.807821740986754,-1.94560536998635E-17));
#5533=DIRECTION('',(-0.807674361309098,-0.589628803641699,0.));
#5534=DIRECTION('',(0.,-1.,0.));
#5535=DIRECTION('center_axis',(1.51312087209931E-9,-2.12184269276385E-10,
-1.));
#5536=DIRECTION('ref_axis',(0.11728514508736,0.993098280504924,-3.32532319496915E-11));
#5537=DIRECTION('center_axis',(0.999048221581858,0.,0.0436193873653361));
#5538=DIRECTION('ref_axis',(0.0436193873653361,0.,-0.999048221581858));
#5539=DIRECTION('',(0.,1.,0.));
#5540=DIRECTION('',(-0.0434851780098654,0.0783848790925116,0.99597432196975));
#5541=DIRECTION('',(0.,1.,0.));
#5542=DIRECTION('',(-0.043526101169361,0.0653659510997995,0.996911616420339));
#5543=DIRECTION('',(0.0435381827808661,-0.0609906510962986,-0.997188330817699));
#5544=DIRECTION('center_axis',(0.999048221581875,8.09621443383228E-14,0.0436193873649435));
#5545=DIRECTION('ref_axis',(0.0101090163854593,-0.972774158790542,-0.231534541218091));
#5546=DIRECTION('',(0.,-1.,0.));
#5547=DIRECTION('',(-0.0436044685155621,-0.0261520507014057,0.998706523744381));
#5548=DIRECTION('',(0.0434851780098654,0.0783848790925116,-0.99597432196975));
#5549=DIRECTION('center_axis',(-5.44685323601595E-16,-0.996917333733128,
0.0784590957278451));
#5550=DIRECTION('ref_axis',(0.,-0.0784590957278451,-0.996917333733128));
#5551=DIRECTION('',(-1.,5.43006240528468E-16,-4.27355179460098E-17));
#5552=DIRECTION('',(-0.0782187145535003,0.0782187145535004,0.993863001317182));
#5553=DIRECTION('',(0.0255834799514388,-0.0784334152192877,-0.996591031933668));
#5554=DIRECTION('',(1.,-5.43006240528468E-16,4.27355179460098E-17));
#5555=DIRECTION('',(0.0434851780098654,-0.0783848790925116,-0.99597432196975));
#5556=DIRECTION('center_axis',(-0.999048221581858,0.,0.0436193873653361));
#5557=DIRECTION('ref_axis',(0.0436193873653361,0.,0.999048221581858));
#5558=DIRECTION('',(-0.0436044685155621,0.0261520507014057,-0.998706523744381));
#5559=DIRECTION('',(0.,1.,0.));
#5560=DIRECTION('center_axis',(-0.999048221581861,1.25079217047739E-14,
0.0436193873652627));
#5561=DIRECTION('ref_axis',(-0.0101090163851037,-0.972774158792525,-0.231534541209775));
#5562=DIRECTION('',(0.0435381827808661,0.0609906510962986,0.997188330817699));
#5563=DIRECTION('',(-0.043526101169361,-0.0653659510997995,-0.996911616420339));
#5564=DIRECTION('',(0.,-1.,0.));
#5565=DIRECTION('',(-0.0435381827808661,-0.0609906510962986,-0.997188330817699));
#5566=DIRECTION('',(0.,-1.,0.));
#5567=DIRECTION('',(0.0435381827808661,-0.0609906510962986,0.997188330817699));
#5568=DIRECTION('center_axis',(-3.20794417232384E-17,-0.998134798421867,
0.061048539534857));
#5569=DIRECTION('ref_axis',(0.,-0.061048539534857,-0.998134798421867));
#5570=DIRECTION('',(1.,-3.20196070979106E-17,1.95840306629726E-18));
#5571=DIRECTION('',(0.0495424518764474,0.0609735730737055,0.996909107616485));
#5572=DIRECTION('',(-0.0783136520518906,-0.0608610454118979,-0.995069296608868));
#5573=DIRECTION('',(-1.,3.20196070979106E-17,-1.95840306629726E-18));
#5574=DIRECTION('',(0.0435381827808661,0.0609906510962986,0.997188330817699));
#5575=DIRECTION('center_axis',(0.,0.999657324975557,0.0261769483078732));
#5576=DIRECTION('ref_axis',(0.,-0.0261769483078732,0.999657324975557));
#5577=DIRECTION('',(0.0436044685155621,0.0261520507014057,-0.998706523744381));
#5578=DIRECTION('',(1.,0.,0.));
#5579=DIRECTION('',(-0.0610276976517026,-0.0261281563857739,0.997794036644443));
#5580=DIRECTION('center_axis',(0.,0.999657324975557,0.0261769483078732));
#5581=DIRECTION('ref_axis',(0.,-0.0261769483078732,0.999657324975557));
#5582=DIRECTION('',(1.,0.,0.));
#5583=DIRECTION('',(0.0436044685155621,-0.0261520507014057,0.998706523744381));
#5584=DIRECTION('',(-0.0610276976517026,0.0261281563857739,-0.997794036644443));
#5585=DIRECTION('center_axis',(0.,0.,-1.));
#5586=DIRECTION('ref_axis',(-1.,0.,0.));
#5587=DIRECTION('',(-1.,0.,0.));
#5588=DIRECTION('',(0.,-1.,0.));
#5589=DIRECTION('',(-1.,0.,0.));
#5590=DIRECTION('',(0.,1.,0.));
#5591=DIRECTION('',(1.,0.,0.));
#5592=DIRECTION('',(0.,-1.,0.));
#5593=DIRECTION('center_axis',(1.86843196703608E-13,-5.17250095253346E-14,
-1.));
#5594=DIRECTION('ref_axis',(0.264147652537381,0.964482253677584,-5.33661956650968E-16));
#5595=DIRECTION('',(-1.,0.,0.));
#5596=DIRECTION('',(0.,1.,0.));
#5597=DIRECTION('center_axis',(0.,-0.998134798421867,0.061048539534857));
#5598=DIRECTION('ref_axis',(0.,-0.061048539534857,-0.998134798421867));
#5599=DIRECTION('',(-0.0435381827808661,-0.0609906510962986,-0.997188330817699));
#5600=DIRECTION('',(-1.,0.,0.));
#5601=DIRECTION('',(-0.0435381827808661,0.0609906510962986,0.997188330817699));
#5602=DIRECTION('center_axis',(0.998134798421867,0.,0.061048539534857));
#5603=DIRECTION('ref_axis',(0.061048539534857,0.,-0.998134798421867));
#5604=DIRECTION('',(0.,1.,0.));
#5605=DIRECTION('',(0.0609350948971757,-0.0609350948971757,-0.99627999499124));
#5606=DIRECTION('',(0.,-1.,0.));
#5607=DIRECTION('center_axis',(0.998134798421871,-8.33072309390681E-15,
0.0610485395347977));
#5608=DIRECTION('ref_axis',(-0.0142744220528705,-0.972279694915372,0.233384737569377));
#5609=DIRECTION('',(-0.0609350948971757,-0.0609350948971757,0.99627999499124));
#5610=DIRECTION('',(0.0610276976517026,0.0261281563857739,-0.997794036644443));
#5611=DIRECTION('center_axis',(-0.998134798421867,0.,0.061048539534857));
#5612=DIRECTION('ref_axis',(0.061048539534857,0.,0.998134798421867));
#5613=DIRECTION('',(-0.0609350948971757,0.0609350948971757,-0.99627999499124));
#5614=DIRECTION('center_axis',(-0.998134798421862,1.61442570750128E-14,
0.0610485395349336));
#5615=DIRECTION('ref_axis',(0.0142744220531005,-0.972279694914498,0.233384737573005));
#5616=DIRECTION('',(0.,1.,0.));
#5617=DIRECTION('',(0.0609350948971757,0.0609350948971757,0.99627999499124));
#5618=DIRECTION('',(0.,-1.,0.));
#5619=DIRECTION('',(0.0610276976517026,-0.0261281563857739,0.997794036644443));
#5620=DIRECTION('center_axis',(0.,-0.998134798421867,0.061048539534857));
#5621=DIRECTION('ref_axis',(0.,-0.061048539534857,-0.998134798421867));
#5622=DIRECTION('',(-0.0609350948971757,-0.0609350948971757,-0.99627999499124));
#5623=DIRECTION('',(-1.,0.,0.));
#5624=DIRECTION('',(-0.0609350948971757,0.0609350948971757,0.99627999499124));
#5625=DIRECTION('',(1.,0.,0.));
#5626=DIRECTION('center_axis',(0.,0.998134798421867,0.061048539534857));
#5627=DIRECTION('ref_axis',(0.,-0.061048539534857,0.998134798421867));
#5628=DIRECTION('',(1.,0.,0.));
#5629=DIRECTION('',(0.0609350948971757,-0.0609350948971757,0.99627999499124));
#5630=DIRECTION('',(0.0609350948971757,0.0609350948971757,-0.99627999499124));
#5631=DIRECTION('center_axis',(0.,0.,-1.));
#5632=DIRECTION('ref_axis',(-1.,0.,0.));
#5633=DIRECTION('',(0.,-1.,0.));
#5634=DIRECTION('',(-1.,0.,0.));
#5635=DIRECTION('',(0.,1.,0.));
#5636=DIRECTION('',(1.,0.,0.));
#5637=DIRECTION('center_axis',(0.,0.998134798421867,0.061048539534857));
#5638=DIRECTION('ref_axis',(0.,-0.061048539534857,0.998134798421867));
#5639=DIRECTION('',(1.,0.,0.));
#5640=DIRECTION('',(0.0783136520518906,-0.0608610454118979,0.995069296608868));
#5641=DIRECTION('',(-0.0435381827808661,0.0609906510962986,-0.997188330817699));
#5642=DIRECTION('center_axis',(-0.996917333733128,0.,0.0784590957278451));
#5643=DIRECTION('ref_axis',(0.0784590957278451,0.,0.996917333733128));
#5644=DIRECTION('',(0.,1.,0.));
#5645=DIRECTION('',(0.0783136520518906,0.0608610454118979,0.995069296608868));
#5646=DIRECTION('',(-0.0783136520518906,0.0608610454118979,-0.995069296608868));
#5647=DIRECTION('center_axis',(0.,0.,-1.));
#5648=DIRECTION('ref_axis',(-1.,0.,0.));
#5649=DIRECTION('',(1.,0.,0.));
#5650=DIRECTION('',(0.,-1.,0.));
#5651=DIRECTION('',(-1.,0.,0.));
#5652=DIRECTION('',(0.,1.,0.));
#5653=DIRECTION('center_axis',(5.1264501044856E-16,0.996917333733128,0.0784590957278451));
#5654=DIRECTION('ref_axis',(6.16297582203915E-33,-0.0784590957278451,0.996917333733128));
#5655=DIRECTION('',(0.0782187145535004,0.0782187145535003,-0.993863001317182));
#5656=DIRECTION('',(1.,-5.1106469696797E-16,-4.02216639491857E-17));
#5657=DIRECTION('',(-0.0434851780098654,-0.0783848790925116,0.99597432196975));
#5658=DIRECTION('center_axis',(0.996917333733128,-6.70381936740424E-16,
0.0784590957278451));
#5659=DIRECTION('ref_axis',(0.0784590957278451,0.,-0.996917333733128));
#5660=DIRECTION('',(-6.68315372958114E-16,-1.,-5.25975605489351E-17));
#5661=DIRECTION('',(-0.0782187145535004,-0.0782187145535003,0.993863001317182));
#5662=DIRECTION('',(0.0782187145535003,-0.0782187145535004,-0.993863001317182));
#5663=DIRECTION('center_axis',(0.,0.,-1.));
#5664=DIRECTION('ref_axis',(-1.,0.,0.));
#5665=DIRECTION('',(-1.,0.,0.));
#5666=DIRECTION('',(0.,1.,0.));
#5667=DIRECTION('',(1.,0.,0.));
#5668=DIRECTION('',(0.,-1.,0.));
#5669=DIRECTION('center_axis',(-0.0609350948971757,-0.0609350948971757,
-0.99627999499124));
#5670=DIRECTION('ref_axis',(-0.998134798421867,-8.23993651088983E-18,0.061048539534857));
#5671=DIRECTION('center_axis',(0.,1.,0.));
#5672=DIRECTION('ref_axis',(0.,0.,1.));
#5673=DIRECTION('center_axis',(0.,1.,0.));
#5674=DIRECTION('ref_axis',(0.,0.,-1.));
#5675=DIRECTION('center_axis',(-0.0609350948971757,0.0609350948971757,-0.99627999499124));
#5676=DIRECTION('ref_axis',(-0.998134798421867,8.23993651088983E-18,0.061048539534857));
#5677=DIRECTION('center_axis',(1.,0.,0.));
#5678=DIRECTION('ref_axis',(0.,0.,1.));
#5679=DIRECTION('center_axis',(-0.02739812707186,0.89363599198471,-0.447955417940733));
#5680=DIRECTION('ref_axis',(-2.77555756156289E-17,0.448123643173585,0.893971588155257));
#5681=DIRECTION('center_axis',(0.999668564527691,6.88774067358994E-13,-0.0257441468133406));
#5682=DIRECTION('ref_axis',(-0.0059436763971911,0.972983451623721,-0.230798343965627));
#5683=DIRECTION('center_axis',(0.0609350948971757,0.0609350948971757,-0.99627999499124));
#5684=DIRECTION('ref_axis',(-0.998134798421867,-1.04083408558608E-17,-0.061048539534857));
#5685=DIRECTION('center_axis',(0.0609350948971757,-0.0609350948971757,-0.99627999499124));
#5686=DIRECTION('ref_axis',(-0.998134798421867,1.04083408558608E-17,-0.061048539534857));
#5687=DIRECTION('center_axis',(-1.,0.,0.));
#5688=DIRECTION('ref_axis',(0.,0.,1.));
#5689=DIRECTION('center_axis',(1.,0.,0.));
#5690=DIRECTION('ref_axis',(0.,0.,-1.));
#5691=DIRECTION('center_axis',(-0.02739812707186,-0.89363599198471,0.447955417940733));
#5692=DIRECTION('ref_axis',(-7.96064603125757E-15,0.448123643173586,0.893971588155257));
#5693=DIRECTION('center_axis',(0.,1.,0.));
#5694=DIRECTION('ref_axis',(0.,0.,-1.));
#5695=DIRECTION('center_axis',(0.,-1.,0.));
#5696=DIRECTION('ref_axis',(0.,0.,-1.));
#5697=DIRECTION('center_axis',(0.,-1.,0.));
#5698=DIRECTION('ref_axis',(0.,0.,-1.));
#5699=DIRECTION('center_axis',(-0.0436044685155621,0.0261520507014057,-0.998706523744381));
#5700=DIRECTION('ref_axis',(-0.999048221581858,1.17093834628435E-17,0.0436193873653361));
#5701=DIRECTION('center_axis',(0.0322016288994419,-0.019239544078018,0.999296199852623));
#5702=DIRECTION('ref_axis',(-0.999481044080518,0.000215649092632351,0.0322117372891816));
#5703=DIRECTION('center_axis',(1.,0.,0.));
#5704=DIRECTION('ref_axis',(0.,0.,-1.));
#5705=DIRECTION('center_axis',(1.,0.,0.));
#5706=DIRECTION('ref_axis',(0.,0.,-1.));
#5707=DIRECTION('center_axis',(1.,8.52890518388767E-16,0.));
#5708=DIRECTION('ref_axis',(8.52890518388767E-16,-1.,0.));
#5709=DIRECTION('center_axis',(0.0436044685155621,0.0261520507014057,-0.998706523744381));
#5710=DIRECTION('ref_axis',(-0.999048221581858,-1.17093834628435E-17,-0.0436193873653361));
#5711=DIRECTION('center_axis',(0.,-1.,0.));
#5712=DIRECTION('ref_axis',(0.,0.,1.));
#5713=DIRECTION('center_axis',(-0.0435381827808661,-0.0609906510962986,
-0.997188330817699));
#5714=DIRECTION('ref_axis',(7.80625564189563E-18,0.998134798421867,-0.061048539534857));
#5715=DIRECTION('center_axis',(0.,1.,0.));
#5716=DIRECTION('ref_axis',(0.,0.,1.));
#5717=DIRECTION('center_axis',(-5.34692339806647E-18,-1.,-1.22464679914735E-16));
#5718=DIRECTION('ref_axis',(6.5480926247282E-34,1.22464679914735E-16,-1.));
#5719=DIRECTION('center_axis',(0.,-1.,0.));
#5720=DIRECTION('ref_axis',(0.,0.,-1.));
#5721=DIRECTION('center_axis',(0.,-1.,0.));
#5722=DIRECTION('ref_axis',(0.,0.,1.));
#5723=DIRECTION('center_axis',(0.0435381827808661,-0.0609906510962986,-0.997188330817699));
#5724=DIRECTION('ref_axis',(-7.80625564189563E-18,0.998134798421867,-0.061048539534857));
#5725=DIRECTION('center_axis',(0.0195377636855655,0.894076308003554,0.447488358794841));
#5726=DIRECTION('ref_axis',(0.,0.447573791824596,-0.89424700215978));
#5727=DIRECTION('center_axis',(0.999831065272575,-7.89508882628505E-13,
-0.0183804492846883));
#5728=DIRECTION('ref_axis',(0.00423241824138494,0.973127394113304,0.230228498370814));
#5729=DIRECTION('center_axis',(0.0195377636855655,-0.894076308003554,-0.447488358794841));
#5730=DIRECTION('ref_axis',(0.,0.447573791824596,-0.89424700215978));
#5731=DIRECTION('center_axis',(-0.999831065272575,-7.83103815195214E-13,
-0.0183804492846873));
#5732=DIRECTION('ref_axis',(-0.00423241824137618,0.973127394113334,0.230228498370689));
#5733=DIRECTION('center_axis',(-1.,0.,0.));
#5734=DIRECTION('ref_axis',(0.,0.,1.));
#5735=DIRECTION('center_axis',(-1.,5.14230210572097E-16,0.));
#5736=DIRECTION('ref_axis',(-5.14230210572097E-16,-1.,0.));
#5737=DIRECTION('center_axis',(1.,-6.12323399573677E-17,0.));
#5738=DIRECTION('ref_axis',(6.12323399573677E-17,1.,0.));
#5739=DIRECTION('center_axis',(0.0782187145535004,0.0782187145535004,-0.993863001317182));
#5740=DIRECTION('ref_axis',(-0.996917333733128,4.25007251614318E-17,-0.0784590957278452));
#5741=DIRECTION('center_axis',(-0.0782187145535004,-0.0782187145535004,
0.993863001317182));
#5742=DIRECTION('ref_axis',(-0.996917333733128,1.43374895289483E-15,-0.0784590957278451));
#5743=DIRECTION('center_axis',(0.,1.,0.));
#5744=DIRECTION('ref_axis',(1.,0.,0.));
#5745=DIRECTION('center_axis',(-6.72454890748126E-16,-1.,0.));
#5746=DIRECTION('ref_axis',(-1.,6.72454890748127E-16,-7.2849279831047E-16));
#5747=DIRECTION('center_axis',(1.,-5.46369598732853E-16,0.));
#5748=DIRECTION('ref_axis',(5.46369598732853E-16,1.,0.));
#5749=DIRECTION('center_axis',(1.,-3.7364106986726E-15,0.));
#5750=DIRECTION('ref_axis',(-3.7364106986726E-15,-1.,0.));
#5751=DIRECTION('center_axis',(6.72454890748126E-16,1.,0.));
#5752=DIRECTION('ref_axis',(-1.,6.72454890748127E-16,0.));
#5753=DIRECTION('center_axis',(-8.88178419700125E-16,-1.,0.));
#5754=DIRECTION('ref_axis',(1.,-8.88178419700125E-16,0.));
#5755=DIRECTION('center_axis',(0.,1.,0.));
#5756=DIRECTION('ref_axis',(1.,0.,0.));
#5757=DIRECTION('center_axis',(0.0782187145535003,-0.0782187145535004,-0.993863001317182));
#5758=DIRECTION('ref_axis',(-7.80625564189563E-18,0.996917333733128,-0.0784590957278452));
#5759=DIRECTION('center_axis',(0.0782187145535003,-0.0782187145535004,-0.993863001317182));
#5760=DIRECTION('ref_axis',(-6.93889390390723E-18,0.996917333733128,-0.0784590957278452));
#5761=DIRECTION('center_axis',(1.,-3.2139388160756E-17,0.));
#5762=DIRECTION('ref_axis',(3.2139388160756E-17,1.,0.));
#5763=DIRECTION('center_axis',(-1.,1.83697019872103E-16,0.));
#5764=DIRECTION('ref_axis',(-1.83697019872103E-16,-1.,0.));
#5765=DIRECTION('center_axis',(-0.0783136520518906,-0.0608610454118979,
-0.995069296608868));
#5766=DIRECTION('ref_axis',(-0.996917333733128,-1.56125112837913E-17,0.0784590957278451));
#5767=DIRECTION('center_axis',(0.0783136520518906,0.0608610454118979,0.995069296608868));
#5768=DIRECTION('ref_axis',(-0.996917333733128,-1.56125112837913E-17,0.0784590957278451));
#5769=DIRECTION('center_axis',(0.,1.,0.));
#5770=DIRECTION('ref_axis',(1.,0.,0.));
#5771=DIRECTION('center_axis',(0.,1.,0.));
#5772=DIRECTION('ref_axis',(0.,0.,-1.));
#5773=DIRECTION('center_axis',(-1.,0.,0.));
#5774=DIRECTION('ref_axis',(0.,0.,1.));
#5775=DIRECTION('center_axis',(-1.,-3.2694367339181E-15,0.));
#5776=DIRECTION('ref_axis',(-3.2694367339181E-15,1.,0.));
#5777=DIRECTION('center_axis',(0.,-1.,0.));
#5778=DIRECTION('ref_axis',(0.,0.,-1.));
#5779=DIRECTION('center_axis',(-7.6571373978539E-16,1.,0.));
#5780=DIRECTION('ref_axis',(-1.,-7.6571373978539E-16,0.));
#5781=DIRECTION('center_axis',(0.,1.,0.));
#5782=DIRECTION('ref_axis',(1.,0.,0.));
#5783=DIRECTION('center_axis',(-0.0783136520518906,0.0608610454118979,-0.995069296608868));
#5784=DIRECTION('ref_axis',(-0.996917333733128,1.56125112837913E-17,0.0784590957278451));
#5785=DIRECTION('center_axis',(-0.0783136520518906,0.0608610454118979,-0.995069296608868));
#5786=DIRECTION('ref_axis',(-0.996917333733128,1.56125112837913E-17,0.0784590957278451));
#5787=DIRECTION('center_axis',(0.,0.,-1.));
#5788=DIRECTION('ref_axis',(-1.,0.,0.));
#5789=DIRECTION('',(0.807674361309098,-0.589628803641699,0.));
#5790=DIRECTION('',(-1.,0.,0.));
#5791=DIRECTION('',(0.,1.,0.));
#5792=DIRECTION('center_axis',(-0.587811174818736,-0.805184570800873,0.0784590957278451));
#5793=DIRECTION('ref_axis',(0.807674361309098,-0.589628803641699,0.));
#5794=DIRECTION('',(-0.0495424518764474,-0.0609735730737054,-0.996909107616485));
#5795=DIRECTION('',(-0.807674361309098,0.589628803641699,0.));
#5796=DIRECTION('',(0.043526101169361,0.0653659510997995,0.996911616420339));
#5797=DIRECTION('center_axis',(0.,0.,-1.));
#5798=DIRECTION('ref_axis',(-1.,0.,0.));
#5799=DIRECTION('',(0.807674361309098,0.589628803641699,0.));
#5800=DIRECTION('',(0.,-1.,0.));
#5801=DIRECTION('',(-1.,0.,0.));
#5802=DIRECTION('center_axis',(0.587811174818736,-0.805184570800873,0.0784590957278451));
#5803=DIRECTION('ref_axis',(0.807674361309098,0.589628803641699,0.));
#5804=DIRECTION('',(0.043526101169361,-0.0653659510997995,-0.996911616420339));
#5805=DIRECTION('',(-0.807674361309098,-0.589628803641699,0.));
#5806=DIRECTION('',(-0.0255834799514388,0.0784334152192877,0.996591031933668));
#5807=DIRECTION('center_axis',(-0.807674361309098,0.589628803641699,0.));
#5808=DIRECTION('ref_axis',(-0.589628803641699,-0.807674361309098,0.));
#5809=DIRECTION('center_axis',(-0.807674361309098,-0.589628803641699,0.));
#5810=DIRECTION('ref_axis',(0.589628803641699,-0.807674361309098,0.));
#5811=DIRECTION('center_axis',(-0.0434851780098654,-0.0783848790925116,
0.99597432196975));
#5812=DIRECTION('ref_axis',(1.56125112837913E-17,-0.996917333733128,-0.0784590957278451));
#5813=DIRECTION('center_axis',(0.0434851780098653,0.0783848790925114,-0.99597432196975));
#5814=DIRECTION('ref_axis',(-8.23993651088983E-18,0.996917333733128,0.0784590957278449));
#5815=DIRECTION('center_axis',(-0.0255834799514388,0.0784334152192877,0.996591031933668));
#5816=DIRECTION('ref_axis',(9.10729824887824E-18,-0.996917333733128,0.0784590957278451));
#5817=DIRECTION('center_axis',(0.0255834799514389,-0.0784334152192877,-0.996591031933668));
#5818=DIRECTION('ref_axis',(-4.33680868994202E-19,0.996917333733128,-0.0784590957278451));
#5819=DIRECTION('center_axis',(-0.043526101169361,0.0653659510997996,0.996911616420339));
#5820=DIRECTION('ref_axis',(-6.93889390390723E-18,-0.997857295576772,0.0654279578178248));
#5821=DIRECTION('center_axis',(0.043526101169361,-0.0653659510997997,-0.996911616420339));
#5822=DIRECTION('ref_axis',(4.33680868994202E-18,-0.997857295576772,0.0654279578178249));
#5823=DIRECTION('center_axis',(0.,1.,0.));
#5824=DIRECTION('ref_axis',(0.,0.,1.));
#5825=DIRECTION('center_axis',(1.,-5.46369598732853E-16,0.));
#5826=DIRECTION('ref_axis',(5.46369598732853E-16,1.,0.));
#5827=DIRECTION('center_axis',(0.,-1.,0.));
#5828=DIRECTION('ref_axis',(0.,0.,-1.));
#5829=DIRECTION('center_axis',(0.,1.,0.));
#5830=DIRECTION('ref_axis',(0.,0.,1.));
#5831=DIRECTION('center_axis',(5.51716522130919E-16,1.,-1.26363858720824E-14));
#5832=DIRECTION('ref_axis',(3.45745477989197E-33,1.26363858720824E-14,1.));
#5833=DIRECTION('center_axis',(1.,-5.46369598732853E-16,0.));
#5834=DIRECTION('ref_axis',(5.46369598732853E-16,1.,0.));
#5835=DIRECTION('center_axis',(1.,-6.12323399573677E-17,0.));
#5836=DIRECTION('ref_axis',(6.12323399573677E-17,1.,0.));
#5837=DIRECTION('center_axis',(0.,-1.,0.));
#5838=DIRECTION('ref_axis',(0.,0.,-1.));
#5839=DIRECTION('center_axis',(-1.01064309961486E-15,-1.,0.));
#5840=DIRECTION('ref_axis',(-1.,1.01064309961486E-15,0.));
#5841=DIRECTION('center_axis',(-0.0434851780098654,0.0783848790925116,0.99597432196975));
#5842=DIRECTION('ref_axis',(1.38777878078145E-17,-0.996917333733128,0.0784590957278451));
#5843=DIRECTION('center_axis',(0.,1.,0.));
#5844=DIRECTION('ref_axis',(1.,0.,0.));
#5845=DIRECTION('center_axis',(0.0434851780098654,-0.0783848790925116,-0.99597432196975));
#5846=DIRECTION('ref_axis',(1.38777878078145E-17,-0.996917333733128,0.0784590957278451));
#5847=DIRECTION('center_axis',(-0.0434851780098654,0.0783848790925116,0.99597432196975));
#5848=DIRECTION('ref_axis',(1.43114686768087E-17,-0.996917333733128,0.0784590957278452));
#5849=DIRECTION('center_axis',(-0.043526101169361,-0.0653659510997995,-0.996911616420339));
#5850=DIRECTION('ref_axis',(-6.07153216591882E-18,0.997857295576772,-0.0654279578178248));
#5851=DIRECTION('center_axis',(-0.043526101169361,-0.0653659510997998,-0.996911616420339));
#5852=DIRECTION('ref_axis',(-1.30104260698261E-18,0.997857295576772,-0.0654279578178251));
#5853=DIRECTION('center_axis',(-0.0495424518764474,-0.0609735730737054,
-0.996909107616484));
#5854=DIRECTION('ref_axis',(1.30104260698261E-18,0.998134798421867,-0.061048539534857));
#5855=DIRECTION('center_axis',(-0.0495424518764479,-0.0609735730737054,
-0.996909107616484));
#5856=DIRECTION('ref_axis',(-2.98762750650106E-15,-0.998134798421867,0.0610485395348571));
#5857=DIRECTION('center_axis',(0.,-1.,0.));
#5858=DIRECTION('ref_axis',(0.,0.,1.));
#5859=DIRECTION('center_axis',(-1.,3.2139388160756E-17,0.));
#5860=DIRECTION('ref_axis',(3.2139388160756E-17,1.,0.));
#5861=DIRECTION('center_axis',(0.,1.,0.));
#5862=DIRECTION('ref_axis',(0.,0.,1.));
#5863=DIRECTION('center_axis',(-8.88178419700125E-16,-1.,0.));
#5864=DIRECTION('ref_axis',(1.,-8.88178419700125E-16,0.));
#5865=DIRECTION('center_axis',(1.,-3.2139388160756E-17,0.));
#5866=DIRECTION('ref_axis',(3.2139388160756E-17,1.,0.));
#5867=DIRECTION('center_axis',(-1.,6.12323399573677E-17,0.));
#5868=DIRECTION('ref_axis',(6.12323399573677E-17,1.,0.));
#5869=DIRECTION('center_axis',(0.,1.,0.));
#5870=DIRECTION('ref_axis',(1.,0.,0.));
#5871=DIRECTION('center_axis',(-0.0435381827808661,-0.0609906510962986,
-0.997188330817699));
#5872=DIRECTION('ref_axis',(-1.73472347597681E-18,-0.998134798421867,0.061048539534857));
#5873=DIRECTION('center_axis',(0.0435381827808661,0.0609906510962986,0.997188330817699));
#5874=DIRECTION('ref_axis',(3.12250225675825E-17,-0.998134798421867,0.061048539534857));
#5875=DIRECTION('center_axis',(-0.0435381827808661,-0.0609906510962982,
-0.997188330817699));
#5876=DIRECTION('ref_axis',(-1.47451495458029E-17,0.998134798421867,-0.0610485395348566));
#5877=DIRECTION('center_axis',(0.,-1.,0.));
#5878=DIRECTION('ref_axis',(0.,0.,-1.));
#5879=DIRECTION('center_axis',(0.,-1.,0.));
#5880=DIRECTION('ref_axis',(0.,0.,-1.));
#5881=DIRECTION('center_axis',(-5.34692339806647E-18,-1.,-1.22464679914735E-16));
#5882=DIRECTION('ref_axis',(6.54809262472819E-34,1.22464679914735E-16,-1.));
#5883=DIRECTION('center_axis',(0.0435381827808661,-0.0609906510962986,0.997188330817699));
#5884=DIRECTION('ref_axis',(1.73472347597681E-18,-0.998134798421867,-0.061048539534857));
#5885=DIRECTION('center_axis',(0.0435381827808661,-0.0609906510962986,0.997188330817699));
#5886=DIRECTION('ref_axis',(1.73472347597681E-18,-0.998134798421867,-0.061048539534857));
#5887=DIRECTION('center_axis',(-0.0610276976517026,-0.0261281563857739,
0.997794036644443));
#5888=DIRECTION('ref_axis',(0.998134798421867,2.05998412772246E-17,0.061048539534857));
#5889=DIRECTION('center_axis',(0.0610276976517026,0.0261281563857739,-0.997794036644443));
#5890=DIRECTION('ref_axis',(-0.998134798421867,1.84314369322536E-17,-0.061048539534857));
#5891=DIRECTION('center_axis',(0.,1.,0.));
#5892=DIRECTION('ref_axis',(0.,0.,1.));
#5893=DIRECTION('center_axis',(0.,1.,0.));
#5894=DIRECTION('ref_axis',(0.,0.,1.));
#5895=DIRECTION('center_axis',(1.,0.,0.));
#5896=DIRECTION('ref_axis',(0.,0.,-1.));
#5897=DIRECTION('center_axis',(1.,0.,0.));
#5898=DIRECTION('ref_axis',(0.,0.,-1.));
#5899=DIRECTION('center_axis',(0.,-1.,0.));
#5900=DIRECTION('ref_axis',(0.,0.,-1.));
#5901=DIRECTION('center_axis',(0.,-1.,0.));
#5902=DIRECTION('ref_axis',(0.,0.,-1.));
#5903=DIRECTION('center_axis',(0.,-1.,0.));
#5904=DIRECTION('ref_axis',(0.,0.,-1.));
#5905=DIRECTION('center_axis',(0.0610276976517026,-0.0261281563857739,0.997794036644443));
#5906=DIRECTION('ref_axis',(-0.998134798421867,1.47624967805626E-15,0.061048539534857));
#5907=DIRECTION('center_axis',(-0.0610276976517026,0.0261281563857739,-0.997794036644443));
#5908=DIRECTION('ref_axis',(-0.998134798421867,2.05998412772246E-17,0.061048539534857));
#5909=DIRECTION('',(0.,0.,1.));
#5910=DIRECTION('center_axis',(1.,-2.34877034995146E-15,0.));
#5911=DIRECTION('ref_axis',(2.34877034995146E-15,1.,0.));
#5912=DIRECTION('',(0.,-1.,0.));
#5913=DIRECTION('',(0.,0.,1.));
#5914=DIRECTION('',(0.,0.,1.));
#5915=DIRECTION('center_axis',(-2.10177759439891E-16,1.,0.));
#5916=DIRECTION('ref_axis',(-1.,-2.10177759439891E-16,0.));
#5917=DIRECTION('',(1.,0.,0.));
#5918=DIRECTION('center_axis',(0.,0.,1.));
#5919=DIRECTION('ref_axis',(1.,0.,0.));
#5920=DIRECTION('center_axis',(-3.38097838347334E-5,0.973820766467597,0.22731720932072));
#5921=DIRECTION('ref_axis',(0.98673545719319,-0.0368693902533909,0.158094230065775));
#5922=DIRECTION('',(0.,0.,1.));
#5923=DIRECTION('center_axis',(-1.,0.,0.));
#5924=DIRECTION('ref_axis',(0.,0.,1.));
#5925=DIRECTION('',(0.,0.,1.));
#5926=DIRECTION('',(0.,1.,0.));
#5927=DIRECTION('center_axis',(-5.60326985574634E-16,1.,0.));
#5928=DIRECTION('ref_axis',(-1.,-5.60326985574634E-16,0.));
#5929=DIRECTION('',(1.,0.,0.));
#5930=DIRECTION('center_axis',(0.,0.,1.));
#5931=DIRECTION('ref_axis',(1.,0.,0.));
#5932=DIRECTION('',(0.,0.,1.));
#5933=DIRECTION('center_axis',(3.38097815400573E-5,0.973820766473389,0.227317209295909));
#5934=DIRECTION('ref_axis',(0.986735458335937,0.0368693886725856,-0.158094223302052));
#5935=DIRECTION('center_axis',(-1.06083715961716E-16,1.,0.));
#5936=DIRECTION('ref_axis',(-1.,-1.06083715961716E-16,0.));
#5937=DIRECTION('',(1.,1.06083715961716E-16,0.));
#5938=DIRECTION('',(1.,0.,0.));
#5939=DIRECTION('center_axis',(0.585154779198629,-0.810921626534281,0.));
#5940=DIRECTION('ref_axis',(0.810921626534281,0.585154779198629,0.));
#5941=DIRECTION('',(0.,0.,-1.));
#5942=DIRECTION('',(0.,0.,1.));
#5943=DIRECTION('center_axis',(0.,-1.,0.));
#5944=DIRECTION('ref_axis',(0.,0.,-1.));
#5945=DIRECTION('',(0.,0.,1.));
#5946=DIRECTION('',(-1.,0.,0.));
#5947=DIRECTION('',(0.,0.,-1.));
#5948=DIRECTION('center_axis',(-0.589628803641698,-0.807674361309098,0.));
#5949=DIRECTION('ref_axis',(0.807674361309098,-0.589628803641699,0.));
#5950=DIRECTION('',(0.,0.,1.));
#5951=DIRECTION('',(-0.807674361309098,0.589628803641698,0.));
#5952=DIRECTION('',(0.,0.,1.));
#5953=DIRECTION('center_axis',(-1.,0.,0.));
#5954=DIRECTION('ref_axis',(0.,0.,1.));
#5955=DIRECTION('',(-1.,0.,0.));
#5956=DIRECTION('center_axis',(1.,0.,0.));
#5957=DIRECTION('ref_axis',(0.,0.,-1.));
#5958=DIRECTION('',(1.,0.,0.));
#5959=DIRECTION('center_axis',(0.,0.,-1.));
#5960=DIRECTION('ref_axis',(-1.,0.,0.));
#5961=DIRECTION('',(-1.,5.14230210572097E-16,0.));
#5962=DIRECTION('',(0.,-1.,0.));
#5963=DIRECTION('',(1.,-5.46369598732853E-16,0.));
#5964=DIRECTION('',(6.72454890748126E-16,1.,0.));
#5965=DIRECTION('center_axis',(0.,1.,0.));
#5966=DIRECTION('ref_axis',(1.,0.,0.));
#5967=DIRECTION('center_axis',(2.48489706846061E-17,-1.,-5.69134998680055E-16));
#5968=DIRECTION('ref_axis',(-1.09476442525376E-47,5.69134998680055E-16,
-1.));
#5969=DIRECTION('center_axis',(1.,0.,0.));
#5970=DIRECTION('ref_axis',(0.,0.,-1.));
#5971=DIRECTION('center_axis',(0.0434851780098655,-0.0783848790925115,-0.99597432196975));
#5972=DIRECTION('ref_axis',(2.55871712706579E-17,-0.996917333733128,0.0784590957278451));
#5973=DIRECTION('center_axis',(0.,0.,-1.));
#5974=DIRECTION('ref_axis',(-1.,0.,0.));
#5975=DIRECTION('',(0.807674361309098,0.589628803641699,0.));
#5976=DIRECTION('',(-1.,5.46369598732853E-16,0.));
#5977=DIRECTION('',(0.,-1.,0.));
#5978=DIRECTION('center_axis',(1.,0.,0.));
#5979=DIRECTION('ref_axis',(0.,0.,-1.));
#5980=DIRECTION('',(1.,0.,0.));
#5981=DIRECTION('center_axis',(1.,0.,0.));
#5982=DIRECTION('ref_axis',(0.,0.,-1.));
#5983=DIRECTION('',(-1.,0.,0.));
#5984=DIRECTION('center_axis',(0.,0.,-1.));
#5985=DIRECTION('ref_axis',(-1.,0.,0.));
#5986=DIRECTION('',(0.807674361309098,-0.589628803641699,0.));
#5987=DIRECTION('',(0.,1.,0.));
#5988=DIRECTION('',(-1.,3.2139388160756E-17,0.));
#5989=DIRECTION('center_axis',(0.,1.,0.));
#5990=DIRECTION('ref_axis',(1.,0.,0.));
#5991=DIRECTION('center_axis',(-1.,0.,0.));
#5992=DIRECTION('ref_axis',(0.,0.,1.));
#5993=DIRECTION('center_axis',(-5.69677205149223E-16,-1.,0.));
#5994=DIRECTION('ref_axis',(1.,-5.69677205149223E-16,0.));
#5995=DIRECTION('center_axis',(-0.0435381827808662,-0.0609906510962987,
-0.997188330817699));
#5996=DIRECTION('ref_axis',(2.34187669256869E-17,-0.998134798421867,0.0610485395348571));
#5997=DIRECTION('center_axis',(0.,0.,-1.));
#5998=DIRECTION('ref_axis',(-1.,0.,0.));
#5999=DIRECTION('',(1.,-3.2139388160756E-17,0.));
#6000=DIRECTION('',(0.,1.,0.));
#6001=DIRECTION('',(-1.,0.,0.));
#6002=DIRECTION('',(0.,-1.,0.));
#6003=DIRECTION('center_axis',(-0.807674361309098,-0.589628803641699,0.));
#6004=DIRECTION('ref_axis',(0.589628803641699,-0.807674361309098,0.));
#6005=DIRECTION('',(-0.807674361309098,-0.589628803641699,0.));
#6006=DIRECTION('center_axis',(0.0255834799514393,-0.0784334152192873,-0.996591031933668));
#6007=DIRECTION('ref_axis',(6.07153216591882E-18,0.996917333733128,-0.0784590957278447));
#6008=DIRECTION('center_axis',(1.,3.58335166477979E-16,4.55307998944044E-15));
#6009=DIRECTION('ref_axis',(4.55307998944044E-15,1.40129846432482E-45,-1.));
#6010=DIRECTION('center_axis',(1.,-5.46369598732853E-16,0.));
#6011=DIRECTION('ref_axis',(5.46369598732853E-16,1.,0.));
#6012=DIRECTION('',(1.,-5.46369598732853E-16,-6.18168211270892E-33));
#6013=DIRECTION('center_axis',(1.,-5.46369598732853E-16,0.));
#6014=DIRECTION('ref_axis',(5.46369598732853E-16,1.,0.));
#6015=DIRECTION('',(-1.,5.46369598732853E-16,6.14386083398893E-33));
#6016=DIRECTION('center_axis',(1.,-2.19223632790847E-15,0.));
#6017=DIRECTION('ref_axis',(2.19223632790847E-15,1.,0.));
#6018=DIRECTION('center_axis',(0.,1.,0.));
#6019=DIRECTION('ref_axis',(1.,0.,0.));
#6020=DIRECTION('center_axis',(-6.79698824974226E-16,-1.,-6.82961998416066E-17));
#6021=DIRECTION('ref_axis',(1.,-6.79698824974225E-16,2.22862345501779E-34));
#6022=DIRECTION('center_axis',(0.0782187145535003,-0.0782187145535005,-0.993863001317182));
#6023=DIRECTION('ref_axis',(0.,-0.996917333733128,0.0784590957278453));
#6024=DIRECTION('center_axis',(6.72454890748126E-16,1.,0.));
#6025=DIRECTION('ref_axis',(-1.,6.72454890748126E-16,0.));
#6026=DIRECTION('center_axis',(-5.48059081977117E-16,-1.,0.));
#6027=DIRECTION('ref_axis',(-1.,5.48059081977117E-16,-1.63910879619856E-15));
#6028=DIRECTION('',(-6.72454890748126E-16,-1.,6.14386083398893E-33));
#6029=DIRECTION('center_axis',(0.,1.,0.));
#6030=DIRECTION('ref_axis',(1.,0.,0.));
#6031=DIRECTION('center_axis',(-0.0782187145535005,-0.0782187145535006,
0.993863001317182));
#6032=DIRECTION('ref_axis',(6.07153216591882E-18,-0.996917333733128,-0.0784590957278454));
#6033=DIRECTION('center_axis',(1.,3.4400175981886E-16,-4.37095678986282E-15));
#6034=DIRECTION('ref_axis',(-4.37095678986282E-15,5.25486924121806E-46,
-1.));
#6035=DIRECTION('center_axis',(-1.,5.14230210572097E-16,0.));
#6036=DIRECTION('ref_axis',(-5.14230210572097E-16,-1.,0.));
#6037=DIRECTION('',(1.,-5.14230210572097E-16,1.22500169796379E-32));
#6038=DIRECTION('center_axis',(-1.,0.,0.));
#6039=DIRECTION('ref_axis',(0.,0.,1.));
#6040=DIRECTION('',(1.,0.,0.));
#6041=DIRECTION('center_axis',(-1.,-2.18956237011958E-15,0.));
#6042=DIRECTION('ref_axis',(2.18956237011958E-15,-1.,0.));
#6043=DIRECTION('center_axis',(0.,1.,0.));
#6044=DIRECTION('ref_axis',(1.,0.,0.));
#6045=DIRECTION('center_axis',(0.,1.,0.));
#6046=DIRECTION('ref_axis',(0.,0.,1.));
#6047=DIRECTION('center_axis',(-0.0783136520518909,0.0608610454118977,-0.995069296608868));
#6048=DIRECTION('ref_axis',(0.996917333733128,1.10068204550728E-15,-0.0784590957278454));
#6049=DIRECTION('center_axis',(0.,-1.,0.));
#6050=DIRECTION('ref_axis',(0.,0.,-1.));
#6051=DIRECTION('center_axis',(6.85073852471395E-17,1.,0.));
#6052=DIRECTION('ref_axis',(1.,-6.85073852471395E-17,0.));
#6053=DIRECTION('',(0.,1.,0.));
#6054=DIRECTION('center_axis',(0.,1.,0.));
#6055=DIRECTION('ref_axis',(1.,0.,0.));
#6056=DIRECTION('center_axis',(0.0783136520518907,0.0608610454118977,0.995069296608868));
#6057=DIRECTION('ref_axis',(0.996917333733128,0.,-0.0784590957278452));
#6058=DIRECTION('center_axis',(-1.,0.,0.));
#6059=DIRECTION('ref_axis',(0.,0.,1.));
#6060=DIRECTION('center_axis',(1.,-3.2139388160756E-17,0.));
#6061=DIRECTION('ref_axis',(3.2139388160756E-17,1.,0.));
#6062=DIRECTION('',(-1.,3.2139388160756E-17,0.));
#6063=DIRECTION('center_axis',(1.,-3.2139388160756E-17,0.));
#6064=DIRECTION('ref_axis',(3.2139388160756E-17,1.,0.));
#6065=DIRECTION('center_axis',(-1.,-2.78478301908915E-16,-4.55307998944044E-15));
#6066=DIRECTION('ref_axis',(-4.55307998944044E-15,0.,1.));
#6067=DIRECTION('',(1.,-3.2139388160756E-17,0.));
#6068=DIRECTION('center_axis',(-0.0495424518764475,-0.0609735730737056,
-0.996909107616484));
#6069=DIRECTION('ref_axis',(-4.33680868994202E-19,0.998134798421867,-0.0610485395348571));
#6070=DIRECTION('center_axis',(-0.807674361309098,0.589628803641699,0.));
#6071=DIRECTION('ref_axis',(-0.589628803641699,-0.807674361309098,0.));
#6072=DIRECTION('',(-0.807674361309098,0.589628803641699,6.92625270912514E-20));
#6073=DIRECTION('center_axis',(0.,1.,0.));
#6074=DIRECTION('ref_axis',(0.,0.,1.));
#6075=DIRECTION('center_axis',(0.,0.,-1.));
#6076=DIRECTION('ref_axis',(-1.,0.,0.));
#6077=DIRECTION('',(0.,1.,0.));
#6078=DIRECTION('',(-1.,0.,0.));
#6079=DIRECTION('',(0.,-1.,0.));
#6080=DIRECTION('center_axis',(0.,-1.,0.));
#6081=DIRECTION('ref_axis',(0.,0.,-1.));
#6082=DIRECTION('center_axis',(0.,-0.998134798421867,0.061048539534857));
#6083=DIRECTION('ref_axis',(0.,-0.061048539534857,-0.998134798421867));
#6084=DIRECTION('',(-0.0609350948971757,-0.0609350948971757,-0.99627999499124));
#6085=DIRECTION('',(-0.0609350948971757,0.0609350948971757,0.99627999499124));
#6086=DIRECTION('center_axis',(0.0434851780098645,0.0783848790925121,-0.99597432196975));
#6087=DIRECTION('ref_axis',(-4.33680868994202E-19,0.996917333733128,0.0784590957278456));
#6088=DIRECTION('center_axis',(0.,1.,0.));
#6089=DIRECTION('ref_axis',(0.,0.,1.));
#6090=DIRECTION('center_axis',(0.,1.,0.));
#6091=DIRECTION('ref_axis',(0.,0.,1.));
#6092=DIRECTION('',(0.,1.,0.));
#6093=DIRECTION('center_axis',(0.,1.,0.));
#6094=DIRECTION('ref_axis',(0.,0.,1.));
#6095=DIRECTION('center_axis',(-0.0434851780098649,0.0783848790925121,0.99597432196975));
#6096=DIRECTION('ref_axis',(-4.33680868994202E-19,-0.996917333733128,0.0784590957278456));
#6097=DIRECTION('center_axis',(-0.0434851780098654,0.0783848790925116,0.99597432196975));
#6098=DIRECTION('ref_axis',(2.03830008427275E-17,-0.996917333733128,0.0784590957278452));
#6099=DIRECTION('',(-0.0434851780098654,0.0783848790925116,0.99597432196975));
#6100=DIRECTION('',(0.0434851780098654,-0.0783848790925116,-0.99597432196975));
#6101=DIRECTION('center_axis',(0.,-1.,0.));
#6102=DIRECTION('ref_axis',(0.,0.,-1.));
#6103=DIRECTION('center_axis',(9.93958827384231E-17,-1.,-2.27653999472022E-15));
#6104=DIRECTION('ref_axis',(-1.31371731030452E-46,2.27653999472022E-15,
-1.));
#6105=DIRECTION('',(0.,1.,0.));
#6106=DIRECTION('center_axis',(0.0435261011693611,-0.0653659510998001,-0.996911616420339));
#6107=DIRECTION('ref_axis',(2.16840434497101E-18,0.997857295576772,-0.0654279578178253));
#6108=DIRECTION('center_axis',(0.,-1.,0.));
#6109=DIRECTION('ref_axis',(0.,0.,-1.));
#6110=DIRECTION('center_axis',(0.,-1.,0.));
#6111=DIRECTION('ref_axis',(0.,0.,1.));
#6112=DIRECTION('',(0.,1.,0.));
#6113=DIRECTION('center_axis',(0.,-1.,0.));
#6114=DIRECTION('ref_axis',(0.,0.,-1.));
#6115=DIRECTION('',(0.,-1.,0.));
#6116=DIRECTION('center_axis',(0.,0.,-1.));
#6117=DIRECTION('ref_axis',(-1.,0.,0.));
#6118=DIRECTION('',(0.,1.,0.));
#6119=DIRECTION('',(-1.,0.,0.));
#6120=DIRECTION('center_axis',(-2.65315397294663E-14,4.6879408201019E-14,
-1.));
#6121=DIRECTION('ref_axis',(0.857585150067749,-0.514342016933554,-4.68651038471863E-14));
#6122=DIRECTION('',(0.,-1.,0.));
#6123=DIRECTION('',(1.,0.,0.));
#6124=DIRECTION('center_axis',(-8.99137394319029E-14,-3.85010419249014E-14,
-1.));
#6125=DIRECTION('ref_axis',(-0.264147652550261,0.964482253674056,-1.33830684815753E-14));
#6126=DIRECTION('',(-1.,0.,0.));
#6127=DIRECTION('',(0.,-1.,0.));
#6128=DIRECTION('center_axis',(0.0195377636855655,-0.894076308003554,-0.447488358794841));
#6129=DIRECTION('ref_axis',(-1.38777878078145E-17,0.447573791824597,-0.89424700215978));
#6130=DIRECTION('center_axis',(0.999048221581856,-1.59453045926795E-14,
0.0436193873653872));
#6131=DIRECTION('ref_axis',(0.0101090163853643,-0.972774158791108,-0.231534541215717));
#6132=DIRECTION('center_axis',(-0.999894112490902,-6.30820796897279E-13,
-0.0145521065839872));
#6133=DIRECTION('ref_axis',(-0.0033491444927189,0.973155537360942,0.230124060747466));
#6134=DIRECTION('center_axis',(-0.0435261011693607,-0.0653659510997997,
-0.996911616420339));
#6135=DIRECTION('ref_axis',(-1.12757025938492E-17,0.997857295576772,-0.065427957817825));
#6136=DIRECTION('center_axis',(9.93958827384231E-17,-1.,2.27653999472022E-15));
#6137=DIRECTION('ref_axis',(1.31371731030452E-46,-2.27653999472022E-15,
-1.));
#6138=DIRECTION('center_axis',(0.,1.,0.));
#6139=DIRECTION('ref_axis',(0.,0.,1.));
#6140=DIRECTION('',(0.,-1.,0.));
#6141=DIRECTION('center_axis',(0.0435381827808661,0.0609906510962986,0.997188330817699));
#6142=DIRECTION('ref_axis',(1.82145964977565E-17,-0.998134798421867,0.061048539534857));
#6143=DIRECTION('',(-0.0435381827808661,-0.0609906510962986,-0.997188330817699));
#6144=DIRECTION('center_axis',(-0.0435381827808657,-0.0609906510962981,
-0.9971883308177));
#6145=DIRECTION('ref_axis',(4.33680868994202E-19,0.998134798421867,-0.0610485395348566));
#6146=DIRECTION('',(0.0435381827808661,0.0609906510962986,0.997188330817699));
#6147=DIRECTION('center_axis',(0.,-1.,0.));
#6148=DIRECTION('ref_axis',(0.,0.,-1.));
#6149=DIRECTION('center_axis',(0.,-1.,0.));
#6150=DIRECTION('ref_axis',(0.,0.,-1.));
#6151=DIRECTION('',(0.,-1.,0.));
#6152=DIRECTION('center_axis',(0.,-1.,0.));
#6153=DIRECTION('ref_axis',(0.,0.,-1.));
#6154=DIRECTION('center_axis',(0.0435381827808658,-0.0609906510962982,0.9971883308177));
#6155=DIRECTION('ref_axis',(4.33680868994202E-19,-0.998134798421867,-0.0610485395348567));
#6156=DIRECTION('center_axis',(0.,1.,0.));
#6157=DIRECTION('ref_axis',(0.,0.,1.));
#6158=DIRECTION('',(0.,1.,0.));
#6159=DIRECTION('center_axis',(0.,-1.,0.));
#6160=DIRECTION('ref_axis',(0.,0.,-1.));
#6161=DIRECTION('center_axis',(-0.999048221581855,-1.92229948957867E-14,
0.0436193873653982));
#6162=DIRECTION('ref_axis',(-0.010109016385248,-0.97277415879174,-0.231534541213068));
#6163=DIRECTION('center_axis',(0.0195377636855655,0.894076308003554,0.447488358794841));
#6164=DIRECTION('ref_axis',(-1.35134958778593E-15,0.447573791824596,-0.89424700215978));
#6165=DIRECTION('center_axis',(0.999894112490902,-6.33202793146067E-13,
-0.0145521065840102));
#6166=DIRECTION('ref_axis',(0.00334914449274654,0.973155537360616,0.230124060748842));
#6167=DIRECTION('center_axis',(-0.043526101169361,0.0653659510997996,0.996911616420339));
#6168=DIRECTION('ref_axis',(-4.33680868994202E-18,-0.997857295576772,0.0654279578178248));
#6169=DIRECTION('',(-0.043526101169361,0.0653659510997995,0.996911616420339));
#6170=DIRECTION('',(0.043526101169361,-0.0653659510997995,-0.996911616420339));
#6171=DIRECTION('center_axis',(0.587811174818736,-0.805184570800873,0.0784590957278451));
#6172=DIRECTION('ref_axis',(0.807674361309098,0.589628803641699,0.));
#6173=DIRECTION('',(0.807674361309098,0.589628803641699,4.35535472841615E-18));
#6174=DIRECTION('',(-0.0255834799514387,0.0784334152192877,0.996591031933668));
#6175=DIRECTION('center_axis',(-0.0255834799514388,0.0784334152192877,0.996591031933668));
#6176=DIRECTION('ref_axis',(1.25767452008319E-17,-0.996917333733128,0.0784590957278452));
#6177=DIRECTION('center_axis',(0.0160677946097687,-0.0491650914578088,-0.998661413972886));
#6178=DIRECTION('ref_axis',(-0.309689693509472,0.949429783792374,-0.0517240696579016));
#6179=DIRECTION('',(0.0255834799514388,-0.0784334152192877,-0.996591031933668));
#6180=DIRECTION('center_axis',(-5.44685323601595E-16,-0.996917333733128,
0.0784590957278451));
#6181=DIRECTION('ref_axis',(0.,-0.0784590957278451,-0.996917333733128));
#6182=DIRECTION('',(1.,-5.46369598732853E-16,0.));
#6183=DIRECTION('',(-0.0782187145535003,0.0782187145535004,0.993863001317182));
#6184=DIRECTION('center_axis',(0.0782187145535003,-0.0782187145535004,-0.993863001317182));
#6185=DIRECTION('ref_axis',(-7.80625564189563E-18,0.996917333733128,-0.0784590957278452));
#6186=DIRECTION('',(0.0782187145535003,-0.0782187145535004,-0.993863001317182));
#6187=DIRECTION('center_axis',(0.996917333733128,-6.70381936740424E-16,
0.0784590957278451));
#6188=DIRECTION('ref_axis',(0.0784590957278451,0.,-0.996917333733128));
#6189=DIRECTION('',(6.72454890748126E-16,1.,0.));
#6190=DIRECTION('',(-0.0782187145535004,-0.0782187145535003,0.993863001317182));
#6191=DIRECTION('center_axis',(0.0782187145535004,0.0782187145535004,-0.993863001317182));
#6192=DIRECTION('ref_axis',(-0.996917333733128,-4.33680868994202E-18,-0.0784590957278452));
#6193=DIRECTION('',(0.0782187145535004,0.0782187145535003,-0.993863001317182));
#6194=DIRECTION('center_axis',(5.1264501044856E-16,0.996917333733128,0.0784590957278451));
#6195=DIRECTION('ref_axis',(6.16297582203915E-33,-0.0784590957278451,0.996917333733128));
#6196=DIRECTION('',(-1.,5.14230210572097E-16,-6.14397742436901E-33));
#6197=DIRECTION('',(-0.0434851780098654,-0.0783848790925115,0.99597432196975));
#6198=DIRECTION('center_axis',(-0.0434851780098654,-0.0783848790925116,
0.99597432196975));
#6199=DIRECTION('ref_axis',(-2.25514051876985E-17,-0.996917333733128,-0.0784590957278451));
#6200=DIRECTION('',(0.0434851780098654,0.0783848790925116,-0.99597432196975));
#6201=DIRECTION('center_axis',(0.0435381827808661,-0.0609906510962986,0.997188330817699));
#6202=DIRECTION('ref_axis',(-1.51788304147971E-17,-0.998134798421867,-0.061048539534857));
#6203=DIRECTION('',(0.0435381827808661,-0.0609906510962986,0.997188330817699));
#6204=DIRECTION('',(-0.0435381827808661,0.0609906510962986,-0.997188330817699));
#6205=DIRECTION('center_axis',(0.,0.998134798421867,0.061048539534857));
#6206=DIRECTION('ref_axis',(0.,-0.061048539534857,0.998134798421867));
#6207=DIRECTION('',(-1.,0.,0.));
#6208=DIRECTION('',(0.0783136520518906,-0.0608610454118979,0.995069296608868));
#6209=DIRECTION('center_axis',(-0.0783136520518906,0.0608610454118979,-0.995069296608868));
#6210=DIRECTION('ref_axis',(-0.996917333733128,7.80625564189563E-18,0.0784590957278451));
#6211=DIRECTION('',(-0.0783136520518906,0.0608610454118979,-0.995069296608868));
#6212=DIRECTION('center_axis',(-0.996917333733128,0.,0.0784590957278451));
#6213=DIRECTION('ref_axis',(0.0784590957278451,0.,0.996917333733128));
#6214=DIRECTION('',(0.,-1.,0.));
#6215=DIRECTION('',(0.0783136520518906,0.0608610454118979,0.995069296608868));
#6216=DIRECTION('center_axis',(-0.0783136520518906,-0.0608610454118979,
-0.995069296608868));
#6217=DIRECTION('ref_axis',(-0.996917333733128,-7.80625564189563E-18,0.0784590957278451));
#6218=DIRECTION('',(-0.0783136520518906,-0.0608610454118979,-0.995069296608868));
#6219=DIRECTION('center_axis',(-3.20794417232384E-17,-0.998134798421867,
0.061048539534857));
#6220=DIRECTION('ref_axis',(0.,-0.061048539534857,-0.998134798421867));
#6221=DIRECTION('',(1.,-3.2139388160756E-17,3.85897748119152E-34));
#6222=DIRECTION('',(0.0495424518764474,0.0609735730737055,0.996909107616485));
#6223=DIRECTION('center_axis',(-0.0495424518764474,-0.0609735730737054,
-0.996909107616484));
#6224=DIRECTION('ref_axis',(-2.03830008427275E-17,0.998134798421867,-0.061048539534857));
#6225=DIRECTION('center_axis',(-0.030950519893939,-0.0380918528509058,-0.998794811793033));
#6226=DIRECTION('ref_axis',(0.950619119719195,-0.309858205526855,-0.01764034273989));
#6227=DIRECTION('',(-0.0495424518764474,-0.0609735730737054,-0.996909107616485));
#6228=DIRECTION('center_axis',(-0.587811174818736,-0.805184570800873,0.0784590957278451));
#6229=DIRECTION('ref_axis',(0.807674361309098,-0.589628803641699,0.));
#6230=DIRECTION('',(0.807674361309098,-0.589628803641699,0.));
#6231=DIRECTION('',(0.043526101169361,0.0653659510997995,0.996911616420339));
#6232=DIRECTION('center_axis',(-0.043526101169361,-0.0653659510997995,-0.996911616420339));
#6233=DIRECTION('ref_axis',(-3.90312782094782E-18,0.997857295576772,-0.0654279578178248));
#6234=DIRECTION('',(-0.043526101169361,-0.0653659510997995,-0.996911616420339));
#6235=DIRECTION('center_axis',(-0.02739812707186,-0.89363599198471,0.447955417940733));
#6236=DIRECTION('ref_axis',(-1.36522737559375E-15,0.448123643173585,0.893971588155257));
#6237=DIRECTION('center_axis',(0.,1.,0.));
#6238=DIRECTION('ref_axis',(0.,0.,1.));
#6239=DIRECTION('center_axis',(0.,1.,0.));
#6240=DIRECTION('ref_axis',(0.,0.,1.));
#6241=DIRECTION('',(0.,1.,0.));
#6242=DIRECTION('center_axis',(0.0609350948971757,-0.0609350948971757,-0.99627999499124));
#6243=DIRECTION('ref_axis',(-0.998134798421867,5.160802341031E-17,-0.061048539534857));
#6244=DIRECTION('',(0.0609350948971757,-0.0609350948971757,-0.99627999499124));
#6245=DIRECTION('center_axis',(0.,-1.,0.));
#6246=DIRECTION('ref_axis',(0.,0.,-1.));
#6247=DIRECTION('',(0.,-1.,0.));
#6248=DIRECTION('center_axis',(0.,-1.,0.));
#6249=DIRECTION('ref_axis',(0.,0.,-1.));
#6250=DIRECTION('center_axis',(0.998134798421866,6.68367468852152E-16,0.0610485395348664));
#6251=DIRECTION('ref_axis',(-0.0142744220530586,-0.97227969491466,0.233384737572332));
#6252=DIRECTION('center_axis',(1.,0.,0.));
#6253=DIRECTION('ref_axis',(0.,0.,-1.));
#6254=DIRECTION('',(1.,0.,0.));
#6255=DIRECTION('center_axis',(0.0610276976517022,0.0261281563857737,-0.997794036644444));
#6256=DIRECTION('ref_axis',(-0.998134798421867,1.51788304147971E-18,-0.0610485395348566));
#6257=DIRECTION('center_axis',(-0.02739812707186,0.89363599198471,-0.447955417940733));
#6258=DIRECTION('ref_axis',(0.,0.448123643173585,0.893971588155257));
#6259=DIRECTION('center_axis',(1.,0.,0.));
#6260=DIRECTION('ref_axis',(0.,0.,-1.));
#6261=DIRECTION('',(1.,0.,0.));
#6262=DIRECTION('center_axis',(-0.998134798421873,-1.9665121419863E-14,
0.06104853953475));
#6263=DIRECTION('ref_axis',(0.0142744220531146,-0.97227969491441,0.233384737573371));
#6264=DIRECTION('center_axis',(0.,1.,0.));
#6265=DIRECTION('ref_axis',(0.,0.,1.));
#6266=DIRECTION('center_axis',(0.,1.,0.));
#6267=DIRECTION('ref_axis',(0.,0.,1.));
#6268=DIRECTION('',(0.,1.,0.));
#6269=DIRECTION('center_axis',(-0.0609350948971757,-0.0609350948971757,
-0.99627999499124));
#6270=DIRECTION('ref_axis',(-0.998134798421867,-5.160802341031E-17,0.061048539534857));
#6271=DIRECTION('',(0.0609350948971757,0.0609350948971757,0.99627999499124));
#6272=DIRECTION('center_axis',(0.,-1.,0.));
#6273=DIRECTION('ref_axis',(0.,0.,-1.));
#6274=DIRECTION('',(0.,-1.,0.));
#6275=DIRECTION('center_axis',(0.,-1.,0.));
#6276=DIRECTION('ref_axis',(0.,0.,-1.));
#6277=DIRECTION('center_axis',(-0.0350527337798205,-0.0209679054726325,
0.999165478183995));
#6278=DIRECTION('ref_axis',(0.856870464734325,0.51391114182275,0.040845378886959));
#6279=DIRECTION('center_axis',(0.0610276976517022,-0.0261281563857737,0.997794036644444));
#6280=DIRECTION('ref_axis',(0.998134798421867,-2.16840434497101E-19,-0.0610485395348566));
#6281=DIRECTION('center_axis',(1.,0.,0.));
#6282=DIRECTION('ref_axis',(0.,0.,-1.));
#6283=DIRECTION('',(1.,0.,0.));
#6284=DIRECTION('center_axis',(-1.,0.,0.));
#6285=DIRECTION('ref_axis',(0.,0.,1.));
#6286=DIRECTION('center_axis',(0.999048221581858,0.,0.0436193873653361));
#6287=DIRECTION('ref_axis',(0.0436193873653361,0.,-0.999048221581858));
#6288=DIRECTION('',(0.,1.,0.));
#6289=DIRECTION('',(-0.0436044685155621,-0.0261520507014057,0.998706523744381));
#6290=DIRECTION('',(0.0435381827808661,-0.0609906510962986,-0.997188330817699));
#6291=DIRECTION('',(0.,1.,0.));
#6292=DIRECTION('center_axis',(-1.,0.,0.));
#6293=DIRECTION('ref_axis',(0.,0.,1.));
#6294=DIRECTION('',(-1.,0.,0.));
#6295=DIRECTION('center_axis',(-0.999048221581858,0.,0.0436193873653361));
#6296=DIRECTION('ref_axis',(0.0436193873653361,0.,0.999048221581858));
#6297=DIRECTION('',(0.,-1.,0.));
#6298=DIRECTION('',(0.0435381827808661,0.0609906510962986,0.997188330817699));
#6299=DIRECTION('',(-0.0436044685155621,0.0261520507014057,-0.998706523744381));
#6300=DIRECTION('',(0.,-1.,0.));
#6301=DIRECTION('center_axis',(0.807674361309096,0.589628803641701,0.));
#6302=DIRECTION('ref_axis',(-0.589628803641701,0.807674361309096,0.));
#6303=DIRECTION('center_axis',(0.,1.,0.));
#6304=DIRECTION('ref_axis',(0.,0.,1.));
#6305=DIRECTION('center_axis',(0.807674361309098,0.589628803641699,-1.54550824163144E-33));
#6306=DIRECTION('ref_axis',(-0.589628803641699,0.807674361309098,1.0263416486754E-48));
#6307=DIRECTION('center_axis',(0.807674361309101,0.589628803641694,0.));
#6308=DIRECTION('ref_axis',(-0.589628803641694,0.807674361309102,0.));
#6309=DIRECTION('center_axis',(-1.,5.46369598732853E-16,0.));
#6310=DIRECTION('ref_axis',(-5.46369598732853E-16,-1.,0.));
#6311=DIRECTION('center_axis',(6.85073852471388E-16,1.,0.));
#6312=DIRECTION('ref_axis',(-1.,6.85073852471388E-16,0.));
#6313=DIRECTION('center_axis',(-6.72454890748126E-16,-1.,0.));
#6314=DIRECTION('ref_axis',(1.,-6.72454890748126E-16,0.));
#6315=DIRECTION('center_axis',(-1.,0.,0.));
#6316=DIRECTION('ref_axis',(0.,0.,1.));
#6317=DIRECTION('center_axis',(1.,-5.14230210572097E-16,-7.76058746101342E-33));
#6318=DIRECTION('ref_axis',(5.14230210572097E-16,1.,3.03858167864314E-63));
#6319=DIRECTION('center_axis',(-1.,-7.30745442636156E-15,0.));
#6320=DIRECTION('ref_axis',(7.30745442636155E-15,-1.,0.));
#6321=DIRECTION('center_axis',(0.,1.,0.));
#6322=DIRECTION('ref_axis',(0.,0.,1.));
#6323=DIRECTION('center_axis',(1.,0.,0.));
#6324=DIRECTION('ref_axis',(0.,0.,-1.));
#6325=DIRECTION('',(1.,0.,0.));
#6326=DIRECTION('center_axis',(1.68352953999919E-15,1.,-1.82123199577618E-15));
#6327=DIRECTION('ref_axis',(0.,1.82123199577618E-15,1.));
#6328=DIRECTION('center_axis',(0.,1.,0.));
#6329=DIRECTION('ref_axis',(0.,0.,1.));
#6330=DIRECTION('',(0.,1.,0.));
#6331=DIRECTION('center_axis',(-1.,0.,0.));
#6332=DIRECTION('ref_axis',(0.,0.,1.));
#6333=DIRECTION('center_axis',(-1.,3.2139388160756E-17,0.));
#6334=DIRECTION('ref_axis',(-3.2139388160756E-17,-1.,0.));
#6335=DIRECTION('',(-1.,3.2139388160756E-17,0.));
#6336=DIRECTION('center_axis',(-1.,0.,0.));
#6337=DIRECTION('ref_axis',(0.,0.,1.));
#6338=DIRECTION('center_axis',(-2.7929131479604E-16,1.12073297255591E-16,
1.));
#6339=DIRECTION('ref_axis',(0.953647415846212,-0.300926247193297,3.00071237377238E-16));
#6340=DIRECTION('center_axis',(-0.807674361309096,0.589628803641702,6.42077497734859E-15));
#6341=DIRECTION('ref_axis',(-0.589628803641702,-0.807674361309096,-5.91645678915759E-30));
#6342=DIRECTION('center_axis',(0.807674361309098,-0.589628803641699,0.));
#6343=DIRECTION('ref_axis',(0.589628803641699,0.807674361309098,0.));
#6344=DIRECTION('',(-0.807674361309098,0.589628803641699,0.));
#6345=DIRECTION('center_axis',(-0.807674361309096,0.589628803641701,0.));
#6346=DIRECTION('ref_axis',(-0.589628803641701,-0.807674361309096,0.));
#6347=DIRECTION('center_axis',(0.,1.,0.));
#6348=DIRECTION('ref_axis',(0.,0.,1.));
#6349=DIRECTION('center_axis',(0.0609350948971757,0.0609350948971757,-0.99627999499124));
#6350=DIRECTION('ref_axis',(-0.998134798421867,-5.160802341031E-17,-0.061048539534857));
#6351=DIRECTION('',(-0.0609350948971757,-0.0609350948971757,0.99627999499124));
#6352=DIRECTION('',(0.0609350948971757,0.0609350948971757,-0.99627999499124));
#6353=DIRECTION('center_axis',(0.998134798421867,0.,0.061048539534857));
#6354=DIRECTION('ref_axis',(0.061048539534857,0.,-0.998134798421867));
#6355=DIRECTION('',(0.0610276976517026,0.0261281563857739,-0.997794036644443));
#6356=DIRECTION('',(0.,1.,0.));
#6357=DIRECTION('center_axis',(0.,0.998134798421867,0.061048539534857));
#6358=DIRECTION('ref_axis',(0.,-0.061048539534857,0.998134798421867));
#6359=DIRECTION('',(-1.,0.,0.));
#6360=DIRECTION('',(0.0609350948971757,-0.0609350948971757,0.99627999499124));
#6361=DIRECTION('center_axis',(-0.0610276976517026,-0.0261281563857739,
0.997794036644443));
#6362=DIRECTION('ref_axis',(0.998134798421867,-9.10729824887824E-18,0.061048539534857));
#6363=DIRECTION('',(-0.0610276976517026,-0.0261281563857739,0.997794036644443));
#6364=DIRECTION('center_axis',(-0.0609350948971757,0.0609350948971757,-0.99627999499124));
#6365=DIRECTION('ref_axis',(-0.998134798421867,5.160802341031E-17,0.061048539534857));
#6366=DIRECTION('',(-0.0609350948971757,0.0609350948971757,-0.99627999499124));
#6367=DIRECTION('center_axis',(0.,0.999657324975557,0.0261769483078732));
#6368=DIRECTION('ref_axis',(0.,-0.0261769483078732,0.999657324975557));
#6369=DIRECTION('',(0.0436044685155621,0.0261520507014057,-0.998706523744381));
#6370=DIRECTION('',(-1.,0.,0.));
#6371=DIRECTION('center_axis',(-0.998134798421867,0.,0.061048539534857));
#6372=DIRECTION('ref_axis',(0.061048539534857,0.,0.998134798421867));
#6373=DIRECTION('',(0.,-1.,0.));
#6374=DIRECTION('',(0.0610276976517026,-0.0261281563857739,0.997794036644443));
#6375=DIRECTION('center_axis',(0.,1.,0.));
#6376=DIRECTION('ref_axis',(0.,0.,1.));
#6377=DIRECTION('center_axis',(0.0436044685155621,0.0261520507014057,-0.998706523744381));
#6378=DIRECTION('ref_axis',(-0.999048221581858,8.23993651088983E-18,-0.0436193873653361));
#6379=DIRECTION('center_axis',(-0.0610276976517026,0.0261281563857739,-0.997794036644443));
#6380=DIRECTION('ref_axis',(-0.998134798421867,-9.10729824887824E-18,0.061048539534857));
#6381=DIRECTION('',(-0.0610276976517026,0.0261281563857739,-0.997794036644443));
#6382=DIRECTION('center_axis',(0.,0.999657324975557,0.0261769483078732));
#6383=DIRECTION('ref_axis',(0.,-0.0261769483078732,0.999657324975557));
#6384=DIRECTION('',(-1.,0.,0.));
#6385=DIRECTION('',(0.0436044685155621,-0.0261520507014057,0.998706523744381));
#6386=DIRECTION('center_axis',(-0.0436044685155621,0.0261520507014057,-0.998706523744381));
#6387=DIRECTION('ref_axis',(-0.999048221581858,-8.23993651088983E-18,0.0436193873653361));
#6388=DIRECTION('center_axis',(-0.0130527832817457,0.00782848780869647,
0.999884163104521));
#6389=DIRECTION('ref_axis',(0.857485810546445,-0.514282436350625,0.0152203933185423));
#6390=DIRECTION('center_axis',(0.,-1.,0.));
#6391=DIRECTION('ref_axis',(0.,0.,-1.));
#6392=DIRECTION('center_axis',(-3.48690070057356E-15,1.,3.64246399155235E-15));
#6393=DIRECTION('ref_axis',(0.,-3.64246399155235E-15,1.));
#6394=DIRECTION('',(0.,1.,0.));
#6395=DIRECTION('center_axis',(0.0435381827808661,-0.0609906510962986,-0.997188330817699));
#6396=DIRECTION('ref_axis',(9.10729824887824E-18,0.998134798421867,-0.061048539534857));
#6397=DIRECTION('',(-0.0435381827808661,0.0609906510962986,0.997188330817699));
#6398=DIRECTION('center_axis',(0.,1.,0.));
#6399=DIRECTION('ref_axis',(0.,0.,1.));
#6400=DIRECTION('center_axis',(0.,1.,0.));
#6401=DIRECTION('ref_axis',(0.,0.,1.));
#6402=DIRECTION('center_axis',(0.,-0.998134798421867,0.061048539534857));
#6403=DIRECTION('ref_axis',(0.,-0.061048539534857,-0.998134798421867));
#6404=DIRECTION('',(-0.0435381827808661,-0.0609906510962986,-0.997188330817699));
#6405=DIRECTION('',(1.,0.,0.));
#6406=DIRECTION('center_axis',(0.,-1.,0.));
#6407=DIRECTION('ref_axis',(0.,0.,-1.));
#6408=DIRECTION('',(0.,1.,0.));
#6409=DIRECTION('center_axis',(-0.0435381827808661,-0.0609906510962986,
-0.997188330817699));
#6410=DIRECTION('ref_axis',(-9.10729824887824E-18,0.998134798421867,-0.061048539534857));
#6411=DIRECTION('center_axis',(-1.,0.,0.));
#6412=DIRECTION('ref_axis',(0.,0.,1.));
#6413=DIRECTION('center_axis',(-1.,0.,0.));
#6414=DIRECTION('ref_axis',(0.,0.,1.));
#6415=DIRECTION('center_axis',(-1.,0.,0.));
#6416=DIRECTION('ref_axis',(0.,0.,1.));
#6417=DIRECTION('center_axis',(0.,1.,0.));
#6418=DIRECTION('ref_axis',(0.,0.,1.));
#6419=DIRECTION('center_axis',(-1.,0.,0.));
#6420=DIRECTION('ref_axis',(0.,0.,1.));
#6421=DIRECTION('center_axis',(1.,0.,0.));
#6422=DIRECTION('ref_axis',(0.,0.,-1.));
#6423=DIRECTION('center_axis',(0.,1.,0.));
#6424=DIRECTION('ref_axis',(0.,0.,1.));
#6425=DIRECTION('center_axis',(0.,-1.,0.));
#6426=DIRECTION('ref_axis',(0.,0.,-1.));
#6427=DIRECTION('center_axis',(0.,1.,0.));
#6428=DIRECTION('ref_axis',(0.,0.,1.));
#6429=DIRECTION('center_axis',(-1.,0.,0.));
#6430=DIRECTION('ref_axis',(0.,0.,1.));
#6431=DIRECTION('center_axis',(1.,0.,0.));
#6432=DIRECTION('ref_axis',(0.,0.,-1.));
#6433=DIRECTION('center_axis',(1.,0.,0.));
#6434=DIRECTION('ref_axis',(0.,0.,-1.));
#6435=DIRECTION('center_axis',(1.,0.,0.));
#6436=DIRECTION('ref_axis',(0.,0.,-1.));
#6437=DIRECTION('center_axis',(0.0260035287470234,-0.0333681593716301,0.999104790516416));
#6438=DIRECTION('ref_axis',(0.739702306021063,0.672926530186981,0.00322233418994517));
#6439=DIRECTION('center_axis',(0.,0.,-1.));
#6440=DIRECTION('ref_axis',(-1.,0.,0.));
#6441=DIRECTION('',(1.,1.21647175290393E-16,0.));
#6442=DIRECTION('',(0.830190012786621,0.557480531202076,0.));
#6443=DIRECTION('center_axis',(0.,0.,1.));
#6444=DIRECTION('ref_axis',(1.,0.,0.));
#6445=DIRECTION('center_axis',(1.21647175290393E-16,-1.,0.));
#6446=DIRECTION('ref_axis',(1.,1.21647175290393E-16,0.));
#6447=DIRECTION('',(0.,0.,1.));
#6448=DIRECTION('center_axis',(0.,0.,1.));
#6449=DIRECTION('ref_axis',(1.,0.,0.));
#6450=DIRECTION('',(0.,0.,1.));
#6451=DIRECTION('center_axis',(0.557480531202077,0.830190012786622,0.));
#6452=DIRECTION('ref_axis',(-0.830190012786622,0.557480531202076,0.));
#6453=DIRECTION('center_axis',(0.,0.,1.));
#6454=DIRECTION('ref_axis',(1.,0.,0.));
#6455=DIRECTION('',(0.,0.,1.));
#6456=DIRECTION('',(0.,0.,1.));
#6457=DIRECTION('center_axis',(1.21647175290393E-16,-1.,0.));
#6458=DIRECTION('ref_axis',(1.,1.21647175290393E-16,0.));
#6459=DIRECTION('center_axis',(0.557480531202076,-0.830190012786622,0.));
#6460=DIRECTION('ref_axis',(0.830190012786622,0.557480531202076,0.));
#6461=DIRECTION('center_axis',(0.,0.,1.));
#6462=DIRECTION('ref_axis',(1.,0.,0.));
#6463=DIRECTION('center_axis',(0.,0.,1.));
#6464=DIRECTION('ref_axis',(1.,0.,0.));
#6465=CARTESIAN_POINT('',(0.,0.,0.));
#6466=CARTESIAN_POINT('Origin',(-5.,0.755464803922967,0.));
#6467=CARTESIAN_POINT('',(-5.06425,0.755464803922967,-0.0625000000000002));
#6468=CARTESIAN_POINT('Origin',(-5.,0.755464803922967,-0.0625000000000002));
#6469=CARTESIAN_POINT('',(-5.06425,0.755464803922967,5.33639842728458E-17));
#6470=CARTESIAN_POINT('',(-5.06425,0.755464803922967,0.));
#6471=CARTESIAN_POINT('Origin',(-5.,0.755464803922967,5.33639842728458E-17));
#6472=CARTESIAN_POINT('Origin',(5.,0.755464803922968,0.));
#6473=CARTESIAN_POINT('',(4.93575,0.755464803922968,-0.0625000000000002));
#6474=CARTESIAN_POINT('Origin',(5.,0.755464803922968,-0.0625000000000002));
#6475=CARTESIAN_POINT('',(4.93575,0.755464803922968,5.33639842728458E-17));
#6476=CARTESIAN_POINT('',(4.93575,0.755464803922968,0.));
#6477=CARTESIAN_POINT('Origin',(5.,0.755464803922968,5.33639842728458E-17));
#6478=CARTESIAN_POINT('Origin',(-4.0625,-0.744535196077033,0.));
#6479=CARTESIAN_POINT('',(-4.12675,-0.744535196077033,-0.0625000000000002));
#6480=CARTESIAN_POINT('Origin',(-4.0625,-0.744535196077033,-0.0625000000000002));
#6481=CARTESIAN_POINT('',(-4.12675,-0.744535196077033,5.33639842728458E-17));
#6482=CARTESIAN_POINT('',(-4.12675,-0.744535196077033,0.));
#6483=CARTESIAN_POINT('Origin',(-4.0625,-0.744535196077033,5.33639842728458E-17));
#6484=CARTESIAN_POINT('Origin',(4.0625,-0.744535196077032,0.));
#6485=CARTESIAN_POINT('',(3.99825,-0.744535196077032,-0.0625000000000002));
#6486=CARTESIAN_POINT('Origin',(4.0625,-0.744535196077032,-0.0625000000000002));
#6487=CARTESIAN_POINT('',(3.99825,-0.744535196077032,5.33639842728458E-17));
#6488=CARTESIAN_POINT('',(3.99825,-0.744535196077032,0.));
#6489=CARTESIAN_POINT('Origin',(4.0625,-0.744535196077032,5.33639842728458E-17));
#6490=CARTESIAN_POINT('Ctrl Pts',(2.56710627182531,-1.85653276532928,0.0468602012422898));
#6491=CARTESIAN_POINT('Ctrl Pts',(2.56455495956097,-1.85295874854188,0.0577089378703061));
#6492=CARTESIAN_POINT('Ctrl Pts',(2.56404539934476,-1.85224492891565,0.069379785595221));
#6493=CARTESIAN_POINT('Ctrl Pts',(2.54568202187637,-1.87182646840998,0.0468601823152402));
#6494=CARTESIAN_POINT('Ctrl Pts',(2.54350030878924,-1.86798861456282,0.0577089235176936));
#6495=CARTESIAN_POINT('Ctrl Pts',(2.54306461484329,-1.86722206416656,0.0693797855952215));
#6496=CARTESIAN_POINT('Ctrl Pts',(2.52184982525251,-1.88374584331618,0.0469283861061675));
#6497=CARTESIAN_POINT('Ctrl Pts',(2.52008612870918,-1.87970743001853,0.0577895122722519));
#6498=CARTESIAN_POINT('Ctrl Pts',(2.51974495594419,-1.87890986106939,0.0694701130792803));
#6499=CARTESIAN_POINT('Ctrl Pts',(2.47167387921997,-1.89969674034135,0.0471949633127239));
#6500=CARTESIAN_POINT('Ctrl Pts',(2.47077910876932,-1.89541061408317,0.0581044077784242));
#6501=CARTESIAN_POINT('Ctrl Pts',(2.4706188255346,-1.89461051711321,0.0698229031202253));
#6502=CARTESIAN_POINT('Ctrl Pts',(2.44532658968247,-1.90372462446422,0.0473934389522678));
#6503=CARTESIAN_POINT('Ctrl Pts',(2.44488829938622,-1.899391471148,0.0583387623296242));
#6504=CARTESIAN_POINT('Ctrl Pts',(2.44482312601263,-1.89861995052748,0.0700852880106698));
#6505=CARTESIAN_POINT('Ctrl Pts',(2.41900588222208,-1.9036249069253,0.0476480557053832));
#6506=CARTESIAN_POINT('Ctrl Pts',(2.41900588222208,-1.89932002152313,0.0586392284087416));
#6507=CARTESIAN_POINT('Ctrl Pts',(2.41900588222208,-1.8985993955125,0.0704213595348857));
#6508=CARTESIAN_POINT('',(2.42197137383095,-1.90290655037621,0.0495100482770009));
#6509=CARTESIAN_POINT('',(2.56707400180949,-1.85648755973847,0.0469978116812081));
#6510=CARTESIAN_POINT('Ctrl Pts',(2.42197137383088,-1.90290655037621,0.0495100482748105));
#6511=CARTESIAN_POINT('Ctrl Pts',(2.44784193585336,-1.90290655038308,0.0486694960520246));
#6512=CARTESIAN_POINT('Ctrl Pts',(2.47354083884296,-1.89889426768757,0.0480856979755492));
#6513=CARTESIAN_POINT('Ctrl Pts',(2.52279453983275,-1.88312938198074,0.0472604624380019));
#6514=CARTESIAN_POINT('Ctrl Pts',(2.54602869422721,-1.8714876299561,0.047044558082869));
#6515=CARTESIAN_POINT('Ctrl Pts',(2.56707400180949,-1.85648755973847,0.0469978116812072));
#6516=CARTESIAN_POINT('',(2.56404539934476,-1.85224492891565,0.069379785595221));
#6517=CARTESIAN_POINT('Origin',(2.60749813555116,-1.91311588180963,0.0749999999999999));
#6518=CARTESIAN_POINT('',(2.41900588222208,-1.8985993955125,0.0704213595348854));
#6519=CARTESIAN_POINT('Ctrl Pts',(2.41900588222208,-1.8985993955125,0.0704213595348857));
#6520=CARTESIAN_POINT('Ctrl Pts',(2.43194708950119,-1.89860969896362,0.0702528995981562));
#6521=CARTESIAN_POINT('Ctrl Pts',(2.44504429914251,-1.89760314872614,0.070100933245029));
#6522=CARTESIAN_POINT('Ctrl Pts',(2.45805455569303,-1.89555466442742,0.069969076423411));
#6523=CARTESIAN_POINT('Ctrl Pts',(2.47058557348021,-1.89358163698678,0.0698420766082542));
#6524=CARTESIAN_POINT('Ctrl Pts',(2.4830347506808,-1.89064240139636,0.0697337404952803));
#6525=CARTESIAN_POINT('Ctrl Pts',(2.4951818907394,-1.8867601890913,0.0696465080997524));
#6526=CARTESIAN_POINT('Ctrl Pts',(2.50778758334417,-1.88273142390806,0.0695559826955917));
#6527=CARTESIAN_POINT('Ctrl Pts',(2.52006385897545,-1.8776881510949,0.0694882199642432));
#6528=CARTESIAN_POINT('Ctrl Pts',(2.53179590215524,-1.87175267216209,0.069443785384029));
#6529=CARTESIAN_POINT('Ctrl Pts',(2.5431067390337,-1.8660302900522,0.0694009461035335));
#6530=CARTESIAN_POINT('Ctrl Pts',(2.5539109121478,-1.85947943368056,0.069379785595221));
#6531=CARTESIAN_POINT('Ctrl Pts',(2.56404539934476,-1.85224492891565,0.069379785595221));
#6532=CARTESIAN_POINT('',(2.41900588222208,-1.90290655037621,0.0495582913655867));
#6533=CARTESIAN_POINT('Origin',(2.41900588222208,-1.97345950539414,0.075));
#6534=CARTESIAN_POINT('Ctrl Pts',(2.42197137383088,-1.90290655037621,0.0495100482748098));
#6535=CARTESIAN_POINT('Ctrl Pts',(2.42147828682268,-1.90290655037621,0.0495260690079905));
#6536=CARTESIAN_POINT('Ctrl Pts',(2.42098520109107,-1.90290655037627,0.049538114920537));
#6537=CARTESIAN_POINT('Ctrl Pts',(2.41999657264921,-1.90290655037627,0.0495542448685381));
#6538=CARTESIAN_POINT('Ctrl Pts',(2.41950129483832,-1.90290655037621,0.0495582910211998));
#6539=CARTESIAN_POINT('Ctrl Pts',(2.41900588222208,-1.90290655037621,0.0495582913655868));
#6540=CARTESIAN_POINT('Ctrl Pts',(-2.60749897419962,-1.91311705663394,1.38901869815927E-11));
#6541=CARTESIAN_POINT('Ctrl Pts',(-2.56707464466721,-1.85648846028847,-1.33905882599367E-6));
#6542=CARTESIAN_POINT('Ctrl Pts',(-2.56404539934476,-1.85224492891565,0.069379785595221));
#6543=CARTESIAN_POINT('Ctrl Pts',(-2.62842962254177,-1.89817571108675,1.38901869094317E-11));
#6544=CARTESIAN_POINT('Ctrl Pts',(-2.58351188598831,-1.84475473382042,-1.33905813357989E-6));
#6545=CARTESIAN_POINT('Ctrl Pts',(-2.58014582636075,-1.84075163737551,0.069379785595211));
#6546=CARTESIAN_POINT('Ctrl Pts',(-2.64757153572415,-1.88073308721683,1.39008032885625E-11));
#6547=CARTESIAN_POINT('Ctrl Pts',(-2.59852312209811,-1.83100581933369,-1.34052292795063E-6));
#6548=CARTESIAN_POINT('Ctrl Pts',(-2.59486799408852,-1.82733105033143,0.0694328126710761));
#6549=CARTESIAN_POINT('Ctrl Pts',(-2.68121134908203,-1.84181773921887,1.39426751420571E-11));
#6550=CARTESIAN_POINT('Ctrl Pts',(-2.62478121890554,-1.80033091870334,-1.3463094659724E-6));
#6551=CARTESIAN_POINT('Ctrl Pts',(-2.62073552551508,-1.79738350769678,0.0696419580831215));
#6552=CARTESIAN_POINT('Ctrl Pts',(-2.69570696718304,-1.82034743084967,1.39739285540376E-11));
#6553=CARTESIAN_POINT('Ctrl Pts',(-2.63603740128203,-1.78338450124488,-1.35063908121798E-6));
#6554=CARTESIAN_POINT('Ctrl Pts',(-2.63187913449619,-1.78085841059214,0.069798065383068));
#6555=CARTESIAN_POINT('Ctrl Pts',(-2.71923968307454,-1.77458119835324,1.40553241335782E-11));
#6556=CARTESIAN_POINT('Ctrl Pts',(-2.65414503731955,-1.74733351290169,-1.36196280885281E-6));
#6557=CARTESIAN_POINT('Ctrl Pts',(-2.64996338907254,-1.74562890575031,0.0702046266647324));
#6558=CARTESIAN_POINT('Ctrl Pts',(-2.72827553909338,-1.7502876898875,1.41054529211294E-11));
#6559=CARTESIAN_POINT('Ctrl Pts',(-2.66099504080693,-1.72820553139489,-1.36896991157364E-6));
#6560=CARTESIAN_POINT('Ctrl Pts',(-2.65690308040065,-1.72692635699821,0.0704550591930971));
#6561=CARTESIAN_POINT('Ctrl Pts',(-2.74038172856301,-1.70023579626322,1.42218113629042E-11));
#6562=CARTESIAN_POINT('Ctrl Pts',(-2.66992835600792,-1.68892827230561,-1.38533307910745E-6));
#6563=CARTESIAN_POINT('Ctrl Pts',(-2.66619011218683,-1.68838952451762,0.0710362524114058));
#6564=CARTESIAN_POINT('Ctrl Pts',(-2.74345106782234,-1.67448060386038,1.42880236278508E-11));
#6565=CARTESIAN_POINT('Ctrl Pts',(-2.67199869133624,-1.66875865047008,-1.39470481059698E-6));
#6566=CARTESIAN_POINT('Ctrl Pts',(-2.66853668917598,-1.66855770592494,0.0713669781260493));
#6567=CARTESIAN_POINT('Ctrl Pts',(-2.74345070558621,-1.64871463451117,1.43604242904238E-11));
#6568=CARTESIAN_POINT('Ctrl Pts',(-2.67165235656885,-1.64871564957187,-1.40501091886553E-6));
#6569=CARTESIAN_POINT('Ctrl Pts',(-2.66852061847328,-1.64871569379299,0.0717286106119509));
#6570=CARTESIAN_POINT('',(-2.5693768035114,-1.85482512394067,0.0469958619592398));
#6571=CARTESIAN_POINT('',(-2.56707340865675,-1.85648672881789,0.0470003484494778));
#6572=CARTESIAN_POINT('Origin',(-2.45955755501393,-1.69430609626197,0.0552367684195778));
#6573=CARTESIAN_POINT('',(-2.56404539934476,-1.85224492891565,0.069379785595221));
#6574=CARTESIAN_POINT('Origin',(-2.60749813555116,-1.91311588180963,0.0749999999999999));
#6575=CARTESIAN_POINT('',(-2.66852062132175,-1.64871924180758,0.0717285459475993));
#6576=CARTESIAN_POINT('Ctrl Pts',(-2.66852062132175,-1.64871924180758,0.0717285459475993));
#6577=CARTESIAN_POINT('Ctrl Pts',(-2.66853640943511,-1.66856007005091,0.0713669387007646));
#6578=CARTESIAN_POINT('Ctrl Pts',(-2.66618983540453,-1.68839067303456,0.0710362350900477));
#6579=CARTESIAN_POINT('Ctrl Pts',(-2.66154645790259,-1.70765851501639,0.0707456471415723));
#6580=CARTESIAN_POINT('Ctrl Pts',(-2.65690308040065,-1.72692635699821,0.0704550591930968));
#6581=CARTESIAN_POINT('Ctrl Pts',(-2.64996338907254,-1.74562890575031,0.0702046266647321));
#6582=CARTESIAN_POINT('Ctrl Pts',(-2.64092126178437,-1.76324365817122,0.0700013460239));
#6583=CARTESIAN_POINT('Ctrl Pts',(-2.63187913449619,-1.78085841059214,0.0697980653830678));
#6584=CARTESIAN_POINT('Ctrl Pts',(-2.62073552551508,-1.79738350769678,0.0696419580831214));
#6585=CARTESIAN_POINT('Ctrl Pts',(-2.6078017598018,-1.81235727901411,0.0695373853770987));
#6586=CARTESIAN_POINT('Ctrl Pts',(-2.59486799408852,-1.82733105033143,0.0694328126710761));
#6587=CARTESIAN_POINT('Ctrl Pts',(-2.58014582636075,-1.84075163737551,0.0693797855952109));
#6588=CARTESIAN_POINT('Ctrl Pts',(-2.56404539934476,-1.85224492891565,0.069379785595221));
#6589=CARTESIAN_POINT('',(-2.74344923794039,-1.64871924180758,0.));
#6590=CARTESIAN_POINT('Origin',(-2.74344923794039,-1.64871924180758,0.0749999999999999));
#6591=CARTESIAN_POINT('',(-2.73137839115068,-1.73655867142638,-1.37377800054181E-16));
#6592=CARTESIAN_POINT('Origin',(-2.49279851260546,-1.65758123927352,-3.86055449782609E-10));
#6593=CARTESIAN_POINT('Ctrl Pts',(-2.56937681569607,-1.8548251408296,0.0469957793368012));
#6594=CARTESIAN_POINT('Ctrl Pts',(-2.57269652074009,-1.85240164714537,0.046989961304583));
#6595=CARTESIAN_POINT('Ctrl Pts',(-2.57597061862273,-1.85001144818645,0.0467357794394633));
#6596=CARTESIAN_POINT('Ctrl Pts',(-2.58351034735073,-1.84450719864896,0.0456404333495081));
#6597=CARTESIAN_POINT('Ctrl Pts',(-2.58769901306118,-1.84144933514603,0.0446631804820808));
#6598=CARTESIAN_POINT('Ctrl Pts',(-2.60868575739102,-1.82612832268813,0.0385447078850384));
#6599=CARTESIAN_POINT('Ctrl Pts',(-2.62739047378331,-1.81247326555509,0.0290867891368937));
#6600=CARTESIAN_POINT('Ctrl Pts',(-2.66614316413434,-1.78418252915913,0.0129809108072713));
#6601=CARTESIAN_POINT('Ctrl Pts',(-2.68470456608855,-1.77063209627091,0.00623172023477366));
#6602=CARTESIAN_POINT('Ctrl Pts',(-2.71312921451624,-1.74988116959894,0.000972773446260232));
#6603=CARTESIAN_POINT('Ctrl Pts',(-2.72226614120514,-1.74321091310621,5.54079152152704E-16));
#6604=CARTESIAN_POINT('Ctrl Pts',(-2.73137839113778,-1.7365586714558,-1.18835387724395E-16));
#6605=CARTESIAN_POINT('Ctrl Pts',(1.78882918811789,2.226329188119,0.0449745597794437));
#6606=CARTESIAN_POINT('Ctrl Pts',(1.785341834977,2.22284183497809,0.0562634762029426));
#6607=CARTESIAN_POINT('Ctrl Pts',(1.78459116283847,2.22209116283956,0.0685368571778946));
#6608=CARTESIAN_POINT('Ctrl Pts',(1.81247432194176,2.20268405418304,0.0449745051244782));
#6609=CARTESIAN_POINT('Ctrl Pts',(1.8085296696904,2.19965400549634,0.0562634334349907));
#6610=CARTESIAN_POINT('Ctrl Pts',(1.80768039819227,2.19900192748588,0.0685368571780358));
#6611=CARTESIAN_POINT('Ctrl Pts',(1.8313610830986,2.17429373825974,0.0450976646237013));
#6612=CARTESIAN_POINT('Ctrl Pts',(1.8270582398504,2.17182804425195,0.0564112734202438));
#6613=CARTESIAN_POINT('Ctrl Pts',(1.82614610366008,2.17132364881255,0.0687042684285178));
#6614=CARTESIAN_POINT('Ctrl Pts',(1.85674630062387,2.11240668968511,0.0455725195944888));
#6615=CARTESIAN_POINT('Ctrl Pts',(1.85200164790017,2.11114478343175,0.0569809747592286));
#6616=CARTESIAN_POINT('Ctrl Pts',(1.85108419924992,2.11091740544126,0.0693487970361195));
#6617=CARTESIAN_POINT('Ctrl Pts',(1.86322999262979,2.07891106490307,0.0459244922901596));
#6618=CARTESIAN_POINT('Ctrl Pts',(1.85840226483537,2.07830092175352,0.0574029249294226));
#6619=CARTESIAN_POINT('Ctrl Pts',(1.85754275363233,2.07822314433732,0.0698255533534347));
#6620=CARTESIAN_POINT('Ctrl Pts',(1.86304779221135,2.04547261295968,0.0463656237665359));
#6621=CARTESIAN_POINT('Ctrl Pts',(1.85827024326062,2.04547261295968,0.0579312030704881));
#6622=CARTESIAN_POINT('Ctrl Pts',(1.85750631256517,2.04547261295968,0.0704213595348867));
#6623=CARTESIAN_POINT('',(1.78878305660033,2.22628305660145,0.0451243366340572));
#6624=CARTESIAN_POINT('',(1.86181346742888,2.04977976775022,0.0494564246940828));
#6625=CARTESIAN_POINT('Ctrl Pts',(1.78878305660033,2.22628305660145,0.0451243366340556));
#6626=CARTESIAN_POINT('Ctrl Pts',(1.81195367880041,2.20311243440152,0.0451242831511901));
#6627=CARTESIAN_POINT('Ctrl Pts',(1.83030933840112,2.17561980002537,0.0454523572350494));
#6628=CARTESIAN_POINT('Ctrl Pts',(1.85537942170897,2.11502924461367,0.0468819187740715));
#6629=CARTESIAN_POINT('Ctrl Pts',(1.86181346742888,2.08258063468842,0.0479093301890169));
#6630=CARTESIAN_POINT('Ctrl Pts',(1.86181346742888,2.04977976775006,0.049456424690649));
#6631=CARTESIAN_POINT('',(1.78459116283901,2.22209116283901,0.0685368571778949));
#6632=CARTESIAN_POINT('Origin',(1.83742688837042,2.27492688837042,0.0750000000000007));
#6633=CARTESIAN_POINT('',(1.85750631256517,2.0454726129597,0.070421359534886));
#6634=CARTESIAN_POINT('Ctrl Pts',(1.85750631256517,2.0454726129597,0.070421359534886));
#6635=CARTESIAN_POINT('Ctrl Pts',(1.85752035484099,2.05809277012567,0.0701917703546703));
#6636=CARTESIAN_POINT('Ctrl Pts',(1.85656602342605,2.07090255926264,0.0699763325002905));
#6637=CARTESIAN_POINT('Ctrl Pts',(1.85460586997057,2.08367377872421,0.0697798733741562));
#6638=CARTESIAN_POINT('Ctrl Pts',(1.85260709631308,2.09669662495212,0.0695795434841708));
#6639=CARTESIAN_POINT('Ctrl Pts',(1.8495623952724,2.10967814514492,0.0693989712070093));
#6640=CARTESIAN_POINT('Ctrl Pts',(1.84548496209635,2.12236683697125,0.069242487068573));
#6641=CARTESIAN_POINT('Ctrl Pts',(1.84344942635677,2.12870128430266,0.0691643670742746));
#6642=CARTESIAN_POINT('Ctrl Pts',(1.84115733797964,2.13496272179856,0.0690922359024846));
#6643=CARTESIAN_POINT('Ctrl Pts',(1.83861515145501,2.14112052712691,0.0690265327321991));
#6644=CARTESIAN_POINT('Ctrl Pts',(1.8335250383557,2.15345004160635,0.0688949780392227));
#6645=CARTESIAN_POINT('Ctrl Pts',(1.82743191512888,2.16535652085446,0.068789337499891));
#6646=CARTESIAN_POINT('Ctrl Pts',(1.82048331361737,2.17663661943823,0.0687106253609737));
#6647=CARTESIAN_POINT('Ctrl Pts',(1.81365045033071,2.18772883293693,0.0686332242777007));
#6648=CARTESIAN_POINT('Ctrl Pts',(1.80599125193215,2.19821446157705,0.0685818622737552));
#6649=CARTESIAN_POINT('Ctrl Pts',(1.79768099906213,2.20793522333767,0.0685562304495094));
#6650=CARTESIAN_POINT('Ctrl Pts',(1.79347559031771,2.21285442100229,0.0685432594485657));
#6651=CARTESIAN_POINT('Ctrl Pts',(1.78910393304766,2.21757839263037,0.0685368571778946));
#6652=CARTESIAN_POINT('Ctrl Pts',(1.78459116283901,2.22209116283901,0.0685368571778946));
#6653=CARTESIAN_POINT('',(1.86181346742888,2.0454726129597,0.0495582913655997));
#6654=CARTESIAN_POINT('Origin',(1.93236642244681,2.0454726129597,0.075));
#6655=CARTESIAN_POINT('Ctrl Pts',(1.86181346742888,2.04977976775006,0.0494564246906486));
#6656=CARTESIAN_POINT('Ctrl Pts',(1.86181346742888,2.04906127407106,0.0494903133565282));
#6657=CARTESIAN_POINT('Ctrl Pts',(1.86181346742944,2.04834278011348,0.0495158137164794));
#6658=CARTESIAN_POINT('Ctrl Pts',(1.86181346742944,2.04690666033993,0.0495497872810694));
#6659=CARTESIAN_POINT('Ctrl Pts',(1.86181346742888,2.04618984110024,0.0495582902256019));
#6660=CARTESIAN_POINT('Ctrl Pts',(1.86181346742888,2.0454726129597,0.0495582913655995));
#6661=CARTESIAN_POINT('Ctrl Pts',(-1.16382918811845,2.22632918811845,0.0449745597794449));
#6662=CARTESIAN_POINT('Ctrl Pts',(-1.16034183497755,2.22284183497755,0.0562634762029431));
#6663=CARTESIAN_POINT('Ctrl Pts',(-1.15959116283901,2.22209116283901,0.0685368571778941));
#6664=CARTESIAN_POINT('Ctrl Pts',(-1.1401840541827,2.24997432194223,0.0449745051244615));
#6665=CARTESIAN_POINT('Ctrl Pts',(-1.13715400549596,2.24602966969083,0.0562634334349754));
#6666=CARTESIAN_POINT('Ctrl Pts',(-1.13650192748538,2.24518039819263,0.0685368571780269));
#6667=CARTESIAN_POINT('Ctrl Pts',(-1.11179373825922,2.26886108309893,0.0450976646236777));
#6668=CARTESIAN_POINT('Ctrl Pts',(-1.10932804425144,2.2645582398507,0.0564112734202297));
#6669=CARTESIAN_POINT('Ctrl Pts',(-1.10882364881205,2.26364610366035,0.0687042684285155));
#6670=CARTESIAN_POINT('Ctrl Pts',(-1.04990668968491,2.29424630062383,0.0455725195945206));
#6671=CARTESIAN_POINT('Ctrl Pts',(-1.04864478343156,2.28950164790015,0.0569809747592504));
#6672=CARTESIAN_POINT('Ctrl Pts',(-1.04841740544106,2.28858419924995,0.0693487970361283));
#6673=CARTESIAN_POINT('Ctrl Pts',(-1.0164110649029,2.30072999262979,0.0459244922902478));
#6674=CARTESIAN_POINT('Ctrl Pts',(-1.01580092175335,2.29590226483537,0.0574029249294732));
#6675=CARTESIAN_POINT('Ctrl Pts',(-1.01572314433716,2.29504275363233,0.0698255533534207));
#6676=CARTESIAN_POINT('Ctrl Pts',(-0.982972612959677,2.30054779221135,0.0463656237665372));
#6677=CARTESIAN_POINT('Ctrl Pts',(-0.982972612959677,2.29577024326062,0.0579312030704886));
#6678=CARTESIAN_POINT('Ctrl Pts',(-0.982972612959677,2.29500631256517,0.0704213595348861));
#6679=CARTESIAN_POINT('',(-1.16378305660089,2.22628305660089,0.0451243366340574));
#6680=CARTESIAN_POINT('',(-0.987279767750222,2.29931346742888,0.0494564246940901));
#6681=CARTESIAN_POINT('Ctrl Pts',(-1.16378305660089,2.22628305660089,0.0451243366340555));
#6682=CARTESIAN_POINT('Ctrl Pts',(-1.14061243440067,2.24945367880111,0.0451242831516334));
#6683=CARTESIAN_POINT('Ctrl Pts',(-1.11311980002428,2.26780933840162,0.0454523572351986));
#6684=CARTESIAN_POINT('Ctrl Pts',(-1.05252924461339,2.29287942170904,0.046881918773969));
#6685=CARTESIAN_POINT('Ctrl Pts',(-1.02008063468825,2.29931346742888,0.0479093301890747));
#6686=CARTESIAN_POINT('Ctrl Pts',(-0.98727976775006,2.29931346742888,0.0494564246906556));
#6687=CARTESIAN_POINT('',(-1.15959116283901,2.22209116283901,0.0685368571778943));
#6688=CARTESIAN_POINT('Origin',(-1.21242688837042,2.27492688837042,0.0750000000000001));
#6689=CARTESIAN_POINT('',(-0.982972612959701,2.29500631256517,0.070421359534886));
#6690=CARTESIAN_POINT('Ctrl Pts',(-0.982972612959701,2.29500631256517,0.0704213595348857));
#6691=CARTESIAN_POINT('Ctrl Pts',(-0.995592770125724,2.29502035484099,0.0701917703546689));
#6692=CARTESIAN_POINT('Ctrl Pts',(-1.00840255926276,2.29406602342603,0.0699763325002922));
#6693=CARTESIAN_POINT('Ctrl Pts',(-1.0211737787244,2.29210586997053,0.0697798733741618));
#6694=CARTESIAN_POINT('Ctrl Pts',(-1.03419662495246,2.290107096313,0.0695795434841789));
#6695=CARTESIAN_POINT('Ctrl Pts',(-1.04717814514542,2.28706239527226,0.069398971207021));
#6696=CARTESIAN_POINT('Ctrl Pts',(-1.05986683697187,2.28298496209614,0.0692424870685854));
#6697=CARTESIAN_POINT('Ctrl Pts',(-1.06620128430296,2.28094942635665,0.0691643670742922));
#6698=CARTESIAN_POINT('Ctrl Pts',(-1.07246272179853,2.27865733797964,0.069092235902506));
#6699=CARTESIAN_POINT('Ctrl Pts',(-1.07862052712656,2.27611515145516,0.0690265327322223));
#6700=CARTESIAN_POINT('Ctrl Pts',(-1.09095004160612,2.27102503835581,0.0688949780392411));
#6701=CARTESIAN_POINT('Ctrl Pts',(-1.10285652085437,2.26493191512893,0.0687893374999041));
#6702=CARTESIAN_POINT('Ctrl Pts',(-1.11413661943827,2.25798331361734,0.0687106253609825));
#6703=CARTESIAN_POINT('Ctrl Pts',(-1.12522883293703,2.25115045033063,0.0686332242777057));
#6704=CARTESIAN_POINT('Ctrl Pts',(-1.13571446157722,2.24349125193202,0.068581862273757));
#6705=CARTESIAN_POINT('Ctrl Pts',(-1.14543522333788,2.23518099906195,0.0685562304495097));
#6706=CARTESIAN_POINT('Ctrl Pts',(-1.15035442100243,2.23097559031758,0.0685432594485655));
#6707=CARTESIAN_POINT('Ctrl Pts',(-1.15507839263044,2.22660393304759,0.0685368571778941));
#6708=CARTESIAN_POINT('Ctrl Pts',(-1.15959116283901,2.22209116283901,0.0685368571778941));
#6709=CARTESIAN_POINT('',(-0.982972612959701,2.29931346742888,0.0495582913655878));
#6710=CARTESIAN_POINT('Origin',(-0.982972612959701,2.36986642244681,0.0750000000000007));
#6711=CARTESIAN_POINT('Ctrl Pts',(-0.98727976775006,2.29931346742888,0.0494564246906555));
#6712=CARTESIAN_POINT('Ctrl Pts',(-0.986561274071126,2.29931346742888,0.0494903133565311));
#6713=CARTESIAN_POINT('Ctrl Pts',(-0.985842780113468,2.29931346742944,0.049515813716486));
#6714=CARTESIAN_POINT('Ctrl Pts',(-0.984406660338859,2.29931346742944,0.0495497872810972));
#6715=CARTESIAN_POINT('Ctrl Pts',(-0.983689841099711,2.29931346742888,0.0495582902255916));
#6716=CARTESIAN_POINT('Ctrl Pts',(-0.982972612959701,2.29931346742888,0.0495582913655875));
#6717=CARTESIAN_POINT('Ctrl Pts',(-2.69721576727326,1.73079281643688,1.70740499604016E-16));
#6718=CARTESIAN_POINT('Ctrl Pts',(-2.63608814906579,1.69413114791896,1.71807627726542E-16));
#6719=CARTESIAN_POINT('Ctrl Pts',(-2.63298007600196,1.69226706180311,0.071186576761481));
#6720=CARTESIAN_POINT('Ctrl Pts',(-2.68286749614937,1.75471632222978,1.70740499604016E-16));
#6721=CARTESIAN_POINT('Ctrl Pts',(-2.62489074357279,1.7128010763627,1.79943296008652E-13));
#6722=CARTESIAN_POINT('Ctrl Pts',(-2.62194294436852,1.71066975856701,0.0711865767616348));
#6723=CARTESIAN_POINT('Ctrl Pts',(-2.66542031427879,1.77677668212623,1.62203474623816E-16));
#6724=CARTESIAN_POINT('Ctrl Pts',(-2.61123132948569,1.73000319762041,6.3460636651402E-14));
#6725=CARTESIAN_POINT('Ctrl Pts',(-2.60852018521895,1.7276381566198,0.0712289491386971));
#6726=CARTESIAN_POINT('Ctrl Pts',(-2.62547070931751,1.81572757154726,1.62203474623816E-16));
#6727=CARTESIAN_POINT('Ctrl Pts',(-2.57995626484246,1.76027421574108,-6.31979787757269E-14));
#6728=CARTESIAN_POINT('Ctrl Pts',(-2.57778244124887,1.75759601385652,0.0713956568400624));
#6729=CARTESIAN_POINT('Ctrl Pts',(-2.60297168450203,1.83261445498179,1.70740499604016E-16));
#6730=CARTESIAN_POINT('Ctrl Pts',(-2.56232431655209,1.77335071190883,-1.54834608535131E-17));
#6731=CARTESIAN_POINT('Ctrl Pts',(-2.56047007101721,1.77058266867448,0.0715199799890664));
#6732=CARTESIAN_POINT('Ctrl Pts',(-2.55440228354033,1.86010245111265,1.70740499604016E-16));
#6733=CARTESIAN_POINT('Ctrl Pts',(-2.52432926781502,1.79449899494057,3.62689316132643E-16));
#6734=CARTESIAN_POINT('Ctrl Pts',(-2.52309491606629,1.79171883814222,0.071842402890252));
#6735=CARTESIAN_POINT('Ctrl Pts',(-2.52833545455268,1.87070155628444,1.79277524584217E-16));
#6736=CARTESIAN_POINT('Ctrl Pts',(-2.50394702314879,1.80256890817674,4.33787581806454E-16));
#6737=CARTESIAN_POINT('Ctrl Pts',(-2.50303486095899,1.79986680915857,0.0720404790949074));
#6738=CARTESIAN_POINT('Ctrl Pts',(-2.4743488643781,1.88491413434113,1.79277524584217E-16));
#6739=CARTESIAN_POINT('Ctrl Pts',(-2.46185359824015,1.8131943273138,4.33787581806454E-16));
#6740=CARTESIAN_POINT('Ctrl Pts',(-2.46148676694955,1.81078759774033,0.0724973570248997));
#6741=CARTESIAN_POINT('Ctrl Pts',(-2.44643398979472,1.88852656924219,1.70740499604016E-16));
#6742=CARTESIAN_POINT('Ctrl Pts',(-2.44012680728806,1.81573785039315,2.24533040152937E-15));
#6743=CARTESIAN_POINT('Ctrl Pts',(-2.44000249331225,1.81355961797991,0.0727561158398086));
#6744=CARTESIAN_POINT('Ctrl Pts',(-2.41851106109212,1.88852656924209,1.70740499604016E-16));
#6745=CARTESIAN_POINT('Ctrl Pts',(-2.41851106109213,1.81546480392297,1.67805897267072E-16));
#6746=CARTESIAN_POINT('Ctrl Pts',(-2.41851106109213,1.81355226986893,0.0730367288769095));
#6747=CARTESIAN_POINT('',(-2.69721576727326,1.73079281643688,1.62203474623816E-16));
#6748=CARTESIAN_POINT('',(-2.62389875676433,1.81546362620729,1.65682123148229E-16));
#6749=CARTESIAN_POINT('Ctrl Pts',(-2.69721576727326,1.73079281643688,1.70740499604016E-16));
#6750=CARTESIAN_POINT('Ctrl Pts',(-2.68900895590811,1.74447639528343,1.70740499604016E-16));
#6751=CARTESIAN_POINT('Ctrl Pts',(-2.67973116320639,1.75763694057175,5.06927688141654E-14));
#6752=CARTESIAN_POINT('Ctrl Pts',(-2.66952010854878,1.77005070652006,3.08436741654358E-13));
#6753=CARTESIAN_POINT('Ctrl Pts',(-2.66197954045366,1.77921791310045,4.98773199882791E-13));
#6754=CARTESIAN_POINT('Ctrl Pts',(-2.65393118079354,1.78797813540351,7.11011103864291E-13));
#6755=CARTESIAN_POINT('Ctrl Pts',(-2.64544530806748,1.79625191788235,5.67949705237001E-13));
#6756=CARTESIAN_POINT('Ctrl Pts',(-2.63853640860996,1.8029881409115,4.51474140344989E-13));
#6757=CARTESIAN_POINT('Ctrl Pts',(-2.63133819894122,1.80940163360038,1.6315439209929E-16));
#6758=CARTESIAN_POINT('Ctrl Pts',(-2.62390020216018,1.81546244849161,1.64550778183335E-16));
#6759=CARTESIAN_POINT('',(-2.63298007600196,1.69226706180311,0.0711865767614812));
#6760=CARTESIAN_POINT('Origin',(-2.69721576727326,1.73079281643688,0.0750000000000001));
#6761=CARTESIAN_POINT('',(-2.41851106109213,1.81355226986893,0.0730367288769095));
#6762=CARTESIAN_POINT('Ctrl Pts',(-2.41851106109213,1.81355226986893,0.0730367288769095));
#6763=CARTESIAN_POINT('Ctrl Pts',(-2.44000249331225,1.81355961797991,0.0727561158398085));
#6764=CARTESIAN_POINT('Ctrl Pts',(-2.46148676694955,1.81078759774033,0.0724973570248997));
#6765=CARTESIAN_POINT('Ctrl Pts',(-2.48226081395427,1.80532720344945,0.0722689180599036));
#6766=CARTESIAN_POINT('Ctrl Pts',(-2.50303486095899,1.79986680915857,0.0720404790949074));
#6767=CARTESIAN_POINT('Ctrl Pts',(-2.52309491606629,1.79171883814222,0.071842402890252));
#6768=CARTESIAN_POINT('Ctrl Pts',(-2.54178249354175,1.78115075340835,0.0716811914396592));
#6769=CARTESIAN_POINT('Ctrl Pts',(-2.56047007101721,1.77058266867448,0.0715199799890664));
#6770=CARTESIAN_POINT('Ctrl Pts',(-2.57778244124887,1.75759601385652,0.0713956568400624));
#6771=CARTESIAN_POINT('Ctrl Pts',(-2.59315131323391,1.74261708523816,0.0713123029893798));
#6772=CARTESIAN_POINT('Ctrl Pts',(-2.60852018521895,1.7276381566198,0.0712289491386971));
#6773=CARTESIAN_POINT('Ctrl Pts',(-2.62194294436852,1.71066975856701,0.0711865767616349));
#6774=CARTESIAN_POINT('Ctrl Pts',(-2.63298007600196,1.69226706180311,0.071186576761481));
#6775=CARTESIAN_POINT('',(-2.41851106109213,1.81546480392297,0.0580595617396462));
#6776=CARTESIAN_POINT('Origin',(-2.41851106109213,1.88852656924209,0.0749999999999999));
#6777=CARTESIAN_POINT('Ctrl Pts',(-2.62389731136848,1.81546480392297,1.66813468113124E-16));
#6778=CARTESIAN_POINT('Ctrl Pts',(-2.61296372896259,1.81546480392297,-2.55665896006789E-15));
#6779=CARTESIAN_POINT('Ctrl Pts',(-2.602001684482,1.81546480392297,0.000952930999453968));
#6780=CARTESIAN_POINT('Ctrl Pts',(-2.56563733780654,1.81546480392297,0.00652099776892336));
#6781=CARTESIAN_POINT('Ctrl Pts',(-2.5411921538368,1.8154648039242,0.014303569011175));
#6782=CARTESIAN_POINT('Ctrl Pts',(-2.48612765468585,1.8154648039242,0.0352036914413109));
#6783=CARTESIAN_POINT('Ctrl Pts',(-2.45896956083006,1.81546480392297,0.0491294255192661));
#6784=CARTESIAN_POINT('Ctrl Pts',(-2.43464398707053,1.81546480392297,0.0560425829882719));
#6785=CARTESIAN_POINT('Ctrl Pts',(-2.43077728632807,1.81546480392297,0.0569315598341277));
#6786=CARTESIAN_POINT('Ctrl Pts',(-2.4240827929022,1.81546480392297,0.057855949430192));
#6787=CARTESIAN_POINT('Ctrl Pts',(-2.42132031767127,1.81546480392297,0.0580595608809886));
#6788=CARTESIAN_POINT('Ctrl Pts',(-2.41851106109213,1.81546480392297,0.0580595617396462));
#6789=CARTESIAN_POINT('Ctrl Pts',(1.86719636269505,1.88633822019669,0.0700210729110669));
#6790=CARTESIAN_POINT('Ctrl Pts',(1.86785479768508,1.88662011994142,0.0592557559835741));
#6791=CARTESIAN_POINT('Ctrl Pts',(1.87127611017346,1.88808490709841,0.0491288575396698));
#6792=CARTESIAN_POINT('Ctrl Pts',(1.86083627563947,1.90119351515649,0.0700210729109452));
#6793=CARTESIAN_POINT('Ctrl Pts',(1.86153294212693,1.90138612075739,0.0592557358580905));
#6794=CARTESIAN_POINT('Ctrl Pts',(1.86515206335311,1.90238888172756,0.0491288298710401));
#6795=CARTESIAN_POINT('Ctrl Pts',(1.85752242246748,1.91731190144907,0.0701579649604042));
#6796=CARTESIAN_POINT('Ctrl Pts',(1.85821980847382,1.9174054472013,0.0593793952059972));
#6797=CARTESIAN_POINT('Ctrl Pts',(1.86193030523768,1.91790563421058,0.049235620548544));
#6798=CARTESIAN_POINT('Ctrl Pts',(1.85750631256517,1.93347005735211,0.0704213595348873));
#6799=CARTESIAN_POINT('Ctrl Pts',(1.8581671069555,1.93347005735211,0.0596174667536032));
#6800=CARTESIAN_POINT('Ctrl Pts',(1.86185576758597,1.93347005735211,0.0494412920691274));
#6801=CARTESIAN_POINT('',(1.86719636269505,1.88633822019669,0.070021072911066));
#6802=CARTESIAN_POINT('',(1.85750631256517,1.93347005735211,0.0704213595348858));
#6803=CARTESIAN_POINT('Origin',(1.95259653627268,1.92843774656012,0.0739680918049209));
#6804=CARTESIAN_POINT('',(1.8709486880945,1.88794472590966,0.0501194243822961));
#6805=CARTESIAN_POINT('Origin',(1.93599101027849,1.91579168771603,0.0750000000000007));
#6806=CARTESIAN_POINT('',(1.86181346742888,1.93347005735211,0.049558291365589));
#6807=CARTESIAN_POINT('Ctrl Pts',(1.86181346742888,1.93347005735211,0.0495582913655875));
#6808=CARTESIAN_POINT('Ctrl Pts',(1.86181346742888,1.92568586199103,0.0495582718356528));
#6809=CARTESIAN_POINT('Ctrl Pts',(1.86258395908344,1.91791805466164,0.0496225730524707));
#6810=CARTESIAN_POINT('Ctrl Pts',(1.86564771172045,1.90262885984533,0.0498095771897523));
#6811=CARTESIAN_POINT('Ctrl Pts',(1.86793805663823,1.89514439991307,0.049931691100405));
#6812=CARTESIAN_POINT('Ctrl Pts',(1.8709486880945,1.88794472590966,0.050119424382297));
#6813=CARTESIAN_POINT('Origin',(1.93236642244681,1.93347005735211,0.075));
#6814=CARTESIAN_POINT('Ctrl Pts',(2.69721576727326,1.73079281643688,1.70740499604016E-16));
#6815=CARTESIAN_POINT('Ctrl Pts',(2.63608814906579,1.69413114791896,1.76609704277904E-16));
#6816=CARTESIAN_POINT('Ctrl Pts',(2.63298007600196,1.69226706180311,0.0711865767614811));
#6817=CARTESIAN_POINT('Ctrl Pts',(2.71225167018846,1.70572279180387,1.70740499604016E-16));
#6818=CARTESIAN_POINT('Ctrl Pts',(2.64782219657629,1.67456645254912,2.39478575369309E-14));
#6819=CARTESIAN_POINT('Ctrl Pts',(2.64454615516774,1.67298242747015,0.0711865767616682));
#6820=CARTESIAN_POINT('Ctrl Pts',(2.72387800997842,1.67861361455172,1.70740499604016E-16));
#6821=CARTESIAN_POINT('Ctrl Pts',(2.65685932188589,1.65337467321092,1.55345224161045E-15));
#6822=CARTESIAN_POINT('Ctrl Pts',(2.6534874608262,1.65212799510994,0.071233131898774));
#6823=CARTESIAN_POINT('Ctrl Pts',(2.73947778415879,1.62226347170007,1.70740499604016E-16));
#6824=CARTESIAN_POINT('Ctrl Pts',(2.66885975323438,1.60937205113853,-1.21998560538126E-15));
#6825=CARTESIAN_POINT('Ctrl Pts',(2.66547930295362,1.60877694282522,0.0714159993494056));
#6826=CARTESIAN_POINT('Ctrl Pts',(2.74344923794019,1.59302967070195,1.70740499604016E-16));
#6827=CARTESIAN_POINT('Ctrl Pts',(2.67182121770681,1.58654194622599,9.07306763517488E-15));
#6828=CARTESIAN_POINT('Ctrl Pts',(2.66852831689501,1.58628584013054,0.0715522883417961));
#6829=CARTESIAN_POINT('Ctrl Pts',(2.74344923794039,1.56378638118591,1.70740499604016E-16));
#6830=CARTESIAN_POINT('Ctrl Pts',(2.67165235727128,1.56378638118591,1.65938423052653E-16));
#6831=CARTESIAN_POINT('Ctrl Pts',(2.66852062132175,1.56378638118591,0.0717285459475999));
#6832=CARTESIAN_POINT('',(2.69721576727326,1.73079281643688,1.62203474623816E-16));
#6833=CARTESIAN_POINT('',(2.74344923794039,1.56378638118591,0.));
#6834=CARTESIAN_POINT('Ctrl Pts',(2.69721576727326,1.73079281643688,1.70740499604016E-16));
#6835=CARTESIAN_POINT('Ctrl Pts',(2.71225167018846,1.70572279180387,1.70740499604016E-16));
#6836=CARTESIAN_POINT('Ctrl Pts',(2.72387800997842,1.67861361455172,1.70740499604016E-16));
#6837=CARTESIAN_POINT('Ctrl Pts',(2.73947778415879,1.62226347170007,1.70740499604016E-16));
#6838=CARTESIAN_POINT('Ctrl Pts',(2.74344923794019,1.59302967070195,1.70740499604016E-16));
#6839=CARTESIAN_POINT('Ctrl Pts',(2.74344923794039,1.56378638118591,1.70740499604016E-16));
#6840=CARTESIAN_POINT('',(2.63298007600196,1.69226706180311,0.0711865767614812));
#6841=CARTESIAN_POINT('Origin',(2.69721576727326,1.73079281643688,0.0750000000000001));
#6842=CARTESIAN_POINT('',(2.66852062132175,1.56378638118591,0.0717285459475996));
#6843=CARTESIAN_POINT('Origin',(2.41813961526157,1.56341516168242,0.0750000000000071));
#6844=CARTESIAN_POINT('Origin',(2.74344923794039,1.56378638118591,0.075));
#6845=CARTESIAN_POINT('Ctrl Pts',(-4.76741577881231,-0.31902592301761,1.70740499604016E-16));
#6846=CARTESIAN_POINT('Ctrl Pts',(-4.71380538768102,-0.277362887726791,
5.54906623713053E-16));
#6847=CARTESIAN_POINT('Ctrl Pts',(-4.70848819488903,-0.273230659137032,
0.0675613402367681));
#6848=CARTESIAN_POINT('Ctrl Pts',(-4.78929697752695,-0.290870038231487,
1.70740499604016E-16));
#6849=CARTESIAN_POINT('Ctrl Pts',(-4.73109311883531,-0.255117700297737,
-1.23035040563056E-12));
#6850=CARTESIAN_POINT('Ctrl Pts',(-4.72531988620779,-0.251572286224428,
0.0675613402367288));
#6851=CARTESIAN_POINT('Ctrl Pts',(-4.80647245683492,-0.259073969610363,
1.70740499604016E-16));
#6852=CARTESIAN_POINT('Ctrl Pts',(-4.74457360149141,-0.229876782507938,
4.04405248430332E-15));
#6853=CARTESIAN_POINT('Ctrl Pts',(-4.7385211294437,-0.227105484487744,0.0676968382409868));
#6854=CARTESIAN_POINT('Ctrl Pts',(-4.82959268982984,-0.191575907896845,
1.70740499604016E-16));
#6855=CARTESIAN_POINT('Ctrl Pts',(-4.76236302459998,-0.176446779215464,
-3.69153045512074E-15));
#6856=CARTESIAN_POINT('Ctrl Pts',(-4.7562644050597,-0.175151632283787,0.0682243870994844));
#6857=CARTESIAN_POINT('Ctrl Pts',(-4.83553099369923,-0.155892838679413,
1.79277524584217E-16));
#6858=CARTESIAN_POINT('Ctrl Pts',(-4.76666465741503,-0.148189767491552,
1.13251689797646E-12));
#6859=CARTESIAN_POINT('Ctrl Pts',(-4.76080148779828,-0.147679197381775,
0.06861628856883));
#6860=CARTESIAN_POINT('Ctrl Pts',(-4.83553099369898,-0.120167850132693,
1.79277524584217E-16));
#6861=CARTESIAN_POINT('Ctrl Pts',(-4.76620170682462,-0.120167850132693,
1.81411780829267E-16));
#6862=CARTESIAN_POINT('Ctrl Pts',(-4.760762193669,-0.120167850132693,0.0691155678204118));
#6863=CARTESIAN_POINT('',(-4.76741577881231,-0.31902592301761,1.62203474623816E-16));
#6864=CARTESIAN_POINT('',(-4.83553099369898,-0.120167850132693,0.));
#6865=CARTESIAN_POINT('Ctrl Pts',(-4.76741577881231,-0.31902592301761,1.70740499604016E-16));
#6866=CARTESIAN_POINT('Ctrl Pts',(-4.77692991606925,-0.306783497182307,
1.70740499604926E-16));
#6867=CARTESIAN_POINT('Ctrl Pts',(-4.78566803747625,-0.293699785887068,
1.70740497516883E-16));
#6868=CARTESIAN_POINT('Ctrl Pts',(-4.79345321808475,-0.279951791192268,
1.70740497807692E-16));
#6869=CARTESIAN_POINT('Ctrl Pts',(-4.80135538601654,-0.26599720641552,1.70740498102871E-16));
#6870=CARTESIAN_POINT('Ctrl Pts',(-4.80827499350604,-0.251359138175094,
1.70740500062624E-16));
#6871=CARTESIAN_POINT('Ctrl Pts',(-4.81406459870476,-0.236259992702013,
1.70740500748147E-16));
#6872=CARTESIAN_POINT('Ctrl Pts',(-4.81545254991791,-0.232640250671676,
1.70740500912488E-16));
#6873=CARTESIAN_POINT('Ctrl Pts',(-4.81677575544415,-0.22899413929188,1.70740500999279E-16));
#6874=CARTESIAN_POINT('Ctrl Pts',(-4.81803257333195,-0.225324938753457,
1.70740500976961E-16));
#6875=CARTESIAN_POINT('Ctrl Pts',(-4.82327688577249,-0.210014499415176,
1.70740500883832E-16));
#6876=CARTESIAN_POINT('Ctrl Pts',(-4.82735993047716,-0.194305233910465,
1.72498043329455E-16));
#6877=CARTESIAN_POINT('Ctrl Pts',(-4.83024925217464,-0.178462573877806,
1.74406839787531E-16));
#6878=CARTESIAN_POINT('Ctrl Pts',(-4.83310072929986,-0.162827422303948,
1.76290634673248E-16));
#6879=CARTESIAN_POINT('Ctrl Pts',(-4.83478955121762,-0.14706354346958,1.78311259324614E-16));
#6880=CARTESIAN_POINT('Ctrl Pts',(-4.83533471501115,-0.131424407254987,
1.79014624116579E-16));
#6881=CARTESIAN_POINT('Ctrl Pts',(-4.83546580125579,-0.127663930752075,
1.79183750258641E-16));
#6882=CARTESIAN_POINT('Ctrl Pts',(-4.83553099369898,-0.123910613635205,
1.79277524584218E-16));
#6883=CARTESIAN_POINT('Ctrl Pts',(-4.83553099369898,-0.120167850132693,
1.79277524584217E-16));
#6884=CARTESIAN_POINT('',(-4.70848819488903,-0.273230659137032,0.0675613402367681));
#6885=CARTESIAN_POINT('Origin',(-4.76741577881231,-0.31902592301761,0.0750000000000001));
#6886=CARTESIAN_POINT('',(-4.760762193669,-0.120167850132693,0.0691155678204113));
#6887=CARTESIAN_POINT('Ctrl Pts',(-4.760762193669,-0.120167850132693,0.0691155678204112));
#6888=CARTESIAN_POINT('Ctrl Pts',(-4.76078044422646,-0.132945774797636,
0.0688836725007922));
#6889=CARTESIAN_POINT('Ctrl Pts',(-4.75980749619425,-0.145883223357561,
0.0686719917410584));
#6890=CARTESIAN_POINT('Ctrl Pts',(-4.75781547171739,-0.15874613260204,0.068485415373889));
#6891=CARTESIAN_POINT('Ctrl Pts',(-4.7557948707204,-0.171793566278469,0.0682961624817194));
#6892=CARTESIAN_POINT('Ctrl Pts',(-4.75272572005947,-0.184763021607697,
0.0681327632845269));
#6893=CARTESIAN_POINT('Ctrl Pts',(-4.74863133274642,-0.197405386545127,
0.0679991869903686));
#6894=CARTESIAN_POINT('Ctrl Pts',(-4.74822835145191,-0.19864968421379,0.0679860400299516));
#6895=CARTESIAN_POINT('Ctrl Pts',(-4.74781547992563,-0.199890818959207,
0.0679731809013464));
#6896=CARTESIAN_POINT('Ctrl Pts',(-4.7473927672517,-0.201128558385766,0.0679606126702355));
#6897=CARTESIAN_POINT('Ctrl Pts',(-4.74291692791399,-0.214234204742875,
0.0678275355550214));
#6898=CARTESIAN_POINT('Ctrl Pts',(-4.7373345543921,-0.22695302901045,0.0677272583741565));
#6899=CARTESIAN_POINT('Ctrl Pts',(-4.73079314247939,-0.239044042065293,
0.0676607085563213));
#6900=CARTESIAN_POINT('Ctrl Pts',(-4.72461231484355,-0.250468558458996,
0.0675978271847267));
#6901=CARTESIAN_POINT('Ctrl Pts',(-4.71757636920634,-0.261331776589975,
0.0675650459769306));
#6902=CARTESIAN_POINT('Ctrl Pts',(-4.70984783379035,-0.271464674610696,
0.0675616382889135));
#6903=CARTESIAN_POINT('Ctrl Pts',(-4.70939695754555,-0.272055819344157,
0.0675614394872656));
#6904=CARTESIAN_POINT('Ctrl Pts',(-4.70894373278833,-0.272644490491703,
0.067561340236767));
#6905=CARTESIAN_POINT('Ctrl Pts',(-4.70848819488903,-0.273230659137032,
0.0675613402367681));
#6906=CARTESIAN_POINT('Origin',(-4.83553099369898,-0.120167850132693,0.0749999999999999));
#6907=CARTESIAN_POINT('Ctrl Pts',(-4.76741577881231,1.31902592301761,3.41480999208033E-17));
#6908=CARTESIAN_POINT('Ctrl Pts',(-4.71380538768102,1.27736288772679,3.84166124109037E-17));
#6909=CARTESIAN_POINT('Ctrl Pts',(-4.70848819488903,1.27323065913703,0.067561340236768));
#6910=CARTESIAN_POINT('Ctrl Pts',(-4.73723403972156,1.35786262385712,3.41480999208033E-17));
#6911=CARTESIAN_POINT('Ctrl Pts',(-4.68995818203666,1.3080485546013,1.21266726758531E-12));
#6912=CARTESIAN_POINT('Ctrl Pts',(-4.68527147251168,1.30310504439839,0.0675613402368974));
#6913=CARTESIAN_POINT('Ctrl Pts',(-4.69808955102456,1.3896504058325,4.26851249010041E-17));
#6914=CARTESIAN_POINT('Ctrl Pts',(-4.65873130731312,1.33304694590429,-1.3761088434206E-13));
#6915=CARTESIAN_POINT('Ctrl Pts',(-4.6551398891194,1.3275413009073,0.0678210327081027));
#6916=CARTESIAN_POINT('Ctrl Pts',(-4.60964115444204,1.43284823573437,4.26851249010041E-17));
#6917=CARTESIAN_POINT('Ctrl Pts',(-4.58858793304987,1.36629224127979,1.3853457918792E-13));
#6918=CARTESIAN_POINT('Ctrl Pts',(-4.58702499217571,1.36071004092743,0.068807908420493));
#6919=CARTESIAN_POINT('Ctrl Pts',(-4.56042502895614,1.44421557516841,3.41480999208033E-17));
#6920=CARTESIAN_POINT('Ctrl Pts',(-4.5495436133356,1.37449568852332,5.02517047078691E-15));
#6921=CARTESIAN_POINT('Ctrl Pts',(-4.54910945759854,1.36940973205002,0.0695341057986368));
#6922=CARTESIAN_POINT('Ctrl Pts',(-4.51108753207674,1.44421557516841,3.41480999208033E-17));
#6923=CARTESIAN_POINT('Ctrl Pts',(-4.51108753207674,1.37366262015048,3.84166124109037E-17));
#6924=CARTESIAN_POINT('Ctrl Pts',(-4.51108753207674,1.36935546528677,0.0704213595348857));
#6925=CARTESIAN_POINT('',(-4.76741577881231,1.31902592301761,2.56110749406025E-17));
#6926=CARTESIAN_POINT('',(-4.51108753207674,1.44421557516841,0.));
#6927=CARTESIAN_POINT('Ctrl Pts',(-4.76741577881231,1.31902592301761,3.41480999208033E-17));
#6928=CARTESIAN_POINT('Ctrl Pts',(-4.75815694011987,1.33093984048069,3.41480999208033E-17));
#6929=CARTESIAN_POINT('Ctrl Pts',(-4.74789355320513,1.3423909825073,3.49610119367764E-17));
#6930=CARTESIAN_POINT('Ctrl Pts',(-4.73672875678552,1.35316285627054,3.61161474661852E-17));
#6931=CARTESIAN_POINT('Ctrl Pts',(-4.72537377862563,1.36411821870849,3.7290959636079E-17));
#6932=CARTESIAN_POINT('Ctrl Pts',(-4.71308698637603,1.37437011127539,3.88163884830232E-17));
#6933=CARTESIAN_POINT('Ctrl Pts',(-4.70002707171636,1.38371095388769,4.01077750328092E-17));
#6934=CARTESIAN_POINT('Ctrl Pts',(-4.68686019632055,1.39312829802607,4.14097380419062E-17));
#6935=CARTESIAN_POINT('Ctrl Pts',(-4.67290833200876,1.40161870135615,4.24696005041169E-17));
#6936=CARTESIAN_POINT('Ctrl Pts',(-4.65837378426453,1.40900323052813,4.26559932794143E-17));
#6937=CARTESIAN_POINT('Ctrl Pts',(-4.65687704570313,1.40976367452433,4.26751876333951E-17));
#6938=CARTESIAN_POINT('Ctrl Pts',(-4.65537415563167,1.41051242770818,4.26851249010022E-17));
#6939=CARTESIAN_POINT('Ctrl Pts',(-4.6538653527333,1.41124932078344,4.26851249010041E-17));
#6940=CARTESIAN_POINT('Ctrl Pts',(-4.63919599924178,1.41841377216278,4.26851249010229E-17));
#6941=CARTESIAN_POINT('Ctrl Pts',(-4.62397607387813,1.42444828934295,4.17446834081109E-17));
#6942=CARTESIAN_POINT('Ctrl Pts',(-4.60847117380724,1.42929773282942,4.04970945933957E-17));
#6943=CARTESIAN_POINT('Ctrl Pts',(-4.59245124687927,1.43430826046516,3.92080645734329E-17));
#6944=CARTESIAN_POINT('Ctrl Pts',(-4.57612849083131,1.43805314354051,3.75961879042852E-17));
#6945=CARTESIAN_POINT('Ctrl Pts',(-4.55980067861811,1.44052999401769,3.63300441640623E-17));
#6946=CARTESIAN_POINT('Ctrl Pts',(-4.54450052267467,1.44285095398799,3.5143590252217E-17));
#6947=CARTESIAN_POINT('Ctrl Pts',(-4.52919687775055,1.4440589543956,3.42635007283211E-17));
#6948=CARTESIAN_POINT('Ctrl Pts',(-4.51412197417048,1.4442012499837,3.41587185281582E-17));
#6949=CARTESIAN_POINT('Ctrl Pts',(-4.51310944728924,1.44421080746493,3.41516806858411E-17));
#6950=CARTESIAN_POINT('Ctrl Pts',(-4.51209794437014,1.44421557516841,3.41480999208033E-17));
#6951=CARTESIAN_POINT('Ctrl Pts',(-4.51108753207674,1.44421557516841,3.41480999208033E-17));
#6952=CARTESIAN_POINT('',(-4.70848819488903,1.27323065913703,0.067561340236768));
#6953=CARTESIAN_POINT('Origin',(-4.76741577881231,1.31902592301761,0.075));
#6954=CARTESIAN_POINT('',(-4.51108753207674,1.36935546528677,0.0704213595348856));
#6955=CARTESIAN_POINT('Ctrl Pts',(-4.51108753207674,1.36935546528677,0.0704213595348856));
#6956=CARTESIAN_POINT('Ctrl Pts',(-4.52355309731659,1.36937325675494,0.0701304716016047));
#6957=CARTESIAN_POINT('Ctrl Pts',(-4.53623455856037,1.36844631987266,0.0698516648398593));
#6958=CARTESIAN_POINT('Ctrl Pts',(-4.54890999560787,1.36652773401995,0.0695909620495383));
#6959=CARTESIAN_POINT('Ctrl Pts',(-4.56189904258068,1.36456167938461,0.0693238090687985));
#6960=CARTESIAN_POINT('Ctrl Pts',(-4.57488062520225,1.361554160522,0.0690756960235379));
#6961=CARTESIAN_POINT('Ctrl Pts',(-4.58760208824767,1.35750806294136,0.0688524599011295));
#6962=CARTESIAN_POINT('Ctrl Pts',(-4.59903311602159,1.35387239197686,0.0686518683255946));
#6963=CARTESIAN_POINT('Ctrl Pts',(-4.61025325062903,1.34939897535547,0.0684713681753064));
#6964=CARTESIAN_POINT('Ctrl Pts',(-4.62108244064756,1.34412567091738,0.0683144705641527));
#6965=CARTESIAN_POINT('Ctrl Pts',(-4.6331288188409,1.3382596532853,0.0681399378467145));
#6966=CARTESIAN_POINT('Ctrl Pts',(-4.64468151294325,1.33140772862417,0.0679947721771899));
#6967=CARTESIAN_POINT('Ctrl Pts',(-4.6555489822218,1.32373461480961,0.0678804544313745));
#6968=CARTESIAN_POINT('Ctrl Pts',(-4.66620961221959,1.31620754247922,0.0677683124819396));
#6969=CARTESIAN_POINT('Ctrl Pts',(-4.67621005515284,1.30789121514848,0.0676858563577721));
#6970=CARTESIAN_POINT('Ctrl Pts',(-4.68540633148015,1.29897338838862,0.0676330409848956));
#6971=CARTESIAN_POINT('Ctrl Pts',(-4.69379389387135,1.29083978890987,0.0675848701579815));
#6972=CARTESIAN_POINT('Ctrl Pts',(-4.70151253917696,1.28220666456993,0.0675613402367679));
#6973=CARTESIAN_POINT('Ctrl Pts',(-4.70848819488903,1.27323065913703,0.0675613402367679));
#6974=CARTESIAN_POINT('Origin',(-4.51108753207674,1.44421557516841,0.075));
#6975=CARTESIAN_POINT('Ctrl Pts',(-2.71882050052635,1.39169989323228,0.0693797855952208));
#6976=CARTESIAN_POINT('Ctrl Pts',(-2.72184968738423,1.39594334270476,2.56110749406025E-17));
#6977=CARTESIAN_POINT('Ctrl Pts',(-2.76227323673275,1.45257084612627,3.41480999208033E-17));
#6978=CARTESIAN_POINT('Ctrl Pts',(-2.73901753132884,1.37728224064285,0.0693797855951633));
#6979=CARTESIAN_POINT('Ctrl Pts',(-2.74114878017606,1.38216668326344,1.0335948985855E-15));
#6980=CARTESIAN_POINT('Ctrl Pts',(-2.76984716181545,1.4471641989013,3.41480999208033E-17));
#6981=CARTESIAN_POINT('Ctrl Pts',(-2.76356293387892,1.36939668848693,0.0697473661700838));
#6982=CARTESIAN_POINT('Ctrl Pts',(-2.7645700294557,1.3742959464295,4.05414391080274E-15));
#6983=CARTESIAN_POINT('Ctrl Pts',(-2.7790575901387,1.44421557516993,3.41480999208033E-17));
#6984=CARTESIAN_POINT('Ctrl Pts',(-2.78837216411677,1.36935546528677,0.0704213595348854));
#6985=CARTESIAN_POINT('Ctrl Pts',(-2.78837216411677,1.37366262015048,3.41480999208033E-17));
#6986=CARTESIAN_POINT('Ctrl Pts',(-2.78837216411677,1.44421557516841,3.41480999208033E-17));
#6987=CARTESIAN_POINT('',(-2.71882050052635,1.39169989323228,0.069379785595221));
#6988=CARTESIAN_POINT('',(-2.78837216411677,1.36935546528677,0.0704213595348856));
#6989=CARTESIAN_POINT('Origin',(-2.78202140228698,1.46913013922959,0.0740544160341942));
#6990=CARTESIAN_POINT('',(-2.76227323673275,1.45257084612627,2.56110749406025E-17));
#6991=CARTESIAN_POINT('Origin',(-2.76227323673275,1.45257084612627,0.075));
#6992=CARTESIAN_POINT('',(-2.78837216411677,1.44421557516841,0.));
#6993=CARTESIAN_POINT('Origin',(-2.78605292372113,1.48172315899167,3.27821755108083E-17));
#6994=CARTESIAN_POINT('Origin',(-2.78837216411677,1.44421557516841,0.075));
#6995=CARTESIAN_POINT('Ctrl Pts',(2.73037028421582,1.40081889107346,0.0683108146488451));
#6996=CARTESIAN_POINT('Ctrl Pts',(2.73333589923101,1.4061688755463,7.10694632761627E-16));
#6997=CARTESIAN_POINT('Ctrl Pts',(2.76658690177785,1.46615350210031,7.17110098336869E-16));
#6998=CARTESIAN_POINT('Ctrl Pts',(2.71175972779486,1.41113505476789,0.0683104070710584));
#6999=CARTESIAN_POINT('Ctrl Pts',(2.71568473498868,1.41595362565127,7.10682394148517E-16));
#7000=CARTESIAN_POINT('Ctrl Pts',(2.75960811459548,1.470021952788,7.17110098336869E-16));
#7001=CARTESIAN_POINT('Ctrl Pts',(2.69599676663801,1.4264777144473,0.0686340431322193));
#7002=CARTESIAN_POINT('Ctrl Pts',(2.70052138663419,1.43032283467632,1.57255319072976E-15));
#7003=CARTESIAN_POINT('Ctrl Pts',(2.7537024112744,1.4757848168771,7.17110098336869E-16));
#7004=CARTESIAN_POINT('Ctrl Pts',(2.6743755156281,1.46309058755503,0.0698415950207083));
#7005=CARTESIAN_POINT('Ctrl Pts',(2.67897017729259,1.46478004111856,-1.49467052730318E-16));
#7006=CARTESIAN_POINT('Ctrl Pts',(2.7456142148562,1.48954987126963,7.17110098336869E-16));
#7007=CARTESIAN_POINT('Ctrl Pts',(2.66855675501103,1.48429376264252,0.0707232977866862));
#7008=CARTESIAN_POINT('Ctrl Pts',(2.67260360457386,1.48497177036058,7.21402684829806E-16));
#7009=CARTESIAN_POINT('Ctrl Pts',(2.74344650725499,1.49752683677085,7.25657884740829E-16));
#7010=CARTESIAN_POINT('Ctrl Pts',(2.66851903674606,1.50555582617971,0.0717652015332859));
#7011=CARTESIAN_POINT('Ctrl Pts',(2.67161719854554,1.50555480214016,7.26211357629674E-16));
#7012=CARTESIAN_POINT('Ctrl Pts',(2.743449240522,1.50553078106074,7.25647113145149E-16));
#7013=CARTESIAN_POINT('',(2.73033660063662,1.40084103343908,0.0682770751439545));
#7014=CARTESIAN_POINT('',(2.66852062132175,1.50551566122008,0.0717285459475996));
#7015=CARTESIAN_POINT('Ctrl Pts',(2.73033660063662,1.40084103343908,0.0682770751439525));
#7016=CARTESIAN_POINT('Ctrl Pts',(2.72459335823274,1.40402718261961,0.0682770751439525));
#7017=CARTESIAN_POINT('Ctrl Pts',(2.71897635084765,1.40776435466718,0.0683026436237614));
#7018=CARTESIAN_POINT('Ctrl Pts',(2.71364167678258,1.41202614033116,0.0683609663764186));
#7019=CARTESIAN_POINT('Ctrl Pts',(2.70834454660146,1.4162579327876,0.0684188786705116));
#7020=CARTESIAN_POINT('Ctrl Pts',(2.70332690032553,1.42100666769369,0.068509109684599));
#7021=CARTESIAN_POINT('Ctrl Pts',(2.69872546303559,1.42619806893145,0.0686341808146831));
#7022=CARTESIAN_POINT('Ctrl Pts',(2.69414080018262,1.43137054503182,0.0687587960007531));
#7023=CARTESIAN_POINT('Ctrl Pts',(2.68997026254168,1.43698176259922,0.0689179836689791));
#7024=CARTESIAN_POINT('Ctrl Pts',(2.68631752953831,1.44291764116545,0.0691096636158846));
#7025=CARTESIAN_POINT('Ctrl Pts',(2.68265933667058,1.44886239229142,0.0693016300733313));
#7026=CARTESIAN_POINT('Ctrl Pts',(2.6795211587818,1.45513177801841,0.0695261363666889));
#7027=CARTESIAN_POINT('Ctrl Pts',(2.67696320417944,1.46158323112003,0.0697769729956499));
#7028=CARTESIAN_POINT('Ctrl Pts',(2.67440074555409,1.46804604388107,0.0700282512954455));
#7029=CARTESIAN_POINT('Ctrl Pts',(2.67242079647925,1.4746903982368,0.0703058713812499));
#7030=CARTESIAN_POINT('Ctrl Pts',(2.67103295960066,1.48136137435484,0.0706004546956205));
#7031=CARTESIAN_POINT('Ctrl Pts',(2.66963342876035,1.48808856034927,0.070897520179226));
#7032=CARTESIAN_POINT('Ctrl Pts',(2.66883586749215,1.49484164777667,0.0712117366974625));
#7033=CARTESIAN_POINT('Ctrl Pts',(2.66859768072047,1.50146783826959,0.071531674697435));
#7034=CARTESIAN_POINT('Ctrl Pts',(2.66854897604771,1.50282276842517,0.0715970959443102));
#7035=CARTESIAN_POINT('Ctrl Pts',(2.66852349388839,1.50417244602177,0.0716627533548286));
#7036=CARTESIAN_POINT('Ctrl Pts',(2.66852062132175,1.50551566122008,0.071728545947598));
#7037=CARTESIAN_POINT('',(2.76657371975732,1.46616081206096,7.08573073356668E-16));
#7038=CARTESIAN_POINT('Origin',(2.76657371975732,1.46616081206096,0.0750000000000007));
#7039=CARTESIAN_POINT('',(2.74344923794039,1.50551566122008,0.));
#7040=CARTESIAN_POINT('Ctrl Pts',(2.74344923794039,1.50551566122008,7.30128923149344E-16));
#7041=CARTESIAN_POINT('Ctrl Pts',(2.74344923794039,1.50214442800533,7.30143405527995E-16));
#7042=CARTESIAN_POINT('Ctrl Pts',(2.74383830851687,1.49866600472158,7.28594136439433E-16));
#7043=CARTESIAN_POINT('Ctrl Pts',(2.74464571743614,1.49522226959241,7.26746206086394E-16));
#7044=CARTESIAN_POINT('Ctrl Pts',(2.74547972893967,1.49166506995752,7.24837389951995E-16));
#7045=CARTESIAN_POINT('Ctrl Pts',(2.74676017987735,1.48814666430224,7.22636081357443E-16));
#7046=CARTESIAN_POINT('Ctrl Pts',(2.74846602777335,1.48483295555622,7.21898896579564E-16));
#7047=CARTESIAN_POINT('Ctrl Pts',(2.74884306195852,1.48410054472413,7.21735960679654E-16));
#7048=CARTESIAN_POINT('Ctrl Pts',(2.74924067706212,1.48337810602497,7.21644965998186E-16));
#7049=CARTESIAN_POINT('Ctrl Pts',(2.74965831306374,1.48266734407245,7.21644966013176E-16));
#7050=CARTESIAN_POINT('Ctrl Pts',(2.75154693941283,1.4794531485858,7.21570301271962E-16));
#7051=CARTESIAN_POINT('Ctrl Pts',(2.75384467167119,1.47648621181694,7.21596104525366E-16));
#7052=CARTESIAN_POINT('Ctrl Pts',(2.75642433986607,1.47387424533815,7.2161390731187E-16));
#7053=CARTESIAN_POINT('Ctrl Pts',(2.75892638041313,1.47134087843055,7.21631174375041E-16));
#7054=CARTESIAN_POINT('Ctrl Pts',(2.7616921047909,1.46914230856197,7.21640943479894E-16));
#7055=CARTESIAN_POINT('Ctrl Pts',(2.76458486207547,1.46733337730331,7.21643943576766E-16));
#7056=CARTESIAN_POINT('Ctrl Pts',(2.7652418420583,1.46692254725075,7.2164462493486E-16));
#7057=CARTESIAN_POINT('Ctrl Pts',(2.76590533973456,1.4665316058238,7.21644961603956E-16));
#7058=CARTESIAN_POINT('Ctrl Pts',(2.76657371975732,1.46616081206097,7.21644965963364E-16));
#7059=CARTESIAN_POINT('Origin',(2.74344923794039,1.50551566122008,0.075));
#7060=CARTESIAN_POINT('Ctrl Pts',(4.74075478363917,1.36575478363916,-1.0244429976241E-16));
#7061=CARTESIAN_POINT('Ctrl Pts',(4.69329692985553,1.31829692985552,-1.0244429976241E-16));
#7062=CARTESIAN_POINT('Ctrl Pts',(4.68804723855403,1.31304723855403,0.0667036524785287));
#7063=CARTESIAN_POINT('Ctrl Pts',(4.77072423224984,1.3357853350282,-1.0244429976241E-16));
#7064=CARTESIAN_POINT('Ctrl Pts',(4.71704037605094,1.29455348365996,1.90033274083291E-13));
#7065=CARTESIAN_POINT('Ctrl Pts',(4.71110066056239,1.28999381654569,0.0667036524783766));
#7066=CARTESIAN_POINT('Ctrl Pts',(4.79470082443199,1.29986751725708,-1.0244429976241E-16));
#7067=CARTESIAN_POINT('Ctrl Pts',(4.73591689920215,1.2658802805962,-2.4849655998012E-13));
#7068=CARTESIAN_POINT('Ctrl Pts',(4.72952733337552,1.26234786631798,0.0669178744457932));
#7069=CARTESIAN_POINT('Ctrl Pts',(4.82711314178917,1.22147639229102,-1.0244429976241E-16));
#7070=CARTESIAN_POINT('Ctrl Pts',(4.76086055621737,1.20358376185029,2.50445426405789E-13));
#7071=CARTESIAN_POINT('Ctrl Pts',(4.75439496841098,1.20198208418155,0.0677427203163613));
#7072=CARTESIAN_POINT('Ctrl Pts',(4.83553099369957,1.17904655258577,-1.0244429976241E-16));
#7073=CARTESIAN_POINT('Ctrl Pts',(4.76690773886468,1.16984696809575,-2.69625194644071E-13));
#7074=CARTESIAN_POINT('Ctrl Pts',(4.76082221833479,1.16929585120665,0.0683528821276467));
#7075=CARTESIAN_POINT('Ctrl Pts',(4.83553099369898,1.13653286023571,-1.0244429976241E-16));
#7076=CARTESIAN_POINT('Ctrl Pts',(4.76620170682462,1.13653286023571,-1.05645684129985E-16));
#7077=CARTESIAN_POINT('Ctrl Pts',(4.760762193669,1.13653286023571,0.0691155678204115));
#7078=CARTESIAN_POINT('',(4.74075478363917,1.36575478363916,-1.15249837232711E-16));
#7079=CARTESIAN_POINT('',(4.83553099369899,1.13653286023571,0.));
#7080=CARTESIAN_POINT('Ctrl Pts',(4.74075478363917,1.36575478363916,-1.0244429976241E-16));
#7081=CARTESIAN_POINT('Ctrl Pts',(4.75157684278724,1.35493272449098,-1.0244429976241E-16));
#7082=CARTESIAN_POINT('Ctrl Pts',(4.7617729663396,1.34317363905848,-1.02444299712454E-16));
#7083=CARTESIAN_POINT('Ctrl Pts',(4.77114315422711,1.33061908351084,-1.02444299672912E-16));
#7084=CARTESIAN_POINT('Ctrl Pts',(4.78070097754613,1.3178131264464,-1.02444299632579E-16));
#7085=CARTESIAN_POINT('Ctrl Pts',(4.78939859423942,1.30418024870948,-1.02444299686269E-16));
#7086=CARTESIAN_POINT('Ctrl Pts',(4.79705351284323,1.28991589454078,-1.02444299513493E-16));
#7087=CARTESIAN_POINT('Ctrl Pts',(4.80214693978818,1.28042468377349,-1.02444299398531E-16));
#7088=CARTESIAN_POINT('Ctrl Pts',(4.80677936988743,1.27065483382551,-1.02444299154545E-16));
#7089=CARTESIAN_POINT('Ctrl Pts',(4.81090698311018,1.26067195477388,-1.02444298549659E-16));
#7090=CARTESIAN_POINT('Ctrl Pts',(4.81711539453682,1.24565654101534,-1.02444297639841E-16));
#7091=CARTESIAN_POINT('Ctrl Pts',(4.8221765780905,1.23016541087181,-1.0244429740662E-16));
#7092=CARTESIAN_POINT('Ctrl Pts',(4.82604683301324,1.21446415162708,-1.02444297786498E-16));
#7093=CARTESIAN_POINT('Ctrl Pts',(4.82985803565066,1.19900246193507,-1.0244429816058E-16));
#7094=CARTESIAN_POINT('Ctrl Pts',(4.83251435504794,1.18333820437376,-1.02444299000925E-16));
#7095=CARTESIAN_POINT('Ctrl Pts',(4.83402369133722,1.16772639906567,-1.02444299419336E-16));
#7096=CARTESIAN_POINT('Ctrl Pts',(4.83503356504882,1.15728078009833,-1.02444299699288E-16));
#7097=CARTESIAN_POINT('Ctrl Pts',(4.83553099369898,1.14685863730202,-1.02444299762416E-16));
#7098=CARTESIAN_POINT('Ctrl Pts',(4.83553099369898,1.13653286023571,-1.0244429976241E-16));
#7099=CARTESIAN_POINT('',(4.68804723855403,1.31304723855403,0.0667036524785286));
#7100=CARTESIAN_POINT('Origin',(4.74075478363917,1.36575478363916,0.0749999999999999));
#7101=CARTESIAN_POINT('',(4.760762193669,1.13653286023571,0.0691155678204117));
#7102=CARTESIAN_POINT('Ctrl Pts',(4.760762193669,1.13653286023571,0.0691155678204115));
#7103=CARTESIAN_POINT('Ctrl Pts',(4.76078535710116,1.14917605130831,0.0688212485090117));
#7104=CARTESIAN_POINT('Ctrl Pts',(4.75983864659249,1.16200580598402,0.068545130437718));
#7105=CARTESIAN_POINT('Ctrl Pts',(4.75788448334341,1.17479348148109,0.0682933996131069));
#7106=CARTESIAN_POINT('Ctrl Pts',(4.75589270372277,1.18782731141436,0.068036823133848));
#7107=CARTESIAN_POINT('Ctrl Pts',(4.75285423527913,1.20081620440832,0.0678056120067687));
#7108=CARTESIAN_POINT('Ctrl Pts',(4.74878216007606,1.21350872306068,0.0676053047298524));
#7109=CARTESIAN_POINT('Ctrl Pts',(4.74676036299001,1.21981059518883,0.0675058515889876));
#7110=CARTESIAN_POINT('Ctrl Pts',(4.74448458488921,1.22603938000846,0.0674139983083368));
#7111=CARTESIAN_POINT('Ctrl Pts',(4.74196115089325,1.23216497524976,0.0673302973810773));
#7112=CARTESIAN_POINT('Ctrl Pts',(4.73688289970257,1.24449234794016,0.0671618545629978));
#7113=CARTESIAN_POINT('Ctrl Pts',(4.73080128267399,1.25639424982564,0.0670266126328435));
#7114=CARTESIAN_POINT('Ctrl Pts',(4.72386332899223,1.26766789855841,0.0669258670883047));
#7115=CARTESIAN_POINT('Ctrl Pts',(4.71704034026371,1.27875473795825,0.0668267909418834));
#7116=CARTESIAN_POINT('Ctrl Pts',(4.70939003738139,1.2892330796979,0.0667610777606467));
#7117=CARTESIAN_POINT('Ctrl Pts',(4.70108725903627,1.29894513943101,0.0667283312646254));
#7118=CARTESIAN_POINT('Ctrl Pts',(4.69689793557405,1.3038455424064,0.066711808402231));
#7119=CARTESIAN_POINT('Ctrl Pts',(4.69254297497092,1.30855150213715,0.066703652478499));
#7120=CARTESIAN_POINT('Ctrl Pts',(4.68804723855403,1.31304723855403,0.0667036524785287));
#7121=CARTESIAN_POINT('Origin',(4.83553099369898,1.13653286023571,0.075));
#7122=CARTESIAN_POINT('Ctrl Pts',(4.74075478363916,-0.365754783639169,3.41480999208033E-17));
#7123=CARTESIAN_POINT('Ctrl Pts',(4.69329692985553,-0.31829692985553,-3.08400027409755E-16));
#7124=CARTESIAN_POINT('Ctrl Pts',(4.68804723855403,-0.313047238554034,0.0667036524785288));
#7125=CARTESIAN_POINT('Ctrl Pts',(4.71078533502814,-0.395724232249861,3.41480999208033E-17));
#7126=CARTESIAN_POINT('Ctrl Pts',(4.66955348365927,-0.342040376050689,7.47597054127227E-13));
#7127=CARTESIAN_POINT('Ctrl Pts',(4.66499381654569,-0.336100660562366,0.0667036524785742));
#7128=CARTESIAN_POINT('Ctrl Pts',(4.67486751725708,-0.41970082443188,3.41480999208033E-17));
#7129=CARTESIAN_POINT('Ctrl Pts',(4.64088028059644,-0.360916899201958,9.82969906917239E-15));
#7130=CARTESIAN_POINT('Ctrl Pts',(4.63734786631795,-0.354527333375538,0.0669178744457683));
#7131=CARTESIAN_POINT('Ctrl Pts',(4.59647639229102,-0.452113141789279,3.41480999208033E-17));
#7132=CARTESIAN_POINT('Ctrl Pts',(4.57858376184994,-0.385860556217611,-9.71411145746478E-15));
#7133=CARTESIAN_POINT('Ctrl Pts',(4.57698208418158,-0.37939496841097,0.0677427203163867));
#7134=CARTESIAN_POINT('Ctrl Pts',(4.55404655258577,-0.460530993698877,3.41480999208033E-17));
#7135=CARTESIAN_POINT('Ctrl Pts',(4.54484696809595,-0.391907738863556,6.13875182844259E-14));
#7136=CARTESIAN_POINT('Ctrl Pts',(4.54429585120664,-0.385822218334784,0.0683528821277747));
#7137=CARTESIAN_POINT('Ctrl Pts',(4.51153286023572,-0.460530993698987,3.41480999208033E-17));
#7138=CARTESIAN_POINT('Ctrl Pts',(4.51153286023572,-0.391201706824622,2.88124593081778E-17));
#7139=CARTESIAN_POINT('Ctrl Pts',(4.51153286023572,-0.385762193669003,0.0691155678204117));
#7140=CARTESIAN_POINT('',(4.74075478363916,-0.365754783639169,2.56110749406025E-17));
#7141=CARTESIAN_POINT('',(4.51153286023572,-0.460530993698987,0.));
#7142=CARTESIAN_POINT('Ctrl Pts',(4.74075478363916,-0.365754783639169,3.41480999208033E-17));
#7143=CARTESIAN_POINT('Ctrl Pts',(4.72993272449115,-0.376576842787068,3.41480999208033E-17));
#7144=CARTESIAN_POINT('Ctrl Pts',(4.71817363905888,-0.386772966339279,3.41480999208034E-17));
#7145=CARTESIAN_POINT('Ctrl Pts',(4.7056190835115,-0.396143154226697,3.4148099920806E-17));
#7146=CARTESIAN_POINT('Ctrl Pts',(4.69281312644737,-0.4057009775456,3.41480999208086E-17));
#7147=CARTESIAN_POINT('Ctrl Pts',(4.67918024871079,-0.414398594238823,3.41480999208131E-17));
#7148=CARTESIAN_POINT('Ctrl Pts',(4.66491589454244,-0.422053512842633,3.41480999208108E-17));
#7149=CARTESIAN_POINT('Ctrl Pts',(4.65542468377469,-0.427146939787955,3.41480999208093E-17));
#7150=CARTESIAN_POINT('Ctrl Pts',(4.64565483382621,-0.431779369887534,3.41480999208037E-17));
#7151=CARTESIAN_POINT('Ctrl Pts',(4.63567195477405,-0.43590698311058,3.41480999208033E-17));
#7152=CARTESIAN_POINT('Ctrl Pts',(4.62065654101549,-0.44211539453733,3.41480999208027E-17));
#7153=CARTESIAN_POINT('Ctrl Pts',(4.60516541087191,-0.447176578090957,3.41480999208037E-17));
#7154=CARTESIAN_POINT('Ctrl Pts',(4.58946415162712,-0.451046833013609,3.41480999208084E-17));
#7155=CARTESIAN_POINT('Ctrl Pts',(4.57400246193398,-0.454858035651211,3.4148099920813E-17));
#7156=CARTESIAN_POINT('Ctrl Pts',(4.55833820437148,-0.45751435504846,3.41480999208225E-17));
#7157=CARTESIAN_POINT('Ctrl Pts',(4.54272639906225,-0.4590236913376,3.4148099920824E-17));
#7158=CARTESIAN_POINT('Ctrl Pts',(4.53228078009605,-0.460033565048932,3.4148099920825E-17));
#7159=CARTESIAN_POINT('Ctrl Pts',(4.52185863730089,-0.46053099369896,3.41480999208222E-17));
#7160=CARTESIAN_POINT('Ctrl Pts',(4.51153286023572,-0.460530993698987,3.41480999208033E-17));
#7161=CARTESIAN_POINT('',(4.68804723855403,-0.313047238554034,0.0667036524785287));
#7162=CARTESIAN_POINT('Origin',(4.74075478363916,-0.365754783639169,0.075));
#7163=CARTESIAN_POINT('',(4.51153286023572,-0.385762193669003,0.0691155678204116));
#7164=CARTESIAN_POINT('Ctrl Pts',(4.51153286023572,-0.385762193669003,0.0691155678204117));
#7165=CARTESIAN_POINT('Ctrl Pts',(4.52417605130837,-0.385785357101157,0.0688212485090599));
#7166=CARTESIAN_POINT('Ctrl Pts',(4.53700580598413,-0.384838646592479,0.068545130437777));
#7167=CARTESIAN_POINT('Ctrl Pts',(4.54979348148125,-0.382884483343381,0.068293399613158));
#7168=CARTESIAN_POINT('Ctrl Pts',(4.56282731141461,-0.380892703722724,0.0680368231338906));
#7169=CARTESIAN_POINT('Ctrl Pts',(4.57581620440865,-0.377854235279052,0.0678056120067837));
#7170=CARTESIAN_POINT('Ctrl Pts',(4.58850872306108,-0.373782160075934,0.0676053047298433));
#7171=CARTESIAN_POINT('Ctrl Pts',(4.59481059518909,-0.371760362989917,0.0675058515889691));
#7172=CARTESIAN_POINT('Ctrl Pts',(4.60103938000859,-0.369484584889164,0.0674139983083093));
#7173=CARTESIAN_POINT('Ctrl Pts',(4.60716497524977,-0.366961150893257,0.0673302973810442));
#7174=CARTESIAN_POINT('Ctrl Pts',(4.61949234794023,-0.361882899702549,0.067161854562949));
#7175=CARTESIAN_POINT('Ctrl Pts',(4.63139424982577,-0.35580128267392,0.0670266126328225));
#7176=CARTESIAN_POINT('Ctrl Pts',(4.64266789855861,-0.34886332899211,0.0669258670883115));
#7177=CARTESIAN_POINT('Ctrl Pts',(4.65375473795851,-0.342040340263529,0.0668267909419176));
#7178=CARTESIAN_POINT('Ctrl Pts',(4.66423307969822,-0.334390037381143,0.066761077760708));
#7179=CARTESIAN_POINT('Ctrl Pts',(4.67394513943137,-0.326087259035957,0.0667283312646756));
#7180=CARTESIAN_POINT('Ctrl Pts',(4.67884554240664,-0.321897935573829,0.0667118084022761));
#7181=CARTESIAN_POINT('Ctrl Pts',(4.68355150213726,-0.317542974970803,0.0667036524785288));
#7182=CARTESIAN_POINT('Ctrl Pts',(4.68804723855403,-0.313047238554034,0.0667036524785288));
#7183=CARTESIAN_POINT('Origin',(4.51153286023572,-0.460530993698987,0.075));
#7184=CARTESIAN_POINT('Ctrl Pts',(4.04755160861772,-0.391682449044073,0.0688124704230767));
#7185=CARTESIAN_POINT('Ctrl Pts',(4.04931809296392,-0.397098107917188,2.64647774386225E-16));
#7186=CARTESIAN_POINT('Ctrl Pts',(4.07072992208219,-0.462742144108699,1.70740499604016E-16));
#7187=CARTESIAN_POINT('Ctrl Pts',(4.05950674075484,-0.387782913591086,0.0688124704230469));
#7188=CARTESIAN_POINT('Ctrl Pts',(4.06070268973248,-0.393384670190998,-1.71169052558329E-14));
#7189=CARTESIAN_POINT('Ctrl Pts',(4.0752131013678,-0.461279816770475,1.70740499604016E-16));
#7190=CARTESIAN_POINT('Ctrl Pts',(4.07206756903486,-0.385777969499945,0.0689151168825659));
#7191=CARTESIAN_POINT('Ctrl Pts',(4.07265488558963,-0.39138790534525,1.18671803887691E-14));
#7192=CARTESIAN_POINT('Ctrl Pts',(4.07992438840383,-0.460530993699777,1.79277524584217E-16));
#7193=CARTESIAN_POINT('Ctrl Pts',(4.0846415786473,-0.385762193669002,0.0691155678204119));
#7194=CARTESIAN_POINT('Ctrl Pts',(4.0846415786473,-0.391201706824621,1.19518349722812E-16));
#7195=CARTESIAN_POINT('Ctrl Pts',(4.0846415786473,-0.460530993698987,1.79277524584217E-16));
#7196=CARTESIAN_POINT('',(4.04755160861772,-0.391682449044073,0.0688124704230768));
#7197=CARTESIAN_POINT('',(4.0846415786473,-0.385762193669002,0.0691155678204115));
#7198=CARTESIAN_POINT('Origin',(4.08048638574831,-0.479025451018304,0.0736247982445984));
#7199=CARTESIAN_POINT('',(4.07072992208219,-0.462742144108699,1.66471987113916E-16));
#7200=CARTESIAN_POINT('Origin',(4.07072992208219,-0.462742144108699,0.0750000000000001));
#7201=CARTESIAN_POINT('',(4.0846415786473,-0.460530993698987,0.));
#7202=CARTESIAN_POINT('Origin',(4.084652813347,-0.505470487687022,1.79078343179977E-16));
#7203=CARTESIAN_POINT('Origin',(4.0846415786473,-0.460530993698987,0.075));
#7204=CARTESIAN_POINT('Ctrl Pts',(-2.37104165154904,1.50520859688394,2.5));
#7205=CARTESIAN_POINT('Ctrl Pts',(-2.5625,1.50520859688394,2.5));
#7206=CARTESIAN_POINT('Ctrl Pts',(-2.57085129586541,1.50520859688394,2.30872387747307));
#7207=CARTESIAN_POINT('Ctrl Pts',(-2.37104165154791,1.51422233443356,2.5));
#7208=CARTESIAN_POINT('Ctrl Pts',(-2.56159917915085,1.54863238245392,2.5));
#7209=CARTESIAN_POINT('Ctrl Pts',(-2.57081018086576,1.55025248492838,2.30966556578553));
#7210=CARTESIAN_POINT('Ctrl Pts',(-2.36856336283336,1.52317449994581,2.5));
#7211=CARTESIAN_POINT('Ctrl Pts',(-2.54919935104904,1.59154532890447,2.50000000000025));
#7212=CARTESIAN_POINT('Ctrl Pts',(-2.55839670464137,1.59500034469694,2.31016912863602));
#7213=CARTESIAN_POINT('Ctrl Pts',(-2.36392880990794,1.53090189461486,2.5));
#7214=CARTESIAN_POINT('Ctrl Pts',(-2.52693579179451,1.62866634399599,2.5));
#7215=CARTESIAN_POINT('Ctrl Pts',(-2.53522398663141,1.63363724030494,2.31016912863605));
#7216=CARTESIAN_POINT('',(-2.37104165154904,1.50520859688394,2.5));
#7217=CARTESIAN_POINT('',(-2.36392880990794,1.53090189461486,2.5));
#7218=CARTESIAN_POINT('Origin',(-2.3301271021152,1.50768640028249,2.5));
#7219=CARTESIAN_POINT('',(-2.53522398663141,1.63363724030494,2.31016912863605));
#7220=CARTESIAN_POINT('Origin',(-2.36392880990794,1.53090189461486,2.3));
#7221=CARTESIAN_POINT('',(-2.57085129586541,1.50520859688394,2.30872387747307));
#7222=CARTESIAN_POINT('Origin',(-2.32101440611322,1.50516427426846,2.29995816695915));
#7223=CARTESIAN_POINT('Origin',(-2.37104165154904,1.50520859688394,2.3));
#7224=CARTESIAN_POINT('Ctrl Pts',(2.32105050343761,1.55516494838697,2.49999999996619));
#7225=CARTESIAN_POINT('Ctrl Pts',(2.32104793776068,1.75000001815031,2.50000358242232));
#7226=CARTESIAN_POINT('Ctrl Pts',(2.32104787074938,1.7551000937968,2.30523527479634));
#7227=CARTESIAN_POINT('Ctrl Pts',(2.3253462428937,1.55516501232257,2.49999999996632));
#7228=CARTESIAN_POINT('Ctrl Pts',(2.34202072230853,1.74927207152225,2.50000356216204));
#7229=CARTESIAN_POINT('Ctrl Pts',(2.34249546506435,1.75508078206633,2.30598362005345));
#7230=CARTESIAN_POINT('Ctrl Pts',(2.3296407530214,1.55460929935683,2.49999999996644));
#7231=CARTESIAN_POINT('Ctrl Pts',(2.36284921999887,1.74589536454706,2.50000354356474));
#7232=CARTESIAN_POINT('Ctrl Pts',(2.36393946157083,1.7522839108305,2.30667368349236));
#7233=CARTESIAN_POINT('Ctrl Pts',(2.33794598957367,1.55242286422773,2.49999999996665));
#7234=CARTESIAN_POINT('Ctrl Pts',(2.40287128220154,1.73414265619336,2.50000351089905));
#7235=CARTESIAN_POINT('Ctrl Pts',(2.40541547082921,1.74131897568446,2.30789205568544));
#7236=CARTESIAN_POINT('Ctrl Pts',(2.34195598106952,1.55079235604454,2.49999999996674));
#7237=CARTESIAN_POINT('Ctrl Pts',(2.42208158550284,1.7257780368835,2.50000349680816));
#7238=CARTESIAN_POINT('Ctrl Pts',(2.42544381986375,1.73315198475263,2.30842025900271));
#7239=CARTESIAN_POINT('Ctrl Pts',(2.34942765524671,1.54656374935908,2.49999999996689));
#7240=CARTESIAN_POINT('Ctrl Pts',(2.45775218564944,1.70464313365067,2.50000347395648));
#7241=CARTESIAN_POINT('Ctrl Pts',(2.46276735432897,1.71198485996964,2.30928005331911));
#7242=CARTESIAN_POINT('Ctrl Pts',(2.35288879438582,1.54396595841996,2.49999999996695));
#7243=CARTESIAN_POINT('Ctrl Pts',(2.47423299998692,1.6918733741718,2.5000034651754));
#7244=CARTESIAN_POINT('Ctrl Pts',(2.48005982508294,1.69898626567993,2.30961158178226));
#7245=CARTESIAN_POINT('Ctrl Pts',(2.35903459989557,1.53797380019813,2.49999999996703));
#7246=CARTESIAN_POINT('Ctrl Pts',(2.50351195194602,1.66273384868829,2.50000345342381));
#7247=CARTESIAN_POINT('Ctrl Pts',(2.51077166339364,1.66901163818399,2.31005614698094));
#7248=CARTESIAN_POINT('Ctrl Pts',(2.36171870538692,1.53457995147947,2.49999999996705));
#7249=CARTESIAN_POINT('Ctrl Pts',(2.51632724664305,1.64635460837657,2.50000345044022));
#7250=CARTESIAN_POINT('Ctrl Pts',(2.52418822871011,1.65203819885742,2.31016914019882));
#7251=CARTESIAN_POINT('Ctrl Pts',(2.36392603521799,1.53089946234524,2.49999999996705));
#7252=CARTESIAN_POINT('Ctrl Pts',(2.52693726972648,1.62866353819794,2.50000345044229));
#7253=CARTESIAN_POINT('Ctrl Pts',(2.53522568082081,1.63363441546579,2.31016912863516));
#7254=CARTESIAN_POINT('',(2.32105116280315,1.55516862581566,2.5));
#7255=CARTESIAN_POINT('',(2.36392880990794,1.53090189461486,2.5));
#7256=CARTESIAN_POINT('Origin',(2.3209940172909,1.50515148619119,2.5));
#7257=CARTESIAN_POINT('',(2.53522398663141,1.63363724030494,2.31016912863605));
#7258=CARTESIAN_POINT('Origin',(2.36392880990794,1.53090189461486,2.3));
#7259=CARTESIAN_POINT('',(2.32105116280315,1.75510009081077,2.30523538966157));
#7260=CARTESIAN_POINT('Ctrl Pts',(2.53522398663141,1.63363724030494,2.31016912863605));
#7261=CARTESIAN_POINT('Ctrl Pts',(2.52418685580653,1.65203993572069,2.31016912863609));
#7262=CARTESIAN_POINT('Ctrl Pts',(2.5107708776986,1.66901240501911,2.31005613560772));
#7263=CARTESIAN_POINT('Ctrl Pts',(2.49541535139077,1.68399933534952,2.30983385869499));
#7264=CARTESIAN_POINT('Ctrl Pts',(2.48005982508294,1.69898626567993,2.30961158178226));
#7265=CARTESIAN_POINT('Ctrl Pts',(2.46276735432897,1.71198485996964,2.30928005331911));
#7266=CARTESIAN_POINT('Ctrl Pts',(2.44410558709636,1.72256842236114,2.30885015616091));
#7267=CARTESIAN_POINT('Ctrl Pts',(2.42544381986375,1.73315198475263,2.30842025900271));
#7268=CARTESIAN_POINT('Ctrl Pts',(2.40541547082921,1.74131897568446,2.30789205568544));
#7269=CARTESIAN_POINT('Ctrl Pts',(2.38467799673639,1.74680130300057,2.30728288517359));
#7270=CARTESIAN_POINT('Ctrl Pts',(2.36394052264358,1.75228363031668,2.30667371466174));
#7271=CARTESIAN_POINT('Ctrl Pts',(2.34249765939688,1.75508049585935,2.30598369066647));
#7272=CARTESIAN_POINT('Ctrl Pts',(2.32105116280315,1.75510009081078,2.30523538966157));
#7273=CARTESIAN_POINT('Origin',(2.32105116280315,1.55516862581566,2.3));
#7274=CARTESIAN_POINT('Ctrl Pts',(-1.08870663705593,0.0987933629440684,
2.5));
#7275=CARTESIAN_POINT('Ctrl Pts',(-1.01087650622468,0.176623493775318,2.5));
#7276=CARTESIAN_POINT('Ctrl Pts',(-1.00416947620567,0.183330523794325,2.60965897148463));
#7277=CARTESIAN_POINT('Ctrl Pts',(-1.12287870539239,0.132965431280775,2.5));
#7278=CARTESIAN_POINT('Ctrl Pts',(-1.03484672960579,0.200593717156718,2.50000000000101));
#7279=CARTESIAN_POINT('Ctrl Pts',(-1.02725871156822,0.206419759156872,2.60965897148463));
#7280=CARTESIAN_POINT('Ctrl Pts',(-1.15022310364105,0.173914129499201,2.5));
#7281=CARTESIAN_POINT('Ctrl Pts',(-1.05385992656417,0.229557793393807,2.5));
#7282=CARTESIAN_POINT('Ctrl Pts',(-1.04571827343362,0.234104181390897,2.60992682948545));
#7283=CARTESIAN_POINT('Ctrl Pts',(-1.18718982830076,0.263257026571588,2.5));
#7284=CARTESIAN_POINT('Ctrl Pts',(-1.0788486778243,0.292458043172115,2.5));
#7285=CARTESIAN_POINT('Ctrl Pts',(-1.07063271640207,0.294534077430572,2.61095807525798));
#7286=CARTESIAN_POINT('Ctrl Pts',(-1.19679164508135,0.311601490609288,2.5));
#7287=CARTESIAN_POINT('Ctrl Pts',(-1.08480363552184,0.326472971780788,2.5));
#7288=CARTESIAN_POINT('Ctrl Pts',(-1.0770737750773,0.327245778612924,2.61172088374493));
#7289=CARTESIAN_POINT('Ctrl Pts',(-1.19679164508135,0.360018230334738,2.5));
#7290=CARTESIAN_POINT('Ctrl Pts',(-1.08390691705267,0.360018230334738,2.5));
#7291=CARTESIAN_POINT('Ctrl Pts',(-1.07701546927073,0.360018230334738,2.61267417525582));
#7292=CARTESIAN_POINT('',(-1.08870663705593,0.0987933629440683,2.5));
#7293=CARTESIAN_POINT('',(-1.19679164508135,0.360018230334738,2.5));
#7294=CARTESIAN_POINT('Ctrl Pts',(-1.08870663705593,0.0987933629440684,
2.5));
#7295=CARTESIAN_POINT('Ctrl Pts',(-1.10063925250752,0.11072597839574,2.5));
#7296=CARTESIAN_POINT('Ctrl Pts',(-1.11190582012178,0.123657267092297,2.5));
#7297=CARTESIAN_POINT('Ctrl Pts',(-1.12229907943834,0.137441576287729,2.5));
#7298=CARTESIAN_POINT('Ctrl Pts',(-1.13290086300379,0.151502445764584,2.5));
#7299=CARTESIAN_POINT('Ctrl Pts',(-1.14259310570417,0.166450214258534,2.5));
#7300=CARTESIAN_POINT('Ctrl Pts',(-1.15118516969725,0.182084608254475,2.5));
#7301=CARTESIAN_POINT('Ctrl Pts',(-1.15767509202947,0.19389387816059,2.5));
#7302=CARTESIAN_POINT('Ctrl Pts',(-1.16353785255906,0.206093833086062,2.5));
#7303=CARTESIAN_POINT('Ctrl Pts',(-1.16870646597091,0.218585578035395,2.5));
#7304=CARTESIAN_POINT('Ctrl Pts',(-1.17555379085675,0.23513451084263,2.5));
#7305=CARTESIAN_POINT('Ctrl Pts',(-1.18117798389684,0.252188604285618,2.5));
#7306=CARTESIAN_POINT('Ctrl Pts',(-1.18553295358759,0.269473545341755,2.5));
#7307=CARTESIAN_POINT('Ctrl Pts',(-1.18982207074624,0.286497116694633,2.5));
#7308=CARTESIAN_POINT('Ctrl Pts',(-1.19288003889037,0.303743442291146,2.5));
#7309=CARTESIAN_POINT('Ctrl Pts',(-1.19471243242886,0.320948593263578,2.5));
#7310=CARTESIAN_POINT('Ctrl Pts',(-1.1961059244185,0.334032704049315,2.5));
#7311=CARTESIAN_POINT('Ctrl Pts',(-1.19679164508135,0.347092860499673,2.5));
#7312=CARTESIAN_POINT('Ctrl Pts',(-1.19679164508135,0.360018230334738,2.5));
#7313=CARTESIAN_POINT('',(-1.00416947620567,0.183330523794325,2.60965897148463));
#7314=CARTESIAN_POINT('Origin',(-1.08870663705593,0.0987933629440683,2.62));
#7315=CARTESIAN_POINT('',(-1.07701546927073,0.360018230334737,2.61267417525582));
#7316=CARTESIAN_POINT('Ctrl Pts',(-1.07701546927073,0.360018230334738,2.61267417525582));
#7317=CARTESIAN_POINT('Ctrl Pts',(-1.07703793452737,0.347390988178099,2.61230687155648));
#7318=CARTESIAN_POINT('Ctrl Pts',(-1.07609171646082,0.334574681589178,2.61196220529009));
#7319=CARTESIAN_POINT('Ctrl Pts',(-1.07413919576985,0.321797609100429,2.61164789778967));
#7320=CARTESIAN_POINT('Ctrl Pts',(-1.07214856075288,0.308771120813734,2.61132745482622));
#7321=CARTESIAN_POINT('Ctrl Pts',(-1.06911187297841,0.295786634515235,2.61103860520483));
#7322=CARTESIAN_POINT('Ctrl Pts',(-1.06504214308196,0.283095588861152,2.61078827204957));
#7323=CARTESIAN_POINT('Ctrl Pts',(-1.06300828774,0.27675321439028,2.61066316757383));
#7324=CARTESIAN_POINT('Ctrl Pts',(-1.06071725428568,0.270484158046947,2.61054765956443));
#7325=CARTESIAN_POINT('Ctrl Pts',(-1.05817549491785,0.264319129410735,2.61044245237171));
#7326=CARTESIAN_POINT('Ctrl Pts',(-1.05309254608623,0.251990454438602,2.61023206157545));
#7327=CARTESIAN_POINT('Ctrl Pts',(-1.04700656079292,0.240085371895365,2.61006309514196));
#7328=CARTESIAN_POINT('Ctrl Pts',(-1.04006482161772,0.228806993796787,2.60993717416475));
#7329=CARTESIAN_POINT('Ctrl Pts',(-1.03323850958931,0.217716152419408,2.60981334699988));
#7330=CARTESIAN_POINT('Ctrl Pts',(-1.02558554620695,0.207232242200786,2.60973114610689));
#7331=CARTESIAN_POINT('Ctrl Pts',(-1.01728097964602,0.197513359865761,2.60969007927437));
#7332=CARTESIAN_POINT('Ctrl Pts',(-1.0130691778889,0.192584263880368,2.60966925153387));
#7333=CARTESIAN_POINT('Ctrl Pts',(-1.00869025177372,0.187851299362366,2.60965897148463));
#7334=CARTESIAN_POINT('Ctrl Pts',(-1.00416947620567,0.183330523794325,2.60965897148463));
#7335=CARTESIAN_POINT('Origin',(-1.19679164508135,0.360018230334738,2.62));
#7336=CARTESIAN_POINT('Ctrl Pts',(-0.824449897349363,0.313141213427814,
2.85));
#7337=CARTESIAN_POINT('Ctrl Pts',(-0.824441823100407,0.124988426054849,
2.85));
#7338=CARTESIAN_POINT('Ctrl Pts',(-0.824441331883895,0.113513504608987,
2.66219745044982));
#7339=CARTESIAN_POINT('Ctrl Pts',(-0.830993418137946,0.313140929229438,
2.85));
#7340=CARTESIAN_POINT('Ctrl Pts',(-0.855450607984977,0.126482201907268,
2.85));
#7341=CARTESIAN_POINT('Ctrl Pts',(-0.857061738595708,0.113609183753208,
2.66378655705016));
#7342=CARTESIAN_POINT('Ctrl Pts',(-0.837527224627688,0.314438482933888,
2.85));
#7343=CARTESIAN_POINT('Ctrl Pts',(-0.886035512245171,0.133791829379091,
2.85));
#7344=CARTESIAN_POINT('Ctrl Pts',(-0.889653234485104,0.120174674030521,
2.66505814614411));
#7345=CARTESIAN_POINT('Ctrl Pts',(-0.849601909929833,0.319434532777159,
2.85));
#7346=CARTESIAN_POINT('Ctrl Pts',(-0.942189293712727,0.15875482154464,2.85));
#7347=CARTESIAN_POINT('Ctrl Pts',(-0.949921787548089,0.14526006192044,2.66677713929805));
#7348=CARTESIAN_POINT('Ctrl Pts',(-0.855136069580418,0.323130258074557,
2.85));
#7349=CARTESIAN_POINT('Ctrl Pts',(-0.96786110710485,0.176405071511521,2.85));
#7350=CARTESIAN_POINT('Ctrl Pts',(-0.977565405953142,0.16376604671252,2.66722358933941));
#7351=CARTESIAN_POINT('Ctrl Pts',(-0.859754221409467,0.32774881256907,2.85));
#7352=CARTESIAN_POINT('Ctrl Pts',(-0.989484243131932,0.198029962600461,
2.85));
#7353=CARTESIAN_POINT('Ctrl Pts',(-1.00065626390027,0.186858906053401,2.66722349160379));
#7354=CARTESIAN_POINT('',(-0.824452046697768,0.313141213381139,2.85));
#7355=CARTESIAN_POINT('',(-0.859752704453264,0.327747295546736,2.85));
#7356=CARTESIAN_POINT('Ctrl Pts',(-0.824452046697768,0.313141213381138,
2.85));
#7357=CARTESIAN_POINT('Ctrl Pts',(-0.828280998754608,0.313141213381138,
2.85));
#7358=CARTESIAN_POINT('Ctrl Pts',(-0.832198490368027,0.313590004877133,
2.85));
#7359=CARTESIAN_POINT('Ctrl Pts',(-0.836042430799417,0.31450458584721,2.85));
#7360=CARTESIAN_POINT('Ctrl Pts',(-0.838599007784716,0.315112867037053,
2.85));
#7361=CARTESIAN_POINT('Ctrl Pts',(-0.841122500096484,0.315926072463364,
2.85));
#7362=CARTESIAN_POINT('Ctrl Pts',(-0.843564567279205,0.316936507854448,
2.85));
#7363=CARTESIAN_POINT('Ctrl Pts',(-0.847234353704918,0.318454927211827,
2.85));
#7364=CARTESIAN_POINT('Ctrl Pts',(-0.850715711892843,0.320419312825163,
2.85));
#7365=CARTESIAN_POINT('Ctrl Pts',(-0.853879734118207,0.32272569626128,2.85));
#7366=CARTESIAN_POINT('Ctrl Pts',(-0.855986940294849,0.324261723847726,
2.85));
#7367=CARTESIAN_POINT('Ctrl Pts',(-0.857953874720505,0.325948465813978,
2.85));
#7368=CARTESIAN_POINT('Ctrl Pts',(-0.859752704453264,0.327747295546736,
2.85));
#7369=CARTESIAN_POINT('',(-1.00064797253702,0.186852027462975,2.66723504752562));
#7370=CARTESIAN_POINT('Origin',(-0.859752704453264,0.327747295546736,2.65));
#7371=CARTESIAN_POINT('',(-0.824452046697768,0.113514253696765,2.66220970790697));
#7372=CARTESIAN_POINT('Ctrl Pts',(-1.00064797253702,0.186852027462975,2.66723504752562));
#7373=CARTESIAN_POINT('Ctrl Pts',(-0.992428932064271,0.178632986990221,
2.66723504752562));
#7374=CARTESIAN_POINT('Ctrl Pts',(-0.98351677337814,0.170870803254712,2.66718092073339));
#7375=CARTESIAN_POINT('Ctrl Pts',(-0.974008315803071,0.163725155059179,
2.66706765376646));
#7376=CARTESIAN_POINT('Ctrl Pts',(-0.964538733561869,0.156608721850105,
2.66695484989157));
#7377=CARTESIAN_POINT('Ctrl Pts',(-0.954478310365308,0.150104569219841,
2.66678337717774));
#7378=CARTESIAN_POINT('Ctrl Pts',(-0.943962672731333,0.144338078082256,
2.6665527078174));
#7379=CARTESIAN_POINT('Ctrl Pts',(-0.9334543670435,0.13857560758554,2.66632219928947));
#7380=CARTESIAN_POINT('Ctrl Pts',(-0.922492284715005,0.133550352122522,
2.66603259017577));
#7381=CARTESIAN_POINT('Ctrl Pts',(-0.9112412993468,0.129344790765041,2.66568776789919));
#7382=CARTESIAN_POINT('Ctrl Pts',(-0.899989467961793,0.125138913170763,
2.66534291969372));
#7383=CARTESIAN_POINT('Ctrl Pts',(-0.888449636423658,0.121753160473627,
2.66494288909364));
#7384=CARTESIAN_POINT('Ctrl Pts',(-0.876803045498714,0.119220638656157,
2.66449558410814));
#7385=CARTESIAN_POINT('Ctrl Pts',(-0.865102923671826,0.116676476679093,
2.66404622318718));
#7386=CARTESIAN_POINT('Ctrl Pts',(-0.853296053459036,0.114993439244555,
2.66354921117138));
#7387=CARTESIAN_POINT('Ctrl Pts',(-0.841567959006245,0.114152603260691,
2.66301588432513));
#7388=CARTESIAN_POINT('Ctrl Pts',(-0.835837005467664,0.113741727310084,
2.66275527324385));
#7389=CARTESIAN_POINT('Ctrl Pts',(-0.830124793625893,0.113531154617227,
2.66248603551394));
#7390=CARTESIAN_POINT('Ctrl Pts',(-0.824452046697768,0.113514253696765,
2.66220970790697));
#7391=CARTESIAN_POINT('Origin',(-0.824452046697768,0.313141213381139,2.65));
#7392=CARTESIAN_POINT('Ctrl Pts',(1.49935878657218,0.363050102650638,2.85));
#7393=CARTESIAN_POINT('Ctrl Pts',(1.68751157394515,0.363058176899594,2.85));
#7394=CARTESIAN_POINT('Ctrl Pts',(1.69898649539101,0.363058668116107,2.66219745044982));
#7395=CARTESIAN_POINT('Ctrl Pts',(1.49935907077061,0.356506581862054,2.85));
#7396=CARTESIAN_POINT('Ctrl Pts',(1.68601779809287,0.33204939201503,2.85));
#7397=CARTESIAN_POINT('Ctrl Pts',(1.69889081624679,0.330438261404314,2.66378655705015));
#7398=CARTESIAN_POINT('Ctrl Pts',(1.49806151706609,0.349972775372312,2.85));
#7399=CARTESIAN_POINT('Ctrl Pts',(1.67870817062087,0.301464487754815,2.85));
#7400=CARTESIAN_POINT('Ctrl Pts',(1.69232532596947,0.297846765514868,2.66505814614411));
#7401=CARTESIAN_POINT('Ctrl Pts',(1.49306546722286,0.337898090070167,2.85));
#7402=CARTESIAN_POINT('Ctrl Pts',(1.6537451784554,0.245310706287286,2.85));
#7403=CARTESIAN_POINT('Ctrl Pts',(1.66723993807957,0.237578212451941,2.66677713929804));
#7404=CARTESIAN_POINT('Ctrl Pts',(1.48936974192543,0.332363930419578,2.85));
#7405=CARTESIAN_POINT('Ctrl Pts',(1.63609492848856,0.21963889289502,2.85));
#7406=CARTESIAN_POINT('Ctrl Pts',(1.64873395328747,0.209934594046838,2.66722358933936));
#7407=CARTESIAN_POINT('Ctrl Pts',(1.48475118743093,0.327745778590533,2.85));
#7408=CARTESIAN_POINT('Ctrl Pts',(1.61447003739954,0.198015756868065,2.85));
#7409=CARTESIAN_POINT('Ctrl Pts',(1.6256410939466,0.186843736099733,2.66722349160379));
#7410=CARTESIAN_POINT('',(1.49935878661886,0.363047953302232,2.85));
#7411=CARTESIAN_POINT('',(1.48475270445326,0.327747295546736,2.85));
#7412=CARTESIAN_POINT('Ctrl Pts',(1.49935878661886,0.363047953302232,2.85));
#7413=CARTESIAN_POINT('Ctrl Pts',(1.49935878661886,0.359219001245471,2.85));
#7414=CARTESIAN_POINT('Ctrl Pts',(1.49890999512286,0.355301509632143,2.85));
#7415=CARTESIAN_POINT('Ctrl Pts',(1.49799541415281,0.351457569200835,2.85));
#7416=CARTESIAN_POINT('Ctrl Pts',(1.49738713296296,0.348900992215455,2.85));
#7417=CARTESIAN_POINT('Ctrl Pts',(1.49657392753662,0.346377499903606,2.85));
#7418=CARTESIAN_POINT('Ctrl Pts',(1.49556349214552,0.343935432720808,2.85));
#7419=CARTESIAN_POINT('Ctrl Pts',(1.49404507278813,0.34026564629503,2.85));
#7420=CARTESIAN_POINT('Ctrl Pts',(1.49208068717476,0.336784288107041,2.85));
#7421=CARTESIAN_POINT('Ctrl Pts',(1.48977430373859,0.333620265881625,2.85));
#7422=CARTESIAN_POINT('Ctrl Pts',(1.48823827615218,0.331513059705046,2.85));
#7423=CARTESIAN_POINT('Ctrl Pts',(1.48655153418597,0.329546125279444,2.85));
#7424=CARTESIAN_POINT('Ctrl Pts',(1.48475270445326,0.327747295546736,2.85));
#7425=CARTESIAN_POINT('',(1.62564797253702,0.186852027462975,2.66723504752562));
#7426=CARTESIAN_POINT('Origin',(1.48475270445326,0.327747295546736,2.65));
#7427=CARTESIAN_POINT('',(1.69898574630323,0.363047953302232,2.66220970790697));
#7428=CARTESIAN_POINT('Ctrl Pts',(1.62564797253702,0.186852027462975,2.66723504752562));
#7429=CARTESIAN_POINT('Ctrl Pts',(1.63386701300978,0.195071067935728,2.66723504752562));
#7430=CARTESIAN_POINT('Ctrl Pts',(1.64162919674528,0.203983226621857,2.66718092073339));
#7431=CARTESIAN_POINT('Ctrl Pts',(1.64877484494082,0.213491684196924,2.66706765376646));
#7432=CARTESIAN_POINT('Ctrl Pts',(1.65589127814989,0.222961266438126,2.66695484989157));
#7433=CARTESIAN_POINT('Ctrl Pts',(1.66239543078015,0.233021689634686,2.66678337717774));
#7434=CARTESIAN_POINT('Ctrl Pts',(1.66816192191774,0.24353732726866,2.6665527078174));
#7435=CARTESIAN_POINT('Ctrl Pts',(1.67392439241445,0.254045632956492,2.66632219928947));
#7436=CARTESIAN_POINT('Ctrl Pts',(1.67894964787747,0.265007715284987,2.66603259017577));
#7437=CARTESIAN_POINT('Ctrl Pts',(1.68315520923495,0.27625870065319,2.66568776789919));
#7438=CARTESIAN_POINT('Ctrl Pts',(1.68736108682923,0.287510532038197,2.66534291969372));
#7439=CARTESIAN_POINT('Ctrl Pts',(1.69074683952637,0.299050363576332,2.66494288909364));
#7440=CARTESIAN_POINT('Ctrl Pts',(1.69327936134384,0.310696954501275,2.66449558410814));
#7441=CARTESIAN_POINT('Ctrl Pts',(1.6958235233209,0.322397076328163,2.66404622318718));
#7442=CARTESIAN_POINT('Ctrl Pts',(1.69750656075544,0.334203946540952,2.66354921117138));
#7443=CARTESIAN_POINT('Ctrl Pts',(1.69834739673931,0.345932040993742,2.66301588432513));
#7444=CARTESIAN_POINT('Ctrl Pts',(1.69875827268991,0.351662994532327,2.66275527324385));
#7445=CARTESIAN_POINT('Ctrl Pts',(1.69896884538277,0.357375206374103,2.66248603551394));
#7446=CARTESIAN_POINT('Ctrl Pts',(1.69898574630323,0.363047953302232,2.66220970790697));
#7447=CARTESIAN_POINT('Origin',(1.49935878661886,0.363047953302232,2.65));
#7448=CARTESIAN_POINT('Ctrl Pts',(1.71370663705593,0.0987933629440683,2.5));
#7449=CARTESIAN_POINT('Ctrl Pts',(1.63587650622468,0.176623493775318,2.5));
#7450=CARTESIAN_POINT('Ctrl Pts',(1.62916947620567,0.183330523794325,2.60965897148463));
#7451=CARTESIAN_POINT('Ctrl Pts',(1.6795345687192,0.0646212946075638,2.5));
#7452=CARTESIAN_POINT('Ctrl Pts',(1.61190628284369,0.152653270393784,2.5));
#7453=CARTESIAN_POINT('Ctrl Pts',(1.6060802408431,0.160241288431752,2.60965897148462));
#7454=CARTESIAN_POINT('Ctrl Pts',(1.6385858705009,0.0372768963589478,2.5));
#7455=CARTESIAN_POINT('Ctrl Pts',(1.58294220660621,0.13364007343583,2.5));
#7456=CARTESIAN_POINT('Ctrl Pts',(1.57839581860915,0.1417817265664,2.60992682948544));
#7457=CARTESIAN_POINT('Ctrl Pts',(1.54924297342831,0.000310171699239662,
2.5));
#7458=CARTESIAN_POINT('Ctrl Pts',(1.52004195682786,0.108651322175699,2.5));
#7459=CARTESIAN_POINT('Ctrl Pts',(1.51796592256938,0.116867283597906,2.61095807525799));
#7460=CARTESIAN_POINT('Ctrl Pts',(1.50089850939079,-0.00929164508135326,
2.5));
#7461=CARTESIAN_POINT('Ctrl Pts',(1.48602702821924,0.102696364478521,2.5));
#7462=CARTESIAN_POINT('Ctrl Pts',(1.48525422138711,0.110426224922697,2.61172088374492));
#7463=CARTESIAN_POINT('Ctrl Pts',(1.45248176966526,-0.00929164508135326,
2.5));
#7464=CARTESIAN_POINT('Ctrl Pts',(1.45248176966526,0.10359308294733,2.5));
#7465=CARTESIAN_POINT('Ctrl Pts',(1.45248176966526,0.110484530729271,2.61267417525582));
#7466=CARTESIAN_POINT('',(1.71370663705593,0.0987933629440683,2.5));
#7467=CARTESIAN_POINT('',(1.45248176966526,-0.00929164508135331,2.5));
#7468=CARTESIAN_POINT('Ctrl Pts',(1.71370663705593,0.0987933629440683,2.5));
#7469=CARTESIAN_POINT('Ctrl Pts',(1.70177402160432,0.0868607474925337,2.5));
#7470=CARTESIAN_POINT('Ctrl Pts',(1.68884273290784,0.0755941798783116,2.5));
#7471=CARTESIAN_POINT('Ctrl Pts',(1.67505842371249,0.0652009205617929,2.5));
#7472=CARTESIAN_POINT('Ctrl Pts',(1.66099755423584,0.0545991369964765,2.5));
#7473=CARTESIAN_POINT('Ctrl Pts',(1.64604978574212,0.0449068942962072,2.5));
#7474=CARTESIAN_POINT('Ctrl Pts',(1.6304153917464,0.0363148303032013,2.5));
#7475=CARTESIAN_POINT('Ctrl Pts',(1.61860612184003,0.0298249079708075,2.5));
#7476=CARTESIAN_POINT('Ctrl Pts',(1.60640616691426,0.0239621474410593,2.5));
#7477=CARTESIAN_POINT('Ctrl Pts',(1.5939144219646,0.0187935340290938,2.5));
#7478=CARTESIAN_POINT('Ctrl Pts',(1.57736548915754,0.011946209143339,2.5));
#7479=CARTESIAN_POINT('Ctrl Pts',(1.56031139571478,0.00632201610330817,
2.5));
#7480=CARTESIAN_POINT('Ctrl Pts',(1.54302645465889,0.00196704641258029,
2.5));
#7481=CARTESIAN_POINT('Ctrl Pts',(1.52600288330618,-0.00232207074606635,
2.5));
#7482=CARTESIAN_POINT('Ctrl Pts',(1.50875655770985,-0.0053800388902117,
2.5));
#7483=CARTESIAN_POINT('Ctrl Pts',(1.49155140673759,-0.00721243242873597,
2.5));
#7484=CARTESIAN_POINT('Ctrl Pts',(1.47846729595146,-0.00860592441845912,
2.5));
#7485=CARTESIAN_POINT('Ctrl Pts',(1.46540713950072,-0.00929164508135327,
2.5));
#7486=CARTESIAN_POINT('Ctrl Pts',(1.45248176966526,-0.00929164508135327,
2.5));
#7487=CARTESIAN_POINT('',(1.62916947620567,0.183330523794325,2.60965897148463));
#7488=CARTESIAN_POINT('Origin',(1.71370663705593,0.0987933629440683,2.62));
#7489=CARTESIAN_POINT('',(1.45248176966526,0.110484530729271,2.61267417525582));
#7490=CARTESIAN_POINT('Ctrl Pts',(1.45248176966526,0.110484530729271,2.61267417525582));
#7491=CARTESIAN_POINT('Ctrl Pts',(1.46510901182185,0.110462065472628,2.61230687155648));
#7492=CARTESIAN_POINT('Ctrl Pts',(1.47792531841071,0.111408283539172,2.61196220529009));
#7493=CARTESIAN_POINT('Ctrl Pts',(1.4907023908994,0.113360804230121,2.61164789778968));
#7494=CARTESIAN_POINT('Ctrl Pts',(1.50372887918595,0.115351439247057,2.61132745482622));
#7495=CARTESIAN_POINT('Ctrl Pts',(1.51671336548431,0.118388127021472,2.61103860520485));
#7496=CARTESIAN_POINT('Ctrl Pts',(1.52940441113828,0.122457856917854,2.61078827204958));
#7497=CARTESIAN_POINT('Ctrl Pts',(1.53574678560934,0.124491712259858,2.61066316757384));
#7498=CARTESIAN_POINT('Ctrl Pts',(1.54201584195286,0.126782745714245,2.61054765956444));
#7499=CARTESIAN_POINT('Ctrl Pts',(1.54818087058926,0.129324505082153,2.61044245237171));
#7500=CARTESIAN_POINT('Ctrl Pts',(1.56050954556129,0.13440745391373,2.61023206157545));
#7501=CARTESIAN_POINT('Ctrl Pts',(1.57241462810441,0.14049343920696,2.61006309514197));
#7502=CARTESIAN_POINT('Ctrl Pts',(1.58369300620288,0.14743517838207,2.60993717416475));
#7503=CARTESIAN_POINT('Ctrl Pts',(1.59478384758021,0.154261490410429,2.60981334699988));
#7504=CARTESIAN_POINT('Ctrl Pts',(1.60526775779879,0.161914453792717,2.60973114610689));
#7505=CARTESIAN_POINT('Ctrl Pts',(1.61498664013378,0.170219020353587,2.60969007927437));
#7506=CARTESIAN_POINT('Ctrl Pts',(1.61991573611934,0.174430822110831,2.60966925153386));
#7507=CARTESIAN_POINT('Ctrl Pts',(1.62464870063749,0.178809748226142,2.60965897148463));
#7508=CARTESIAN_POINT('Ctrl Pts',(1.62916947620567,0.183330523794325,2.60965897148463));
#7509=CARTESIAN_POINT('Origin',(1.45248176966526,-0.00929164508135323,2.62));
#7510=CARTESIAN_POINT('Ctrl Pts',(-0.987279767823414,2.29931346742888,-0.0625000000000002));
#7511=CARTESIAN_POINT('Ctrl Pts',(-0.987279767823414,2.29931346742888,0.0726552884339314));
#7512=CARTESIAN_POINT('Ctrl Pts',(-1.05442688920943,2.29931346742888,-0.0625000000000002));
#7513=CARTESIAN_POINT('Ctrl Pts',(-1.05442688920943,2.29931346742888,0.0726552884339314));
#7514=CARTESIAN_POINT('Ctrl Pts',(-1.11639110271003,2.27367501049176,-0.0625000000000002));
#7515=CARTESIAN_POINT('Ctrl Pts',(-1.11639110271003,2.27367501049176,0.0726552884339314));
#7516=CARTESIAN_POINT('Ctrl Pts',(-1.16378305660089,2.22628305660089,-0.0625000000000002));
#7517=CARTESIAN_POINT('Ctrl Pts',(-1.16378305660089,2.22628305660089,0.0726552884339314));
#7518=CARTESIAN_POINT('',(-0.987279767823414,2.29931346742888,-0.0625000000000002));
#7519=CARTESIAN_POINT('',(-1.16378305660089,2.22628305660089,-0.0625000000000002));
#7520=CARTESIAN_POINT('Origin',(-0.986346295664725,2.04884629566467,-0.0625000000000002));
#7521=CARTESIAN_POINT('',(-1.16378305660089,2.22628305660089,-0.0625000000000002));
#7522=CARTESIAN_POINT('',(-0.987279767823414,2.29931346742888,-0.0625000000000002));
#7523=CARTESIAN_POINT('Ctrl Pts',(1.86181346742888,2.04977976782341,-0.0625000000000002));
#7524=CARTESIAN_POINT('Ctrl Pts',(1.86181346742888,2.04977976782341,0.0726552884339306));
#7525=CARTESIAN_POINT('Ctrl Pts',(1.86181346742888,2.11692688920943,-0.0625000000000002));
#7526=CARTESIAN_POINT('Ctrl Pts',(1.86181346742888,2.11692688920943,0.0726552884339306));
#7527=CARTESIAN_POINT('Ctrl Pts',(1.83617501049176,2.17889110271003,-0.0625000000000002));
#7528=CARTESIAN_POINT('Ctrl Pts',(1.83617501049176,2.17889110271003,0.0726552884339306));
#7529=CARTESIAN_POINT('Ctrl Pts',(1.78878305660089,2.22628305660089,-0.0625000000000002));
#7530=CARTESIAN_POINT('Ctrl Pts',(1.78878305660089,2.22628305660089,0.0726552884339306));
#7531=CARTESIAN_POINT('',(1.86181346742888,2.04977976782341,-0.0625000000000002));
#7532=CARTESIAN_POINT('',(1.78878305660089,2.22628305660089,-0.0625000000000002));
#7533=CARTESIAN_POINT('Origin',(1.61134629566519,2.04884629566509,-0.0625000000000003));
#7534=CARTESIAN_POINT('',(1.78878305660089,2.22628305660089,-0.0625000000000002));
#7535=CARTESIAN_POINT('',(1.86181346742888,2.04977976782341,-0.0625000000000002));
#7536=CARTESIAN_POINT('Origin',(3.93,0.305464803922968,-0.0625000000000002));
#7537=CARTESIAN_POINT('',(5.1835869193078,-0.536330798192168,-0.0625000000000002));
#7538=CARTESIAN_POINT('',(3.93,1.81546480392297,-0.0625000000000002));
#7539=CARTESIAN_POINT('Origin',(3.93,0.305464803922968,-0.0625000000000002));
#7540=CARTESIAN_POINT('',(3.93,1.81546480392297,-1.70740499604016E-17));
#7541=CARTESIAN_POINT('',(3.93,1.81546480392297,-0.0625000000000002));
#7542=CARTESIAN_POINT('',(5.1835869193078,-0.536330798192168,0.));
#7543=CARTESIAN_POINT('Origin',(3.93,0.305464803922968,0.));
#7544=CARTESIAN_POINT('',(5.1835869193078,-0.536330798192168,-0.0625000000000002));
#7545=CARTESIAN_POINT('Ctrl Pts',(-0.827481769665262,-0.00929164508135333,
2.4375));
#7546=CARTESIAN_POINT('Ctrl Pts',(-0.827481769665262,0.162387212128936,
2.4375));
#7547=CARTESIAN_POINT('Ctrl Pts',(-0.827481769665262,0.172867955630637,
2.60885864153489));
#7548=CARTESIAN_POINT('Ctrl Pts',(-0.875898509390738,-0.00929164508122735,
2.4375));
#7549=CARTESIAN_POINT('Ctrl Pts',(-0.853375875850198,0.161023496627068,
2.4375));
#7550=CARTESIAN_POINT('Ctrl Pts',(-0.85210619382622,0.17277928170764,2.60740883570938));
#7551=CARTESIAN_POINT('Ctrl Pts',(-0.924242973428378,0.00031017169926908,
2.4375));
#7552=CARTESIAN_POINT('Ctrl Pts',(-0.879879484974838,0.1650981995469,2.43749999999983));
#7553=CARTESIAN_POINT('Ctrl Pts',(-0.876675791913647,0.177574112711779,
2.60624873945481));
#7554=CARTESIAN_POINT('Ctrl Pts',(-1.01358587050083,0.0372768963589193,
2.4375));
#7555=CARTESIAN_POINT('Ctrl Pts',(-0.929007338357394,0.183848346753283,
2.43750000000017));
#7556=CARTESIAN_POINT('Ctrl Pts',(-0.922046833248905,0.196211325632797,
2.60468038650916));
#7557=CARTESIAN_POINT('Ctrl Pts',(-1.0545345687193,0.0646212946075379,2.4375));
#7558=CARTESIAN_POINT('Ctrl Pts',(-0.95168314173509,0.198503182235656,2.4375));
#7559=CARTESIAN_POINT('Ctrl Pts',(-0.942822778407515,0.210043368548598,
2.60427301913354));
#7560=CARTESIAN_POINT('Ctrl Pts',(-1.08870663705593,0.0987933629440681,
2.4375));
#7561=CARTESIAN_POINT('Ctrl Pts',(-0.970339979750073,0.217160020249926,
2.4375));
#7562=CARTESIAN_POINT('Ctrl Pts',(-0.9601397049295,0.2273602950705,2.60427301913287));
#7563=CARTESIAN_POINT('',(-0.827481769665263,-0.00929164508135331,2.4375));
#7564=CARTESIAN_POINT('',(-1.08870663705593,0.0987933629440683,2.4375));
#7565=CARTESIAN_POINT('Ctrl Pts',(-0.827481769665263,-0.00929164508135331,
2.4375));
#7566=CARTESIAN_POINT('Ctrl Pts',(-0.844399463702619,-0.00929164508130928,
2.4375));
#7567=CARTESIAN_POINT('Ctrl Pts',(-0.861548691941045,-0.0081151687636349,
2.4375));
#7568=CARTESIAN_POINT('Ctrl Pts',(-0.878678806677056,-0.00571866068859716,
2.4375));
#7569=CARTESIAN_POINT('Ctrl Pts',(-0.896148014019481,-0.00327471345848193,
2.4375));
#7570=CARTESIAN_POINT('Ctrl Pts',(-0.913596255139911,0.000438144415674021,
2.4375));
#7571=CARTESIAN_POINT('Ctrl Pts',(-0.930746324534883,0.00541306494299766,
2.4375));
#7572=CARTESIAN_POINT('Ctrl Pts',(-0.943677898737672,0.00916427739995292,
2.4375));
#7573=CARTESIAN_POINT('Ctrl Pts',(-0.956439578061327,0.0136319136333437,
2.4375));
#7574=CARTESIAN_POINT('Ctrl Pts',(-0.968914421964606,0.0187935340290942,
2.4375));
#7575=CARTESIAN_POINT('Ctrl Pts',(-0.985458217382997,0.0256387332569777,
2.4375));
#7576=CARTESIAN_POINT('Ctrl Pts',(-1.00148918505603,0.0337030095286773,
2.4375));
#7577=CARTESIAN_POINT('Ctrl Pts',(-1.01678112917943,0.0428254282715472,
2.4375));
#7578=CARTESIAN_POINT('Ctrl Pts',(-1.03183703576333,0.0518070386739709,
2.4375));
#7579=CARTESIAN_POINT('Ctrl Pts',(-1.04617572466856,0.0618135699511601,
2.4375));
#7580=CARTESIAN_POINT('Ctrl Pts',(-1.05961517956759,0.0726551733873182,
2.4375));
#7581=CARTESIAN_POINT('Ctrl Pts',(-1.06985464411922,0.0809153457604907,
2.4375));
#7582=CARTESIAN_POINT('Ctrl Pts',(-1.0795727285651,0.0896594544532612,2.4375));
#7583=CARTESIAN_POINT('Ctrl Pts',(-1.08870663705593,0.0987933629440681,
2.4375));
#7584=CARTESIAN_POINT('',(-0.9601397049295,0.2273602950705,2.60427301913288));
#7585=CARTESIAN_POINT('Origin',(-1.08870663705593,0.0987933629440683,2.62));
#7586=CARTESIAN_POINT('',(-0.827481769665263,0.172867955630637,2.60885864153489));
#7587=CARTESIAN_POINT('Ctrl Pts',(-0.9601397049295,0.2273602950705,2.60427301913287));
#7588=CARTESIAN_POINT('Ctrl Pts',(-0.952990396866125,0.220210987007126,
2.60427301913287));
#7589=CARTESIAN_POINT('Ctrl Pts',(-0.945128283533023,0.213538295092721,
2.6043427971143));
#7590=CARTESIAN_POINT('Ctrl Pts',(-0.936678754613021,0.207514170304028,
2.60448508461804));
#7591=CARTESIAN_POINT('Ctrl Pts',(-0.928059148375974,0.201368788224983,
2.60463023617219));
#7592=CARTESIAN_POINT('Ctrl Pts',(-0.918829117801731,0.195899315282556,
2.60485085110036));
#7593=CARTESIAN_POINT('Ctrl Pts',(-0.909164901052283,0.191256938505998,
2.60514545976587));
#7594=CARTESIAN_POINT('Ctrl Pts',(-0.905942592649474,0.18970904589515,2.60524369017636));
#7595=CARTESIAN_POINT('Ctrl Pts',(-0.902672302592566,0.188252785505375,
2.60535011110223));
#7596=CARTESIAN_POINT('Ctrl Pts',(-0.899361312581296,0.186892719172241,
2.60546456298134));
#7597=CARTESIAN_POINT('Ctrl Pts',(-0.889418256869589,0.182808377245524,
2.605808267253));
#7598=CARTESIAN_POINT('Ctrl Pts',(-0.879112290522798,0.179597324265606,
2.60622449376982));
#7599=CARTESIAN_POINT('Ctrl Pts',(-0.868674927688235,0.177293571546482,
2.60670165593268));
#7600=CARTESIAN_POINT('Ctrl Pts',(-0.858407578322083,0.175027344493214,
2.60717104563466));
#7601=CARTESIAN_POINT('Ctrl Pts',(-0.848014422572414,0.173639110250416,
2.6076993237008));
#7602=CARTESIAN_POINT('Ctrl Pts',(-0.83771478690636,0.173111676281186,2.6082726146295));
#7603=CARTESIAN_POINT('Ctrl Pts',(-0.834290990105501,0.172936347095274,
2.60846318754988));
#7604=CARTESIAN_POINT('Ctrl Pts',(-0.83087743272189,0.172855727658828,2.60865871596305));
#7605=CARTESIAN_POINT('Ctrl Pts',(-0.827481769665263,0.172867955630637,
2.60885864153489));
#7606=CARTESIAN_POINT('Origin',(-0.827481769665262,-0.00929164508135333,
2.62));
#7607=CARTESIAN_POINT('Ctrl Pts',(1.82179164508135,0.360018230334738,2.4375));
#7608=CARTESIAN_POINT('Ctrl Pts',(1.65011278787106,0.360018230334738,2.4375));
#7609=CARTESIAN_POINT('Ctrl Pts',(1.63963204436936,0.360018230334738,2.60885864153489));
#7610=CARTESIAN_POINT('Ctrl Pts',(1.82179164508135,0.311601490609262,2.4375));
#7611=CARTESIAN_POINT('Ctrl Pts',(1.65147650337283,0.334124124149801,2.43749999999933));
#7612=CARTESIAN_POINT('Ctrl Pts',(1.63972071829236,0.335393806173787,2.60740883570936));
#7613=CARTESIAN_POINT('Ctrl Pts',(1.81218982830073,0.263257026571622,2.4375));
#7614=CARTESIAN_POINT('Ctrl Pts',(1.64740180045325,0.30762051502516,2.4375));
#7615=CARTESIAN_POINT('Ctrl Pts',(1.63492588728822,0.310824208086346,2.6062487394548));
#7616=CARTESIAN_POINT('Ctrl Pts',(1.77522310364108,0.173914129499166,2.4375));
#7617=CARTESIAN_POINT('Ctrl Pts',(1.62865165324657,0.258492661642603,2.4375));
#7618=CARTESIAN_POINT('Ctrl Pts',(1.6162886743672,0.265453166751101,2.60468038650916));
#7619=CARTESIAN_POINT('Ctrl Pts',(1.74787870539255,0.132965431280621,2.4375));
#7620=CARTESIAN_POINT('Ctrl Pts',(1.61399681776454,0.235816858264817,2.4375));
#7621=CARTESIAN_POINT('Ctrl Pts',(1.6024566314514,0.244677221592481,2.60427301913353));
#7622=CARTESIAN_POINT('Ctrl Pts',(1.71370663705593,0.0987933629440688,2.4375));
#7623=CARTESIAN_POINT('Ctrl Pts',(1.59533997975007,0.217160020249927,2.4375));
#7624=CARTESIAN_POINT('Ctrl Pts',(1.5851397049295,0.2273602950705,2.60427301913287));
#7625=CARTESIAN_POINT('',(1.82179164508135,0.360018230334738,2.4375));
#7626=CARTESIAN_POINT('',(1.71370663705593,0.0987933629440683,2.4375));
#7627=CARTESIAN_POINT('Ctrl Pts',(1.82179164508135,0.360018230334738,2.4375));
#7628=CARTESIAN_POINT('Ctrl Pts',(1.82179164508135,0.343100536297591,2.4375));
#7629=CARTESIAN_POINT('Ctrl Pts',(1.82061516876372,0.325951308059381,2.4375));
#7630=CARTESIAN_POINT('Ctrl Pts',(1.81821866068873,0.308821193323583,2.4375));
#7631=CARTESIAN_POINT('Ctrl Pts',(1.81577471345865,0.291351985981224,2.4375));
#7632=CARTESIAN_POINT('Ctrl Pts',(1.81206185558452,0.273903744860859,2.4375));
#7633=CARTESIAN_POINT('Ctrl Pts',(1.80708693505724,0.256753675465945,2.4375));
#7634=CARTESIAN_POINT('Ctrl Pts',(1.80333572260022,0.243822101262877,2.4375));
#7635=CARTESIAN_POINT('Ctrl Pts',(1.79886808636674,0.231060421938947,2.4375));
#7636=CARTESIAN_POINT('Ctrl Pts',(1.79370646597087,0.218585578035406,2.4375));
#7637=CARTESIAN_POINT('Ctrl Pts',(1.786861266743,0.202041782617053,2.4375));
#7638=CARTESIAN_POINT('Ctrl Pts',(1.77879699047133,0.186010814944042,2.4375));
#7639=CARTESIAN_POINT('Ctrl Pts',(1.7696745717285,0.17071887082067,2.4375));
#7640=CARTESIAN_POINT('Ctrl Pts',(1.76069296132619,0.15566296423691,2.4375));
#7641=CARTESIAN_POINT('Ctrl Pts',(1.75068643004913,0.141324275331817,2.4375));
#7642=CARTESIAN_POINT('Ctrl Pts',(1.73984482661311,0.127884820432907,2.4375));
#7643=CARTESIAN_POINT('Ctrl Pts',(1.73158465423982,0.117645355881081,2.4375));
#7644=CARTESIAN_POINT('Ctrl Pts',(1.7228405455469,0.107927271435042,2.4375));
#7645=CARTESIAN_POINT('Ctrl Pts',(1.71370663705593,0.098793362944069,2.4375));
#7646=CARTESIAN_POINT('',(1.5851397049295,0.2273602950705,2.60427301913287));
#7647=CARTESIAN_POINT('Origin',(1.71370663705593,0.0987933629440683,2.62));
#7648=CARTESIAN_POINT('',(1.63963204436936,0.360018230334738,2.60885864153489));
#7649=CARTESIAN_POINT('Ctrl Pts',(1.5851397049295,0.2273602950705,2.60427301913287));
#7650=CARTESIAN_POINT('Ctrl Pts',(1.59228901299288,0.23450960313388,2.60427301913287));
#7651=CARTESIAN_POINT('Ctrl Pts',(1.59896170490729,0.242371716466991,2.60434279711431));
#7652=CARTESIAN_POINT('Ctrl Pts',(1.60498582969599,0.250821245387002,2.60448508461805));
#7653=CARTESIAN_POINT('Ctrl Pts',(1.61113121177504,0.259440851624069,2.60463023617221));
#7654=CARTESIAN_POINT('Ctrl Pts',(1.61660068471748,0.268670882198334,2.60485085110038));
#7655=CARTESIAN_POINT('Ctrl Pts',(1.62124306149404,0.278335098947804,2.60514545976589));
#7656=CARTESIAN_POINT('Ctrl Pts',(1.62279095410487,0.281557407350585,2.60524369017638));
#7657=CARTESIAN_POINT('Ctrl Pts',(1.62424721449463,0.284827697407464,2.60535011110225));
#7658=CARTESIAN_POINT('Ctrl Pts',(1.62560728082776,0.288138687418705,2.60546456298136));
#7659=CARTESIAN_POINT('Ctrl Pts',(1.62969162275448,0.29808174313043,2.60580826725301));
#7660=CARTESIAN_POINT('Ctrl Pts',(1.6329026757344,0.308387709477245,2.60622449376983));
#7661=CARTESIAN_POINT('Ctrl Pts',(1.63520642845353,0.318825072311832,2.60670165593269));
#7662=CARTESIAN_POINT('Ctrl Pts',(1.6374726555068,0.329092421677996,2.60717104563467));
#7663=CARTESIAN_POINT('Ctrl Pts',(1.63886088974959,0.339485577427677,2.60769932370081));
#7664=CARTESIAN_POINT('Ctrl Pts',(1.63938832371882,0.349785213093741,2.60827261462951));
#7665=CARTESIAN_POINT('Ctrl Pts',(1.63956365290473,0.353209009894566,2.60846318754988));
#7666=CARTESIAN_POINT('Ctrl Pts',(1.63964427234117,0.356622567278144,2.60865871596305));
#7667=CARTESIAN_POINT('Ctrl Pts',(1.63963204436936,0.360018230334738,2.60885864153489));
#7668=CARTESIAN_POINT('Origin',(1.82179164508135,0.360018230334738,2.62));
#7669=CARTESIAN_POINT('Ctrl Pts',(2.36392880990794,1.53090189461486,2.4375));
#7670=CARTESIAN_POINT('Ctrl Pts',(2.47599610995496,1.59811495356439,2.4375));
#7671=CARTESIAN_POINT('Ctrl Pts',(2.48169424390532,1.60153244477679,2.30699127593728));
#7672=CARTESIAN_POINT('Ctrl Pts',(2.36856336283333,1.52317449994578,2.4375));
#7673=CARTESIAN_POINT('Ctrl Pts',(2.49275059107329,1.57017946762841,2.43749999999997));
#7674=CARTESIAN_POINT('Ctrl Pts',(2.49907378354712,1.57255477117948,2.3069912759373));
#7675=CARTESIAN_POINT('Ctrl Pts',(2.37104165154791,1.51422233443359,2.4375));
#7676=CARTESIAN_POINT('Ctrl Pts',(2.50204993237642,1.53787286996683,2.43749999999994));
#7677=CARTESIAN_POINT('Ctrl Pts',(2.50838251545142,1.5389930575256,2.30664507654315));
#7678=CARTESIAN_POINT('Ctrl Pts',(2.37104165154904,1.50520859688394,2.4375));
#7679=CARTESIAN_POINT('Ctrl Pts',(2.50266926610907,1.50520859688394,2.4375));
#7680=CARTESIAN_POINT('Ctrl Pts',(2.50841078201654,1.50520859688394,2.30599766576273));
#7681=CARTESIAN_POINT('',(2.36392880990794,1.53090189461486,2.4375));
#7682=CARTESIAN_POINT('',(2.37104165154904,1.50520859688394,2.4375));
#7683=CARTESIAN_POINT('Origin',(2.33012710210877,1.50768640028072,2.4375));
#7684=CARTESIAN_POINT('',(2.48169424390532,1.60153244477679,2.30699127593728));
#7685=CARTESIAN_POINT('Origin',(2.36392880990794,1.53090189461486,2.3));
#7686=CARTESIAN_POINT('',(2.50841078201654,1.50520859688394,2.30599766576273));
#7687=CARTESIAN_POINT('Origin',(2.32102058284726,1.50516816537535,2.29995836776708));
#7688=CARTESIAN_POINT('Origin',(2.37104165154904,1.50520859688394,2.3));
#7689=CARTESIAN_POINT('Ctrl Pts',(-2.36393139515612,1.53089758361449,2.4375));
#7690=CARTESIAN_POINT('Ctrl Pts',(-2.47602099494793,1.59810868074945,2.4375));
#7691=CARTESIAN_POINT('Ctrl Pts',(-2.48170476753661,1.60151677557945,2.30697226508641));
#7692=CARTESIAN_POINT('Ctrl Pts',(-2.35951424248101,1.53826421271936,2.4375));
#7693=CARTESIAN_POINT('Ctrl Pts',(-2.46004672720785,1.62474925208984,2.4375));
#7694=CARTESIAN_POINT('Ctrl Pts',(-2.46514035356582,1.62914177507602,2.30697238815778));
#7695=CARTESIAN_POINT('Ctrl Pts',(-2.35316728519027,1.544451476151,2.4375));
#7696=CARTESIAN_POINT('Ctrl Pts',(-2.43730510611674,1.64735476619193,2.43749999999997));
#7697=CARTESIAN_POINT('Ctrl Pts',(-2.44135289403225,1.65235236714393,2.30665667028888));
#7698=CARTESIAN_POINT('Ctrl Pts',(-2.33821993977882,1.55291097049729,2.4375));
#7699=CARTESIAN_POINT('Ctrl Pts',(-2.38357184279442,1.67906792390599,2.43750000000003));
#7700=CARTESIAN_POINT('Ctrl Pts',(-2.38535164410934,1.68410643760385,2.3054741293276));
#7701=CARTESIAN_POINT('Ctrl Pts',(-2.32964376885965,1.5551695070576,2.4375));
#7702=CARTESIAN_POINT('Ctrl Pts',(-2.35252180335011,1.68813726007244,2.4375));
#7703=CARTESIAN_POINT('Ctrl Pts',(-2.35322853649343,1.69259851083682,2.30460922147239));
#7704=CARTESIAN_POINT('Ctrl Pts',(-2.32104613125372,1.55516862555773,2.4375));
#7705=CARTESIAN_POINT('Ctrl Pts',(-2.3210326673091,1.68913457284952,2.4375));
#7706=CARTESIAN_POINT('Ctrl Pts',(-2.32103232079327,1.69262202609811,2.30357945320441));
#7707=CARTESIAN_POINT('',(-2.36392880990794,1.53090189461486,2.4375));
#7708=CARTESIAN_POINT('',(-2.32105116280315,1.55516862581566,2.4375));
#7709=CARTESIAN_POINT('Ctrl Pts',(-2.36392880990794,1.53090189461486,2.4375));
#7710=CARTESIAN_POINT('Ctrl Pts',(-2.36205031910828,1.53403398524385,2.4375));
#7711=CARTESIAN_POINT('Ctrl Pts',(-2.35976064346015,1.53704883447047,2.4375));
#7712=CARTESIAN_POINT('Ctrl Pts',(-2.35710993261605,1.53980630514003,2.4375));
#7713=CARTESIAN_POINT('Ctrl Pts',(-2.35437495819492,1.54265143317996,2.4375));
#7714=CARTESIAN_POINT('Ctrl Pts',(-2.3512564630172,1.54522101964647,2.4375));
#7715=CARTESIAN_POINT('Ctrl Pts',(-2.34785995634237,1.54738054599471,2.4375));
#7716=CARTESIAN_POINT('Ctrl Pts',(-2.34714947464243,1.54783227599199,2.4375));
#7717=CARTESIAN_POINT('Ctrl Pts',(-2.34642697020716,1.5482661773536,2.4375));
#7718=CARTESIAN_POINT('Ctrl Pts',(-2.34569361248526,1.54868122332541,2.4375));
#7719=CARTESIAN_POINT('Ctrl Pts',(-2.34218686833618,1.55066587554869,2.4375));
#7720=CARTESIAN_POINT('Ctrl Pts',(-2.33843621100004,1.55221235179584,2.4375));
#7721=CARTESIAN_POINT('Ctrl Pts',(-2.33460985415984,1.55328858653097,2.4375));
#7722=CARTESIAN_POINT('Ctrl Pts',(-2.33089369297116,1.5543338266692,2.4375));
#7723=CARTESIAN_POINT('Ctrl Pts',(-2.32710787245966,1.55493551133337,2.4375));
#7724=CARTESIAN_POINT('Ctrl Pts',(-2.32340340128317,1.55511240662572,2.4375));
#7725=CARTESIAN_POINT('Ctrl Pts',(-2.3226152591679,1.55515004185711,2.4375));
#7726=CARTESIAN_POINT('Ctrl Pts',(-2.32183073667149,1.55516862581566,2.4375));
#7727=CARTESIAN_POINT('Ctrl Pts',(-2.32105116280315,1.55516862581566,2.4375));
#7728=CARTESIAN_POINT('',(-2.48169424390532,1.60153244477679,2.30699127593728));
#7729=CARTESIAN_POINT('Origin',(-2.36392880990794,1.53090189461486,2.3));
#7730=CARTESIAN_POINT('',(-2.32105116280315,1.6926215079998,2.30359933039233));
#7731=CARTESIAN_POINT('Ctrl Pts',(-2.32105116280315,1.6926215079998,2.30359933039233));
#7732=CARTESIAN_POINT('Ctrl Pts',(-2.33025071483224,1.69261380409651,2.30389353058958));
#7733=CARTESIAN_POINT('Ctrl Pts',(-2.33963976625401,1.69192436317236,2.30418258529461));
#7734=CARTESIAN_POINT('Ctrl Pts',(-2.3490520156834,1.69049369609783,2.30445874756341));
#7735=CARTESIAN_POINT('Ctrl Pts',(-2.35840585702358,1.6890719070849,2.30473319609623));
#7736=CARTESIAN_POINT('Ctrl Pts',(-2.36778161104687,1.68691780429789,2.30499486134947));
#7737=CARTESIAN_POINT('Ctrl Pts',(-2.3770056393269,1.68402321147073,2.30523699988353));
#7738=CARTESIAN_POINT('Ctrl Pts',(-2.38619765440725,1.68113866470754,2.30547829804406));
#7739=CARTESIAN_POINT('Ctrl Pts',(-2.39523794614151,1.67751883795243,2.30570016106196));
#7740=CARTESIAN_POINT('Ctrl Pts',(-2.40395970775455,1.67320704332757,2.30589748113077));
#7741=CARTESIAN_POINT('Ctrl Pts',(-2.41269025304628,1.66889090629802,2.30609499992045));
#7742=CARTESIAN_POINT('Ctrl Pts',(-2.42110063300036,1.66388180754084,2.30626789342311));
#7743=CARTESIAN_POINT('Ctrl Pts',(-2.42904403672791,1.65827122634929,2.30641319132154));
#7744=CARTESIAN_POINT('Ctrl Pts',(-2.43699485894259,1.65265540533539,2.30655862491628));
#7745=CARTESIAN_POINT('Ctrl Pts',(-2.44447703038139,1.6464376910423,2.30667639500114));
#7746=CARTESIAN_POINT('Ctrl Pts',(-2.45137746039296,1.63974948425057,2.30676605182529));
#7747=CARTESIAN_POINT('Ctrl Pts',(-2.45833102137771,1.63300978053254,2.30685639897661));
#7748=CARTESIAN_POINT('Ctrl Pts',(-2.46469328315793,1.62579322689879,2.30691819759237));
#7749=CARTESIAN_POINT('Ctrl Pts',(-2.47039365013235,1.61826221098585,2.30695368908742));
#7750=CARTESIAN_POINT('Ctrl Pts',(-2.47450774231053,1.6128268953649,2.30697930415445));
#7751=CARTESIAN_POINT('Ctrl Pts',(-2.4782780466422,1.60722842126841,2.30699127593728));
#7752=CARTESIAN_POINT('Ctrl Pts',(-2.48169424390532,1.60153244477679,2.30699127593728));
#7753=CARTESIAN_POINT('Origin',(-2.32105116280315,1.55516862581566,2.3));
#7754=CARTESIAN_POINT('Ctrl Pts',(1.48475491080258,0.327749502035955,2.7875));
#7755=CARTESIAN_POINT('Ctrl Pts',(1.5739484055415,0.238567178786362,2.7875));
#7756=CARTESIAN_POINT('Ctrl Pts',(1.58162718152057,0.230889366712614,2.66183753987038));
#7757=CARTESIAN_POINT('Ctrl Pts',(1.48013662034053,0.323130625877259,2.7875));
#7758=CARTESIAN_POINT('Ctrl Pts',(1.55763851667804,0.222255351282716,2.7875));
#7759=CARTESIAN_POINT('Ctrl Pts',(1.56430849350261,0.213568494260215,2.66183763760763));
#7760=CARTESIAN_POINT('Ctrl Pts',(1.47460221034898,0.319434657079278,2.7875));
#7761=CARTESIAN_POINT('Ctrl Pts',(1.53825472459507,0.208963219221696,2.78750000000004));
#7762=CARTESIAN_POINT('Ctrl Pts',(1.54357310348495,0.199689785875151,2.66153069697279));
#7763=CARTESIAN_POINT('Ctrl Pts',(1.46252692420854,0.314438358631769,2.7875));
#7764=CARTESIAN_POINT('Ctrl Pts',(1.4958727378713,0.190238581993771,2.78749999999995));
#7765=CARTESIAN_POINT('Ctrl Pts',(1.49836280306479,0.180881378919528,2.66034881094927));
#7766=CARTESIAN_POINT('Ctrl Pts',(1.45599276789021,0.313140800099451,2.7875));
#7767=CARTESIAN_POINT('Ctrl Pts',(1.47279821355881,0.184809079078305,2.7875));
#7768=CARTESIAN_POINT('Ctrl Pts',(1.47391298347614,0.175962112439428,2.65947452177763));
#7769=CARTESIAN_POINT('Ctrl Pts',(1.44944892052937,0.31314121347988,2.7875));
#7770=CARTESIAN_POINT('Ctrl Pts',(1.4494408464756,0.1837825558488,2.7875));
#7771=CARTESIAN_POINT('Ctrl Pts',(1.44944035548117,0.175896929858567,2.65838191738267));
#7772=CARTESIAN_POINT('',(1.48475270445326,0.327747295546736,2.7875));
#7773=CARTESIAN_POINT('',(1.44945204669777,0.313141213381139,2.7875));
#7774=CARTESIAN_POINT('Ctrl Pts',(1.48475270445326,0.327747295546736,2.7875));
#7775=CARTESIAN_POINT('Ctrl Pts',(1.48205171709043,0.325046308183906,2.7875));
#7776=CARTESIAN_POINT('Ctrl Pts',(1.47896953026402,0.322599301034473,2.7875));
#7777=CARTESIAN_POINT('Ctrl Pts',(1.4756082937446,0.320532484561203,2.7875));
#7778=CARTESIAN_POINT('Ctrl Pts',(1.47336974488157,0.319156006101682,2.7875));
#7779=CARTESIAN_POINT('Ctrl Pts',(1.47100860719821,0.317947759489509,2.7875));
#7780=CARTESIAN_POINT('Ctrl Pts',(1.4685645672792,0.31693650785447,2.7875));
#7781=CARTESIAN_POINT('Ctrl Pts',(1.4648927980214,0.315417268075881,2.7875));
#7782=CARTESIAN_POINT('Ctrl Pts',(1.46103672676879,0.314346269421334,2.7875));
#7783=CARTESIAN_POINT('Ctrl Pts',(1.4571615162475,0.3137411259079,2.7875));
#7784=CARTESIAN_POINT('Ctrl Pts',(1.45458414175149,0.313338649332917,2.7875));
#7785=CARTESIAN_POINT('Ctrl Pts',(1.45199865502355,0.313141213381139,2.7875));
#7786=CARTESIAN_POINT('Ctrl Pts',(1.44945204669777,0.313141213381139,2.7875));
#7787=CARTESIAN_POINT('',(1.58161820126085,0.23088179873915,2.66184909517386));
#7788=CARTESIAN_POINT('Origin',(1.48475270445326,0.327747295546736,2.65));
#7789=CARTESIAN_POINT('',(1.44945204669777,0.175897678598132,2.65839417418604));
#7790=CARTESIAN_POINT('Ctrl Pts',(1.44945204669777,0.175897678598132,2.65839417418604));
#7791=CARTESIAN_POINT('Ctrl Pts',(1.45881161213807,0.175923233620246,2.65881199510429));
#7792=CARTESIAN_POINT('Ctrl Pts',(1.46831502324816,0.176654900057684,2.6592067540213));
#7793=CARTESIAN_POINT('Ctrl Pts',(1.4777933404945,0.178131904465277,2.65956716912405));
#7794=CARTESIAN_POINT('Ctrl Pts',(1.48749663512951,0.179643967057361,2.65993613904159));
#7795=CARTESIAN_POINT('Ctrl Pts',(1.49717250299761,0.181937549270168,2.66026902328143));
#7796=CARTESIAN_POINT('Ctrl Pts',(1.50663508915739,0.184998137460384,2.66055689806539));
#7797=CARTESIAN_POINT('Ctrl Pts',(1.51583305275621,0.18797313586877,2.66083672239029));
#7798=CARTESIAN_POINT('Ctrl Pts',(1.52482846757957,0.191672362831338,2.66107398576426));
#7799=CARTESIAN_POINT('Ctrl Pts',(1.53346252736508,0.196031230573411,2.66126435452537));
#7800=CARTESIAN_POINT('Ctrl Pts',(1.54246918598522,0.200578203225733,2.66146293856184));
#7801=CARTESIAN_POINT('Ctrl Pts',(1.55108136863611,0.205842674029733,2.66161043477007));
#7802=CARTESIAN_POINT('Ctrl Pts',(1.55914981952821,0.211699829730126,2.66170697026868));
#7803=CARTESIAN_POINT('Ctrl Pts',(1.5672182704203,0.21755698543052,2.66180350576729));
#7804=CARTESIAN_POINT('Ctrl Pts',(1.57474220654103,0.224005804019335,2.66184909517386));
#7805=CARTESIAN_POINT('Ctrl Pts',(1.58161820126085,0.230881798739151,2.66184909517386));
#7806=CARTESIAN_POINT('Origin',(1.44945204669777,0.313141213381139,2.65));
#7807=CARTESIAN_POINT('Ctrl Pts',(-0.859750497964045,0.327745089197418,
2.7875));
#7808=CARTESIAN_POINT('Ctrl Pts',(-0.948932821213638,0.238551594458502,
2.7875));
#7809=CARTESIAN_POINT('Ctrl Pts',(-0.956610633287386,0.230872818479425,
2.66183753987038));
#7810=CARTESIAN_POINT('Ctrl Pts',(-0.864369374122697,0.332363379659512,
2.7875));
#7811=CARTESIAN_POINT('Ctrl Pts',(-0.965244648717183,0.254861483322049,
2.7875));
#7812=CARTESIAN_POINT('Ctrl Pts',(-0.973931505739775,0.248191506497378,
2.66183763760764));
#7813=CARTESIAN_POINT('Ctrl Pts',(-0.868065342920716,0.337897789651033,
2.7875));
#7814=CARTESIAN_POINT('Ctrl Pts',(-0.978536780778307,0.274245275404944,
2.78750000000004));
#7815=CARTESIAN_POINT('Ctrl Pts',(-0.987810214124856,0.268926896515063,
2.66153069697279));
#7816=CARTESIAN_POINT('Ctrl Pts',(-0.873061641368237,0.349973075791447,
2.7875));
#7817=CARTESIAN_POINT('Ctrl Pts',(-0.997261418006225,0.316627262128688,
2.78749999999995));
#7818=CARTESIAN_POINT('Ctrl Pts',(-1.00661862108046,0.314137196935189,2.66034881094927));
#7819=CARTESIAN_POINT('Ctrl Pts',(-0.874359199900589,0.356507232109794,
2.7875));
#7820=CARTESIAN_POINT('Ctrl Pts',(-1.00269092092172,0.339701786441199,2.7875));
#7821=CARTESIAN_POINT('Ctrl Pts',(-1.01153788756057,0.338587016523879,2.65947452177764));
#7822=CARTESIAN_POINT('Ctrl Pts',(-0.87435878652012,0.36305107947063,2.7875));
#7823=CARTESIAN_POINT('Ctrl Pts',(-1.0037174441512,0.363059153524395,2.7875));
#7824=CARTESIAN_POINT('Ctrl Pts',(-1.01160307014143,0.363059644518831,2.65838191738268));
#7825=CARTESIAN_POINT('',(-0.859752704453264,0.327747295546736,2.7875));
#7826=CARTESIAN_POINT('',(-0.874358786618861,0.363047953302232,2.7875));
#7827=CARTESIAN_POINT('Ctrl Pts',(-0.859752704453264,0.327747295546736,
2.7875));
#7828=CARTESIAN_POINT('Ctrl Pts',(-0.862453691816181,0.330448282909653,
2.7875));
#7829=CARTESIAN_POINT('Ctrl Pts',(-0.864900698965696,0.333530469736179,
2.7875));
#7830=CARTESIAN_POINT('Ctrl Pts',(-0.866967515439013,0.33689170625572,2.7875));
#7831=CARTESIAN_POINT('Ctrl Pts',(-0.868343993898455,0.339130255118656,
2.7875));
#7832=CARTESIAN_POINT('Ctrl Pts',(-0.869552240510561,0.3414913928019,2.7875));
#7833=CARTESIAN_POINT('Ctrl Pts',(-0.870563492145544,0.343935432720798,
2.7875));
#7834=CARTESIAN_POINT('Ctrl Pts',(-0.872082731924099,0.347607201978532,
2.7875));
#7835=CARTESIAN_POINT('Ctrl Pts',(-0.873153730578634,0.351463273231089,
2.7875));
#7836=CARTESIAN_POINT('Ctrl Pts',(-0.873758874092072,0.35533848375232,2.7875));
#7837=CARTESIAN_POINT('Ctrl Pts',(-0.874161350667074,0.357915858248386,
2.7875));
#7838=CARTESIAN_POINT('Ctrl Pts',(-0.874358786618862,0.360501344976389,
2.7875));
#7839=CARTESIAN_POINT('Ctrl Pts',(-0.874358786618862,0.363047953302232,
2.7875));
#7840=CARTESIAN_POINT('',(-0.95661820126085,0.23088179873915,2.66184909517386));
#7841=CARTESIAN_POINT('Origin',(-0.859752704453264,0.327747295546736,2.65));
#7842=CARTESIAN_POINT('',(-1.01160232140187,0.363047953302232,2.65839417418604));
#7843=CARTESIAN_POINT('Ctrl Pts',(-1.01160232140187,0.363047953302232,2.65839417418604));
#7844=CARTESIAN_POINT('Ctrl Pts',(-1.01157676637975,0.353688387861926,2.65881199510429));
#7845=CARTESIAN_POINT('Ctrl Pts',(-1.01084509994232,0.344184976751843,2.6592067540213));
#7846=CARTESIAN_POINT('Ctrl Pts',(-1.00936809553472,0.334706659505502,2.65956716912405));
#7847=CARTESIAN_POINT('Ctrl Pts',(-1.00785603294264,0.32500336487049,2.65993613904159));
#7848=CARTESIAN_POINT('Ctrl Pts',(-1.00556245072983,0.315327497002392,2.66026902328143));
#7849=CARTESIAN_POINT('Ctrl Pts',(-1.00250186253962,0.305864910842608,2.66055689806539));
#7850=CARTESIAN_POINT('Ctrl Pts',(-0.999526864131229,0.29666694724379,2.66083672239029));
#7851=CARTESIAN_POINT('Ctrl Pts',(-0.995827637168661,0.287671532420426,
2.66107398576426));
#7852=CARTESIAN_POINT('Ctrl Pts',(-0.991468769426588,0.279037472634919,
2.66126435452537));
#7853=CARTESIAN_POINT('Ctrl Pts',(-0.986921796774266,0.270030814014776,
2.66146293856184));
#7854=CARTESIAN_POINT('Ctrl Pts',(-0.981657325970267,0.261418631363887,
2.66161043477007));
#7855=CARTESIAN_POINT('Ctrl Pts',(-0.975800170269873,0.253350180471792,
2.66170697026868));
#7856=CARTESIAN_POINT('Ctrl Pts',(-0.96994301456948,0.245281729579696,2.66180350576729));
#7857=CARTESIAN_POINT('Ctrl Pts',(-0.963494195980664,0.237757793458966,
2.66184909517386));
#7858=CARTESIAN_POINT('Ctrl Pts',(-0.956618201260849,0.230881798739151,
2.66184909517386));
#7859=CARTESIAN_POINT('Origin',(-0.874358786618861,0.363047953302232,2.65));
#7860=CARTESIAN_POINT('Origin',(-3.93,0.305464803922967,-0.0625000000000002));
#7861=CARTESIAN_POINT('',(-3.93,1.81546480392297,-0.0625000000000002));
#7862=CARTESIAN_POINT('',(-5.1835869193078,-0.536330798192169,-0.0625000000000002));
#7863=CARTESIAN_POINT('Origin',(-3.93,0.305464803922967,-0.0625000000000002));
#7864=CARTESIAN_POINT('',(-5.1835869193078,-0.536330798192169,0.));
#7865=CARTESIAN_POINT('',(-5.1835869193078,-0.536330798192169,-0.0625000000000002));
#7866=CARTESIAN_POINT('',(-3.93,1.81546480392297,-1.70740499604016E-17));
#7867=CARTESIAN_POINT('Origin',(-3.93,0.305464803922967,0.));
#7868=CARTESIAN_POINT('',(-3.93,1.81546480392297,-0.0625000000000002));
#7869=CARTESIAN_POINT('Origin',(0.,0.,-0.0625));
#7870=CARTESIAN_POINT('',(2.56826006869689,-1.85563695700978,-0.0625000000000002));
#7871=CARTESIAN_POINT('',(3.67844623838815,-1.05453519607703,-0.0625000000000002));
#7872=CARTESIAN_POINT('',(3.54114831637874,-1.15360831561043,-0.0625000000000002));
#7873=CARTESIAN_POINT('',(2.42197137389723,-1.90290655037621,-0.0625000000000002));
#7874=CARTESIAN_POINT('Origin',(2.42197137389723,-1.65290655037621,-0.0625));
#7875=CARTESIAN_POINT('',(-2.4219696149584,-1.90290655037621,-0.0625000000000002));
#7876=CARTESIAN_POINT('',(2.50275272448479,-1.90290655037621,-0.0625000000000002));
#7877=CARTESIAN_POINT('',(-2.56937681586882,-1.85482514070349,-0.0625000000000002));
#7878=CARTESIAN_POINT('Origin',(-2.4219696149584,-1.65290655037621,-0.0625));
#7879=CARTESIAN_POINT('',(-3.66561510323893,-1.05453519607703,-0.0625000000000002));
#7880=CARTESIAN_POINT('',(-2.50351483353619,-1.90290655037621,-0.0625000000000002));
#7881=CARTESIAN_POINT('',(-3.93,-1.05453519607703,-0.0625000000000002));
#7882=CARTESIAN_POINT('',(1.28281227847072E-16,-1.05453519607703,-0.0625000000000002));
#7883=CARTESIAN_POINT('',(-5.0590584173898,-0.452708718511857,-0.0625000000000002));
#7884=CARTESIAN_POINT('Origin',(-3.93,0.305464803922967,-0.0625000000000002));
#7885=CARTESIAN_POINT('',(-1.36275687545565,2.02939310798908,-0.0625000000000002));
#7886=CARTESIAN_POINT('',(-1.35481872085803,1.81546480392297,-0.0625000000000002));
#7887=CARTESIAN_POINT('',(-3.93,1.81546480392297,-0.0625000000000002));
#7888=CARTESIAN_POINT('',(-1.23681346742888,1.93347005735211,-0.0625000000000002));
#7889=CARTESIAN_POINT('Origin',(-1.35481872085803,1.93347005735211,-0.0625000000000002));
#7890=CARTESIAN_POINT('',(-1.23681346742888,2.04977976782341,-0.0625000000000002));
#7891=CARTESIAN_POINT('',(-1.23681346742888,2.04977976782341,-0.0625000000000002));
#7892=CARTESIAN_POINT('Origin',(-0.986346295664887,2.04884629566489,-0.0625000000000003));
#7893=CARTESIAN_POINT('',(1.61227976782341,2.29931346742888,-0.0625000000000002));
#7894=CARTESIAN_POINT('',(-0.987279767823414,2.29931346742888,-0.0625000000000002));
#7895=CARTESIAN_POINT('Origin',(1.61134629566497,2.04884629566497,-0.0625000000000003));
#7896=CARTESIAN_POINT('',(1.86181346742888,1.93347005735211,-0.0625000000000002));
#7897=CARTESIAN_POINT('',(1.86181346742888,2.04977976782341,-0.0625000000000002));
#7898=CARTESIAN_POINT('',(1.97981872085803,1.81546480392297,-0.0625000000000002));
#7899=CARTESIAN_POINT('Origin',(1.97981872085803,1.93347005735211,-0.0625000000000002));
#7900=CARTESIAN_POINT('',(1.97981872085803,1.81546480392297,-0.0625000000000002));
#7901=CARTESIAN_POINT('',(5.0590584173898,-0.452708718511856,-0.0625000000000002));
#7902=CARTESIAN_POINT('',(1.36275687545565,2.02939310798908,-0.0625000000000002));
#7903=CARTESIAN_POINT('',(3.93,-1.05453519607703,-0.0625000000000002));
#7904=CARTESIAN_POINT('Origin',(3.93,0.305464803922968,-0.0625000000000002));
#7905=CARTESIAN_POINT('',(1.28281227847072E-16,-1.05453519607703,-0.0625000000000002));
#7906=CARTESIAN_POINT('',(-4.70842730109598,-0.127917880371349,-0.0625));
#7907=CARTESIAN_POINT('',(-4.70842730109598,1.12791788037135,-0.0625));
#7908=CARTESIAN_POINT('',(-4.70842730109598,0.,-0.0625));
#7909=CARTESIAN_POINT('',(-4.5212483809293,-0.314868490968879,-0.0625));
#7910=CARTESIAN_POINT('Origin',(-4.52034751388045,-0.127018112145847,-0.0625));
#7911=CARTESIAN_POINT('',(-4.11343604213619,-0.314868490968879,-0.0625));
#7912=CARTESIAN_POINT('',(-1.01196806508403E-17,-0.314868490968879,-0.0625));
#7913=CARTESIAN_POINT('',(-4.00600259716293,-0.349887567779315,-0.0625));
#7914=CARTESIAN_POINT('Origin',(-4.11398972372162,-0.49770952635555,-0.0625));
#7915=CARTESIAN_POINT('',(-2.68659477736513,-1.3130985988215,-0.0625));
#7916=CARTESIAN_POINT('',(-1.55936166023505,-2.13601578688407,-0.0625));
#7917=CARTESIAN_POINT('',(-2.61182162338035,-1.46046168338885,-0.0625));
#7918=CARTESIAN_POINT('Origin',(-2.79449548842253,-1.46098364355232,-0.0625));
#7919=CARTESIAN_POINT('',(-2.61182162338035,-1.65676226912544,-0.0624999999999997));
#7920=CARTESIAN_POINT('',(-2.61182162338035,0.,-0.0625));
#7921=CARTESIAN_POINT('',(-2.4246427643121,-1.84411242119461,-0.0625000000000002));
#7922=CARTESIAN_POINT('Origin',(-2.42414299491222,-1.65626204237156,-0.0624999999999994));
#7923=CARTESIAN_POINT('',(2.4246427643121,-1.84411242119461,-0.0625000000000002));
#7924=CARTESIAN_POINT('',(0.,-1.84411242119461,-0.0625));
#7925=CARTESIAN_POINT('',(2.61182162338035,-1.65676226912544,-0.0624999999999997));
#7926=CARTESIAN_POINT('Origin',(2.42414299491221,-1.65626204237155,-0.0624999999999995));
#7927=CARTESIAN_POINT('',(2.61182162338035,-1.46046168338885,-0.0625));
#7928=CARTESIAN_POINT('',(2.61182162338035,0.,-0.0625));
#7929=CARTESIAN_POINT('',(2.68659477736513,-1.3130985988215,-0.0625));
#7930=CARTESIAN_POINT('Origin',(2.79449548842232,-1.4609836435522,-0.0625));
#7931=CARTESIAN_POINT('',(3.98061885869725,-0.368418530331119,-0.0625));
#7932=CARTESIAN_POINT('',(1.55936166023505,-2.13601578688407,-0.0625));
#7933=CARTESIAN_POINT('',(4.08789439810167,-0.333427301095983,-0.0625));
#7934=CARTESIAN_POINT('Origin',(4.08826197550953,-0.516491627319099,-0.0625));
#7935=CARTESIAN_POINT('',(4.52150530102102,-0.333427301095984,-0.0625));
#7936=CARTESIAN_POINT('',(-1.82174540706389E-16,-0.333427301095981,-0.0625));
#7937=CARTESIAN_POINT('',(4.70842730109598,-0.146505301021022,-0.0625));
#7938=CARTESIAN_POINT('Origin',(4.52034751388042,-0.14534751388042,-0.0625000000000002));
#7939=CARTESIAN_POINT('',(4.70842730109598,1.14650530102102,-0.0624999999999997));
#7940=CARTESIAN_POINT('',(4.70842730109598,-3.16620496635399E-15,-0.0625));
#7941=CARTESIAN_POINT('',(4.52150530102102,1.33342730109598,-0.0624999999999997));
#7942=CARTESIAN_POINT('Origin',(4.5203475138805,1.1453475138805,-0.0624999999999997));
#7943=CARTESIAN_POINT('',(2.79387031676955,1.33342730109598,-0.0625000000000002));
#7944=CARTESIAN_POINT('',(6.85688601825168E-16,1.33342730109598,-0.0625));
#7945=CARTESIAN_POINT('',(2.61182162338035,1.51586511937597,-0.0624999999999997));
#7946=CARTESIAN_POINT('Origin',(2.79449548842264,1.51649162731907,-0.0624999999999995));
#7947=CARTESIAN_POINT('',(2.61182162338035,1.56722989099641,-0.0624999999999997));
#7948=CARTESIAN_POINT('',(2.61182162338035,0.,-0.0625));
#7949=CARTESIAN_POINT('',(2.42435729058328,1.75457999949036,-0.0625000000000002));
#7950=CARTESIAN_POINT('Origin',(2.42414299491223,1.56701572589832,-0.0624999999999995));
#7951=CARTESIAN_POINT('',(1.98556818187387,1.75457999949036,-0.0625000000000002));
#7952=CARTESIAN_POINT('',(0.,1.75457999949036,-0.0625));
#7953=CARTESIAN_POINT('',(1.80301933824727,1.936850812381,-0.0624999999999997));
#7954=CARTESIAN_POINT('Origin',(1.98586037363502,1.93714255911994,-0.0624999999999995));
#7955=CARTESIAN_POINT('',(1.80301933824727,2.05336906354317,-0.0625000000000002));
#7956=CARTESIAN_POINT('',(1.80301933824727,0.,-0.0625));
#7957=CARTESIAN_POINT('',(1.61586906354317,2.24051933824727,-0.0625000000000002));
#7958=CARTESIAN_POINT('Origin',(1.61516895942423,2.05266895942423,-0.0625000000000003));
#7959=CARTESIAN_POINT('',(-0.990869063543175,2.24051933824727,-0.0625000000000002));
#7960=CARTESIAN_POINT('',(0.,2.24051933824727,-0.0625));
#7961=CARTESIAN_POINT('',(-1.17801933824728,2.05336906354317,-0.0625000000000002));
#7962=CARTESIAN_POINT('Origin',(-0.990168959424234,2.05266895942423,-0.0625000000000012));
#7963=CARTESIAN_POINT('',(-1.17801933824728,1.936850812381,-0.0624999999999997));
#7964=CARTESIAN_POINT('',(-1.17801933824728,0.,-0.0625));
#7965=CARTESIAN_POINT('',(-1.36056818187387,1.75457999949036,-0.0625000000000002));
#7966=CARTESIAN_POINT('Origin',(-1.36086037363505,1.93714255911997,-0.0624999999999995));
#7967=CARTESIAN_POINT('',(-2.42435729058328,1.75457999949036,-0.0624999999999997));
#7968=CARTESIAN_POINT('',(0.,1.75457999949036,-0.0625));
#7969=CARTESIAN_POINT('',(-2.61182162338035,1.56722989099641,-0.0625000000000002));
#7970=CARTESIAN_POINT('Origin',(-2.42414299491223,1.56701572589832,-0.0624999999999995));
#7971=CARTESIAN_POINT('',(-2.61182162338035,1.49722263898287,-0.0625));
#7972=CARTESIAN_POINT('',(-2.61182162338035,0.,-0.0625));
#7973=CARTESIAN_POINT('',(-2.79400904620679,1.31486849096888,-0.0625));
#7974=CARTESIAN_POINT('Origin',(-2.79449548842259,1.49770952635656,-0.0625000000000002));
#7975=CARTESIAN_POINT('',(-4.5212483809293,1.31486849096888,-0.0625));
#7976=CARTESIAN_POINT('',(0.,1.31486849096888,-0.0625));
#7977=CARTESIAN_POINT('Origin',(-4.52034751388051,1.12701811214592,-0.0624999999999999));
#7978=CARTESIAN_POINT('Origin',(0.,0.,0.));
#7979=CARTESIAN_POINT('',(3.67844623838815,-1.05453519607703,0.));
#7980=CARTESIAN_POINT('',(2.73088931440407,-1.7382849500148,-1.54148676156787E-16));
#7981=CARTESIAN_POINT('',(1.75991490363662,-2.43893258151872,0.));
#7982=CARTESIAN_POINT('',(3.93,-1.05453519607703,0.));
#7983=CARTESIAN_POINT('',(1.28281227847072E-16,-1.05453519607703,0.));
#7984=CARTESIAN_POINT('',(5.0590584173898,-0.452708718511856,0.));
#7985=CARTESIAN_POINT('Origin',(3.93,0.305464803922968,0.));
#7986=CARTESIAN_POINT('',(1.36275687545565,2.02939310798908,0.));
#7987=CARTESIAN_POINT('',(2.62389875676439,1.81546362620731,1.68094021860154E-16));
#7988=CARTESIAN_POINT('',(-1.017253920999E-15,1.81546480392297,0.));
#7989=CARTESIAN_POINT('Ctrl Pts',(2.62390020216021,1.81546244849166,1.70740499604016E-16));
#7990=CARTESIAN_POINT('Ctrl Pts',(2.63133819894127,1.80940163360039,1.70809883788715E-16));
#7991=CARTESIAN_POINT('Ctrl Pts',(2.63853640861,1.80298814091149,4.51482944944482E-13));
#7992=CARTESIAN_POINT('Ctrl Pts',(2.64544530806746,1.79625191788233,5.67958353278953E-13));
#7993=CARTESIAN_POINT('Ctrl Pts',(2.65693644628603,1.78504798151362,7.61684579065754E-13));
#7994=CARTESIAN_POINT('Ctrl Pts',(2.66762383363476,1.77295072940146,3.13026610821709E-13));
#7995=CARTESIAN_POINT('Ctrl Pts',(2.67733804158506,1.76016202774352,1.31101451029872E-13));
#7996=CARTESIAN_POINT('Ctrl Pts',(2.68451170277724,1.75071794200319,-3.24500988172876E-15));
#7997=CARTESIAN_POINT('Ctrl Pts',(2.69115527479606,1.74089774306089,1.70740499604016E-16));
#7998=CARTESIAN_POINT('Ctrl Pts',(2.69721576727326,1.73079281643688,1.70740499604016E-16));
#7999=CARTESIAN_POINT('',(2.74344923794039,1.5111608202142,0.));
#8000=CARTESIAN_POINT('',(2.78833795685827,1.46053099369898,0.));
#8001=CARTESIAN_POINT('Origin',(2.78627095506686,1.49715200736667,7.09319744085286E-16));
#8002=CARTESIAN_POINT('',(4.51153286023572,1.46053099369898,0.));
#8003=CARTESIAN_POINT('',(7.51049160436902E-16,1.46053099369898,0.));
#8004=CARTESIAN_POINT('Ctrl Pts',(4.51153286023572,1.46053099369898,-1.0244429976241E-16));
#8005=CARTESIAN_POINT('Ctrl Pts',(4.52690108204837,1.46053099369893,-1.0244429976241E-16));
#8006=CARTESIAN_POINT('Ctrl Pts',(4.54248358857156,1.45942683481464,-1.0244429976241E-16));
#8007=CARTESIAN_POINT('Ctrl Pts',(4.55803710972336,1.4571772044892,-1.0244429976241E-16));
#8008=CARTESIAN_POINT('Ctrl Pts',(4.57389501906076,1.45488354806278,-1.0244429976241E-16));
#8009=CARTESIAN_POINT('Ctrl Pts',(4.58972166546094,1.45139905552045,-1.0244429976241E-16));
#8010=CARTESIAN_POINT('Ctrl Pts',(4.60524857484594,1.44673293956324,-1.0244429976241E-16));
#8011=CARTESIAN_POINT('Ctrl Pts',(4.61554741452765,1.44363795272535,-1.0244429976241E-16));
#8012=CARTESIAN_POINT('Ctrl Pts',(4.62571418256952,1.4400242154249,-1.0244429976241E-16));
#8013=CARTESIAN_POINT('Ctrl Pts',(4.63567195477405,1.43590698311057,-1.0244429976241E-16));
#8014=CARTESIAN_POINT('Ctrl Pts',(4.65067970231716,1.42970174142794,-1.0244429976241E-16));
#8015=CARTESIAN_POINT('Ctrl Pts',(4.66520465327451,1.42235356136371,-1.0244429976241E-16));
#8016=CARTESIAN_POINT('Ctrl Pts',(4.67902869309637,1.41401863180945,-1.0244429976241E-16));
#8017=CARTESIAN_POINT('Ctrl Pts',(4.69263459490734,1.40581522422541,-1.0244429976241E-16));
#8018=CARTESIAN_POINT('Ctrl Pts',(4.70556067938142,1.39665679283663,-1.0244429976241E-16));
#8019=CARTESIAN_POINT('Ctrl Pts',(4.71763327942903,1.38672809318045,-1.0244429976241E-16));
#8020=CARTESIAN_POINT('Ctrl Pts',(4.72573802621751,1.38006261960103,-1.0244429976241E-16));
#8021=CARTESIAN_POINT('Ctrl Pts',(4.73345885115122,1.37305071612696,-1.0244429976241E-16));
#8022=CARTESIAN_POINT('Ctrl Pts',(4.74075478363917,1.36575478363916,-1.0244429976241E-16));
#8023=CARTESIAN_POINT('',(4.83553099369898,-0.136532860235721,0.));
#8024=CARTESIAN_POINT('',(4.83553099369898,-3.25167646607703E-15,0.));
#8025=CARTESIAN_POINT('Ctrl Pts',(4.83553099369898,-0.136532860235721,3.41480999208033E-17));
#8026=CARTESIAN_POINT('Ctrl Pts',(4.83553099369898,-0.151901082047469,3.41480999208049E-17));
#8027=CARTESIAN_POINT('Ctrl Pts',(4.83442683481478,-0.167483588569696,3.41480998519083E-17));
#8028=CARTESIAN_POINT('Ctrl Pts',(4.83217720448956,-0.183037109720541,3.41481000371666E-17));
#8029=CARTESIAN_POINT('Ctrl Pts',(4.82988354806325,-0.198895019057642,3.41481002260505E-17));
#8030=CARTESIAN_POINT('Ctrl Pts',(4.82639905552105,-0.214721665457541,3.414810054946E-17));
#8031=CARTESIAN_POINT('Ctrl Pts',(4.82173293956406,-0.23024857484231,3.41481005729006E-17));
#8032=CARTESIAN_POINT('Ctrl Pts',(4.81863795272592,-0.240547414525226,3.41481005884486E-17));
#8033=CARTESIAN_POINT('Ctrl Pts',(4.81502421542512,-0.250714182568279,3.41481004688771E-17));
#8034=CARTESIAN_POINT('Ctrl Pts',(4.81090698311038,-0.260671954773969,3.41481002243911E-17));
#8035=CARTESIAN_POINT('Ctrl Pts',(4.80470174142785,-0.275679702317071,3.41480998559167E-17));
#8036=CARTESIAN_POINT('Ctrl Pts',(4.79735356136371,-0.290204653274435,3.41481003174445E-17));
#8037=CARTESIAN_POINT('Ctrl Pts',(4.78901863180951,-0.304028693096304,3.41481004185889E-17));
#8038=CARTESIAN_POINT('Ctrl Pts',(4.78081522422561,-0.317634594907167,3.41481005181373E-17));
#8039=CARTESIAN_POINT('Ctrl Pts',(4.77165679283696,-0.330560679381143,3.41481002919138E-17));
#8040=CARTESIAN_POINT('Ctrl Pts',(4.7617280931809,-0.342633279428641,3.41481001000891E-17));
#8041=CARTESIAN_POINT('Ctrl Pts',(4.75506261960136,-0.350738026217285,3.41480999713107E-17));
#8042=CARTESIAN_POINT('Ctrl Pts',(4.74805071612714,-0.358458851151132,3.41480999208033E-17));
#8043=CARTESIAN_POINT('Ctrl Pts',(4.74075478363916,-0.365754783639169,3.41480999208033E-17));
#8044=CARTESIAN_POINT('',(-2.51620134231356E-16,-0.460530993698985,0.));
#8045=CARTESIAN_POINT('',(4.05819007578046,-0.469158968030938,0.));
#8046=CARTESIAN_POINT('Origin',(4.08467862187812,-0.505462069438107,1.75712616830117E-16));
#8047=CARTESIAN_POINT('',(2.76188645399143,-1.41550317590329,0.));
#8048=CARTESIAN_POINT('',(2.76169681121779,-1.41564162135495,0.));
#8049=CARTESIAN_POINT('',(2.74344923794039,-1.45183927894729,0.));
#8050=CARTESIAN_POINT('Ctrl Pts',(2.76188645399143,-1.41550317590329,4.16333634234434E-17));
#8051=CARTESIAN_POINT('Ctrl Pts',(2.75907250135228,-1.41755745372565,4.1633363423516E-17));
#8052=CARTESIAN_POINT('Ctrl Pts',(2.75642266919019,-1.42000857336467,4.16333582420681E-17));
#8053=CARTESIAN_POINT('Ctrl Pts',(2.75407625630983,-1.42278481693197,4.16333634237346E-17));
#8054=CARTESIAN_POINT('Ctrl Pts',(2.75185245202527,-1.42541599168881,4.16333683346402E-17));
#8055=CARTESIAN_POINT('Ctrl Pts',(2.74990216263475,-1.42833776684296,4.16333634563025E-17));
#8056=CARTESIAN_POINT('Ctrl Pts',(2.74832212442624,-1.43145170937088,4.16333634238274E-17));
#8057=CARTESIAN_POINT('Ctrl Pts',(2.7466539654238,-1.43473932053945,3.31193920236806E-17));
#8058=CARTESIAN_POINT('Ctrl Pts',(2.74540169824381,-1.43823573967614,3.54430379099099E-17));
#8059=CARTESIAN_POINT('Ctrl Pts',(2.7445903634285,-1.44178031667646,3.76339102024217E-17));
#8060=CARTESIAN_POINT('Ctrl Pts',(2.74382237313953,-1.44513552917738,3.97077379407101E-17));
#8061=CARTESIAN_POINT('Ctrl Pts',(2.74344923794039,-1.44853234599609,4.16302868015624E-17));
#8062=CARTESIAN_POINT('Ctrl Pts',(2.74344923794039,-1.45183927894729,4.16333596347352E-17));
#8063=CARTESIAN_POINT('',(2.74344923794039,-1.64871924180758,0.));
#8064=CARTESIAN_POINT('',(2.74344923794039,-1.65310634761732,0.));
#8065=CARTESIAN_POINT('Origin',(2.49056884714922,-1.65731579069625,-3.80814647450812E-10));
#8066=CARTESIAN_POINT('Origin',(2.50005948615113,-1.75,2.49727378828967));
#8067=CARTESIAN_POINT('',(2.56054012299465,1.08140237708545,1.11203946180583));
#8068=CARTESIAN_POINT('',(2.57542720057409,1.4502617905667,0.771069327225129));
#8069=CARTESIAN_POINT('Ctrl Pts',(2.56054012299465,1.08140237708545,1.11203946180583));
#8070=CARTESIAN_POINT('Ctrl Pts',(2.56054012299466,1.12742038218117,1.11203946180572));
#8071=CARTESIAN_POINT('Ctrl Pts',(2.560919132011,1.17341010602659,1.1033587281546));
#8072=CARTESIAN_POINT('Ctrl Pts',(2.56165131469304,1.21625646204073,1.08658898766658));
#8073=CARTESIAN_POINT('Ctrl Pts',(2.56238349737508,1.25910281805488,1.06981924717856));
#8074=CARTESIAN_POINT('Ctrl Pts',(2.5634683841043,1.29877156201082,1.044971255886));
#8075=CARTESIAN_POINT('Ctrl Pts',(2.56483202300127,1.33255865293264,1.01373879029703));
#8076=CARTESIAN_POINT('Ctrl Pts',(2.56619566189824,1.36634574385445,0.982506324708056));
#8077=CARTESIAN_POINT('Ctrl Pts',(2.56783717833142,1.394229510862,0.9449094171786));
#8078=CARTESIAN_POINT('Ctrl Pts',(2.56964467746234,1.41430924218477,0.903510880854962));
#8079=CARTESIAN_POINT('Ctrl Pts',(2.57145217659327,1.43438897350754,0.862112344531324));
#8080=CARTESIAN_POINT('Ctrl Pts',(2.57342420450397,1.44665125907112,0.816945479609523));
#8081=CARTESIAN_POINT('Ctrl Pts',(2.57542720057409,1.4502617905667,0.771069327225129));
#8082=CARTESIAN_POINT('',(2.56054012299465,-0.0814023770854498,1.11203946180583));
#8083=CARTESIAN_POINT('',(2.56054012299465,-1.75,1.11203946180583));
#8084=CARTESIAN_POINT('',(2.57542720057409,-0.450261790566707,0.771069327225129));
#8085=CARTESIAN_POINT('Ctrl Pts',(2.57542720057409,-0.450261790566707,0.771069327225129));
#8086=CARTESIAN_POINT('Ctrl Pts',(2.57342420450397,-0.446651259071519,0.816945479609623));
#8087=CARTESIAN_POINT('Ctrl Pts',(2.57145217659327,-0.434388973507658,0.862112344531246));
#8088=CARTESIAN_POINT('Ctrl Pts',(2.56964467746234,-0.414309242184771,0.903510880854964));
#8089=CARTESIAN_POINT('Ctrl Pts',(2.56783717833142,-0.394229510861884,0.944909417178682));
#8090=CARTESIAN_POINT('Ctrl Pts',(2.56619566189825,-0.366345743854513,0.982506324707937));
#8091=CARTESIAN_POINT('Ctrl Pts',(2.56483202300127,-0.332558652932637,1.01373879029703));
#8092=CARTESIAN_POINT('Ctrl Pts',(2.56346838410429,-0.298771562010761,1.04497125588613));
#8093=CARTESIAN_POINT('Ctrl Pts',(2.56238349737508,-0.259102818054899,1.06981924717849));
#8094=CARTESIAN_POINT('Ctrl Pts',(2.56165131469304,-0.216256462040732,1.08658898766658));
#8095=CARTESIAN_POINT('Ctrl Pts',(2.560919132011,-0.173410106026567,1.10335872815467));
#8096=CARTESIAN_POINT('Ctrl Pts',(2.56054012299466,-0.12742038218118,1.11203946180572));
#8097=CARTESIAN_POINT('Ctrl Pts',(2.56054012299465,-0.0814023770854498,
1.11203946180583));
#8098=CARTESIAN_POINT('',(2.58237059444891,-0.462777712411296,0.612039461805826));
#8099=CARTESIAN_POINT('',(2.56017258172702,-0.422764341811663,1.12045754082919));
#8100=CARTESIAN_POINT('',(2.58237059444891,-1.10721577337247,0.612039461805826));
#8101=CARTESIAN_POINT('',(2.58237059444891,-1.75,0.612039461805826));
#8102=CARTESIAN_POINT('',(2.59323413754742,-1.43254765807111,0.363223417652344));
#8103=CARTESIAN_POINT('Ctrl Pts',(2.59323413754742,-1.43254765807111,0.363223417652345));
#8104=CARTESIAN_POINT('Ctrl Pts',(2.59272238774779,-1.43177913041807,0.374944415082479));
#8105=CARTESIAN_POINT('Ctrl Pts',(2.59219862815747,-1.43002461359084,0.386940481942889));
#8106=CARTESIAN_POINT('Ctrl Pts',(2.5916709703872,-1.42717448146318,0.399025831803052));
#8107=CARTESIAN_POINT('Ctrl Pts',(2.59113585580916,-1.42428407154836,0.41128197063988));
#8108=CARTESIAN_POINT('Ctrl Pts',(2.59059675801263,-1.42026659688904,0.423629340179246));
#8109=CARTESIAN_POINT('Ctrl Pts',(2.59006318132195,-1.41505613693048,0.435850255604691));
#8110=CARTESIAN_POINT('Ctrl Pts',(2.58971020256891,-1.41160924411995,0.443934798208045));
#8111=CARTESIAN_POINT('Ctrl Pts',(2.58935966164025,-1.40764128783136,0.451963505453048));
#8112=CARTESIAN_POINT('Ctrl Pts',(2.58901445851993,-1.40314521538514,0.459869956787483));
#8113=CARTESIAN_POINT('Ctrl Pts',(2.58849892317973,-1.39643066357,0.471677657351468));
#8114=CARTESIAN_POINT('Ctrl Pts',(2.5879954808821,-1.38853730442952,0.483208381703575));
#8115=CARTESIAN_POINT('Ctrl Pts',(2.58751289399346,-1.37954302074284,0.494261438657616));
#8116=CARTESIAN_POINT('Ctrl Pts',(2.58701617899751,-1.37028542239067,0.50563808246925));
#8117=CARTESIAN_POINT('Ctrl Pts',(2.5865415993987,-1.35986186077201,0.516507742334611));
#8118=CARTESIAN_POINT('Ctrl Pts',(2.58609817309456,-1.34841101233194,0.526663874442495));
#8119=CARTESIAN_POINT('Ctrl Pts',(2.58589266895594,-1.34310416264068,0.531370693052764));
#8120=CARTESIAN_POINT('Ctrl Pts',(2.58569384466747,-1.33757737727208,0.535924517941097));
#8121=CARTESIAN_POINT('Ctrl Pts',(2.58550252148078,-1.33184779785669,0.540306539353231));
#8122=CARTESIAN_POINT('Ctrl Pts',(2.58507893159672,-1.31916249858839,0.550008342746285));
#8123=CARTESIAN_POINT('Ctrl Pts',(2.58469234820072,-1.30548449730579,0.558862558213125));
#8124=CARTESIAN_POINT('Ctrl Pts',(2.58434835346696,-1.29108571292045,0.566741332945165));
#8125=CARTESIAN_POINT('Ctrl Pts',(2.58400459683425,-1.27669689486708,0.574614654266533));
#8126=CARTESIAN_POINT('Ctrl Pts',(2.58370339541921,-1.26158964197677,0.581513300859321));
#8127=CARTESIAN_POINT('Ctrl Pts',(2.58344832287367,-1.24605760404142,0.587355422640163));
#8128=CARTESIAN_POINT('Ctrl Pts',(2.58335290128998,-1.24024713292744,0.5895409362214));
#8129=CARTESIAN_POINT('Ctrl Pts',(2.58326391337936,-1.2343773342113,0.591579094462974));
#8130=CARTESIAN_POINT('Ctrl Pts',(2.58318146406666,-1.22846380051796,0.593467494190578));
#8131=CARTESIAN_POINT('Ctrl Pts',(2.58296068569575,-1.2126288554775,0.59852415023613));
#8132=CARTESIAN_POINT('Ctrl Pts',(2.58278699399805,-1.19648714415816,0.602502344157868));
#8133=CARTESIAN_POINT('Ctrl Pts',(2.58265843113828,-1.18035720867907,0.605446917756177));
#8134=CARTESIAN_POINT('Ctrl Pts',(2.58253469444384,-1.16483278038475,0.608280953995416));
#8135=CARTESIAN_POINT('Ctrl Pts',(2.58245274592352,-1.14932014075696,0.610157883692001));
#8136=CARTESIAN_POINT('Ctrl Pts',(2.58240905947848,-1.13407826315103,0.611158467786754));
#8137=CARTESIAN_POINT('Ctrl Pts',(2.58238307576937,-1.12501273919619,0.61175359256825));
#8138=CARTESIAN_POINT('Ctrl Pts',(2.58237059444891,-1.11604244499967,0.612039461805823));
#8139=CARTESIAN_POINT('Ctrl Pts',(2.58237059444891,-1.10721577337247,0.612039461805826));
#8140=CARTESIAN_POINT('',(2.58740484997247,-1.42379344126019,0.4967360535833));
#8141=CARTESIAN_POINT('',(2.50887250957665,-1.51254555911075,2.29542236597871));
#8142=CARTESIAN_POINT('',(2.50072281113396,-1.50112901890373,2.4820811484006));
#8143=CARTESIAN_POINT('',(2.50841078201654,-1.46778817992829,2.30599766576273));
#8144=CARTESIAN_POINT('Origin',(2.51191947987401,-1.4724281634783,2.22563527265426));
#8145=CARTESIAN_POINT('',(2.50841078201654,-1.75,2.30599766576273));
#8146=CARTESIAN_POINT('',(2.49059992773276,1.49452642645229,2.71393329649583));
#8147=CARTESIAN_POINT('',(2.48961420997324,1.29557825928879,2.73650994495678));
#8148=CARTESIAN_POINT('Origin',(-1.36697666878917E-16,-0.25019266664168,
0.99509630651701));
#8149=CARTESIAN_POINT('',(4.45640237708545,-0.268324377160413,0.764711080448971));
#8150=CARTESIAN_POINT('',(2.75775350101278,-0.268324377160412,0.764711080448971));
#8151=CARTESIAN_POINT('',(-1.36697666878917E-16,-0.26832437716041,0.764711080448971));
#8152=CARTESIAN_POINT('',(4.43788356604307,-0.24980556611804,1.0000148850239));
#8153=CARTESIAN_POINT('',(4.07712887834716,-0.30042254636523,0.356865170876186));
#8154=CARTESIAN_POINT('',(4.05808703609334,-0.242044377215862,1.09863014021108));
#8155=CARTESIAN_POINT('',(3.64744905366168,-0.280840299005001,0.605681215029668));
#8156=CARTESIAN_POINT('Ctrl Pts',(3.64744905366168,-0.280840299005001,0.605681215029668));
#8157=CARTESIAN_POINT('Ctrl Pts',(3.66696294901717,-0.280840299005006,0.605681215029601));
#8158=CARTESIAN_POINT('Ctrl Pts',(3.68694354780435,-0.280899028269175,0.604934988975059));
#8159=CARTESIAN_POINT('Ctrl Pts',(3.70709772908329,-0.281023752037343,0.603350223241255));
#8160=CARTESIAN_POINT('Ctrl Pts',(3.72846278912872,-0.281155969305765,0.60167024355902));
#8161=CARTESIAN_POINT('Ctrl Pts',(3.75002218756576,-0.281362392347079,0.599047390133829));
#8162=CARTESIAN_POINT('Ctrl Pts',(3.77138210097396,-0.281648495810058,0.595412100957489));
#8163=CARTESIAN_POINT('Ctrl Pts',(3.78515700088332,-0.28183300248342,0.593067721390555));
#8164=CARTESIAN_POINT('Ctrl Pts',(3.7988480209813,-0.282050579829142,0.590303139089864));
#8165=CARTESIAN_POINT('Ctrl Pts',(3.81234347661133,-0.282301944555402,0.587109247414545));
#8166=CARTESIAN_POINT('Ctrl Pts',(3.83351056441223,-0.282696200175714,0.582099754784479));
#8167=CARTESIAN_POINT('Ctrl Pts',(3.85418795927782,-0.283173690011842,0.576032671167199));
#8168=CARTESIAN_POINT('Ctrl Pts',(3.87398208723551,-0.283729613329452,0.568968995676025));
#8169=CARTESIAN_POINT('Ctrl Pts',(3.89323292508789,-0.2842702782008,0.562099197127027));
#8170=CARTESIAN_POINT('Ctrl Pts',(3.91164684932736,-0.284885077031009,0.554287437318825));
#8171=CARTESIAN_POINT('Ctrl Pts',(3.92888200946627,-0.285566197339018,0.545632983235297));
#8172=CARTESIAN_POINT('Ctrl Pts',(3.93633270171866,-0.285860642981584,0.541891696617181));
#8173=CARTESIAN_POINT('Ctrl Pts',(3.9435634953005,-0.286167443641613,0.537993424617658));
#8174=CARTESIAN_POINT('Ctrl Pts',(3.95054902403451,-0.28648580243752,0.533948292577303));
#8175=CARTESIAN_POINT('Ctrl Pts',(3.96579621602749,-0.287180678640694,0.525119053273482));
#8176=CARTESIAN_POINT('Ctrl Pts',(3.97986798406316,-0.287930547679277,0.515591063743926));
#8177=CARTESIAN_POINT('Ctrl Pts',(3.99259386041702,-0.288722894204443,0.505523346573172));
#8178=CARTESIAN_POINT('Ctrl Pts',(4.00488225799298,-0.289488002150522,0.495801728365016));
#8179=CARTESIAN_POINT('Ctrl Pts',(4.01591540122772,-0.290292664994138,0.485577517530432));
#8180=CARTESIAN_POINT('Ctrl Pts',(4.02558592600753,-0.291124563595196,0.475007243585654));
#8181=CARTESIAN_POINT('Ctrl Pts',(4.03201590993493,-0.291677697448407,0.46797901160025));
#8182=CARTESIAN_POINT('Ctrl Pts',(4.03784443847378,-0.292242852272324,0.46079803869992));
#8183=CARTESIAN_POINT('Ctrl Pts',(4.04305274073883,-0.29281629877659,0.45351171001147));
#8184=CARTESIAN_POINT('Ctrl Pts',(4.05101792662881,-0.293693284744761,0.442368546749142));
#8185=CARTESIAN_POINT('Ctrl Pts',(4.05752843115733,-0.294589342994793,0.430983047168702));
#8186=CARTESIAN_POINT('Ctrl Pts',(4.06263071653138,-0.295489941204874,0.419539861926369));
#8187=CARTESIAN_POINT('Ctrl Pts',(4.06772348410159,-0.296388859438931,0.40811802280336));
#8188=CARTESIAN_POINT('Ctrl Pts',(4.0714133828683,-0.297292257273724,0.396639264956266));
#8189=CARTESIAN_POINT('Ctrl Pts',(4.07379716292054,-0.298186636071023,0.385275104846097));
#8190=CARTESIAN_POINT('Ctrl Pts',(4.07580713231185,-0.298940763535561,0.375693006884506));
#8191=CARTESIAN_POINT('Ctrl Pts',(4.07688944171611,-0.29968848545043,0.36619229914845));
#8192=CARTESIAN_POINT('Ctrl Pts',(4.07712887834716,-0.300422546365229,0.356865170876186));
#8193=CARTESIAN_POINT('',(2.7646968948876,-0.280840299005,0.605681215029668));
#8194=CARTESIAN_POINT('',(-1.36697666878917E-16,-0.280840299004999,0.605681215029668));
#8195=CARTESIAN_POINT('',(2.74249888216571,-0.240826928405368,1.11409929405303));
#8196=CARTESIAN_POINT('Origin',(-2.50005948615113,-1.75,2.49727378828967));
#8197=CARTESIAN_POINT('',(-2.50841078201654,1.50520859688394,2.30599766576273));
#8198=CARTESIAN_POINT('',(-2.4963531328647,1.49797694694774,2.58216323500173));
#8199=CARTESIAN_POINT('',(-2.50841078201654,-1.46778817992829,2.30599766576273));
#8200=CARTESIAN_POINT('',(-2.50841078201654,-1.75,2.30599766576273));
#8201=CARTESIAN_POINT('',(-2.50887250957665,-1.51254555911075,2.29542236597871));
#8202=CARTESIAN_POINT('Origin',(-2.51191947987381,-1.47242816347939,2.22563527265957));
#8203=CARTESIAN_POINT('',(-2.50072281113396,-1.50112901890373,2.4820811484006));
#8204=CARTESIAN_POINT('',(-2.59323413754742,-1.43254765807111,0.363223417652344));
#8205=CARTESIAN_POINT('',(-2.58740484997247,-1.42379344126019,0.4967360535833));
#8206=CARTESIAN_POINT('',(-2.58237059444891,-1.10721577337247,0.612039461805826));
#8207=CARTESIAN_POINT('Ctrl Pts',(-2.58237059444891,-1.10721577337247,0.612039461805826));
#8208=CARTESIAN_POINT('Ctrl Pts',(-2.58237059444891,-1.12199374616186,0.612039461805822));
#8209=CARTESIAN_POINT('Ctrl Pts',(-2.58240566677682,-1.13717635859238,0.611236173430272));
#8210=CARTESIAN_POINT('Ctrl Pts',(-2.58248027995649,-1.15252876533419,0.609527250656275));
#8211=CARTESIAN_POINT('Ctrl Pts',(-2.58255773700419,-1.16846632631973,0.607753192595659));
#8212=CARTESIAN_POINT('Ctrl Pts',(-2.58267782604783,-1.18458615889314,0.605002701295135));
#8213=CARTESIAN_POINT('Ctrl Pts',(-2.58284364514872,-1.2005888150041,0.601204819484993));
#8214=CARTESIAN_POINT('Ctrl Pts',(-2.58294056564706,-1.20994229356432,0.598984975114213));
#8215=CARTESIAN_POINT('Ctrl Pts',(-2.58305307196244,-1.21925509993007,0.596408156843989));
#8216=CARTESIAN_POINT('Ctrl Pts',(-2.58318146406666,-1.22846380051796,0.593467494190579));
#8217=CARTESIAN_POINT('Ctrl Pts',(-2.58340139944287,-1.24423828322839,0.588430145897978));
#8218=CARTESIAN_POINT('Ctrl Pts',(-2.58366802639167,-1.25970129941903,0.582323384773876));
#8219=CARTESIAN_POINT('Ctrl Pts',(-2.58397863042693,-1.27455785819977,0.575209382771895));
#8220=CARTESIAN_POINT('Ctrl Pts',(-2.58429066908146,-1.28948303651875,0.56806252258656));
#8221=CARTESIAN_POINT('Ctrl Pts',(-2.58464706986786,-1.30379479178682,0.559899602533583));
#8222=CARTESIAN_POINT('Ctrl Pts',(-2.58504292893783,-1.3172088999146,0.550832939204741));
#8223=CARTESIAN_POINT('Ctrl Pts',(-2.58519075100687,-1.32221800888355,0.547447257192464));
#8224=CARTESIAN_POINT('Ctrl Pts',(-2.5853440555861,-1.32710219987755,0.543936005052276));
#8225=CARTESIAN_POINT('Ctrl Pts',(-2.58550252148078,-1.3318477978567,0.540306539353233));
#8226=CARTESIAN_POINT('Ctrl Pts',(-2.58591620719775,-1.34423649579387,0.530831578680965));
#8227=CARTESIAN_POINT('Ctrl Pts',(-2.58636503844148,-1.35567417387649,0.520551653103693));
#8228=CARTESIAN_POINT('Ctrl Pts',(-2.58684039843806,-1.36599940269162,0.509664119191009));
#8229=CARTESIAN_POINT('Ctrl Pts',(-2.58730283920681,-1.37604401474395,0.499072484243489));
#8230=CARTESIAN_POINT('Ctrl Pts',(-2.58779034556152,-1.38503538435309,0.48790675299189));
#8231=CARTESIAN_POINT('Ctrl Pts',(-2.5882942300849,-1.39287052231609,0.47636590000477));
#8232=CARTESIAN_POINT('Ctrl Pts',(-2.58853100500399,-1.39655224713814,0.470942862770323));
#8233=CARTESIAN_POINT('Ctrl Pts',(-2.58877138905957,-1.3999793752206,0.46543716271954));
#8234=CARTESIAN_POINT('Ctrl Pts',(-2.58901445851993,-1.40314521538514,0.459869956787484));
#8235=CARTESIAN_POINT('Ctrl Pts',(-2.58953735924059,-1.40995569705186,0.447893561276496));
#8236=CARTESIAN_POINT('Ctrl Pts',(-2.59007248490473,-1.41555203693335,0.43563716852601));
#8237=CARTESIAN_POINT('Ctrl Pts',(-2.5906098375605,-1.41996733640523,0.423329769281582));
#8238=CARTESIAN_POINT('Ctrl Pts',(-2.59113954792175,-1.42431984095358,0.411197407358901));
#8239=CARTESIAN_POINT('Ctrl Pts',(-2.59167139120294,-1.42752483364923,0.39901619353788));
#8240=CARTESIAN_POINT('Ctrl Pts',(-2.59219649820124,-1.42966180748621,0.386989265961085));
#8241=CARTESIAN_POINT('Ctrl Pts',(-2.59254613116245,-1.43108467271763,0.378981354589517));
#8242=CARTESIAN_POINT('Ctrl Pts',(-2.59289279376278,-1.43203504011234,0.371041475667133));
#8243=CARTESIAN_POINT('Ctrl Pts',(-2.59323413754742,-1.43254765807111,0.363223417652344));
#8244=CARTESIAN_POINT('',(-2.58237059444891,-0.455966038103925,0.612039461805826));
#8245=CARTESIAN_POINT('',(-2.58237059444891,-1.75,0.612039461805826));
#8246=CARTESIAN_POINT('',(-2.57570846025507,-0.446633358689667,0.764627421433723));
#8247=CARTESIAN_POINT('',(-2.50380187831147,-0.345902713294495,2.41155891565903));
#8248=CARTESIAN_POINT('',(-2.56054012299466,-0.0773234832735762,1.11203946180583));
#8249=CARTESIAN_POINT('Ctrl Pts',(-2.56054012299466,-0.0773234832735769,
1.11203946180583));
#8250=CARTESIAN_POINT('Ctrl Pts',(-2.56054012299466,-0.123880035046447,
1.11203946180572));
#8251=CARTESIAN_POINT('Ctrl Pts',(-2.56092815129894,-0.170406617684265,
1.10315215249824));
#8252=CARTESIAN_POINT('Ctrl Pts',(-2.56167714843391,-0.213679660660411,
1.08599729772245));
#8253=CARTESIAN_POINT('Ctrl Pts',(-2.56242614556888,-0.256952703636557,
1.06884244294667));
#8254=CARTESIAN_POINT('Ctrl Pts',(-2.56353560833705,-0.296935968627351,
1.04343156781982));
#8255=CARTESIAN_POINT('Ctrl Pts',(-2.56492816743787,-0.33084118969433,1.01153672066231));
#8256=CARTESIAN_POINT('Ctrl Pts',(-2.56632072653869,-0.364746410761309,
0.979641873504812));
#8257=CARTESIAN_POINT('Ctrl Pts',(-2.56799544641154,-0.392550809417314,
0.941284482177906));
#8258=CARTESIAN_POINT('Ctrl Pts',(-2.56983553908578,-0.41231542300582,0.899139430979689));
#8259=CARTESIAN_POINT('Ctrl Pts',(-2.57167563176002,-0.432080036594325,
0.856994379781472));
#8260=CARTESIAN_POINT('Ctrl Pts',(-2.57367954851283,-0.443791148926275,
0.811097140296489));
#8261=CARTESIAN_POINT('Ctrl Pts',(-2.57570846025507,-0.446633358689667,
0.764627421433723));
#8262=CARTESIAN_POINT('',(-2.56054012299466,1.07732348327358,1.11203946180583));
#8263=CARTESIAN_POINT('',(-2.56054012299466,-1.75,1.11203946180583));
#8264=CARTESIAN_POINT('',(-2.57570846025507,1.44663335868967,0.764627421433723));
#8265=CARTESIAN_POINT('Ctrl Pts',(-2.57570846025507,1.44663335868967,0.764627421433723));
#8266=CARTESIAN_POINT('Ctrl Pts',(-2.57367954851283,1.44379114892627,0.811097140296547));
#8267=CARTESIAN_POINT('Ctrl Pts',(-2.57167563176002,1.43208003659428,0.856994379781392));
#8268=CARTESIAN_POINT('Ctrl Pts',(-2.56983553908578,1.41231542300582,0.89913943097969));
#8269=CARTESIAN_POINT('Ctrl Pts',(-2.56799544641153,1.39255080941735,0.941284482177987));
#8270=CARTESIAN_POINT('Ctrl Pts',(-2.56632072653869,1.36474641076125,0.979641873504784));
#8271=CARTESIAN_POINT('Ctrl Pts',(-2.56492816743787,1.33084118969433,1.01153672066231));
#8272=CARTESIAN_POINT('Ctrl Pts',(-2.56353560833705,1.29693596862741,1.04343156781984));
#8273=CARTESIAN_POINT('Ctrl Pts',(-2.56242614556888,1.25695270363658,1.06884244294667));
#8274=CARTESIAN_POINT('Ctrl Pts',(-2.56167714843391,1.21367966066041,1.08599729772245));
#8275=CARTESIAN_POINT('Ctrl Pts',(-2.56092815129894,1.17040661768424,1.10315215249824));
#8276=CARTESIAN_POINT('Ctrl Pts',(-2.56054012299466,1.12388003504646,1.11203946180572));
#8277=CARTESIAN_POINT('Ctrl Pts',(-2.56054012299466,1.07732348327358,1.11203946180583));
#8278=CARTESIAN_POINT('',(-2.56510836074178,1.43178416357615,1.00740961547621));
#8279=CARTESIAN_POINT('Origin',(-2.5625,-0.250116575098634,0.996184466279071));
#8280=CARTESIAN_POINT('',(-3.6567796946712,-0.273806437391935,0.608858641534888));
#8281=CARTESIAN_POINT('',(-2.7646968948876,-0.273806437391935,0.608858641534888));
#8282=CARTESIAN_POINT('',(-2.5625,-0.273806437391935,0.608858641534888));
#8283=CARTESIAN_POINT('',(-4.09243734111462,-0.289024678587841,0.360042597381407));
#8284=CARTESIAN_POINT('Ctrl Pts',(-4.09243734111462,-0.289024678587841,
0.360042597381407));
#8285=CARTESIAN_POINT('Ctrl Pts',(-4.09188877054721,-0.288349534215607,
0.37108111029293));
#8286=CARTESIAN_POINT('Ctrl Pts',(-4.09015258438731,-0.287659479735663,
0.382363401310642));
#8287=CARTESIAN_POINT('Ctrl Pts',(-4.08709564112213,-0.28696396803853,0.393734917040717));
#8288=CARTESIAN_POINT('Ctrl Pts',(-4.08403191472778,-0.286266913052797,
0.405131665316335));
#8289=CARTESIAN_POINT('Ctrl Pts',(-4.07964137055624,-0.28556440390013,0.416617588433085));
#8290=CARTESIAN_POINT('Ctrl Pts',(-4.07383916808423,-0.284867089148381,
0.428018583845535));
#8291=CARTESIAN_POINT('Ctrl Pts',(-4.06892521919554,-0.28427652563979,0.437674211860458));
#8292=CARTESIAN_POINT('Ctrl Pts',(-4.06299957368337,-0.283689719019998,
0.447268415286476));
#8293=CARTESIAN_POINT('Ctrl Pts',(-4.05603926407333,-0.28311352302585,0.456689136516691));
#8294=CARTESIAN_POINT('Ctrl Pts',(-4.04797537801359,-0.282445969554066,
0.467603539302943));
#8295=CARTESIAN_POINT('Ctrl Pts',(-4.03852308719401,-0.281792886583768,
0.478281351481213));
#8296=CARTESIAN_POINT('Ctrl Pts',(-4.02775815199729,-0.281163979550084,
0.488563890589841));
#8297=CARTESIAN_POINT('Ctrl Pts',(-4.01659925898985,-0.280512056786755,
0.499222733551849));
#8298=CARTESIAN_POINT('Ctrl Pts',(-4.00403011121701,-0.279886152060745,
0.509456185363925));
#8299=CARTESIAN_POINT('Ctrl Pts',(-3.99019126343156,-0.279296558002183,
0.519095963010974));
#8300=CARTESIAN_POINT('Ctrl Pts',(-3.98118217767921,-0.278912732447122,
0.525371455364259));
#8301=CARTESIAN_POINT('Ctrl Pts',(-3.97163614765673,-0.278544283441746,
0.531395543352468));
#8302=CARTESIAN_POINT('Ctrl Pts',(-3.96160305320437,-0.278193810880173,
0.537125719082524));
#8303=CARTESIAN_POINT('Ctrl Pts',(-3.94525123591209,-0.277622614892734,
0.546464690925692));
#8304=CARTESIAN_POINT('Ctrl Pts',(-3.92760817274637,-0.277099440455764,
0.555018517358932));
#8305=CARTESIAN_POINT('Ctrl Pts',(-3.90900079998209,-0.27663130530976,0.562672459339386));
#8306=CARTESIAN_POINT('Ctrl Pts',(-3.88978877983452,-0.276147958091926,
0.570575116495749));
#8307=CARTESIAN_POINT('Ctrl Pts',(-3.8695502849565,-0.275723332926921,0.57751767657509));
#8308=CARTESIAN_POINT('Ctrl Pts',(-3.84867706835327,-0.275362474977822,
0.583417651890268));
#8309=CARTESIAN_POINT('Ctrl Pts',(-3.83992631953788,-0.275211191285872,
0.58589111838954));
#8310=CARTESIAN_POINT('Ctrl Pts',(-3.8310642542543,-0.275071079270259,0.588181929595274));
#8311=CARTESIAN_POINT('Ctrl Pts',(-3.82212031035924,-0.274942347592626,
0.590286673919766));
#8312=CARTESIAN_POINT('Ctrl Pts',(-3.80092900434041,-0.274637337587304,
0.595273543425548));
#8313=CARTESIAN_POINT('Ctrl Pts',(-3.77928708290829,-0.274396475254275,
0.599211607760206));
#8314=CARTESIAN_POINT('Ctrl Pts',(-3.75761477697522,-0.274217148393958,
0.602143576009369));
#8315=CARTESIAN_POINT('Ctrl Pts',(-3.73723182425877,-0.274048490249046,
0.604901112303541));
#8316=CARTESIAN_POINT('Ctrl Pts',(-3.7168229379048,-0.27393423526069,0.606769164850592));
#8317=CARTESIAN_POINT('Ctrl Pts',(-3.69670962643344,-0.273870031148108,
0.607818892812279));
#8318=CARTESIAN_POINT('Ctrl Pts',(-3.68323894058507,-0.273827031096526,
0.608521937441119));
#8319=CARTESIAN_POINT('Ctrl Pts',(-3.66990021599621,-0.273806437391937,
0.608858641534866));
#8320=CARTESIAN_POINT('Ctrl Pts',(-3.6567796946712,-0.273806437391935,0.608858641534888));
#8321=CARTESIAN_POINT('',(-4.05714603135629,-0.245590468674631,1.07018565218095));
#8322=CARTESIAN_POINT('',(-4.45640237708545,-0.264473757977677,0.761446601162786));
#8323=CARTESIAN_POINT('',(-4.42642605317238,-0.241177814509913,1.14233191004011));
#8324=CARTESIAN_POINT('',(-2.75803476069376,-0.264473757977677,0.761446601162786));
#8325=CARTESIAN_POINT('',(-2.5625,-0.264473757977677,0.761446601162786));
#8326=CARTESIAN_POINT('',(-2.68612817875016,-0.163743112582505,2.40837809538809));
#8327=CARTESIAN_POINT('Origin',(-2.5625,1.68752141718903,2.49836394073076));
#8328=CARTESIAN_POINT('',(2.32105116280315,1.6926215079998,2.30359933039233));
#8329=CARTESIAN_POINT('',(2.30327838618616,1.68196217488521,2.71066283917255));
#8330=CARTESIAN_POINT('',(1.84085134729077,1.6926215079998,2.30359933039233));
#8331=CARTESIAN_POINT('',(-2.5625,1.6926215079998,2.30359933039233));
#8332=CARTESIAN_POINT('',(1.80450855574838,1.67706184939471,2.89779871970837));
#8333=CARTESIAN_POINT('Origin',(-2.5625,1.68752141718903,2.49836394073076));
#8334=CARTESIAN_POINT('',(-1.21585134729077,1.6926215079998,2.30359933039233));
#8335=CARTESIAN_POINT('',(-2.5625,1.6926215079998,2.30359933039233));
#8336=CARTESIAN_POINT('',(-2.30903159131811,1.68541269538066,2.57889277767846));
#8337=CARTESIAN_POINT('',(-1.17950855574838,1.67706184939471,2.89779871970837));
#8338=CARTESIAN_POINT('Origin',(0.,0.,2.4375));
#8339=CARTESIAN_POINT('',(1.45248176966526,-0.00929164508135331,2.4375));
#8340=CARTESIAN_POINT('',(0.,-0.00929164508135331,2.4375));
#8341=CARTESIAN_POINT('Ctrl Pts',(1.71370663705593,0.0987933629440683,2.4375));
#8342=CARTESIAN_POINT('Ctrl Pts',(1.70177402160431,0.0868607474925333,2.4375));
#8343=CARTESIAN_POINT('Ctrl Pts',(1.68884273290784,0.0755941798783108,2.4375));
#8344=CARTESIAN_POINT('Ctrl Pts',(1.67505842371249,0.0652009205617918,2.4375));
#8345=CARTESIAN_POINT('Ctrl Pts',(1.66099755423584,0.0545991369964755,2.4375));
#8346=CARTESIAN_POINT('Ctrl Pts',(1.64604978574212,0.0449068942962063,2.4375));
#8347=CARTESIAN_POINT('Ctrl Pts',(1.6304153917464,0.0363148303032005,2.4375));
#8348=CARTESIAN_POINT('Ctrl Pts',(1.61860612184002,0.029824907970807,2.4375));
#8349=CARTESIAN_POINT('Ctrl Pts',(1.60640616691426,0.0239621474410591,2.4375));
#8350=CARTESIAN_POINT('Ctrl Pts',(1.5939144219646,0.0187935340290938,2.4375));
#8351=CARTESIAN_POINT('Ctrl Pts',(1.57736548915754,0.0119462091433391,2.4375));
#8352=CARTESIAN_POINT('Ctrl Pts',(1.56031139571478,0.00632201610330837,
2.4375));
#8353=CARTESIAN_POINT('Ctrl Pts',(1.5430264546589,0.00196704641258053,2.4375));
#8354=CARTESIAN_POINT('Ctrl Pts',(1.52600288330618,-0.00232207074606619,
2.4375));
#8355=CARTESIAN_POINT('Ctrl Pts',(1.50875655770985,-0.0053800388902116,
2.4375));
#8356=CARTESIAN_POINT('Ctrl Pts',(1.49155140673759,-0.00721243242873591,
2.4375));
#8357=CARTESIAN_POINT('Ctrl Pts',(1.47846729595147,-0.00860592441845911,
2.4375));
#8358=CARTESIAN_POINT('Ctrl Pts',(1.46540713950072,-0.00929164508135327,
2.4375));
#8359=CARTESIAN_POINT('Ctrl Pts',(1.45248176966526,-0.00929164508135327,
2.4375));
#8360=CARTESIAN_POINT('',(1.82179164508135,1.55516862581566,2.4375));
#8361=CARTESIAN_POINT('',(1.82179164508135,0.,2.4375));
#8362=CARTESIAN_POINT('',(2.32105116280315,1.55516862581566,2.4375));
#8363=CARTESIAN_POINT('',(0.,1.55516862581566,2.4375));
#8364=CARTESIAN_POINT('Ctrl Pts',(2.32105116280315,1.55516862581566,2.4375));
#8365=CARTESIAN_POINT('Ctrl Pts',(2.32470786498149,1.55516862581566,2.4375));
#8366=CARTESIAN_POINT('Ctrl Pts',(2.32847520293572,1.55475586344261,2.4375));
#8367=CARTESIAN_POINT('Ctrl Pts',(2.33220691259675,1.55390127694215,2.4375));
#8368=CARTESIAN_POINT('Ctrl Pts',(2.33605689922338,1.55301960422456,2.4375));
#8369=CARTESIAN_POINT('Ctrl Pts',(2.33986721090912,1.55166757994791,2.4375));
#8370=CARTESIAN_POINT('Ctrl Pts',(2.34346799591151,1.54986650738371,2.4375));
#8371=CARTESIAN_POINT('Ctrl Pts',(2.34421945982046,1.54949063350384,2.4375));
#8372=CARTESIAN_POINT('Ctrl Pts',(2.34496182311284,1.54909538168518,2.4375));
#8373=CARTESIAN_POINT('Ctrl Pts',(2.34569361248526,1.54868122332541,2.4375));
#8374=CARTESIAN_POINT('Ctrl Pts',(2.34919976723569,1.54669690467404,2.4375));
#8375=CARTESIAN_POINT('Ctrl Pts',(2.35245495873493,1.54427859277522,2.4375));
#8376=CARTESIAN_POINT('Ctrl Pts',(2.35534525593404,1.54155386822669,2.4375));
#8377=CARTESIAN_POINT('Ctrl Pts',(2.35815202247803,1.53890788922259,2.4375));
#8378=CARTESIAN_POINT('Ctrl Pts',(2.36061377955335,1.53597443981011,2.4375));
#8379=CARTESIAN_POINT('Ctrl Pts',(2.36266908183941,1.53289242924537,2.4375));
#8380=CARTESIAN_POINT('Ctrl Pts',(2.36310738590155,1.53223517422296,2.4375));
#8381=CARTESIAN_POINT('Ctrl Pts',(2.36352738972817,1.53157120019974,2.4375));
#8382=CARTESIAN_POINT('Ctrl Pts',(2.36392880990794,1.53090189461486,2.4375));
#8383=CARTESIAN_POINT('',(2.37104165154904,-1.46778817992829,2.4375));
#8384=CARTESIAN_POINT('',(2.37104165154904,0.,2.4375));
#8385=CARTESIAN_POINT('',(-2.37104165154904,-1.46778817992829,2.4375));
#8386=CARTESIAN_POINT('',(0.,-1.46778817992829,2.4375));
#8387=CARTESIAN_POINT('',(-2.37104165154904,1.50520859688394,2.4375));
#8388=CARTESIAN_POINT('',(-2.37104165154904,0.,2.4375));
#8389=CARTESIAN_POINT('Origin',(-2.33012710211391,1.50768640028213,2.43750000000001));
#8390=CARTESIAN_POINT('',(-1.19679164508135,1.55516862581566,2.4375));
#8391=CARTESIAN_POINT('',(0.,1.55516862581566,2.4375));
#8392=CARTESIAN_POINT('',(-1.19679164508135,0.360018230334738,2.4375));
#8393=CARTESIAN_POINT('',(-1.19679164508135,0.,2.4375));
#8394=CARTESIAN_POINT('Ctrl Pts',(-1.08870663705593,0.0987933629440684,
2.4375));
#8395=CARTESIAN_POINT('Ctrl Pts',(-1.10063925250757,0.110725978395795,2.4375));
#8396=CARTESIAN_POINT('Ctrl Pts',(-1.1119058201219,0.123657267092412,2.4375));
#8397=CARTESIAN_POINT('Ctrl Pts',(-1.12229907943851,0.137441576287913,2.4375));
#8398=CARTESIAN_POINT('Ctrl Pts',(-1.13290086300394,0.15150244576474,2.4375));
#8399=CARTESIAN_POINT('Ctrl Pts',(-1.1425931057043,0.166450214258659,2.4375));
#8400=CARTESIAN_POINT('Ctrl Pts',(-1.15118516969736,0.182084608254575,2.4375));
#8401=CARTESIAN_POINT('Ctrl Pts',(-1.15767509202954,0.193893878160653,2.4375));
#8402=CARTESIAN_POINT('Ctrl Pts',(-1.16353785255911,0.20609383308609,2.4375));
#8403=CARTESIAN_POINT('Ctrl Pts',(-1.16870646597091,0.218585578035395,2.4375));
#8404=CARTESIAN_POINT('Ctrl Pts',(-1.1755537908567,0.2351345108426,2.4375));
#8405=CARTESIAN_POINT('Ctrl Pts',(-1.18117798389676,0.252188604285529,2.4375));
#8406=CARTESIAN_POINT('Ctrl Pts',(-1.18553295358751,0.269473545341596,2.4375));
#8407=CARTESIAN_POINT('Ctrl Pts',(-1.18982207074614,0.286497116694336,2.4375));
#8408=CARTESIAN_POINT('Ctrl Pts',(-1.19288003889027,0.3037434422907,2.4375));
#8409=CARTESIAN_POINT('Ctrl Pts',(-1.19471243242878,0.32094859326299,2.4375));
#8410=CARTESIAN_POINT('Ctrl Pts',(-1.19610592441847,0.33403270404892,2.4375));
#8411=CARTESIAN_POINT('Ctrl Pts',(-1.19679164508135,0.347092860499473,2.4375));
#8412=CARTESIAN_POINT('Ctrl Pts',(-1.19679164508135,0.360018230334738,2.4375));
#8413=CARTESIAN_POINT('Origin',(-2.5625,-1.68761657509863,2.49618446627907));
#8414=CARTESIAN_POINT('',(-2.32522683974176,-1.70484519455349,2.21449902813953));
#8415=CARTESIAN_POINT('',(-2.31340126958736,-1.68827929360783,2.48534911443239));
#8416=CARTESIAN_POINT('',(2.32522683974176,-1.70484519455349,2.21449902813953));
#8417=CARTESIAN_POINT('',(-2.5625,-1.70484519455349,2.21449902813953));
#8418=CARTESIAN_POINT('',(2.31340126958736,-1.68827929360783,2.48534911443239));
#8419=CARTESIAN_POINT('Origin',(1.62511657509863,0.125,2.84618446627907));
#8420=CARTESIAN_POINT('',(1.63963204436936,1.55516862581566,2.60885864153489));
#8421=CARTESIAN_POINT('',(1.65869174657878,1.87505896980784,2.29723526499341));
#8422=CARTESIAN_POINT('Ctrl Pts',(1.63963204436936,1.55516862581566,2.60885864153489));
#8423=CARTESIAN_POINT('Ctrl Pts',(1.63963204436931,1.59636534167828,2.60885864153575));
#8424=CARTESIAN_POINT('Ctrl Pts',(1.64012441298508,1.63753301022426,2.60080848582688));
#8425=CARTESIAN_POINT('Ctrl Pts',(1.64107324347931,1.67568974635749,2.58529524437493));
#8426=CARTESIAN_POINT('Ctrl Pts',(1.64202207397354,1.71384648249072,2.56978200292297));
#8427=CARTESIAN_POINT('Ctrl Pts',(1.64342666808795,1.74895726049048,2.54681709214977));
#8428=CARTESIAN_POINT('Ctrl Pts',(1.64518459364032,1.778461572965,2.51807526343078));
#8429=CARTESIAN_POINT('Ctrl Pts',(1.64694251919269,1.80796588543952,2.48933343471179));
#8430=CARTESIAN_POINT('Ctrl Pts',(1.64905248249975,1.83184201973222,2.45483583958145));
#8431=CARTESIAN_POINT('Ctrl Pts',(1.65136061124797,1.84834877209315,2.41709826812789));
#8432=CARTESIAN_POINT('Ctrl Pts',(1.65366873999618,1.86485552445407,2.37936069667434));
#8433=CARTESIAN_POINT('Ctrl Pts',(1.65617291071616,1.87398056541358,2.33841786731519));
#8434=CARTESIAN_POINT('Ctrl Pts',(1.65869174657878,1.87505896980784,2.29723526499341));
#8435=CARTESIAN_POINT('',(1.63963204436936,0.125,2.60885864153489));
#8436=CARTESIAN_POINT('',(1.63660232140187,0.363047953302232,2.65839417418604));
#8437=CARTESIAN_POINT('',(1.6260431151328,0.373607159571303,2.83103567062768));
#8438=CARTESIAN_POINT('',(1.63660232140187,1.84278817992829,2.65839417418604));
#8439=CARTESIAN_POINT('',(1.63660232140187,0.125,2.65839417418604));
#8440=CARTESIAN_POINT('',(1.63725081894975,1.88760054424565,2.64779133300157));
#8441=CARTESIAN_POINT('Origin',(1.64151853874039,1.84743050357412,2.57801473121198));
#8442=CARTESIAN_POINT('',(1.61583212920994,1.86618185450584,2.99798381473479));
#8443=CARTESIAN_POINT('',(1.62234895503639,1.85949931120275,2.89143465430945));
#8444=CARTESIAN_POINT('Origin',(-1.00011657509863,0.125,2.84618446627907));
#8445=CARTESIAN_POINT('',(-1.01225081894975,1.88760054424565,2.64779133300157));
#8446=CARTESIAN_POINT('',(-0.993616943552541,1.86896666884844,2.95245250270558));
#8447=CARTESIAN_POINT('',(-1.01160232140187,1.84278817992829,2.65839417418604));
#8448=CARTESIAN_POINT('Origin',(-1.01651853874037,1.84743050357434,2.57801473121259));
#8449=CARTESIAN_POINT('',(-1.01160232140187,0.125,2.65839417418604));
#8450=CARTESIAN_POINT('',(-1.01463204436936,0.360018230334738,2.60885864153489));
#8451=CARTESIAN_POINT('',(-1.0010431151328,0.373607159571303,2.83103567062768));
#8452=CARTESIAN_POINT('',(-1.01463204436936,1.55516862581566,2.60885864153489));
#8453=CARTESIAN_POINT('',(-1.01463204436936,0.125,2.60885864153489));
#8454=CARTESIAN_POINT('',(-1.03369174657878,1.87505896980784,2.29723526499341));
#8455=CARTESIAN_POINT('Ctrl Pts',(-1.03369174657878,1.87505896980784,2.29723526499341));
#8456=CARTESIAN_POINT('Ctrl Pts',(-1.03117291071616,1.87398056541358,2.33841786731519));
#8457=CARTESIAN_POINT('Ctrl Pts',(-1.02866873999619,1.86485552445393,2.37936069667434));
#8458=CARTESIAN_POINT('Ctrl Pts',(-1.02636061124797,1.84834877209315,2.41709826812789));
#8459=CARTESIAN_POINT('Ctrl Pts',(-1.02405248249975,1.83184201973236,2.45483583958145));
#8460=CARTESIAN_POINT('Ctrl Pts',(-1.02194251919267,1.8079658854395,2.4893334347121));
#8461=CARTESIAN_POINT('Ctrl Pts',(-1.02018459364032,1.778461572965,2.51807526343078));
#8462=CARTESIAN_POINT('Ctrl Pts',(-1.01842666808797,1.74895726049051,2.54681709214946));
#8463=CARTESIAN_POINT('Ctrl Pts',(-1.01702207397354,1.71384648249076,2.56978200292296));
#8464=CARTESIAN_POINT('Ctrl Pts',(-1.01607324347931,1.67568974635749,2.58529524437493));
#8465=CARTESIAN_POINT('Ctrl Pts',(-1.01512441298508,1.63753301022422,2.60080848582689));
#8466=CARTESIAN_POINT('Ctrl Pts',(-1.01463204436931,1.5963653416783,2.60885864153575));
#8467=CARTESIAN_POINT('Ctrl Pts',(-1.01463204436936,1.55516862581566,2.60885864153489));
#8468=CARTESIAN_POINT('',(-0.997348955036394,1.85949931120275,2.89143465430945));
#8469=CARTESIAN_POINT('Origin',(-1.0625,0.187383424901366,2.84618446627907));
#8470=CARTESIAN_POINT('',(-0.824452046697768,0.175897678598132,2.65839417418604));
#8471=CARTESIAN_POINT('',(-0.813892840428697,0.186456884867203,2.83103567062768));
#8472=CARTESIAN_POINT('',(-1.0625,0.175897678598132,2.65839417418604));
#8473=CARTESIAN_POINT('',(1.45248176966526,0.172867955630637,2.60885864153489));
#8474=CARTESIAN_POINT('',(1.4388928404287,0.186456884867203,2.83103567062768));
#8475=CARTESIAN_POINT('',(-1.0625,0.172867955630637,2.60885864153489));
#8476=CARTESIAN_POINT('Origin',(-1.0625,2.06261657509863,2.84618446627907));
#8477=CARTESIAN_POINT('',(-0.830194919849385,2.07984519455348,2.56449902813953));
#8478=CARTESIAN_POINT('',(1.45519491984939,2.07984519455348,2.56449902813953));
#8479=CARTESIAN_POINT('',(-1.0625,2.07984519455348,2.56449902813953));
#8480=CARTESIAN_POINT('',(-0.806466668848441,2.05611694355254,2.95245250270558));
#8481=CARTESIAN_POINT('',(1.42868185450584,2.05333212920994,2.99798381473479));
#8482=CARTESIAN_POINT('Origin',(0.,0.,2.7875));
#8483=CARTESIAN_POINT('',(-0.824452046697768,0.313141213381139,2.7875));
#8484=CARTESIAN_POINT('Ctrl Pts',(-0.824452046697768,0.313141213381139,
2.7875));
#8485=CARTESIAN_POINT('Ctrl Pts',(-0.828280998754608,0.313141213381139,
2.7875));
#8486=CARTESIAN_POINT('Ctrl Pts',(-0.832198490368027,0.313590004877133,
2.7875));
#8487=CARTESIAN_POINT('Ctrl Pts',(-0.836042430799417,0.31450458584721,2.7875));
#8488=CARTESIAN_POINT('Ctrl Pts',(-0.838599007784716,0.315112867037053,
2.7875));
#8489=CARTESIAN_POINT('Ctrl Pts',(-0.841122500096484,0.315926072463364,
2.7875));
#8490=CARTESIAN_POINT('Ctrl Pts',(-0.843564567279205,0.316936507854448,
2.7875));
#8491=CARTESIAN_POINT('Ctrl Pts',(-0.847234353704918,0.318454927211827,
2.7875));
#8492=CARTESIAN_POINT('Ctrl Pts',(-0.850715711892843,0.320419312825164,
2.7875));
#8493=CARTESIAN_POINT('Ctrl Pts',(-0.853879734118208,0.32272569626128,2.7875));
#8494=CARTESIAN_POINT('Ctrl Pts',(-0.855986940294849,0.324261723847727,
2.7875));
#8495=CARTESIAN_POINT('Ctrl Pts',(-0.857953874720505,0.325948465813978,
2.7875));
#8496=CARTESIAN_POINT('Ctrl Pts',(-0.859752704453264,0.327747295546736,
2.7875));
#8497=CARTESIAN_POINT('',(-0.874358786618861,1.84278817992829,2.7875));
#8498=CARTESIAN_POINT('',(-0.874358786618861,0.,2.7875));
#8499=CARTESIAN_POINT('',(1.49935878661886,1.84278817992829,2.7875));
#8500=CARTESIAN_POINT('',(0.,1.84278817992829,2.7875));
#8501=CARTESIAN_POINT('',(1.49935878661886,0.363047953302232,2.7875));
#8502=CARTESIAN_POINT('',(1.49935878661886,0.,2.7875));
#8503=CARTESIAN_POINT('Ctrl Pts',(1.49935878661886,0.363047953302232,2.7875));
#8504=CARTESIAN_POINT('Ctrl Pts',(1.49935878661886,0.359219001245471,2.7875));
#8505=CARTESIAN_POINT('Ctrl Pts',(1.49890999512286,0.355301509632143,2.7875));
#8506=CARTESIAN_POINT('Ctrl Pts',(1.49799541415281,0.351457569200835,2.7875));
#8507=CARTESIAN_POINT('Ctrl Pts',(1.49738713296296,0.348900992215456,2.7875));
#8508=CARTESIAN_POINT('Ctrl Pts',(1.49657392753662,0.346377499903606,2.7875));
#8509=CARTESIAN_POINT('Ctrl Pts',(1.49556349214552,0.343935432720808,2.7875));
#8510=CARTESIAN_POINT('Ctrl Pts',(1.49404507278813,0.34026564629503,2.7875));
#8511=CARTESIAN_POINT('Ctrl Pts',(1.49208068717476,0.336784288107041,2.7875));
#8512=CARTESIAN_POINT('Ctrl Pts',(1.48977430373859,0.333620265881625,2.7875));
#8513=CARTESIAN_POINT('Ctrl Pts',(1.48823827615218,0.331513059705046,2.7875));
#8514=CARTESIAN_POINT('Ctrl Pts',(1.48655153418597,0.329546125279444,2.7875));
#8515=CARTESIAN_POINT('Ctrl Pts',(1.48475270445326,0.327747295546736,2.7875));
#8516=CARTESIAN_POINT('',(0.,0.313141213381139,2.7875));
#8517=CARTESIAN_POINT('Origin',(-2.5625,1.25011657509863,0.996184466279071));
#8518=CARTESIAN_POINT('',(-4.45640237708545,1.26447375797768,0.761446601162786));
#8519=CARTESIAN_POINT('',(-2.75803476069376,1.26447375797768,0.761446601162786));
#8520=CARTESIAN_POINT('',(-2.5625,1.26447375797768,0.761446601162786));
#8521=CARTESIAN_POINT('',(-4.43320303379176,1.24644450958063,1.05622220679723));
#8522=CARTESIAN_POINT('',(-2.74743466118047,1.24962456286415,1.00422879520527));
#8523=CARTESIAN_POINT('Origin',(-4.62519266664168,0.,0.99509630651701));
#8524=CARTESIAN_POINT('',(-4.64332437716041,-0.0773234832735766,0.764711080448971));
#8525=CARTESIAN_POINT('',(-4.64332437716041,1.07732348327358,0.764711080448971));
#8526=CARTESIAN_POINT('',(-4.64332437716041,0.,0.764711080448971));
#8527=CARTESIAN_POINT('',(-4.61334805324734,-0.0540275398058129,1.14559638932629));
#8528=CARTESIAN_POINT('',(-4.62012503386672,1.05929423487653,1.05948668608341));
#8529=CARTESIAN_POINT('Origin',(0.,0.,0.9375));
#8530=CARTESIAN_POINT('',(-4.45640237708545,-0.0773234832735766,0.9375));
#8531=CARTESIAN_POINT('',(-2.74286642343335,-0.0773234832735766,0.9375));
#8532=CARTESIAN_POINT('',(0.,-0.0773234832735766,0.9375));
#8533=CARTESIAN_POINT('',(-4.45640237708545,1.07732348327358,0.9375));
#8534=CARTESIAN_POINT('',(-4.45640237708545,0.,0.9375));
#8535=CARTESIAN_POINT('',(-2.74286642343335,1.07732348327358,0.9375));
#8536=CARTESIAN_POINT('',(0.,1.07732348327358,0.9375));
#8537=CARTESIAN_POINT('',(-2.74286642343335,0.,0.9375));
#8538=CARTESIAN_POINT('Origin',(6.42886838222842E-16,1.25019266664168,0.99509630651701));
#8539=CARTESIAN_POINT('',(4.45640237708545,1.26832437716041,0.764711080448971));
#8540=CARTESIAN_POINT('',(4.41111658407757,1.22303858415253,1.34012163804714));
#8541=CARTESIAN_POINT('',(2.75775350101278,1.26832437716041,0.764711080448971));
#8542=CARTESIAN_POINT('',(6.42886838222842E-16,1.26832437716041,0.764711080448971));
#8543=CARTESIAN_POINT('',(2.67194051041193,1.11364084588249,2.73015169818062));
#8544=CARTESIAN_POINT('Origin',(4.62519266664168,-3.11023342933557E-15,
0.99509630651701));
#8545=CARTESIAN_POINT('',(4.64332437716041,1.08140237708544,0.764711080448971));
#8546=CARTESIAN_POINT('',(4.64332437716041,-0.0814023770854514,0.764711080448971));
#8547=CARTESIAN_POINT('',(4.64332437716041,-3.11023342933557E-15,0.764711080448971));
#8548=CARTESIAN_POINT('',(4.59803858415253,1.03611658407756,1.34012163804714));
#8549=CARTESIAN_POINT('',(4.62480556611804,-0.0628835660430783,1.0000148850239));
#8550=CARTESIAN_POINT('Origin',(0.,0.,0.9375));
#8551=CARTESIAN_POINT('',(4.45640237708545,1.08140237708545,0.9375));
#8552=CARTESIAN_POINT('',(2.74286642343334,1.08140237708545,0.9375));
#8553=CARTESIAN_POINT('',(0.,1.08140237708545,0.9375));
#8554=CARTESIAN_POINT('',(4.45640237708545,-0.0814023770854513,0.9375));
#8555=CARTESIAN_POINT('',(4.45640237708545,0.,0.9375));
#8556=CARTESIAN_POINT('',(2.74286642343334,-0.0814023770854503,0.9375));
#8557=CARTESIAN_POINT('',(0.,-0.0814023770854503,0.9375));
#8558=CARTESIAN_POINT('',(2.74286642343334,0.,0.9375));
#8559=CARTESIAN_POINT('Origin',(-0.813892840428697,0.373607159571303,2.8195890694649));
#8560=CARTESIAN_POINT('Ctrl Pts',(-0.956618201260849,0.230881798739151,
2.66184909517386));
#8561=CARTESIAN_POINT('Ctrl Pts',(-0.949994250940503,0.224257848418804,
2.66184909517386));
#8562=CARTESIAN_POINT('Ctrl Pts',(-0.942769270811131,0.218030146339889,
2.66180681521703));
#8563=CARTESIAN_POINT('Ctrl Pts',(-0.935034899394919,0.212346290622005,
2.66171738249742));
#8564=CARTESIAN_POINT('Ctrl Pts',(-0.927116944897555,0.206527522874511,
2.66162582700231));
#8565=CARTESIAN_POINT('Ctrl Pts',(-0.918665658561275,0.201279794611054,
2.66148482065477));
#8566=CARTESIAN_POINT('Ctrl Pts',(-0.909822553544259,0.196724786756079,
2.66129402054164));
#8567=CARTESIAN_POINT('Ctrl Pts',(-0.901226747210393,0.192297160340328,
2.66110855618066));
#8568=CARTESIAN_POINT('Ctrl Pts',(-0.892261794339503,0.188524446175799,
2.66087608506427));
#8569=CARTESIAN_POINT('Ctrl Pts',(-0.883085451583028,0.185473768785704,
2.66060072150326));
#8570=CARTESIAN_POINT('Ctrl Pts',(-0.8735131080225,0.182291440831606,2.66031347475583));
#8571=CARTESIAN_POINT('Ctrl Pts',(-0.863711839774646,0.179895493779676,
2.65997957952434));
#8572=CARTESIAN_POINT('Ctrl Pts',(-0.853875181268626,0.178303726212439,
2.65960816218556));
#8573=CARTESIAN_POINT('Ctrl Pts',(-0.844038522762606,0.176711958645202,
2.65923674484678));
#8574=CARTESIAN_POINT('Ctrl Pts',(-0.834167747968901,0.175924206000757,
2.65882789338512));
#8575=CARTESIAN_POINT('Ctrl Pts',(-0.824452046697768,0.175897678598132,
2.65839417418604));
#8576=CARTESIAN_POINT('Ctrl Pts',(-1.01463204436936,0.360018230334738,2.60885864153489));
#8577=CARTESIAN_POINT('Ctrl Pts',(-1.01466874478716,0.349826658517894,2.60825859500805));
#8578=CARTESIAN_POINT('Ctrl Pts',(-1.01386536974867,0.339472552521859,2.60769829676711));
#8579=CARTESIAN_POINT('Ctrl Pts',(-1.01218820840188,0.329169102867799,2.60719223140037));
#8580=CARTESIAN_POINT('Ctrl Pts',(-1.01047926121302,0.318670380514419,2.60667657499824));
#8581=CARTESIAN_POINT('Ctrl Pts',(-1.00786303365896,0.308225578661732,2.60621730790877));
#8582=CARTESIAN_POINT('Ctrl Pts',(-1.00435652156006,0.298068218570547,2.6058271327015));
#8583=CARTESIAN_POINT('Ctrl Pts',(-1.0032022226192,0.294724545523242,2.60569869201292));
#8584=CARTESIAN_POINT('Ctrl Pts',(-1.00195186843106,0.291411995503293,2.60557771229921));
#8585=CARTESIAN_POINT('Ctrl Pts',(-1.00060728082776,0.288138687418705,2.60546456298135));
#8586=CARTESIAN_POINT('Ctrl Pts',(-0.99652778907791,0.278207439136362,2.60512126686027));
#8587=CARTESIAN_POINT('Ctrl Pts',(-0.991579628844671,0.26864447903585,2.60485053739905));
#8588=CARTESIAN_POINT('Ctrl Pts',(-0.985900547063398,0.259636989601004,
2.6046552747579));
#8589=CARTESIAN_POINT('Ctrl Pts',(-0.980321048169451,0.250787446792045,
2.60446343605363));
#8590=CARTESIAN_POINT('Ctrl Pts',(-0.974036969839338,0.242475004084806,
2.6043444410787));
#8591=CARTESIAN_POINT('Ctrl Pts',(-0.967212889431128,0.234841277630436,
2.60429694280273));
#8592=CARTESIAN_POINT('Ctrl Pts',(-0.964913921690536,0.232269547842789,
2.60428094108563));
#8593=CARTESIAN_POINT('Ctrl Pts',(-0.962553893374533,0.229774483515534,
2.60427301913287));
#8594=CARTESIAN_POINT('Ctrl Pts',(-0.9601397049295,0.2273602950705,2.60427301913287));
#8595=CARTESIAN_POINT('Origin',(-0.874358786618861,0.,2.65));
#8596=CARTESIAN_POINT('Origin',(-0.874358786618861,1.84278817992829,2.65));
#8597=CARTESIAN_POINT('Origin',(-0.806466668848441,1.86896666884844,2.9410059015428));
#8598=CARTESIAN_POINT('Ctrl Pts',(-0.830194919849385,2.07984519455348,2.56449902813953));
#8599=CARTESIAN_POINT('Ctrl Pts',(-0.853639175031679,2.07922670984327,2.57461116376572));
#8600=CARTESIAN_POINT('Ctrl Pts',(-0.877127862428871,2.07396280202313,2.58445761562887));
#8601=CARTESIAN_POINT('Ctrl Pts',(-0.91001615290669,2.05940191712573,2.59819655145237));
#8602=CARTESIAN_POINT('Ctrl Pts',(-0.920417112241842,2.05353265117185,2.60253382827271));
#8603=CARTESIAN_POINT('Ctrl Pts',(-0.940066560899383,2.03982980341268,2.6107791835208));
#8604=CARTESIAN_POINT('Ctrl Pts',(-0.949368531431931,2.03194328149064,2.61470948434249));
#8605=CARTESIAN_POINT('Ctrl Pts',(-0.966476656194598,2.01428885337107,2.62207303880968));
#8606=CARTESIAN_POINT('Ctrl Pts',(-0.974165206568872,2.00464467135659,2.62545608846596));
#8607=CARTESIAN_POINT('Ctrl Pts',(-0.987574377281081,1.9840687234197,2.63159513665695));
#8608=CARTESIAN_POINT('Ctrl Pts',(-0.993351330816516,1.97306390137069,2.63437547141975));
#8609=CARTESIAN_POINT('Ctrl Pts',(-1.00280895882318,1.94971582631296,2.63935198289918));
#8610=CARTESIAN_POINT('Ctrl Pts',(-1.00639682118982,1.93756145201549,2.64150319615733));
#8611=CARTESIAN_POINT('Ctrl Pts',(-1.0111353163634,1.91293959460163,2.64512022849024));
#8612=CARTESIAN_POINT('Ctrl Pts',(-1.01232346464212,1.90039252824033,2.64660358643037));
#8613=CARTESIAN_POINT('Ctrl Pts',(-1.01225081894975,1.88760054424565,2.64779133300157));
#8614=CARTESIAN_POINT('Ctrl Pts',(-0.82444892052937,0.31314121347988,2.7875));
#8615=CARTESIAN_POINT('Ctrl Pts',(-0.824440846475606,0.183782555848802,
2.7875));
#8616=CARTESIAN_POINT('Ctrl Pts',(-0.82444035548117,0.175896929858567,2.65838191738268));
#8617=CARTESIAN_POINT('Ctrl Pts',(-0.830992767890206,0.313140800099451,
2.7875));
#8618=CARTESIAN_POINT('Ctrl Pts',(-0.847798213558792,0.184809079078311,
2.7875));
#8619=CARTESIAN_POINT('Ctrl Pts',(-0.848912983476113,0.175962112439429,
2.65947452177764));
#8620=CARTESIAN_POINT('Ctrl Pts',(-0.837526924208553,0.314438358631768,
2.7875));
#8621=CARTESIAN_POINT('Ctrl Pts',(-0.870872737871322,0.190238581993775,
2.7875));
#8622=CARTESIAN_POINT('Ctrl Pts',(-0.873362803064824,0.180881378919541,
2.66034881094927));
#8623=CARTESIAN_POINT('Ctrl Pts',(-0.849602210348968,0.319434657079278,
2.7875));
#8624=CARTESIAN_POINT('Ctrl Pts',(-0.913254724595046,0.208963219221695,
2.7875));
#8625=CARTESIAN_POINT('Ctrl Pts',(-0.918573103484925,0.199689785875139,
2.66153069697279));
#8626=CARTESIAN_POINT('Ctrl Pts',(-0.855136620340509,0.323130625877285,
2.7875));
#8627=CARTESIAN_POINT('Ctrl Pts',(-0.932638516677997,0.222255351282777,
2.7875));
#8628=CARTESIAN_POINT('Ctrl Pts',(-0.939308493502628,0.213568494260231,
2.66183763760763));
#8629=CARTESIAN_POINT('Ctrl Pts',(-0.859754910802581,0.327749502035954,
2.7875));
#8630=CARTESIAN_POINT('Ctrl Pts',(-0.948948405541496,0.238567178786362,
2.7875));
#8631=CARTESIAN_POINT('Ctrl Pts',(-0.956627181520573,0.230889366712613,
2.66183753987038));
#8632=CARTESIAN_POINT('Origin',(-0.824452046697768,0.313141213381139,2.65));
#8633=CARTESIAN_POINT('Ctrl Pts',(-0.874358786618861,1.84278817992829,2.7875));
#8634=CARTESIAN_POINT('Ctrl Pts',(-1.00370587081839,1.84278817992829,2.7875));
#8635=CARTESIAN_POINT('Ctrl Pts',(-1.01160232140187,1.84278817992829,2.65839417418604));
#8636=CARTESIAN_POINT('Ctrl Pts',(-0.874358786618888,1.87961362763675,2.7875));
#8637=CARTESIAN_POINT('Ctrl Pts',(-1.00370587081837,1.87837707785709,2.78749999999935));
#8638=CARTESIAN_POINT('Ctrl Pts',(-1.01160232140189,1.85829365870348,2.65839417418561));
#8639=CARTESIAN_POINT('Ctrl Pts',(-0.874582304216155,1.91629663513168,2.77882060902216));
#8640=CARTESIAN_POINT('Ctrl Pts',(-1.00420192712934,1.9139301647773,2.77938955100878));
#8641=CARTESIAN_POINT('Ctrl Pts',(-1.01182583789254,1.87373907234099,2.65473971186699));
#8642=CARTESIAN_POINT('Ctrl Pts',(-0.875007284166743,1.94921754518202,2.76231825218687));
#8643=CARTESIAN_POINT('Ctrl Pts',(-1.00514828780369,1.94602878536926,2.76391669075409));
#8644=CARTESIAN_POINT('Ctrl Pts',(-1.01225081894975,1.88760054424565,2.64779133300157));
#8645=CARTESIAN_POINT('',(-0.875007284166743,1.94921754518202,2.76231825218687));
#8646=CARTESIAN_POINT('Origin',(-0.875007284166743,1.88760054424565,2.63939715881553));
#8647=CARTESIAN_POINT('Origin',(-0.879274367160668,1.85381955581783,2.59662355030955));
#8648=CARTESIAN_POINT('Ctrl Pts',(-0.874900911913072,1.94448215104318,2.76462729965583));
#8649=CARTESIAN_POINT('Ctrl Pts',(-1.00725121307261,1.93728346907209,2.76805180615983));
#8650=CARTESIAN_POINT('Ctrl Pts',(-1.01207490689533,1.88030740778685,2.64843452079006));
#8651=CARTESIAN_POINT('Ctrl Pts',(-0.87523546127951,1.95661547489774,2.75887441344465));
#8652=CARTESIAN_POINT('Ctrl Pts',(-1.00241044192423,1.95963074534576,2.75793259376762));
#8653=CARTESIAN_POINT('Ctrl Pts',(-1.0128687328262,1.89900326927423,2.64687171956245));
#8654=CARTESIAN_POINT('Ctrl Pts',(-0.87486860048165,1.96791865213673,2.75227516290427));
#8655=CARTESIAN_POINT('Ctrl Pts',(-0.994516629086119,1.97780291856657,2.74659226621206));
#8656=CARTESIAN_POINT('Ctrl Pts',(-1.01098287464024,1.91634480883111,2.64476923951303));
#8657=CARTESIAN_POINT('Ctrl Pts',(-0.873643501683739,1.98311281936248,2.74169424462604));
#8658=CARTESIAN_POINT('Ctrl Pts',(-0.9815812721989,1.99920506848372,2.72999856731764));
#8659=CARTESIAN_POINT('Ctrl Pts',(-1.00558972942892,1.93953986612084,2.64108636690475));
#8660=CARTESIAN_POINT('Ctrl Pts',(-0.873178791486919,1.98757914996152,2.738342410878));
#8661=CARTESIAN_POINT('Ctrl Pts',(-0.977541504479447,2.00496981380275,2.72503921174187));
#8662=CARTESIAN_POINT('Ctrl Pts',(-1.00359620644282,1.94634208975168,2.63988252998183));
#8663=CARTESIAN_POINT('Ctrl Pts',(-0.872081672689314,1.9962512778857,2.73134598544066));
#8664=CARTESIAN_POINT('Ctrl Pts',(-0.969270712188058,2.01543446040031,2.71517504235334));
#8665=CARTESIAN_POINT('Ctrl Pts',(-0.998962467137957,1.95951732303211,2.63730276260147));
#8666=CARTESIAN_POINT('Ctrl Pts',(-0.871445345924432,2.00047562644074,2.72768245387042));
#8667=CARTESIAN_POINT('Ctrl Pts',(-0.965023202817378,2.02017406391202,2.71024655523919));
#8668=CARTESIAN_POINT('Ctrl Pts',(-0.996306185349396,1.96591825418733,2.63591934449978));
#8669=CARTESIAN_POINT('Ctrl Pts',(-0.869348127968683,2.01253730446796,2.71646929629619));
#8670=CARTESIAN_POINT('Ctrl Pts',(-0.952539270257778,2.03273297321132,2.69601727286276));
#8671=CARTESIAN_POINT('Ctrl Pts',(-0.987620333958571,1.98414449418224,2.63159908219022));
#8672=CARTESIAN_POINT('Ctrl Pts',(-0.86769764552908,2.01983048674616,2.7086589056553));
#8673=CARTESIAN_POINT('Ctrl Pts',(-0.944239693084834,2.03939112113677,2.68686906443709));
#8674=CARTESIAN_POINT('Ctrl Pts',(-0.980865709882272,1.99509647644906,2.62848030733816));
#8675=CARTESIAN_POINT('Ctrl Pts',(-0.864020290697009,2.03314842458692,2.69240647732645));
#8676=CARTESIAN_POINT('Ctrl Pts',(-0.928161905554304,2.05039284662716,2.66936634324659));
#8677=CARTESIAN_POINT('Ctrl Pts',(-0.965909901295494,2.01496238711186,2.62181941748087));
#8678=CARTESIAN_POINT('Ctrl Pts',(-0.861981977821938,2.03919493357346,2.68392420882134));
#8679=CARTESIAN_POINT('Ctrl Pts',(-0.920285388671824,2.0548499014548,2.66090310670515));
#8680=CARTESIAN_POINT('Ctrl Pts',(-0.957663004582775,2.02390786862272,2.61825963561891));
#8681=CARTESIAN_POINT('Ctrl Pts',(-0.855469214990593,2.05540654197793,2.65779569730941));
#8682=CARTESIAN_POINT('Ctrl Pts',(-0.897818405149553,2.06578081120099,2.6368533233321));
#8683=CARTESIAN_POINT('Ctrl Pts',(-0.931395027452768,2.04766453607501,2.60708555108848));
#8684=CARTESIAN_POINT('Ctrl Pts',(-0.850708646833091,2.06348482281509,2.63986514984147));
#8685=CARTESIAN_POINT('Ctrl Pts',(-0.883690662455781,2.07045778921843,2.62183096133402));
#8686=CARTESIAN_POINT('Ctrl Pts',(-0.912293018146757,2.05917268123891,2.59915469185063));
#8687=CARTESIAN_POINT('Ctrl Pts',(-0.840706343172741,2.07514470128759,2.60285075786294));
#8688=CARTESIAN_POINT('Ctrl Pts',(-0.856649947221165,2.07701169328282,2.59293906136427));
#8689=CARTESIAN_POINT('Ctrl Pts',(-0.872227966018955,2.07503236213512,2.5824011870789));
#8690=CARTESIAN_POINT('Ctrl Pts',(-0.835428376454685,2.07867284614022,2.583666755264));
#8691=CARTESIAN_POINT('Ctrl Pts',(-0.843276110636112,2.07898293070238,2.57859691748736));
#8692=CARTESIAN_POINT('Ctrl Pts',(-0.851121665078485,2.07929312407876,2.57352530061397));
#8693=CARTESIAN_POINT('Ctrl Pts',(-0.830194919849385,2.07984519455348,2.56449902813953));
#8694=CARTESIAN_POINT('Ctrl Pts',(-0.830194919849385,2.07984519455348,2.56449902813953));
#8695=CARTESIAN_POINT('Ctrl Pts',(-0.830194919849385,2.07984519455348,2.56449902813953));
#8696=CARTESIAN_POINT('Ctrl Pts',(-0.830194919849385,2.07984519455348,2.56449902813953));
#8697=CARTESIAN_POINT('Ctrl Pts',(-0.835764493537466,2.07859779521353,2.58489382706878));
#8698=CARTESIAN_POINT('Ctrl Pts',(-0.841329256309269,2.07471495007783,2.60510653426743));
#8699=CARTESIAN_POINT('Ctrl Pts',(-0.851829164811428,2.06183690734076,2.64404473323873));
#8700=CARTESIAN_POINT('Ctrl Pts',(-0.856709012883499,2.0529519881787,2.66254829819631));
#8701=CARTESIAN_POINT('Ctrl Pts',(-0.86524677742691,2.03027619765792,2.69725552258918));
#8702=CARTESIAN_POINT('Ctrl Pts',(-0.868790015770486,2.01683845047085,2.71295403252555));
#8703=CARTESIAN_POINT('Ctrl Pts',(-0.873827521193732,1.98553442790963,2.74097387800305));
#8704=CARTESIAN_POINT('Ctrl Pts',(-0.875252011325652,1.96817524135965,2.75281527469871));
#8705=CARTESIAN_POINT('Ctrl Pts',(-0.875007284166743,1.94921754518202,2.76231825218687));
#8706=CARTESIAN_POINT('Origin',(1.42868185450584,1.86618185450584,2.98653721357201));
#8707=CARTESIAN_POINT('Ctrl Pts',(1.63725081894975,1.88760054424565,2.64779133300157));
#8708=CARTESIAN_POINT('Ctrl Pts',(1.6373234657942,1.90039273110804,2.64660356759393));
#8709=CARTESIAN_POINT('Ctrl Pts',(1.63613527906062,1.9129399926413,2.64512018151785));
#8710=CARTESIAN_POINT('Ctrl Pts',(1.63139663304783,1.93756222540743,2.64150307104199));
#8711=CARTESIAN_POINT('Ctrl Pts',(1.62780865522811,1.94971678334818,2.63935180657264));
#8712=CARTESIAN_POINT('Ctrl Pts',(1.6183507344753,1.97306516599117,2.63437517421018));
#8713=CARTESIAN_POINT('Ctrl Pts',(1.61257361699088,1.98407009461622,2.63159477555757));
#8714=CARTESIAN_POINT('Ctrl Pts',(1.59916405294532,2.00464623697093,2.62545557333041));
#8715=CARTESIAN_POINT('Ctrl Pts',(1.59147526460894,2.01429050597688,2.62207243050138));
#8716=CARTESIAN_POINT('Ctrl Pts',(1.57436666719136,2.03194498863615,2.61470869130355));
#8717=CARTESIAN_POINT('Ctrl Pts',(1.56506447083335,2.039831482133,2.61077830214634));
#8718=CARTESIAN_POINT('Ctrl Pts',(1.54541452798559,2.05353423211004,2.60253274819633));
#8719=CARTESIAN_POINT('Ctrl Pts',(1.53501326018284,2.05940344031653,2.59819534449867));
#8720=CARTESIAN_POINT('Ctrl Pts',(1.51308725973401,2.06911042151974,2.58903585322452));
#8721=CARTESIAN_POINT('Ctrl Pts',(1.50175521865893,2.07285442396036,2.58429406573288));
#8722=CARTESIAN_POINT('Ctrl Pts',(1.48442567934261,2.07676858479881,2.57698217727039));
#8723=CARTESIAN_POINT('Ctrl Pts',(1.478618406968,2.07778447267032,2.57452205100938));
#8724=CARTESIAN_POINT('Ctrl Pts',(1.46694596023078,2.07924525696683,2.56954983772237));
#8725=CARTESIAN_POINT('Ctrl Pts',(1.46100604299405,2.07969189086416,2.56700552130399));
#8726=CARTESIAN_POINT('Ctrl Pts',(1.45519491984939,2.07984519455348,2.56449902813953));
#8727=CARTESIAN_POINT('Origin',(1.4388928404287,0.373607159571303,2.8195890694649));
#8728=CARTESIAN_POINT('Ctrl Pts',(1.58161820126085,0.230881798739151,2.66184909517386));
#8729=CARTESIAN_POINT('Ctrl Pts',(1.58824215158119,0.237505749059497,2.66184909517386));
#8730=CARTESIAN_POINT('Ctrl Pts',(1.59446985366011,0.244730729188868,2.66180681521703));
#8731=CARTESIAN_POINT('Ctrl Pts',(1.60015370937799,0.252465100605079,2.66171738249742));
#8732=CARTESIAN_POINT('Ctrl Pts',(1.60597247712549,0.260383055102443,2.66162582700231));
#8733=CARTESIAN_POINT('Ctrl Pts',(1.61122020538894,0.268834341438724,2.66148482065477));
#8734=CARTESIAN_POINT('Ctrl Pts',(1.61577521324392,0.277677446455739,2.66129402054164));
#8735=CARTESIAN_POINT('Ctrl Pts',(1.62020283965967,0.286273252789607,2.66110855618066));
#8736=CARTESIAN_POINT('Ctrl Pts',(1.6239755538242,0.295238205660496,2.66087608506427));
#8737=CARTESIAN_POINT('Ctrl Pts',(1.62702623121429,0.304414548416972,2.66060072150326));
#8738=CARTESIAN_POINT('Ctrl Pts',(1.63020855916839,0.313986891977499,2.66031347475583));
#8739=CARTESIAN_POINT('Ctrl Pts',(1.63260450622032,0.323788160225354,2.65997957952434));
#8740=CARTESIAN_POINT('Ctrl Pts',(1.63419627378756,0.333624818731374,2.65960816218556));
#8741=CARTESIAN_POINT('Ctrl Pts',(1.6357880413548,0.343461477237394,2.65923674484678));
#8742=CARTESIAN_POINT('Ctrl Pts',(1.63657579399924,0.353332252031099,2.65882789338512));
#8743=CARTESIAN_POINT('Ctrl Pts',(1.63660232140187,0.363047953302232,2.65839417418604));
#8744=CARTESIAN_POINT('Ctrl Pts',(1.45248176966526,0.172867955630637,2.60885864153489));
#8745=CARTESIAN_POINT('Ctrl Pts',(1.4626733414822,0.172831255212843,2.60825859500804));
#8746=CARTESIAN_POINT('Ctrl Pts',(1.47302744747835,0.173634630251355,2.60769829676709));
#8747=CARTESIAN_POINT('Ctrl Pts',(1.48333089713252,0.175311791598185,2.60719223140035));
#8748=CARTESIAN_POINT('Ctrl Pts',(1.49382961948615,0.177020738787098,2.60667657499821));
#8749=CARTESIAN_POINT('Ctrl Pts',(1.50427442133908,0.179636966341266,2.60621730790873));
#8750=CARTESIAN_POINT('Ctrl Pts',(1.51443178143046,0.183143478440293,2.60582713270145));
#8751=CARTESIAN_POINT('Ctrl Pts',(1.51777545447743,0.184297777381052,2.60569869201289));
#8752=CARTESIAN_POINT('Ctrl Pts',(1.52108800449704,0.185548131569071,2.60557771229919));
#8753=CARTESIAN_POINT('Ctrl Pts',(1.52436131258129,0.186892719172241,2.60546456298135));
#8754=CARTESIAN_POINT('Ctrl Pts',(1.53429256086382,0.190972210922166,2.60512126686026));
#8755=CARTESIAN_POINT('Ctrl Pts',(1.54385552096454,0.195920371155538,2.60485053739904));
#8756=CARTESIAN_POINT('Ctrl Pts',(1.55286301039957,0.201599452936979,2.60465527475789));
#8757=CARTESIAN_POINT('Ctrl Pts',(1.5617125532086,0.207178951831015,2.60446343605362));
#8758=CARTESIAN_POINT('Ctrl Pts',(1.5700249959159,0.213463030161232,2.60434444107869));
#8759=CARTESIAN_POINT('Ctrl Pts',(1.57765872237031,0.220287110569547,2.60429694280273));
#8760=CARTESIAN_POINT('Ctrl Pts',(1.5802304521577,0.222586078309926,2.60428094108563));
#8761=CARTESIAN_POINT('Ctrl Pts',(1.5827255164847,0.224946106625704,2.60427301913287));
#8762=CARTESIAN_POINT('Ctrl Pts',(1.5851397049295,0.2273602950705,2.60427301913287));
#8763=CARTESIAN_POINT('Origin',(0.,0.313141213381139,2.65));
#8764=CARTESIAN_POINT('Origin',(0.,1.84278817992829,2.55));
#8765=CARTESIAN_POINT('',(1.50000728416674,1.94921754518202,2.76231825218687));
#8766=CARTESIAN_POINT('Ctrl Pts',(1.45519491984939,2.07984519455348,2.56449902813953));
#8767=CARTESIAN_POINT('Ctrl Pts',(1.46076449353781,2.07859779521353,2.58489382706868));
#8768=CARTESIAN_POINT('Ctrl Pts',(1.46632925630927,2.07471495007783,2.60510653426743));
#8769=CARTESIAN_POINT('Ctrl Pts',(1.47682916481143,2.06183690734076,2.64404473323873));
#8770=CARTESIAN_POINT('Ctrl Pts',(1.4817090128835,2.0529519881787,2.66254829819631));
#8771=CARTESIAN_POINT('Ctrl Pts',(1.49024677742691,2.03027619765792,2.69725552258918));
#8772=CARTESIAN_POINT('Ctrl Pts',(1.49379001577049,2.01683845047085,2.71295403252555));
#8773=CARTESIAN_POINT('Ctrl Pts',(1.49882752119373,1.98553442790963,2.74097387800305));
#8774=CARTESIAN_POINT('Ctrl Pts',(1.50025201132565,1.96817524135965,2.75281527469871));
#8775=CARTESIAN_POINT('Ctrl Pts',(1.50000728416674,1.94921754518202,2.76231825218687));
#8776=CARTESIAN_POINT('Ctrl Pts',(1.50000728416674,1.94921754518202,2.76231825218687));
#8777=CARTESIAN_POINT('Ctrl Pts',(1.49987615382101,1.93905958288185,2.76741016241476));
#8778=CARTESIAN_POINT('Ctrl Pts',(1.49976376641152,1.92844782751351,2.7718125634943));
#8779=CARTESIAN_POINT('Ctrl Pts',(1.49967117709663,1.91753684839915,2.77543044728216));
#8780=CARTESIAN_POINT('Ctrl Pts',(1.49957873898956,1.90664368802912,2.77904242269593));
#8781=CARTESIAN_POINT('Ctrl Pts',(1.49950603436527,1.89545319763889,2.78187203684234));
#8782=CARTESIAN_POINT('Ctrl Pts',(1.49945411322104,1.88413974891663,2.78387239628097));
#8783=CARTESIAN_POINT('Ctrl Pts',(1.49940211678448,1.87280989424075,2.78587565649768));
#8784=CARTESIAN_POINT('Ctrl Pts',(1.49937096414912,1.86135772469855,2.78704713828299));
#8785=CARTESIAN_POINT('Ctrl Pts',(1.49936170988673,1.84996451889049,2.78739155452353));
#8786=CARTESIAN_POINT('Ctrl Pts',(1.49935976430793,1.84756925725961,2.78746396320463));
#8787=CARTESIAN_POINT('Ctrl Pts',(1.49935878661886,1.84517659275502,2.7875));
#8788=CARTESIAN_POINT('Ctrl Pts',(1.49935878661886,1.84278817992829,2.7875));
#8789=CARTESIAN_POINT('Ctrl Pts',(1.63707490689511,1.88030740778175,2.64843452079055));
#8790=CARTESIAN_POINT('Ctrl Pts',(1.63225121307387,1.93728346906587,2.76805180616276));
#8791=CARTESIAN_POINT('Ctrl Pts',(1.49990091191296,1.94448215103987,2.7646272996574));
#8792=CARTESIAN_POINT('Ctrl Pts',(1.63786873282655,1.89900326927106,2.64687171956268));
#8793=CARTESIAN_POINT('Ctrl Pts',(1.62741044192589,1.95963074534236,2.75793259376952));
#8794=CARTESIAN_POINT('Ctrl Pts',(1.50023546127961,1.95661547489569,2.75887441344586));
#8795=CARTESIAN_POINT('Ctrl Pts',(1.63598287464058,1.91634480882964,2.64476923951326));
#8796=CARTESIAN_POINT('Ctrl Pts',(1.61951662908697,1.97780291856513,2.74659226621316));
#8797=CARTESIAN_POINT('Ctrl Pts',(1.49986860048173,1.96791865213577,2.75227516290494));
#8798=CARTESIAN_POINT('Ctrl Pts',(1.63058972942891,1.93953986612084,2.64108636690475));
#8799=CARTESIAN_POINT('Ctrl Pts',(1.6065812721989,1.99920506848374,2.72999856731765));
#8800=CARTESIAN_POINT('Ctrl Pts',(1.49864350168373,1.98311281936248,2.74169424462604));
#8801=CARTESIAN_POINT('Ctrl Pts',(1.62859620644282,1.94634208975168,2.63988252998182));
#8802=CARTESIAN_POINT('Ctrl Pts',(1.60254150447945,2.00496981380276,2.72503921174189));
#8803=CARTESIAN_POINT('Ctrl Pts',(1.49817879148691,1.98757914996152,2.73834241087801));
#8804=CARTESIAN_POINT('Ctrl Pts',(1.62396246713796,1.95951732303211,2.63730276260149));
#8805=CARTESIAN_POINT('Ctrl Pts',(1.59427071218806,2.0154344604003,2.71517504235332));
#8806=CARTESIAN_POINT('Ctrl Pts',(1.49708167268931,1.9962512778857,2.73134598544066));
#8807=CARTESIAN_POINT('Ctrl Pts',(1.62130618534937,1.96591825418739,2.63591934449978));
#8808=CARTESIAN_POINT('Ctrl Pts',(1.59002320281734,2.02017406391206,2.71024655523919));
#8809=CARTESIAN_POINT('Ctrl Pts',(1.49644534592442,2.00047562644076,2.72768245387041));
#8810=CARTESIAN_POINT('Ctrl Pts',(1.61262033395863,1.98414449418213,2.63159908219022));
#8811=CARTESIAN_POINT('Ctrl Pts',(1.57753927025785,2.03273297321126,2.69601727286276));
#8812=CARTESIAN_POINT('Ctrl Pts',(1.49434812796869,2.01253730446793,2.71646929629621));
#8813=CARTESIAN_POINT('Ctrl Pts',(1.60586570988227,1.99509647644906,2.62848030733817));
#8814=CARTESIAN_POINT('Ctrl Pts',(1.56923969308486,2.03939112113676,2.6868690644371));
#8815=CARTESIAN_POINT('Ctrl Pts',(1.49269764552907,2.01983048674615,2.7086589056553));
#8816=CARTESIAN_POINT('Ctrl Pts',(1.59090990129549,2.01496238711185,2.62181941748087));
#8817=CARTESIAN_POINT('Ctrl Pts',(1.55316190555428,2.05039284662717,2.6693663432466));
#8818=CARTESIAN_POINT('Ctrl Pts',(1.489020290697,2.03314842458692,2.69240647732646));
#8819=CARTESIAN_POINT('Ctrl Pts',(1.58266300458284,2.02390786862267,2.61825963561895));
#8820=CARTESIAN_POINT('Ctrl Pts',(1.54528538867189,2.05484990145476,2.66090310670526));
#8821=CARTESIAN_POINT('Ctrl Pts',(1.48698197782195,2.0391949335734,2.68392420882144));
#8822=CARTESIAN_POINT('Ctrl Pts',(1.55639502745264,2.04766453607513,2.60708555108841));
#8823=CARTESIAN_POINT('Ctrl Pts',(1.52281840514942,2.06578081120105,2.63685332333191));
#8824=CARTESIAN_POINT('Ctrl Pts',(1.48046921499056,2.05540654197805,2.65779569730922));
#8825=CARTESIAN_POINT('Ctrl Pts',(1.53729301814669,2.05917268123894,2.59915469185063));
#8826=CARTESIAN_POINT('Ctrl Pts',(1.50869066245575,2.0704577892184,2.62183096133395));
#8827=CARTESIAN_POINT('Ctrl Pts',(1.47570864683307,2.06348482281509,2.63986514984148));
#8828=CARTESIAN_POINT('Ctrl Pts',(1.49722796601902,2.0750323621351,2.5824011870789));
#8829=CARTESIAN_POINT('Ctrl Pts',(1.4816499472212,2.07701169328285,2.59293906136433));
#8830=CARTESIAN_POINT('Ctrl Pts',(1.46570634317276,2.07514470128759,2.60285075786294));
#8831=CARTESIAN_POINT('Ctrl Pts',(1.47612166507861,2.07929312407878,2.57352530061356));
#8832=CARTESIAN_POINT('Ctrl Pts',(1.46827611066373,2.07898293070395,2.57859691746165));
#8833=CARTESIAN_POINT('Ctrl Pts',(1.46042837645507,2.07867284614023,2.58366675526389));
#8834=CARTESIAN_POINT('Ctrl Pts',(1.45519491984938,2.07984519455348,2.56449902813953));
#8835=CARTESIAN_POINT('Ctrl Pts',(1.45519491984938,2.07984519455348,2.56449902813953));
#8836=CARTESIAN_POINT('Ctrl Pts',(1.45519491984938,2.07984519455348,2.56449902813953));
#8837=CARTESIAN_POINT('Origin',(1.50000728416674,1.88760054424565,2.63939715881553));
#8838=CARTESIAN_POINT('Ctrl Pts',(1.49935878652012,0.36305107947063,2.7875));
#8839=CARTESIAN_POINT('Ctrl Pts',(1.6287174441512,0.363059153524395,2.7875));
#8840=CARTESIAN_POINT('Ctrl Pts',(1.63660307014143,0.363059644518831,2.65838191738268));
#8841=CARTESIAN_POINT('Ctrl Pts',(1.4993591999006,0.356507232109794,2.7875));
#8842=CARTESIAN_POINT('Ctrl Pts',(1.62769092092181,0.339701786441211,2.7875));
#8843=CARTESIAN_POINT('Ctrl Pts',(1.63653788756057,0.338587016523904,2.65947452177763));
#8844=CARTESIAN_POINT('Ctrl Pts',(1.49806164136821,0.349973075791447,2.7875));
#8845=CARTESIAN_POINT('Ctrl Pts',(1.62226141800617,0.31662726212867,2.78749999999995));
#8846=CARTESIAN_POINT('Ctrl Pts',(1.63161862108045,0.314137196935156,2.66034881094927));
#8847=CARTESIAN_POINT('Ctrl Pts',(1.49306534292074,0.337897789651032,2.7875));
#8848=CARTESIAN_POINT('Ctrl Pts',(1.60353678077836,0.274245275404962,2.78750000000004));
#8849=CARTESIAN_POINT('Ctrl Pts',(1.61281021412487,0.268926896515096,2.66153069697279));
#8850=CARTESIAN_POINT('Ctrl Pts',(1.4893693741227,0.332363379659487,2.7875));
#8851=CARTESIAN_POINT('Ctrl Pts',(1.59024464871714,0.254861483322037,2.7875));
#8852=CARTESIAN_POINT('Ctrl Pts',(1.59893150573976,0.24819150649736,2.66183763760764));
#8853=CARTESIAN_POINT('Ctrl Pts',(1.48475049796404,0.327745089197419,2.7875));
#8854=CARTESIAN_POINT('Ctrl Pts',(1.57393282121364,0.238551594458502,2.7875));
#8855=CARTESIAN_POINT('Ctrl Pts',(1.58161063328738,0.230872818479425,2.66183753987038));
#8856=CARTESIAN_POINT('Origin',(1.49935878661886,0.363047953302232,2.65));
#8857=CARTESIAN_POINT('Ctrl Pts',(1.50000569515356,1.94921939796003,2.76231732341882));
#8858=CARTESIAN_POINT('Ctrl Pts',(1.63014825658941,1.94603124337646,2.7639172011031));
#8859=CARTESIAN_POINT('Ctrl Pts',(1.63725084235783,1.88760130773128,2.64779095028286));
#8860=CARTESIAN_POINT('Ctrl Pts',(1.49958069542765,1.9162974070802,2.77882058622825));
#8861=CARTESIAN_POINT('Ctrl Pts',(1.62920183863234,1.91393135476297,2.77939099792195));
#8862=CARTESIAN_POINT('Ctrl Pts',(1.63682583829735,1.87373938499992,2.65473970524838));
#8863=CARTESIAN_POINT('Ctrl Pts',(1.49935717091019,1.87961297211898,2.78750031870021));
#8864=CARTESIAN_POINT('Ctrl Pts',(1.62870576013303,1.87837666235975,2.78750180968897));
#8865=CARTESIAN_POINT('Ctrl Pts',(1.63660231319431,1.85829337622897,2.65839430837836));
#8866=CARTESIAN_POINT('Ctrl Pts',(1.49935717912381,1.84278615158866,2.78749999998183));
#8867=CARTESIAN_POINT('Ctrl Pts',(1.62870577832946,1.84278621967846,2.78750151218068));
#8868=CARTESIAN_POINT('Ctrl Pts',(1.63660232140209,1.84278732588942,2.65839417418235));
#8869=CARTESIAN_POINT('Origin',(1.49935878661886,1.84278817992829,2.65));
#8870=CARTESIAN_POINT('Origin',(1.49935878661886,0.,2.65));
#8871=CARTESIAN_POINT('Origin',(-2.30903159131811,1.49797694694774,2.57398459987073));
#8872=CARTESIAN_POINT('Origin',(-2.32102058284727,1.50516816537535,2.29995836776708));
#8873=CARTESIAN_POINT('Origin',(0.,1.55516862581566,2.3));
#8874=CARTESIAN_POINT('Ctrl Pts',(-1.19679164508135,1.55516862581566,2.4375));
#8875=CARTESIAN_POINT('Ctrl Pts',(-1.19679164508121,1.5728703396629,2.4375));
#8876=CARTESIAN_POINT('Ctrl Pts',(-1.19728401369715,1.59055957224121,2.43404094871914));
#8877=CARTESIAN_POINT('Ctrl Pts',(-1.19918167468546,1.62335051735575,2.42070925684652));
#8878=CARTESIAN_POINT('Ctrl Pts',(-1.20058626879994,1.63843717977752,2.41084152174851));
#8879=CARTESIAN_POINT('Ctrl Pts',(-1.20410211990468,1.66379244831026,2.38614151269327));
#8880=CARTESIAN_POINT('Ctrl Pts',(-1.20621208321169,1.67405172476418,2.37131832728568));
#8881=CARTESIAN_POINT('Ctrl Pts',(-1.21082834070823,1.68823721507436,2.33888760181768));
#8882=CARTESIAN_POINT('Ctrl Pts',(-1.21333251048964,1.69215813093895,2.32129498641999));
#8883=CARTESIAN_POINT('Ctrl Pts',(-1.21585134729077,1.6926215079998,2.30359933039233));
#8884=CARTESIAN_POINT('Origin',(0.,1.55516862581566,2.3));
#8885=CARTESIAN_POINT('Origin',(2.32105116280315,1.55516862581566,2.3));
#8886=CARTESIAN_POINT('Ctrl Pts',(1.84085134729077,1.6926215079998,2.30359933039233));
#8887=CARTESIAN_POINT('Ctrl Pts',(1.83833251048965,1.69215813093895,2.32129498641989));
#8888=CARTESIAN_POINT('Ctrl Pts',(1.83582834070816,1.68823721507431,2.3388876018178));
#8889=CARTESIAN_POINT('Ctrl Pts',(1.83121208321176,1.67405172476423,2.37131832728556));
#8890=CARTESIAN_POINT('Ctrl Pts',(1.82910211990468,1.66379244831027,2.38614151269326));
#8891=CARTESIAN_POINT('Ctrl Pts',(1.82558626879994,1.63843717977751,2.41084152174852));
#8892=CARTESIAN_POINT('Ctrl Pts',(1.82418167468553,1.62335051735573,2.42070925684652));
#8893=CARTESIAN_POINT('Ctrl Pts',(1.82228401369707,1.59055957224123,2.43404094871913));
#8894=CARTESIAN_POINT('Ctrl Pts',(1.82179164508121,1.57287033966289,2.4375));
#8895=CARTESIAN_POINT('Ctrl Pts',(1.82179164508135,1.55516862581566,2.4375));
#8896=CARTESIAN_POINT('Origin',(2.30327838618616,1.49452642645229,2.70575466136483));
#8897=CARTESIAN_POINT('Ctrl Pts',(2.48169424390532,1.60153244477679,2.30699127593729));
#8898=CARTESIAN_POINT('Ctrl Pts',(2.47696042774787,1.60942534541212,2.30699127593729));
#8899=CARTESIAN_POINT('Ctrl Pts',(2.47154464009192,1.61713063368607,2.3069681893158));
#8900=CARTESIAN_POINT('Ctrl Pts',(2.46548141357249,1.62447497239819,2.30691791309695));
#8901=CARTESIAN_POINT('Ctrl Pts',(2.45945581264703,1.63177373552354,2.30686794886918));
#8902=CARTESIAN_POINT('Ctrl Pts',(2.45279107485124,1.63871502459867,2.30679111824331));
#8903=CARTESIAN_POINT('Ctrl Pts',(2.44556946541112,1.64514556572119,2.3066859474974));
#8904=CARTESIAN_POINT('Ctrl Pts',(2.43837291951352,1.6515537888075,2.30658114176035));
#8905=CARTESIAN_POINT('Ctrl Pts',(2.43062396737085,1.65745394260492,2.30644819623695));
#8906=CARTESIAN_POINT('Ctrl Pts',(2.42244547695008,1.66272507813551,2.30628826733125));
#8907=CARTESIAN_POINT('Ctrl Pts',(2.41425874997858,1.6680015222222,2.30612817736129));
#8908=CARTESIAN_POINT('Ctrl Pts',(2.40564247275912,1.67264703304577,2.30594106995003));
#8909=CARTESIAN_POINT('Ctrl Pts',(2.3967505066154,1.67658258894692,2.30573054945793));
#8910=CARTESIAN_POINT('Ctrl Pts',(2.3878502361051,1.68052182033428,2.30551983235697));
#8911=CARTESIAN_POINT('Ctrl Pts',(2.378674784556,1.68374944772587,2.30528569464938));
#8912=CARTESIAN_POINT('Ctrl Pts',(2.36939488969217,1.68623592875873,2.30503377026805));
#8913=CARTESIAN_POINT('Ctrl Pts',(2.36004354278198,1.68874155485311,2.30477990615434));
#8914=CARTESIAN_POINT('Ctrl Pts',(2.35058721284588,1.69049456284205,2.3045080269543));
#8915=CARTESIAN_POINT('Ctrl Pts',(2.34120135106068,1.69151783768825,2.30422532088014));
#8916=CARTESIAN_POINT('Ctrl Pts',(2.33442734848695,1.69225635979741,2.30402128509549));
#8917=CARTESIAN_POINT('Ctrl Pts',(2.32769009499197,1.6926159484148,2.3038116423781));
#8918=CARTESIAN_POINT('Ctrl Pts',(2.32105116280315,1.6926215079998,2.30359933039233));
#8919=CARTESIAN_POINT('Ctrl Pts',(-2.37104165154904,1.50520859688394,2.4375));
#8920=CARTESIAN_POINT('Ctrl Pts',(-2.50266926610907,1.50520859688394,2.4375));
#8921=CARTESIAN_POINT('Ctrl Pts',(-2.50841078201654,1.50520859688394,2.30599766576273));
#8922=CARTESIAN_POINT('Ctrl Pts',(-2.37104165154791,1.51422233443356,2.4375));
#8923=CARTESIAN_POINT('Ctrl Pts',(-2.50204993237642,1.53787286996692,2.43750000000009));
#8924=CARTESIAN_POINT('Ctrl Pts',(-2.50838251545143,1.5389930575256,2.30664507654302));
#8925=CARTESIAN_POINT('Ctrl Pts',(-2.36856336283336,1.52317449994581,2.4375));
#8926=CARTESIAN_POINT('Ctrl Pts',(-2.49275059107319,1.57017946762828,2.43750000000013));
#8927=CARTESIAN_POINT('Ctrl Pts',(-2.49907378354712,1.57255477117948,2.3069912759373));
#8928=CARTESIAN_POINT('Ctrl Pts',(-2.36392880990794,1.53090189461486,2.4375));
#8929=CARTESIAN_POINT('Ctrl Pts',(-2.47599610995496,1.59811495356439,2.4375));
#8930=CARTESIAN_POINT('Ctrl Pts',(-2.48169424390532,1.60153244477679,2.30699127593728));
#8931=CARTESIAN_POINT('Origin',(-2.37104165154904,1.50520859688394,2.3));
#8932=CARTESIAN_POINT('Ctrl Pts',(2.32104613125372,1.55516862555773,2.4375));
#8933=CARTESIAN_POINT('Ctrl Pts',(2.3210326673091,1.68913457284952,2.4375));
#8934=CARTESIAN_POINT('Ctrl Pts',(2.32103232079328,1.69262202609811,2.30357945320441));
#8935=CARTESIAN_POINT('Ctrl Pts',(2.32964376885963,1.5551695070576,2.4375));
#8936=CARTESIAN_POINT('Ctrl Pts',(2.35252180334996,1.68813726007253,2.4375));
#8937=CARTESIAN_POINT('Ctrl Pts',(2.35322853649333,1.69259851083682,2.30460922147241));
#8938=CARTESIAN_POINT('Ctrl Pts',(2.33821993977885,1.55291097049726,2.4375));
#8939=CARTESIAN_POINT('Ctrl Pts',(2.38357184279462,1.67906792390587,2.4375));
#8940=CARTESIAN_POINT('Ctrl Pts',(2.38535164410948,1.68410643760377,2.3054741293276));
#8941=CARTESIAN_POINT('Ctrl Pts',(2.35316728519024,1.54445147615103,2.4375));
#8942=CARTESIAN_POINT('Ctrl Pts',(2.43730510611654,1.64735476619205,2.4375));
#8943=CARTESIAN_POINT('Ctrl Pts',(2.4413528940321,1.65235236714401,2.30665667028888));
#8944=CARTESIAN_POINT('Ctrl Pts',(2.35951424248102,1.53826421271934,2.4375));
#8945=CARTESIAN_POINT('Ctrl Pts',(2.46004672720822,1.62474925208988,2.4375));
#8946=CARTESIAN_POINT('Ctrl Pts',(2.46514035356588,1.62914177507593,2.30697238815777));
#8947=CARTESIAN_POINT('Ctrl Pts',(2.36393139515612,1.53089758361449,2.4375));
#8948=CARTESIAN_POINT('Ctrl Pts',(2.47602099494792,1.59810868074945,2.4375));
#8949=CARTESIAN_POINT('Ctrl Pts',(2.48170476753661,1.60151677557945,2.30697226508641));
#8950=CARTESIAN_POINT('Origin',(-2.31340126958736,-1.50112901890373,2.4739025132696));
#8951=CARTESIAN_POINT('Ctrl Pts',(-2.50887250957665,-1.51254555911075,2.29542236597871));
#8952=CARTESIAN_POINT('Ctrl Pts',(-2.50892428093019,-1.52535699696895,2.29423660703523));
#8953=CARTESIAN_POINT('Ctrl Pts',(-2.50770669203407,-1.53792208840971,2.29277080845182));
#8954=CARTESIAN_POINT('Ctrl Pts',(-2.50289274176209,-1.56257746167041,2.28921797221024));
#8955=CARTESIAN_POINT('Ctrl Pts',(-2.49925824184162,-1.57474765204915,2.28711379394611));
#8956=CARTESIAN_POINT('Ctrl Pts',(-2.48969305771682,-1.59812014990547,2.28226010933615));
#8957=CARTESIAN_POINT('Ctrl Pts',(-2.48385763541975,-1.60913124949575,2.27955500192264));
#8958=CARTESIAN_POINT('Ctrl Pts',(-2.47031890609215,-1.62971921491919,2.27358878535639));
#8959=CARTESIAN_POINT('Ctrl Pts',(-2.46255838872845,-1.63936839258476,2.27030398929248));
#8960=CARTESIAN_POINT('Ctrl Pts',(-2.44530118567478,-1.65702318045114,2.26316081459493));
#8961=CARTESIAN_POINT('Ctrl Pts',(-2.43592439456534,-1.6649048741526,2.25935160376331));
#8962=CARTESIAN_POINT('Ctrl Pts',(-2.41611821551544,-1.67859841185295,2.25136075029043));
#8963=CARTESIAN_POINT('Ctrl Pts',(-2.40563356014179,-1.6844630189973,2.24715705812876));
#8964=CARTESIAN_POINT('Ctrl Pts',(-2.38354282046541,-1.69415472978522,2.23828273067812));
#8965=CARTESIAN_POINT('Ctrl Pts',(-2.37212810341452,-1.69789013252298,2.23368877930044));
#8966=CARTESIAN_POINT('Ctrl Pts',(-2.3546706095473,-1.70179141793878,2.22660195162639));
#8967=CARTESIAN_POINT('Ctrl Pts',(-2.34882073415948,-1.70280286967851,2.22421729000705));
#8968=CARTESIAN_POINT('Ctrl Pts',(-2.33706308757284,-1.70425458119776,2.2193968656303));
#8969=CARTESIAN_POINT('Ctrl Pts',(-2.33108013946107,-1.7046965166048,2.21692989111301));
#8970=CARTESIAN_POINT('Ctrl Pts',(-2.32522683974176,-1.70484519455349,2.21449902813953));
#8971=CARTESIAN_POINT('Origin',(-2.37104165154904,0.,2.3));
#8972=CARTESIAN_POINT('Origin',(-2.37104165154904,-1.46778817992829,2.3));
#8973=CARTESIAN_POINT('Origin',(2.37104165154904,0.,2.3));
#8974=CARTESIAN_POINT('Origin',(2.37104165154904,-1.46778817992829,2.3));
#8975=CARTESIAN_POINT('Origin',(2.31340126958736,-1.50112901890373,2.4739025132696));
#8976=CARTESIAN_POINT('Ctrl Pts',(2.32522683974176,-1.70484519455349,2.21449902813953));
#8977=CARTESIAN_POINT('Ctrl Pts',(2.34884183167354,-1.70424535707258,2.22430628426151));
#8978=CARTESIAN_POINT('Ctrl Pts',(2.37250108369756,-1.69899947667133,2.23384702958237));
#8979=CARTESIAN_POINT('Ctrl Pts',(2.40563647789533,-1.68446149615889,2.2471582286797));
#8980=CARTESIAN_POINT('Ctrl Pts',(2.41612082273993,-1.67859683062095,2.25136179797578));
#8981=CARTESIAN_POINT('Ctrl Pts',(2.43592650364602,-1.66490319458672,2.25935245888432));
#8982=CARTESIAN_POINT('Ctrl Pts',(2.44530306774291,-1.65702147172404,2.26316158443033));
#8983=CARTESIAN_POINT('Ctrl Pts',(2.4625597941247,-1.63936673806703,2.27030458022004));
#8984=CARTESIAN_POINT('Ctrl Pts',(2.47032007170296,-1.62971764694936,2.27358928616281));
#8985=CARTESIAN_POINT('Ctrl Pts',(2.48385840413397,-1.60912987596262,2.27955535353202));
#8986=CARTESIAN_POINT('Ctrl Pts',(2.48969366110534,-1.59811888276984,2.28226039913689));
#8987=CARTESIAN_POINT('Ctrl Pts',(2.49925854952629,-1.57474669296049,2.28711396645502));
#8988=CARTESIAN_POINT('Ctrl Pts',(2.50289293275282,-1.56257668647611,2.28921809494625));
#8989=CARTESIAN_POINT('Ctrl Pts',(2.50770673030497,-1.53792168939631,2.29277085491847));
#8990=CARTESIAN_POINT('Ctrl Pts',(2.50892428010832,-1.52535679358821,2.29423662585907));
#8991=CARTESIAN_POINT('Ctrl Pts',(2.50887250957665,-1.51254555911075,2.29542236597871));
#8992=CARTESIAN_POINT('Ctrl Pts',(-2.50870765591865,-1.50524169673526,2.29606606152743));
#8993=CARTESIAN_POINT('Ctrl Pts',(-2.50592262849963,-1.56293588948989,2.41773818490159));
#8994=CARTESIAN_POINT('Ctrl Pts',(-2.37141388813304,-1.56934470498701,2.41469239912458));
#8995=CARTESIAN_POINT('Ctrl Pts',(-2.50947880950486,-1.52405260478163,2.2944903448906));
#8996=CARTESIAN_POINT('Ctrl Pts',(-2.50081103597306,-1.58563140971764,2.40741848991495));
#8997=CARTESIAN_POINT('Ctrl Pts',(-2.37170761827697,-1.58155207508813,2.40891381420155));
#8998=CARTESIAN_POINT('Ctrl Pts',(-2.50753042529981,-1.54146837800818,2.29240560519869));
#8999=CARTESIAN_POINT('Ctrl Pts',(-2.49255442927168,-1.60395037270291,2.39589564303841));
#9000=CARTESIAN_POINT('Ctrl Pts',(-2.37128599377941,-1.59290456248595,2.40228667176374));
#9001=CARTESIAN_POINT('Ctrl Pts',(-2.50202692847868,-1.56474037041106,2.28878136322528));
#9002=CARTESIAN_POINT('Ctrl Pts',(-2.47912569502934,-1.625409978443,2.37911354782661));
#9003=CARTESIAN_POINT('Ctrl Pts',(-2.36997210773625,-1.60815214927555,2.39166611597465));
#9004=CARTESIAN_POINT('Ctrl Pts',(-2.49999583863955,-1.57156430953085,2.28759916537508));
#9005=CARTESIAN_POINT('Ctrl Pts',(-2.47494325709508,-1.63117155079207,2.3741082314558));
#9006=CARTESIAN_POINT('Ctrl Pts',(-2.36947880058267,-1.61263389311426,2.38830085752531));
#9007=CARTESIAN_POINT('Ctrl Pts',(-2.49528243866694,-1.5847749012388,2.28507085872598));
#9008=CARTESIAN_POINT('Ctrl Pts',(-2.46640289490737,-1.64160191965902,2.36417288431994));
#9009=CARTESIAN_POINT('Ctrl Pts',(-2.36832201021699,-1.62133201600821,2.3812781953534));
#9010=CARTESIAN_POINT('Ctrl Pts',(-2.49258428936151,-1.59118805513897,2.28371770387305));
#9011=CARTESIAN_POINT('Ctrl Pts',(-2.46202849046081,-1.64631039854095,2.35921956807054));
#9012=CARTESIAN_POINT('Ctrl Pts',(-2.36765455743215,-1.62556602328605,2.37760251668152));
#9013=CARTESIAN_POINT('Ctrl Pts',(-2.48377609407605,-1.60943225851387,2.27950019839544));
#9014=CARTESIAN_POINT('Ctrl Pts',(-2.44920980577113,-1.65874819799709,2.34495465364337));
#9015=CARTESIAN_POINT('Ctrl Pts',(-2.36546397306368,-1.63764480110352,2.36636101255573));
#9016=CARTESIAN_POINT('Ctrl Pts',(-2.47693885210172,-1.62038302246869,2.27646347246724));
#9017=CARTESIAN_POINT('Ctrl Pts',(-2.44072041505646,-1.66530706070809,2.33581208665469));
#9018=CARTESIAN_POINT('Ctrl Pts',(-2.36374969418278,-1.64494131114895,2.35853567814714));
#9019=CARTESIAN_POINT('Ctrl Pts',(-2.46182105088427,-1.64023251021381,2.26998832203282));
#9020=CARTESIAN_POINT('Ctrl Pts',(-2.42432407717353,-1.67611243148966,2.31836246941607));
#9021=CARTESIAN_POINT('Ctrl Pts',(-2.35994303738577,-1.65825740123251,2.34226127260512));
#9022=CARTESIAN_POINT('Ctrl Pts',(-2.45349118222139,-1.6491650501455,2.26653153632173));
#9023=CARTESIAN_POINT('Ctrl Pts',(-2.4163105683634,-1.68047469479055,2.30994063662646));
#9024=CARTESIAN_POINT('Ctrl Pts',(-2.35783809388071,-1.66430032740612,2.33376892224398));
#9025=CARTESIAN_POINT('Ctrl Pts',(-2.42701026486252,-1.67285086844853,2.25570192534123));
#9026=CARTESIAN_POINT('Ctrl Pts',(-2.39352459355261,-1.69114185805234,2.28607442764357));
#9027=CARTESIAN_POINT('Ctrl Pts',(-2.35113203635708,-1.68047997616224,2.30764779806821));
#9028=CARTESIAN_POINT('Ctrl Pts',(-2.40777965186919,-1.68430885609859,2.24802661845085));
#9029=CARTESIAN_POINT('Ctrl Pts',(-2.37923415608463,-1.6956902829825,2.27119516613254));
#9030=CARTESIAN_POINT('Ctrl Pts',(-2.34624472405718,-1.68853536457488,2.28973416804687));
#9031=CARTESIAN_POINT('Ctrl Pts',(-2.36747692256064,-1.70008398720717,2.23181852160891));
#9032=CARTESIAN_POINT('Ctrl Pts',(-2.35191995231174,-1.70206973002306,2.24261102062042));
#9033=CARTESIAN_POINT('Ctrl Pts',(-2.3359898251313,-1.70015951153641,2.25277411301789));
#9034=CARTESIAN_POINT('Ctrl Pts',(-2.34626240167067,-1.70431087603693,2.22323505866333));
#9035=CARTESIAN_POINT('Ctrl Pts',(-2.33842550615284,-1.7039929400584,2.22843326596298));
#9036=CARTESIAN_POINT('Ctrl Pts',(-2.33058575817777,-1.70367515185169,2.23362905721476));
#9037=CARTESIAN_POINT('Ctrl Pts',(-2.32522683974176,-1.70484519455348,2.21449902813953));
#9038=CARTESIAN_POINT('Ctrl Pts',(-2.32522683974176,-1.70484519455348,2.21449902813953));
#9039=CARTESIAN_POINT('Ctrl Pts',(-2.32522683974176,-1.70484519455348,2.21449902813953));
#9040=CARTESIAN_POINT('',(-2.37150337910915,-1.57408695548663,2.41238366301295));
#9041=CARTESIAN_POINT('Origin',(-2.37150337910915,-1.51254555911075,2.28942470021598));
#9042=CARTESIAN_POINT('Ctrl Pts',(-2.37150337910915,-1.57408695548663,2.41238366301295));
#9043=CARTESIAN_POINT('Ctrl Pts',(-2.37167817602443,-1.59308448432634,2.40287533254324));
#9044=CARTESIAN_POINT('Ctrl Pts',(-2.37016084885357,-1.61047553230495,2.39102028949));
#9045=CARTESIAN_POINT('Ctrl Pts',(-2.36490722002848,-1.64181836299183,2.36297830195451));
#9046=CARTESIAN_POINT('Ctrl Pts',(-2.36124369719294,-1.65526775252865,2.34726818394036));
#9047=CARTESIAN_POINT('Ctrl Pts',(-2.35244388475262,-1.67795862043161,2.31253841158533));
#9048=CARTESIAN_POINT('Ctrl Pts',(-2.34742980570347,-1.68683983885022,2.294038219259));
#9049=CARTESIAN_POINT('Ctrl Pts',(-2.33934329114654,-1.69649799891813,2.2648321693845));
#9050=CARTESIAN_POINT('Ctrl Pts',(-2.3365709170341,-1.69907657537284,2.25492190428268));
#9051=CARTESIAN_POINT('Ctrl Pts',(-2.33093919604213,-1.70294017280819,2.23484648736904));
#9052=CARTESIAN_POINT('Ctrl Pts',(-2.32805819723854,-1.70422712673851,2.22460434758888));
#9053=CARTESIAN_POINT('Ctrl Pts',(-2.32522683974176,-1.70484519455349,2.21449902813953));
#9054=CARTESIAN_POINT('Ctrl Pts',(-2.37150337910915,-1.57408695548663,2.41238366301295));
#9055=CARTESIAN_POINT('Ctrl Pts',(-2.50371538126987,-1.57177656103186,2.41354002362052));
#9056=CARTESIAN_POINT('Ctrl Pts',(-2.50887250957665,-1.51254555911075,2.29542236597871));
#9057=CARTESIAN_POINT('Ctrl Pts',(-2.37120078195925,-1.54119965839777,2.42884387168614));
#9058=CARTESIAN_POINT('Ctrl Pts',(-2.50302919873018,-1.53948342133802,2.42925618764621));
#9059=CARTESIAN_POINT('Ctrl Pts',(-2.50856991202635,-1.49869825780514,2.30235298932639));
#9060=CARTESIAN_POINT('Ctrl Pts',(-2.37104165154904,-1.50456470132382,2.4375));
#9061=CARTESIAN_POINT('Ctrl Pts',(-2.50266926610854,-1.50366740171605,2.43749999999946));
#9062=CARTESIAN_POINT('Ctrl Pts',(-2.50841078201655,-1.4832730448021,2.30599766576253));
#9063=CARTESIAN_POINT('Ctrl Pts',(-2.37104165154904,-1.46778817992829,2.4375));
#9064=CARTESIAN_POINT('Ctrl Pts',(-2.50266926610907,-1.46778817992829,2.4375));
#9065=CARTESIAN_POINT('Ctrl Pts',(-2.50841078201654,-1.46778817992829,2.30599766576273));
#9066=CARTESIAN_POINT('Origin',(-2.37455010491864,-1.47881128656026,2.24665261560556));
#9067=CARTESIAN_POINT('Ctrl Pts',(2.37104165154904,-1.46778817992829,2.4375));
#9068=CARTESIAN_POINT('Ctrl Pts',(2.50266926610907,-1.46778817992829,2.4375));
#9069=CARTESIAN_POINT('Ctrl Pts',(2.50841078201654,-1.46778817992829,2.30599766576273));
#9070=CARTESIAN_POINT('Ctrl Pts',(2.37104165154904,-1.50456470132382,2.4375));
#9071=CARTESIAN_POINT('Ctrl Pts',(2.50266926610854,-1.50366740171603,2.43749999999952));
#9072=CARTESIAN_POINT('Ctrl Pts',(2.50841078201655,-1.4832730448021,2.30599766576253));
#9073=CARTESIAN_POINT('Ctrl Pts',(2.37120078195925,-1.54119965839777,2.42884387168614));
#9074=CARTESIAN_POINT('Ctrl Pts',(2.50302919873018,-1.53948342133805,2.4292561876462));
#9075=CARTESIAN_POINT('Ctrl Pts',(2.50856991202635,-1.49869825780514,2.30235298932639));
#9076=CARTESIAN_POINT('Ctrl Pts',(2.37150337910915,-1.57408695548663,2.41238366301295));
#9077=CARTESIAN_POINT('Ctrl Pts',(2.50371538126987,-1.57177656103186,2.41354002362052));
#9078=CARTESIAN_POINT('Ctrl Pts',(2.50887250957665,-1.51254555911075,2.29542236597871));
#9079=CARTESIAN_POINT('',(2.37150337910915,-1.57408695548663,2.41238366301295));
#9080=CARTESIAN_POINT('Origin',(2.37150337910915,-1.51254555911075,2.28942470021598));
#9081=CARTESIAN_POINT('Origin',(2.37455010491863,-1.47881128656031,2.2466526156058));
#9082=CARTESIAN_POINT('Ctrl Pts',(2.37141388712788,-1.56934466673102,2.41469241723375));
#9083=CARTESIAN_POINT('Ctrl Pts',(2.50592264487463,-1.56293581681294,2.41773821803911));
#9084=CARTESIAN_POINT('Ctrl Pts',(2.50870765350171,-1.5052416377785,2.29606606646601));
#9085=CARTESIAN_POINT('Ctrl Pts',(2.37170761907497,-1.58155205136507,2.40891382804958));
#9086=CARTESIAN_POINT('Ctrl Pts',(2.50081105366486,-1.58563137048987,2.40741851468087));
#9087=CARTESIAN_POINT('Ctrl Pts',(2.50947881357592,-1.52405256839219,2.29449034924656));
#9088=CARTESIAN_POINT('Ctrl Pts',(2.37128599465624,-1.59290455137532,2.40228667950188));
#9089=CARTESIAN_POINT('Ctrl Pts',(2.49255443941461,-1.60395035651677,2.39589565578597));
#9090=CARTESIAN_POINT('Ctrl Pts',(2.50753042930749,-1.54146836106137,2.29240560783788));
#9091=CARTESIAN_POINT('Ctrl Pts',(2.36997210766154,-1.60815214926374,2.39166611598324));
#9092=CARTESIAN_POINT('Ctrl Pts',(2.47912569501639,-1.62540997847733,2.37911354787772));
#9093=CARTESIAN_POINT('Ctrl Pts',(2.50202692847868,-1.56474037041106,2.28878136322528));
#9094=CARTESIAN_POINT('Ctrl Pts',(2.36947880050967,-1.61263389310143,2.38830085753513));
#9095=CARTESIAN_POINT('Ctrl Pts',(2.47494325708107,-1.63117155082541,2.37410823150419));
#9096=CARTESIAN_POINT('Ctrl Pts',(2.49999583863955,-1.57156430953085,2.28759916537508));
#9097=CARTESIAN_POINT('Ctrl Pts',(2.36832201014756,-1.62133201599386,2.38127819536551));
#9098=CARTESIAN_POINT('Ctrl Pts',(2.46640289489157,-1.64160191969011,2.36417288436322));
#9099=CARTESIAN_POINT('Ctrl Pts',(2.49528243866694,-1.5847749012388,2.28507085872598));
#9100=CARTESIAN_POINT('Ctrl Pts',(2.36765455736459,-1.6255660232712,2.37760251669468));
#9101=CARTESIAN_POINT('Ctrl Pts',(2.46202849044428,-1.64631039857076,2.35921956811138));
#9102=CARTESIAN_POINT('Ctrl Pts',(2.49258428936151,-1.59118805513897,2.28371770387305));
#9103=CARTESIAN_POINT('Ctrl Pts',(2.36546397300176,-1.63764480108792,2.36636101257156));
#9104=CARTESIAN_POINT('Ctrl Pts',(2.44920980575303,-1.65874819802292,2.34495465367765));
#9105=CARTESIAN_POINT('Ctrl Pts',(2.48377609407605,-1.60943225851387,2.27950019839544));
#9106=CARTESIAN_POINT('Ctrl Pts',(2.36374969412472,-1.64494131113359,2.35853567816428));
#9107=CARTESIAN_POINT('Ctrl Pts',(2.44072041503786,-1.66530706073115,2.33581208668516));
#9108=CARTESIAN_POINT('Ctrl Pts',(2.47693885210171,-1.62038302246869,2.27646347246724));
#9109=CARTESIAN_POINT('Ctrl Pts',(2.3599430373354,-1.65825740121854,2.34226127262382));
#9110=CARTESIAN_POINT('Ctrl Pts',(2.42432407715497,-1.67611243150742,2.31836246944001));
#9111=CARTESIAN_POINT('Ctrl Pts',(2.46182105088426,-1.64023251021381,2.26998832203282));
#9112=CARTESIAN_POINT('Ctrl Pts',(2.35783809383418,-1.66430032739325,2.33376892226294));
#9113=CARTESIAN_POINT('Ctrl Pts',(2.4163105683453,-1.68047469480579,2.30994063664759));
#9114=CARTESIAN_POINT('Ctrl Pts',(2.45349118222138,-1.6491650501455,2.26653153632173));
#9115=CARTESIAN_POINT('Ctrl Pts',(2.35113203632184,-1.68047997615338,2.30764779808615));
#9116=CARTESIAN_POINT('Ctrl Pts',(2.39352459353701,-1.69114185806087,2.28607442765772));
#9117=CARTESIAN_POINT('Ctrl Pts',(2.42701026486252,-1.67285086844853,2.25570192534123));
#9118=CARTESIAN_POINT('Ctrl Pts',(2.34624472402916,-1.6885353645688,2.28973416806262));
#9119=CARTESIAN_POINT('Ctrl Pts',(2.37923415607161,-1.69569028298769,2.2711951661431));
#9120=CARTESIAN_POINT('Ctrl Pts',(2.40777965186919,-1.68430885609859,2.24802661845085));
#9121=CARTESIAN_POINT('Ctrl Pts',(2.33598982511738,-1.70015951153474,2.25277411302677));
#9122=CARTESIAN_POINT('Ctrl Pts',(2.35191995230485,-1.70206973002394,2.2426110206252));
#9123=CARTESIAN_POINT('Ctrl Pts',(2.36747692256064,-1.70008398720717,2.23181852160891));
#9124=CARTESIAN_POINT('Ctrl Pts',(2.33058575817085,-1.70367515185141,2.23362905721934));
#9125=CARTESIAN_POINT('Ctrl Pts',(2.33842550614932,-1.70399294005826,2.22843326596534));
#9126=CARTESIAN_POINT('Ctrl Pts',(2.34626240167066,-1.70431087603693,2.22323505866335));
#9127=CARTESIAN_POINT('Ctrl Pts',(2.32522683974176,-1.70484519455348,2.21449902813953));
#9128=CARTESIAN_POINT('Ctrl Pts',(2.32522683974176,-1.70484519455348,2.21449902813953));
#9129=CARTESIAN_POINT('Ctrl Pts',(2.32522683974176,-1.70484519455348,2.21449902813953));
#9130=CARTESIAN_POINT('Ctrl Pts',(2.32522683974176,-1.70484519455349,2.21449902813953));
#9131=CARTESIAN_POINT('Ctrl Pts',(2.3309404463669,-1.70359794959538,2.23489130294785));
#9132=CARTESIAN_POINT('Ctrl Pts',(2.33664900350748,-1.6997163167805,2.25510116142012));
#9133=CARTESIAN_POINT('Ctrl Pts',(2.34743071048337,-1.6868383731906,2.29404154127472));
#9134=CARTESIAN_POINT('Ctrl Pts',(2.35244462493606,-1.67795707137686,2.3125412170438));
#9135=CARTESIAN_POINT('Ctrl Pts',(2.36124411159016,-1.65526632437761,2.34726993522189));
#9136=CARTESIAN_POINT('Ctrl Pts',(2.36490749653922,-1.64181709130077,2.36297960360012));
#9137=CARTESIAN_POINT('Ctrl Pts',(2.37016091699394,-1.6104747478036,2.3910208274799));
#9138=CARTESIAN_POINT('Ctrl Pts',(2.37167817220202,-1.59308406889427,2.40287554046846));
#9139=CARTESIAN_POINT('Ctrl Pts',(2.37150337910915,-1.57408695548663,2.41238366301295));
#9140=CARTESIAN_POINT('Origin',(0.,-1.46778817992829,2.2));
#9141=CARTESIAN_POINT('Origin',(5.56089772081816E-16,1.08140237708545,0.75));
#9142=CARTESIAN_POINT('Origin',(4.45640237708545,1.08140237708545,0.75));
#9143=CARTESIAN_POINT('Ctrl Pts',(2.75775350101278,1.26832437716041,0.764711080448971));
#9144=CARTESIAN_POINT('Ctrl Pts',(2.75575050426023,1.26649471530636,0.787959138564416));
#9145=CARTESIAN_POINT('Ctrl Pts',(2.75377847703202,1.26028071986697,0.810847744624405));
#9146=CARTESIAN_POINT('Ctrl Pts',(2.75016347877005,1.23992964082351,0.852805720628097));
#9147=CARTESIAN_POINT('Ctrl Pts',(2.74852196233686,1.22579935348869,0.871858207551807));
#9148=CARTESIAN_POINT('Ctrl Pts',(2.74579468454305,1.19155568025706,0.903512733486573));
#9149=CARTESIAN_POINT('Ctrl Pts',(2.74470979781353,1.17145327622532,0.91610462096593));
#9150=CARTESIAN_POINT('Ctrl Pts',(2.74324543244994,1.12802791540026,0.93310097956862));
#9151=CARTESIAN_POINT('Ctrl Pts',(2.74286642343398,1.10472231210014,0.9375));
#9152=CARTESIAN_POINT('Ctrl Pts',(2.74286642343334,1.08140237708545,0.9375));
#9153=CARTESIAN_POINT('Origin',(4.41111658407757,1.03611658407756,1.32541055759817));
#9154=CARTESIAN_POINT('Origin',(4.45640237708545,1.08140237708545,0.75));
#9155=CARTESIAN_POINT('Origin',(4.45640237708545,1.08140237708545,0.75));
#9156=CARTESIAN_POINT('Origin',(4.45640237708545,1.08140237708545,0.75));
#9157=CARTESIAN_POINT('Origin',(-4.4475784104077E-17,-0.0814023770854488,
0.75));
#9158=CARTESIAN_POINT('Origin',(4.45640237708545,-0.0814023770854513,0.75));
#9159=CARTESIAN_POINT('Ctrl Pts',(2.74286642343334,-0.081402377085448,0.9375));
#9160=CARTESIAN_POINT('Ctrl Pts',(2.74286642343398,-0.104722312100178,0.9375));
#9161=CARTESIAN_POINT('Ctrl Pts',(2.74324543244993,-0.128027915400204,0.933100979568643));
#9162=CARTESIAN_POINT('Ctrl Pts',(2.74470979781353,-0.171453276225375,0.916104620965909));
#9163=CARTESIAN_POINT('Ctrl Pts',(2.74579468454274,-0.191555680257022,0.903512733486612));
#9164=CARTESIAN_POINT('Ctrl Pts',(2.74852196233718,-0.22579935348873,0.871858207551771));
#9165=CARTESIAN_POINT('Ctrl Pts',(2.75016347877005,-0.239929640823486,0.852805720628154));
#9166=CARTESIAN_POINT('Ctrl Pts',(2.75377847703202,-0.260280719866997,0.810847744624351));
#9167=CARTESIAN_POINT('Ctrl Pts',(2.75575050426023,-0.266494715306365,0.787959138564459));
#9168=CARTESIAN_POINT('Ctrl Pts',(2.75775350101278,-0.268324377160412,0.764711080448971));
#9169=CARTESIAN_POINT('Origin',(4.45640237708545,-2.99672957361268E-15,
0.75));
#9170=CARTESIAN_POINT('Origin',(4.45640237708545,-0.0814023770854513,0.75));
#9171=CARTESIAN_POINT('Origin',(4.45640237708545,-0.0814023770854513,0.75));
#9172=CARTESIAN_POINT('Origin',(4.45640237708545,-0.0814023770854513,0.75));
#9173=CARTESIAN_POINT('Origin',(4.43788356604307,-0.0628835660430782,0.985303804574924));
#9174=CARTESIAN_POINT('Origin',(-2.5625,-0.0773234832735766,0.75));
#9175=CARTESIAN_POINT('Origin',(-4.45640237708545,-0.0773234832735766,0.75));
#9176=CARTESIAN_POINT('Ctrl Pts',(-2.75803476069376,-0.264473757977677,
0.761446601162785));
#9177=CARTESIAN_POINT('Ctrl Pts',(-2.75600584839403,-0.263033448580335,
0.7849954516502));
#9178=CARTESIAN_POINT('Ctrl Pts',(-2.75400193219891,-0.257098763672603,
0.808254181406579));
#9179=CARTESIAN_POINT('Ctrl Pts',(-2.75032174685002,-0.237067060711284,
0.850968760323689));
#9180=CARTESIAN_POINT('Ctrl Pts',(-2.74864702697746,-0.222976993824788,
0.870406627550174));
#9181=CARTESIAN_POINT('Ctrl Pts',(-2.74586190877566,-0.18861359409475,0.902732486155726));
#9182=CARTESIAN_POINT('Ctrl Pts',(-2.74475244600773,-0.168351804403473,
0.915609618821399));
#9183=CARTESIAN_POINT('Ctrl Pts',(-2.74325445173747,-0.124493990576283,
0.932996295958967));
#9184=CARTESIAN_POINT('Ctrl Pts',(-2.74286642343399,-0.10091633045578,0.9375));
#9185=CARTESIAN_POINT('Ctrl Pts',(-2.74286642343335,-0.0773234832735768,
0.9375));
#9186=CARTESIAN_POINT('Origin',(-4.42642605317238,-0.0540275398058129,1.13088530887732));
#9187=CARTESIAN_POINT('Origin',(-4.45640237708545,-0.0773234832735766,0.75));
#9188=CARTESIAN_POINT('Origin',(-4.45640237708545,-0.0773234832735766,0.75));
#9189=CARTESIAN_POINT('Origin',(-4.45640237708545,-0.0773234832735766,0.75));
#9190=CARTESIAN_POINT('Origin',(-2.5625,1.07732348327358,0.75));
#9191=CARTESIAN_POINT('Origin',(-4.45640237708545,1.07732348327358,0.75));
#9192=CARTESIAN_POINT('Ctrl Pts',(-2.74286642343335,1.07732348327358,0.9375));
#9193=CARTESIAN_POINT('Ctrl Pts',(-2.74286642343399,1.10091633045575,0.9375));
#9194=CARTESIAN_POINT('Ctrl Pts',(-2.74325445173747,1.12449399057633,0.93299629595895));
#9195=CARTESIAN_POINT('Ctrl Pts',(-2.74475244600773,1.16835180440343,0.915609618821416));
#9196=CARTESIAN_POINT('Ctrl Pts',(-2.74586190877567,1.18861359409472,0.902732486155754));
#9197=CARTESIAN_POINT('Ctrl Pts',(-2.74864702697746,1.22297699382482,0.870406627550146));
#9198=CARTESIAN_POINT('Ctrl Pts',(-2.75032174685002,1.23706706071127,0.850968760323716));
#9199=CARTESIAN_POINT('Ctrl Pts',(-2.75400193219891,1.25709876367261,0.808254181406551));
#9200=CARTESIAN_POINT('Ctrl Pts',(-2.75600584839435,1.26303344858033,0.78499545165025));
#9201=CARTESIAN_POINT('Ctrl Pts',(-2.75803476069376,1.26447375797768,0.761446601162786));
#9202=CARTESIAN_POINT('Origin',(-4.45640237708545,0.,0.75));
#9203=CARTESIAN_POINT('Origin',(-4.45640237708545,1.07732348327358,0.75));
#9204=CARTESIAN_POINT('Origin',(-4.45640237708545,1.07732348327358,0.75));
#9205=CARTESIAN_POINT('Origin',(-4.45640237708545,1.07732348327358,0.75));
#9206=CARTESIAN_POINT('Origin',(-4.43320303379176,1.05929423487653,1.04477560563444));
#9207=CARTESIAN_POINT('Origin',(0.,0.,0.4375));
#9208=CARTESIAN_POINT('',(-3.6567796946712,-0.455966038103926,0.4375));
#9209=CARTESIAN_POINT('',(-2.7646968948876,-1.10721577337247,0.4375));
#9210=CARTESIAN_POINT('',(-1.48846762839203,-2.03890504274167,0.4375));
#9211=CARTESIAN_POINT('',(-2.7646968948876,-0.455966038103926,0.4375));
#9212=CARTESIAN_POINT('',(0.,-0.455966038103926,0.4375));
#9213=CARTESIAN_POINT('',(-2.7646968948876,0.,0.4375));
#9214=CARTESIAN_POINT('Origin',(-1.53348651891998,-2.10057198205915,0.49509630651701));
#9215=CARTESIAN_POINT('',(-3.9851618017102,-0.324238095128672,0.356865170876186));
#9216=CARTESIAN_POINT('',(-3.94987049195187,-0.280803885215463,1.06700822567573));
#9217=CARTESIAN_POINT('',(-2.66828489858169,-1.28560147389995,0.356865170876186));
#9218=CARTESIAN_POINT('',(-1.53990110618867,-2.10935869268675,0.356865170876186));
#9219=CARTESIAN_POINT('',(-2.66245561100674,-1.27684725708903,0.490377806807142));
#9220=CARTESIAN_POINT('Origin',(0.,0.,0.4375));
#9221=CARTESIAN_POINT('',(2.7646968948876,-1.10721577337247,0.4375));
#9222=CARTESIAN_POINT('',(3.64744905366168,-0.462777712411296,0.4375));
#9223=CARTESIAN_POINT('',(1.48846762839203,-2.03890504274167,0.4375));
#9224=CARTESIAN_POINT('',(2.7646968948876,-0.462777712411296,0.4375));
#9225=CARTESIAN_POINT('',(2.7646968948876,0.,0.4375));
#9226=CARTESIAN_POINT('',(0.,-0.462777712411296,0.4375));
#9227=CARTESIAN_POINT('Origin',(1.53348651891998,-2.10057198205915,0.49509630651701));
#9228=CARTESIAN_POINT('',(2.66828489858169,-1.28560147389995,0.356865170876186));
#9229=CARTESIAN_POINT('',(2.66245561100674,-1.27684725708903,0.490377806807142));
#9230=CARTESIAN_POINT('',(3.96985333894274,-0.335413775600365,0.356865170876186));
#9231=CARTESIAN_POINT('',(1.53990110618867,-2.10935869268675,0.356865170876186));
#9232=CARTESIAN_POINT('',(3.95081149668892,-0.277035606450998,1.09863014021108));
#9233=CARTESIAN_POINT('Origin',(-1.48846762839203,-2.03890504274167,0.35));
#9234=CARTESIAN_POINT('Ctrl Pts',(-3.6567796946712,-0.455966038103926,0.4375));
#9235=CARTESIAN_POINT('Ctrl Pts',(-3.67325334751958,-0.449034349051173,
0.4375));
#9236=CARTESIAN_POINT('Ctrl Pts',(-3.69016111630805,-0.441943558194505,
0.437205280011927));
#9237=CARTESIAN_POINT('Ctrl Pts',(-3.70719936902223,-0.434824581724471,
0.43657636992344));
#9238=CARTESIAN_POINT('Ctrl Pts',(-3.72655265799521,-0.426738329505564,
0.435862008017634));
#9239=CARTESIAN_POINT('Ctrl Pts',(-3.74607360302348,-0.418616052478576,
0.434715872117524));
#9240=CARTESIAN_POINT('Ctrl Pts',(-3.76525624806354,-0.410673275349886,
0.433105049010692));
#9241=CARTESIAN_POINT('Ctrl Pts',(-3.77117544213516,-0.408222370420241,
0.432607996880266));
#9242=CARTESIAN_POINT('Ctrl Pts',(-3.77706209153303,-0.40578868120875,0.432066895526057));
#9243=CARTESIAN_POINT('Ctrl Pts',(-3.78290063973211,-0.403378788531523,
0.431481306791549));
#9244=CARTESIAN_POINT('Ctrl Pts',(-3.80226749975221,-0.395385011217041,
0.429538869277315));
#9245=CARTESIAN_POINT('Ctrl Pts',(-3.82109552767965,-0.387657255769449,
0.427104937703682));
#9246=CARTESIAN_POINT('Ctrl Pts',(-3.83887094141895,-0.380408783223357,
0.424216100279044));
#9247=CARTESIAN_POINT('Ctrl Pts',(-3.85488353103197,-0.373879156520766,
0.421613754768674));
#9248=CARTESIAN_POINT('Ctrl Pts',(-3.87004020862457,-0.367739134317809,
0.418642946815615));
#9249=CARTESIAN_POINT('Ctrl Pts',(-3.88399449604995,-0.362130663862267,
0.415351729122436));
#9250=CARTESIAN_POINT('Ctrl Pts',(-3.88553072192803,-0.361513228002762,
0.414989399349761));
#9251=CARTESIAN_POINT('Ctrl Pts',(-3.8870524207713,-0.360902213807025,0.41462320391649));
#9252=CARTESIAN_POINT('Ctrl Pts',(-3.88855916715599,-0.360297794145944,
0.414253219576125));
#9253=CARTESIAN_POINT('Ctrl Pts',(-3.90092618291244,-0.355336861405024,
0.411216476157717));
#9254=CARTESIAN_POINT('Ctrl Pts',(-3.91227892657961,-0.350823107111786,
0.407924589076235));
#9255=CARTESIAN_POINT('Ctrl Pts',(-3.92246310341059,-0.346816511986241,
0.404439378307441));
#9256=CARTESIAN_POINT('Ctrl Pts',(-3.93217205430617,-0.342996877274669,
0.401116798507763));
#9257=CARTESIAN_POINT('Ctrl Pts',(-3.94081873850019,-0.339638241740024,
0.397618801482867));
#9258=CARTESIAN_POINT('Ctrl Pts',(-3.9483127282128,-0.336773968618927,0.39400400407288));
#9259=CARTESIAN_POINT('Ctrl Pts',(-3.95227204173671,-0.335260681873221,
0.392094191433625));
#9260=CARTESIAN_POINT('Ctrl Pts',(-3.95591035883303,-0.333885063922521,
0.390151836639239));
#9261=CARTESIAN_POINT('Ctrl Pts',(-3.95921981953836,-0.33264971296658,0.388185808559307));
#9262=CARTESIAN_POINT('Ctrl Pts',(-3.96561715354584,-0.330261724896839,
0.384385389271916));
#9263=CARTESIAN_POINT('Ctrl Pts',(-3.97078129011886,-0.328399597601173,
0.380497878106351));
#9264=CARTESIAN_POINT('Ctrl Pts',(-3.9747550850667,-0.327039719383283,0.376593056681807));
#9265=CARTESIAN_POINT('Ctrl Pts',(-3.97877005173438,-0.325665751730545,
0.37264777815873));
#9266=CARTESIAN_POINT('Ctrl Pts',(-3.98156989468562,-0.324804469704593,
0.368685078271037));
#9267=CARTESIAN_POINT('Ctrl Pts',(-3.98324819259005,-0.324411161883155,
0.364771697406484));
#9268=CARTESIAN_POINT('Ctrl Pts',(-3.9843909149776,-0.32414336577165,0.362107147857144));
#9269=CARTESIAN_POINT('Ctrl Pts',(-3.98501473405907,-0.324092092203207,
0.359465345014965));
#9270=CARTESIAN_POINT('Ctrl Pts',(-3.9851618017102,-0.324238095128672,0.356865170876187));
#9271=CARTESIAN_POINT('Ctrl Pts',(-2.66828489858169,-1.28560147389995,0.356865170876186));
#9272=CARTESIAN_POINT('Ctrl Pts',(-2.66811902096553,-1.28529651999913,0.361237498762429));
#9273=CARTESIAN_POINT('Ctrl Pts',(-2.66836200087746,-1.28426539235208,0.365728296290945));
#9274=CARTESIAN_POINT('Ctrl Pts',(-2.66907554290681,-1.28241351412342,0.370244728646289));
#9275=CARTESIAN_POINT('Ctrl Pts',(-2.66978474685659,-1.28057289465006,0.374733702713111));
#9276=CARTESIAN_POINT('Ctrl Pts',(-2.67095890610773,-1.27792136230005,0.379247576028359));
#9277=CARTESIAN_POINT('Ctrl Pts',(-2.67263419025156,-1.27441007507717,0.383683298395646));
#9278=CARTESIAN_POINT('Ctrl Pts',(-2.67320501516211,-1.27321366298057,0.385194696227988));
#9279=CARTESIAN_POINT('Ctrl Pts',(-2.67383380460156,-1.2719178184139,0.3866969485004));
#9280=CARTESIAN_POINT('Ctrl Pts',(-2.67452131442229,-1.27052180461523,0.388185808559132));
#9281=CARTESIAN_POINT('Ctrl Pts',(-2.67649311313689,-1.26651799531568,0.392455903707597));
#9282=CARTESIAN_POINT('Ctrl Pts',(-2.67894937007644,-1.26168794676583,0.396614163140998));
#9283=CARTESIAN_POINT('Ctrl Pts',(-2.68186320103311,-1.25609058622706,0.400570385265859));
#9284=CARTESIAN_POINT('Ctrl Pts',(-2.68491103340885,-1.25023581396249,0.404708546352445));
#9285=CARTESIAN_POINT('Ctrl Pts',(-2.68845938122709,-1.24354180589279,0.40862508136735));
#9286=CARTESIAN_POINT('Ctrl Pts',(-2.69244895363692,-1.23612453565414,0.41222416761867));
#9287=CARTESIAN_POINT('Ctrl Pts',(-2.69321173480234,-1.23470640021114,0.41291229028526));
#9288=CARTESIAN_POINT('Ctrl Pts',(-2.69399056839859,-1.23326195391724,0.413588844936734));
#9289=CARTESIAN_POINT('Ctrl Pts',(-2.69478493586943,-1.23179218041194,0.414253219576065));
#9290=CARTESIAN_POINT('Ctrl Pts',(-2.6995391522381,-1.22299572094745,0.418229440785005));
#9291=CARTESIAN_POINT('Ctrl Pts',(-2.70485056142282,-1.21329126736479,0.421765223627347));
#9292=CARTESIAN_POINT('Ctrl Pts',(-2.71054788080748,-1.20298716444998,0.424780496593765));
#9293=CARTESIAN_POINT('Ctrl Pts',(-2.71554167943641,-1.19395544066302,0.427423435314398));
#9294=CARTESIAN_POINT('Ctrl Pts',(-2.72083083772777,-1.1844649479013,0.42966668684399));
#9295=CARTESIAN_POINT('Ctrl Pts',(-2.72628809387682,-1.17474064074553,0.431481306791673));
#9296=CARTESIAN_POINT('Ctrl Pts',(-2.73253453955735,-1.16361007352083,0.433558344157052));
#9297=CARTESIAN_POINT('Ctrl Pts',(-2.73899688482043,-1.15218085611536,0.435072668967634));
#9298=CARTESIAN_POINT('Ctrl Pts',(-2.7454650407973,-1.14081329224474,0.436058041803785));
#9299=CARTESIAN_POINT('Ctrl Pts',(-2.75131748724829,-1.13052781689924,0.436949616122408));
#9300=CARTESIAN_POINT('Ctrl Pts',(-2.75717413190472,-1.12029370689211,0.437408737061588));
#9301=CARTESIAN_POINT('Ctrl Pts',(-2.76289566036822,-1.1103458450247,0.437487593951408));
#9302=CARTESIAN_POINT('Ctrl Pts',(-2.76349759660243,-1.10929927529266,0.437495890129536));
#9303=CARTESIAN_POINT('Ctrl Pts',(-2.76409805725696,-1.10825583617066,0.4375));
#9304=CARTESIAN_POINT('Ctrl Pts',(-2.7646968948876,-1.10721577337247,0.4375));
#9305=CARTESIAN_POINT('Origin',(1.48846762839203,-2.03890504274167,0.35));
#9306=CARTESIAN_POINT('Ctrl Pts',(2.7646968948876,-1.10721577337247,0.4375));
#9307=CARTESIAN_POINT('Ctrl Pts',(2.75900481929133,-1.11710178548834,0.4375));
#9308=CARTESIAN_POINT('Ctrl Pts',(2.75316423163784,-1.12729637202892,0.437126663904134));
#9309=CARTESIAN_POINT('Ctrl Pts',(2.74731219142989,-1.13756892025546,0.436325194290341));
#9310=CARTESIAN_POINT('Ctrl Pts',(2.74086576154088,-1.14888484761936,0.435442319687656));
#9311=CARTESIAN_POINT('Ctrl Pts',(2.73440606362174,-1.16029438088854,0.43403921964485));
#9312=CARTESIAN_POINT('Ctrl Pts',(2.72813966159706,-1.17144380575363,0.432078688548072));
#9313=CARTESIAN_POINT('Ctrl Pts',(2.7275205054816,-1.17254543226305,0.431884976939188));
#9314=CARTESIAN_POINT('Ctrl Pts',(2.72690324781462,-1.17364449541841,0.431685854749838));
#9315=CARTESIAN_POINT('Ctrl Pts',(2.72628809387817,-1.17474064074542,0.431481306791396));
#9316=CARTESIAN_POINT('Ctrl Pts',(2.72006202559711,-1.18583489739814,0.429411045218554));
#9317=CARTESIAN_POINT('Ctrl Pts',(2.71405498324441,-1.19662453397695,0.426782052643316));
#9318=CARTESIAN_POINT('Ctrl Pts',(2.70845521604253,-1.2067764122014,0.423639939889796));
#9319=CARTESIAN_POINT('Ctrl Pts',(2.7035469235831,-1.2156747084237,0.420885823909827));
#9320=CARTESIAN_POINT('Ctrl Pts',(2.69895208845265,-1.22408193209181,0.417738445991888));
#9321=CARTESIAN_POINT('Ctrl Pts',(2.69478493587076,-1.23179218041156,0.414253219575623));
#9322=CARTESIAN_POINT('Ctrl Pts',(2.69061820608753,-1.2395016464507,0.410768346769892));
#9323=CARTESIAN_POINT('Ctrl Pts',(2.68688089283037,-1.24651090966052,0.406947217242807));
#9324=CARTESIAN_POINT('Ctrl Pts',(2.68363777475126,-1.25269467707598,0.402884091441583));
#9325=CARTESIAN_POINT('Ctrl Pts',(2.68054181789764,-1.25859784700196,0.399005335915409));
#9326=CARTESIAN_POINT('Ctrl Pts',(2.67789634332814,-1.26374845608218,0.394906596668279));
#9327=CARTESIAN_POINT('Ctrl Pts',(2.67573347760115,-1.26807851558452,0.390677754897088));
#9328=CARTESIAN_POINT('Ctrl Pts',(2.67531105388036,-1.26892420832605,0.389851830729295));
#9329=CARTESIAN_POINT('Ctrl Pts',(2.67490695939713,-1.26973873841131,0.389020955027251));
#9330=CARTESIAN_POINT('Ctrl Pts',(2.67452131442307,-1.27052180461479,0.388185808558917));
#9331=CARTESIAN_POINT('Ctrl Pts',(2.67250387983753,-1.27461827921681,0.383816885112481));
#9332=CARTESIAN_POINT('Ctrl Pts',(2.67099395283754,-1.27784889818463,0.379333060368871));
#9333=CARTESIAN_POINT('Ctrl Pts',(2.66996400996673,-1.28024715142128,0.374839857760691));
#9334=CARTESIAN_POINT('Ctrl Pts',(2.66892844901077,-1.28265848653974,0.370322145836929));
#9335=CARTESIAN_POINT('Ctrl Pts',(2.6683780507516,-1.28422841223446,0.365795421306102));
#9336=CARTESIAN_POINT('Ctrl Pts',(2.6682594842885,-1.28503634068561,0.361357098923629));
#9337=CARTESIAN_POINT('Ctrl Pts',(2.66821918443248,-1.28531094953712,0.359848546266116));
#9338=CARTESIAN_POINT('Ctrl Pts',(2.66822856355186,-1.28549790605585,0.358350092274943));
#9339=CARTESIAN_POINT('Ctrl Pts',(2.66828489858169,-1.28560147389995,0.356865170876187));
#9340=CARTESIAN_POINT('Ctrl Pts',(3.96985333894275,-0.335413775600365,0.356865170876186));
#9341=CARTESIAN_POINT('Ctrl Pts',(3.96992084417208,-0.334990194659806,0.360706414607912));
#9342=CARTESIAN_POINT('Ctrl Pts',(3.96895310803038,-0.33499288561789,0.36463835889498));
#9343=CARTESIAN_POINT('Ctrl Pts',(3.96681699595917,-0.335484247322567,0.368598995326952));
#9344=CARTESIAN_POINT('Ctrl Pts',(3.96470984837493,-0.335968946436888,0.372505927740389));
#9345=CARTESIAN_POINT('Ctrl Pts',(3.96146570161535,-0.336929215560968,0.376440562831711));
#9346=CARTESIAN_POINT('Ctrl Pts',(3.95700330210514,-0.338406111627008,0.380336146082142));
#9347=CARTESIAN_POINT('Ctrl Pts',(3.95397691166548,-0.339407739590711,0.382978122865942));
#9348=CARTESIAN_POINT('Ctrl Pts',(3.95039115628607,-0.340646597528507,0.385601984787705));
#9349=CARTESIAN_POINT('Ctrl Pts',(3.94623329620378,-0.342130301411729,0.388185808559232));
#9350=CARTESIAN_POINT('Ctrl Pts',(3.94027717889465,-0.344255701065779,0.391887125386822));
#9351=CARTESIAN_POINT('Ctrl Pts',(3.93314615085256,-0.346884101212432,0.39550457232785));
#9352=CARTESIAN_POINT('Ctrl Pts',(3.92489965332787,-0.349996553997748,0.398979210250292));
#9353=CARTESIAN_POINT('Ctrl Pts',(3.91629172391542,-0.353245421022247,0.402606136455101));
#9354=CARTESIAN_POINT('Ctrl Pts',(3.9064685500596,-0.357021668184336,0.406077182099867));
#9355=CARTESIAN_POINT('Ctrl Pts',(3.89555070766838,-0.361281091004794,0.409328866085902));
#9356=CARTESIAN_POINT('Ctrl Pts',(3.8898279379647,-0.363513738720212,0.411033290635588));
#9357=CARTESIAN_POINT('Ctrl Pts',(3.88380525849622,-0.365878772451006,0.412677529785351));
#9358=CARTESIAN_POINT('Ctrl Pts',(3.8775051379861,-0.368367598397739,0.414253219576041));
#9359=CARTESIAN_POINT('Ctrl Pts',(3.86417013977961,-0.373635511842026,0.417588365387784));
#9360=CARTESIAN_POINT('Ctrl Pts',(3.84959313168866,-0.379457841713457,0.420614301449509));
#9361=CARTESIAN_POINT('Ctrl Pts',(3.83410422115712,-0.38570072738792,0.423282036442633));
#9362=CARTESIAN_POINT('Ctrl Pts',(3.81596542790507,-0.393011662028201,0.426406174411729));
#9363=CARTESIAN_POINT('Ctrl Pts',(3.7965779305338,-0.400898686827373,0.42903780675575));
#9364=CARTESIAN_POINT('Ctrl Pts',(3.77652603634853,-0.409120585364976,0.431131782056585));
#9365=CARTESIAN_POINT('Ctrl Pts',(3.77539403478357,-0.409584741116323,0.431249994495551));
#9366=CARTESIAN_POINT('Ctrl Pts',(3.7742599223827,-0.41004996023184,0.431366504140121));
#9367=CARTESIAN_POINT('Ctrl Pts',(3.77312380598419,-0.410516198188684,0.431481306791525));
#9368=CARTESIAN_POINT('Ctrl Pts',(3.75377427427988,-0.418456833619701,0.433436544429158));
#9369=CARTESIAN_POINT('Ctrl Pts',(3.73385467555086,-0.426688606447848,0.434893441737201));
#9370=CARTESIAN_POINT('Ctrl Pts',(3.71393381468163,-0.434969377645913,0.435879221206039));
#9371=CARTESIAN_POINT('Ctrl Pts',(3.69674941789656,-0.442112646146608,0.436729587344645));
#9372=CARTESIAN_POINT('Ctrl Pts',(3.67956490384075,-0.44929197389332,0.437229925543672));
#9373=CARTESIAN_POINT('Ctrl Pts',(3.66271001154893,-0.456364945608537,0.437415905311776));
#9374=CARTESIAN_POINT('Ctrl Pts',(3.65759013827958,-0.458513444583945,0.437472398870255));
#9375=CARTESIAN_POINT('Ctrl Pts',(3.65250036778523,-0.460652249459306,0.4375));
#9376=CARTESIAN_POINT('Ctrl Pts',(3.64744905366168,-0.462777712411295,0.4375));
#9377=CARTESIAN_POINT('Origin',(2.67194051041193,1.29557825928879,2.74447048315095));
#9378=CARTESIAN_POINT('Origin',(2.75775350101278,1.4502617905667,0.779029865419303));
#9379=CARTESIAN_POINT('Origin',(4.05808703609334,-0.423981790622158,1.11294892518141));
#9380=CARTESIAN_POINT('Origin',(4.07712887834716,-0.482359959771525,0.371183955846518));
#9381=CARTESIAN_POINT('Origin',(2.76973115041116,-1.42379344126019,0.504696591777474));
#9382=CARTESIAN_POINT('Origin',(2.77556043798611,-1.43254765807111,0.371183955846518));
#9383=CARTESIAN_POINT('Ctrl Pts',(2.75775350101278,1.26832437716041,0.764711080448971));
#9384=CARTESIAN_POINT('Ctrl Pts',(2.57604905454946,1.26894490477229,0.7568265295679));
#9385=CARTESIAN_POINT('Ctrl Pts',(2.57542720057409,1.4502617905667,0.771069327225129));
#9386=CARTESIAN_POINT('Ctrl Pts',(2.75575050426023,1.26649471530636,0.787959138564416));
#9387=CARTESIAN_POINT('Ctrl Pts',(2.57502837040278,1.26808891783453,0.780204039955259));
#9388=CARTESIAN_POINT('Ctrl Pts',(2.57342420450397,1.44665125907112,0.816945479609523));
#9389=CARTESIAN_POINT('Ctrl Pts',(2.75377847703202,1.26028071986697,0.810847744624405));
#9390=CARTESIAN_POINT('Ctrl Pts',(2.57400346372524,1.26278439838034,0.803678262214171));
#9391=CARTESIAN_POINT('Ctrl Pts',(2.57145217659327,1.43438897350754,0.862112344531324));
#9392=CARTESIAN_POINT('Ctrl Pts',(2.75016347877005,1.23992964082351,0.852805720628097));
#9393=CARTESIAN_POINT('Ctrl Pts',(2.57210226651682,1.24360665107371,0.847222837336421));
#9394=CARTESIAN_POINT('Ctrl Pts',(2.56783717833142,1.394229510862,0.9449094171786));
#9395=CARTESIAN_POINT('Ctrl Pts',(2.74852196233686,1.22579935348869,0.871858207551807));
#9396=CARTESIAN_POINT('Ctrl Pts',(2.57122545498691,1.22976393205606,0.867305123040847));
#9397=CARTESIAN_POINT('Ctrl Pts',(2.56619566189824,1.36634574385445,0.982506324708056));
#9398=CARTESIAN_POINT('Ctrl Pts',(2.74579468454305,1.19155568025706,0.903512733486573));
#9399=CARTESIAN_POINT('Ctrl Pts',(2.56975877510749,1.19534219764784,0.900897615148133));
#9400=CARTESIAN_POINT('Ctrl Pts',(2.5634683841043,1.29877156201082,1.044971255886));
#9401=CARTESIAN_POINT('Ctrl Pts',(2.74470979781353,1.17145327622532,0.91610462096593));
#9402=CARTESIAN_POINT('Ctrl Pts',(2.56916784818302,1.17477442450375,0.914432066868429));
#9403=CARTESIAN_POINT('Ctrl Pts',(2.56238349737508,1.25910281805488,1.06981924717856));
#9404=CARTESIAN_POINT('Ctrl Pts',(2.74324543244994,1.12802791540026,0.93310097956862));
#9405=CARTESIAN_POINT('Ctrl Pts',(2.56836921492549,1.12994205081136,0.932723775771635));
#9406=CARTESIAN_POINT('Ctrl Pts',(2.560919132011,1.17341010602659,1.1033587281546));
#9407=CARTESIAN_POINT('Ctrl Pts',(2.74286642343398,1.10472231210014,0.9375));
#9408=CARTESIAN_POINT('Ctrl Pts',(2.56816068047184,1.10567276054952,0.93750000000008));
#9409=CARTESIAN_POINT('Ctrl Pts',(2.56054012299466,1.12742038218117,1.11203946180572));
#9410=CARTESIAN_POINT('Ctrl Pts',(2.74286642343334,1.08140237708545,0.9375));
#9411=CARTESIAN_POINT('Ctrl Pts',(2.56816068047184,1.08140237708545,0.9375));
#9412=CARTESIAN_POINT('Ctrl Pts',(2.56054012299465,1.08140237708545,1.11203946180583));
#9413=CARTESIAN_POINT('Origin',(2.74286642343334,1.08140237708545,1.12));
#9414=CARTESIAN_POINT('Ctrl Pts',(3.96985333894274,-0.335413775600366,0.356865170876186));
#9415=CARTESIAN_POINT('Ctrl Pts',(4.01782321560794,-0.300541627030649,0.355352107561243));
#9416=CARTESIAN_POINT('Ctrl Pts',(4.07712887834716,-0.300422546365229,0.356865170876186));
#9417=CARTESIAN_POINT('Ctrl Pts',(3.97004404923237,-0.334217109137753,0.367717140616547));
#9418=CARTESIAN_POINT('Ctrl Pts',(4.01760575069705,-0.298890762704186,0.376328327687326));
#9419=CARTESIAN_POINT('Ctrl Pts',(4.07626946162844,-0.297787760618536,0.390343298009627));
#9420=CARTESIAN_POINT('Ctrl Pts',(3.96198756663982,-0.336508497945608,0.378395614167845));
#9421=CARTESIAN_POINT('Ctrl Pts',(4.00717736058048,-0.297260969312907,0.397036816191173));
#9422=CARTESIAN_POINT('Ctrl Pts',(4.0646468079322,-0.295193857089214,0.423301967319084));
#9423=CARTESIAN_POINT('Ctrl Pts',(3.93047902576674,-0.347752104878959,0.397976002949989));
#9424=CARTESIAN_POINT('Ctrl Pts',(3.96844037690684,-0.294500094886563,0.432117051905211));
#9425=CARTESIAN_POINT('Ctrl Pts',(4.02145867354545,-0.290438740463967,0.483721452703857));
#9426=CARTESIAN_POINT('Ctrl Pts',(3.9070369934887,-0.356701210729765,0.406867163524514));
#9427=CARTESIAN_POINT('Ctrl Pts',(3.93942947880157,-0.29335558871624,0.446659381627453));
#9428=CARTESIAN_POINT('Ctrl Pts',(3.98990719349597,-0.288279513395697,0.511157033905184));
#9429=CARTESIAN_POINT('Ctrl Pts',(3.84797328248295,-0.380033986067238,0.421639275626731));
#9430=CARTESIAN_POINT('Ctrl Pts',(3.86913545108645,-0.291886117091784,0.465330788939066));
#9431=CARTESIAN_POINT('Ctrl Pts',(3.91119085457305,-0.284692091479343,0.556739551249422));
#9432=CARTESIAN_POINT('Ctrl Pts',(3.81237054534442,-0.394410172788862,0.42751548978217));
#9433=CARTESIAN_POINT('Ctrl Pts',(3.82670286252497,-0.291584236676928,0.469166543296959));
#9434=CARTESIAN_POINT('Ctrl Pts',(3.86405123983905,-0.28326504710678,0.574871869214815));
#9435=CARTESIAN_POINT('Ctrl Pts',(3.73387706662389,-0.42662222358938,0.435447123800621));
#9436=CARTESIAN_POINT('Ctrl Pts',(3.73766176080316,-0.292004210957688,0.463830264102722));
#9437=CARTESIAN_POINT('Ctrl Pts',(3.76063571338361,-0.281338842004025,0.599346625614275));
#9438=CARTESIAN_POINT('Ctrl Pts',(3.69102110444779,-0.444443715074577,0.4375));
#9439=CARTESIAN_POINT('Ctrl Pts',(3.69006024408641,-0.292800555841942,0.453711742963152));
#9440=CARTESIAN_POINT('Ctrl Pts',(3.70440422142547,-0.280840299005016,0.605681215029472));
#9441=CARTESIAN_POINT('Ctrl Pts',(3.64744905366168,-0.462777712411296,0.4375));
#9442=CARTESIAN_POINT('Ctrl Pts',(3.64744905366168,-0.294076447683674,0.4375));
#9443=CARTESIAN_POINT('Ctrl Pts',(3.64744905366168,-0.280840299005001,0.605681215029668));
#9444=CARTESIAN_POINT('Origin',(3.64744905366168,-0.462777712411297,0.62));
#9445=CARTESIAN_POINT('Ctrl Pts',(2.7646968948876,-1.10721577337247,0.4375));
#9446=CARTESIAN_POINT('Ctrl Pts',(2.5899911519261,-1.10721577337247,0.437499999999999));
#9447=CARTESIAN_POINT('Ctrl Pts',(2.58237059444891,-1.10721577337247,0.612039461805826));
#9448=CARTESIAN_POINT('Ctrl Pts',(2.75131279926718,-1.13046130643429,0.4375));
#9449=CARTESIAN_POINT('Ctrl Pts',(2.58944995973148,-1.13044581116063,0.449895339147239));
#9450=CARTESIAN_POINT('Ctrl Pts',(2.58237059444891,-1.14879366282222,0.612039461805814));
#9451=CARTESIAN_POINT('Ctrl Pts',(2.73821482226216,-1.15348835443148,0.43544712379636));
#9452=CARTESIAN_POINT('Ctrl Pts',(2.58910372175071,-1.15795401718995,0.457825492678711));
#9453=CARTESIAN_POINT('Ctrl Pts',(2.58264716859629,-1.19014238627034,0.605704872377584));
#9454=CARTESIAN_POINT('Ctrl Pts',(2.71436136549418,-1.19599292705936,0.427515489786431));
#9455=CARTESIAN_POINT('Ctrl Pts',(2.58894381573179,-1.21195587073857,0.461487942644007));
#9456=CARTESIAN_POINT('Ctrl Pts',(2.58371575953702,-1.26678521476565,0.581230116003823));
#9457=CARTESIAN_POINT('Ctrl Pts',(2.70361616197759,-1.21545225886721,0.421639275620047));
#9458=CARTESIAN_POINT('Ctrl Pts',(2.58910349879843,-1.23871919501254,0.457830599129845));
#9459=CARTESIAN_POINT('Ctrl Pts',(2.58450743363797,-1.30204777769756,0.563097798004855));
#9460=CARTESIAN_POINT('Ctrl Pts',(2.68595370976394,-1.24813210195591,0.406867163531199));
#9461=CARTESIAN_POINT('Ctrl Pts',(2.58985144385312,-1.28442348548181,0.44069984094366));
#9462=CARTESIAN_POINT('Ctrl Pts',(2.58649760932356,-1.36164781801618,0.517515280702068));
#9463=CARTESIAN_POINT('Ctrl Pts',(2.67904212532707,-1.26134213297558,0.397976002945905));
#9464=CARTESIAN_POINT('Ctrl Pts',(2.59042965876102,-1.30389784357735,0.427456542261878));
#9465=CARTESIAN_POINT('Ctrl Pts',(2.5876954726695,-1.38596618197023,0.490079699467424));
#9466=CARTESIAN_POINT('Ctrl Pts',(2.67000050351906,-1.27970147625401,0.378395614171929));
#9467=CARTESIAN_POINT('Ctrl Pts',(2.59183030359595,-1.33092418562269,0.395376501345387));
#9468=CARTESIAN_POINT('Ctrl Pts',(2.59033344437035,-1.42032424880057,0.429660214107833));
#9469=CARTESIAN_POINT('Ctrl Pts',(2.66787331299504,-1.28484480381379,0.367714055609047));
#9470=CARTESIAN_POINT('Ctrl Pts',(2.59265747208907,-1.3388569729682,0.376431228096021));
#9471=CARTESIAN_POINT('Ctrl Pts',(2.59177249482893,-1.43035261500758,0.396700539792268));
#9472=CARTESIAN_POINT('Ctrl Pts',(2.66828489858169,-1.28560147389995,0.356865170876187));
#9473=CARTESIAN_POINT('Ctrl Pts',(2.59349809751029,-1.34016783676651,0.357177740548493));
#9474=CARTESIAN_POINT('Ctrl Pts',(2.59323413754742,-1.43254765807111,0.363223417652345));
#9475=CARTESIAN_POINT('Origin',(2.7646968948876,-1.10721577337247,0.62));
#9476=CARTESIAN_POINT('Origin',(2.74286642343334,-1.75,1.12));
#9477=CARTESIAN_POINT('Origin',(2.74286642343334,-0.0814023770854456,1.12));
#9478=CARTESIAN_POINT('Origin',(-2.52847673032667E-16,-0.462777712411295,
0.62));
#9479=CARTESIAN_POINT('Origin',(2.7646968948876,-0.462777712411296,0.62));
#9480=CARTESIAN_POINT('Origin',(2.7646968948876,0.,0.62));
#9481=CARTESIAN_POINT('Origin',(2.7646968948876,-0.462777712411296,0.62));
#9482=CARTESIAN_POINT('Ctrl Pts',(2.74286642343334,-0.081402377085448,0.9375));
#9483=CARTESIAN_POINT('Ctrl Pts',(2.56816068047184,-0.0814023770854479,
0.9375));
#9484=CARTESIAN_POINT('Ctrl Pts',(2.56054012299465,-0.0814023770854456,
1.11203946180583));
#9485=CARTESIAN_POINT('Ctrl Pts',(2.74286642343398,-0.104722312100178,0.9375));
#9486=CARTESIAN_POINT('Ctrl Pts',(2.56816068047184,-0.105672760549448,0.93750000000008));
#9487=CARTESIAN_POINT('Ctrl Pts',(2.56054012299466,-0.127420382181177,1.11203946180572));
#9488=CARTESIAN_POINT('Ctrl Pts',(2.74324543244993,-0.128027915400204,0.933100979568643));
#9489=CARTESIAN_POINT('Ctrl Pts',(2.56836921492549,-0.129942050811449,0.932723775771756));
#9490=CARTESIAN_POINT('Ctrl Pts',(2.560919132011,-0.173410106026566,1.10335872815467));
#9491=CARTESIAN_POINT('Ctrl Pts',(2.74470979781353,-0.171453276225375,0.916104620965909));
#9492=CARTESIAN_POINT('Ctrl Pts',(2.56916784818302,-0.174774424503651,0.914432066868313));
#9493=CARTESIAN_POINT('Ctrl Pts',(2.56238349737508,-0.259102818054899,1.06981924717849));
#9494=CARTESIAN_POINT('Ctrl Pts',(2.74579468454274,-0.191555680257022,0.903512733486612));
#9495=CARTESIAN_POINT('Ctrl Pts',(2.56975877510686,-0.195342197647731,0.900897615148229));
#9496=CARTESIAN_POINT('Ctrl Pts',(2.56346838410429,-0.298771562010761,1.04497125588613));
#9497=CARTESIAN_POINT('Ctrl Pts',(2.74852196233718,-0.22579935348873,0.871858207551771));
#9498=CARTESIAN_POINT('Ctrl Pts',(2.57122545498754,-0.229763932056163,0.867305123040764));
#9499=CARTESIAN_POINT('Ctrl Pts',(2.56619566189825,-0.366345743854513,0.982506324707937));
#9500=CARTESIAN_POINT('Ctrl Pts',(2.75016347877005,-0.239929640823486,0.852805720628154));
#9501=CARTESIAN_POINT('Ctrl Pts',(2.5721022665165,-0.243606651073632,0.847222837336506));
#9502=CARTESIAN_POINT('Ctrl Pts',(2.56783717833142,-0.394229510861885,0.944909417178683));
#9503=CARTESIAN_POINT('Ctrl Pts',(2.75377847703202,-0.260280719866997,0.810847744624351));
#9504=CARTESIAN_POINT('Ctrl Pts',(2.57400346372556,-0.262784398380426,0.803678262214096));
#9505=CARTESIAN_POINT('Ctrl Pts',(2.57145217659327,-0.434388973507658,0.862112344531246));
#9506=CARTESIAN_POINT('Ctrl Pts',(2.75575050426023,-0.266494715306365,0.787959138564459));
#9507=CARTESIAN_POINT('Ctrl Pts',(2.57502837040277,-0.26808891783497,0.780204039955352));
#9508=CARTESIAN_POINT('Ctrl Pts',(2.57342420450397,-0.44665125907152,0.816945479609623));
#9509=CARTESIAN_POINT('Ctrl Pts',(2.75775350101278,-0.268324377160412,0.764711080448971));
#9510=CARTESIAN_POINT('Ctrl Pts',(2.57604905454946,-0.268944904772298,0.7568265295679));
#9511=CARTESIAN_POINT('Ctrl Pts',(2.57542720057409,-0.450261790566708,0.771069327225129));
#9512=CARTESIAN_POINT('Origin',(2.75775350101278,-0.450261790566708,0.779029865419303));
#9513=CARTESIAN_POINT('Origin',(2.7646968948876,-0.462777712411296,0.62));
#9514=CARTESIAN_POINT('Origin',(2.7646968948876,-0.462777712411296,0.62));
#9515=CARTESIAN_POINT('Origin',(2.74249888216571,-0.422764341811663,1.12841807902337));
#9516=CARTESIAN_POINT('Origin',(-2.76973115041116,-1.42379344126019,0.504696591777474));
#9517=CARTESIAN_POINT('Origin',(-2.77556043798611,-1.43254765807111,0.371183955846518));
#9518=CARTESIAN_POINT('Origin',(-4.05714603135629,-0.427750069386622,1.08132701064607));
#9519=CARTESIAN_POINT('Origin',(-4.09243734111462,-0.471184279299832,0.371183955846518));
#9520=CARTESIAN_POINT('Ctrl Pts',(-2.66828489858169,-1.28560147389995,0.356865170876186));
#9521=CARTESIAN_POINT('Ctrl Pts',(-2.59349809751029,-1.34016783676651,0.357177740548493));
#9522=CARTESIAN_POINT('Ctrl Pts',(-2.59323413754742,-1.43254765807111,0.363223417652344));
#9523=CARTESIAN_POINT('Ctrl Pts',(-2.66787331299549,-1.28484480381346,0.367714055609017));
#9524=CARTESIAN_POINT('Ctrl Pts',(-2.59265747209,-1.33885697296854,0.376431228096101));
#9525=CARTESIAN_POINT('Ctrl Pts',(-2.59177249482893,-1.43035261500758,0.39670053979226));
#9526=CARTESIAN_POINT('Ctrl Pts',(-2.6700005035189,-1.27970147625411,0.378395614171961));
#9527=CARTESIAN_POINT('Ctrl Pts',(-2.59183030359595,-1.33092418562257,0.395376501345357));
#9528=CARTESIAN_POINT('Ctrl Pts',(-2.59033344437035,-1.42032424880057,0.429660214107844));
#9529=CARTESIAN_POINT('Ctrl Pts',(-2.67904212532724,-1.26134213297548,0.397976002945874));
#9530=CARTESIAN_POINT('Ctrl Pts',(-2.59042965876102,-1.30389784357747,0.427456542261908));
#9531=CARTESIAN_POINT('Ctrl Pts',(-2.5876954726695,-1.38596618197023,0.490079699467413));
#9532=CARTESIAN_POINT('Ctrl Pts',(-2.68595370976395,-1.24813210195589,0.406867163531211));
#9533=CARTESIAN_POINT('Ctrl Pts',(-2.58985144385312,-1.28442348548176,0.440699840943632));
#9534=CARTESIAN_POINT('Ctrl Pts',(-2.58649760932356,-1.36164781801602,0.517515280702056));
#9535=CARTESIAN_POINT('Ctrl Pts',(-2.70361616197758,-1.21545225886723,0.421639275620035));
#9536=CARTESIAN_POINT('Ctrl Pts',(-2.58910349879843,-1.23871919501259,0.457830599129875));
#9537=CARTESIAN_POINT('Ctrl Pts',(-2.58450743363797,-1.30204777769772,0.563097798004867));
#9538=CARTESIAN_POINT('Ctrl Pts',(-2.71436136549444,-1.19599292705935,0.427515489786375));
#9539=CARTESIAN_POINT('Ctrl Pts',(-2.58894381573179,-1.21195587073859,0.461487942643838));
#9540=CARTESIAN_POINT('Ctrl Pts',(-2.58371575953702,-1.26678521476565,0.581230116003858));
#9541=CARTESIAN_POINT('Ctrl Pts',(-2.7382148222619,-1.15348835443149,0.435447123796415));
#9542=CARTESIAN_POINT('Ctrl Pts',(-2.58910372175071,-1.15795401718996,0.457825492678891));
#9543=CARTESIAN_POINT('Ctrl Pts',(-2.58264716859629,-1.19014238627034,0.605704872377549));
#9544=CARTESIAN_POINT('Ctrl Pts',(-2.75131279926819,-1.13046130643475,0.4375));
#9545=CARTESIAN_POINT('Ctrl Pts',(-2.58944995973175,-1.1304458111611,0.449895339146263));
#9546=CARTESIAN_POINT('Ctrl Pts',(-2.58237059444891,-1.14879366282222,0.612039461805814));
#9547=CARTESIAN_POINT('Ctrl Pts',(-2.7646968948876,-1.10721577337247,0.4375));
#9548=CARTESIAN_POINT('Ctrl Pts',(-2.5899911519261,-1.10721577337247,0.4375));
#9549=CARTESIAN_POINT('Ctrl Pts',(-2.58237059444891,-1.10721577337247,0.612039461805826));
#9550=CARTESIAN_POINT('Origin',(-2.7646968948876,-1.10721577337247,0.62));
#9551=CARTESIAN_POINT('Ctrl Pts',(-3.6567796946712,-0.455966038103926,0.4375));
#9552=CARTESIAN_POINT('Ctrl Pts',(-3.6567796946712,-0.284287180893637,0.4375));
#9553=CARTESIAN_POINT('Ctrl Pts',(-3.6567796946712,-0.273806437391935,0.608858641534889));
#9554=CARTESIAN_POINT('Ctrl Pts',(-3.7003510314752,-0.43763234119299,0.4375));
#9555=CARTESIAN_POINT('Ctrl Pts',(-3.69916431058874,-0.283278883099611,
0.453985523211486));
#9556=CARTESIAN_POINT('Ctrl Pts',(-3.71373421952876,-0.273806437391941,
0.608858641534792));
#9557=CARTESIAN_POINT('Ctrl Pts',(-3.74335989655876,-0.419699446369427,
0.435447123800613));
#9558=CARTESIAN_POINT('Ctrl Pts',(-3.74680791169015,-0.282643312560803,
0.464377009665107));
#9559=CARTESIAN_POINT('Ctrl Pts',(-3.77011854331845,-0.274193877478147,
0.602524052119678));
#9560=CARTESIAN_POINT('Ctrl Pts',(-3.82244138290538,-0.387058130694654,
0.427515489782178));
#9561=CARTESIAN_POINT('Ctrl Pts',(-3.83635554889295,-0.282290775415582,
0.470140941036432));
#9562=CARTESIAN_POINT('Ctrl Pts',(-3.87412207740003,-0.275690817707105,
0.578049295719853));
#9563=CARTESIAN_POINT('Ctrl Pts',(-3.85847975016899,-0.372363919677552,
0.421639275626978));
#9564=CARTESIAN_POINT('Ctrl Pts',(-3.87923160477773,-0.282514159477865,
0.466488643903507));
#9565=CARTESIAN_POINT('Ctrl Pts',(-3.92169732225882,-0.276799837783206,
0.559916977755507));
#9566=CARTESIAN_POINT('Ctrl Pts',(-3.91863858414236,-0.34823166861615,0.406867163524267));
#9567=CARTESIAN_POINT('Ctrl Pts',(-3.95067789130221,-0.283639360860356,
0.448091763919042));
#9568=CARTESIAN_POINT('Ctrl Pts',(-4.00150878414992,-0.27958778397714,0.514334460409541));
#9569=CARTESIAN_POINT('Ctrl Pts',(-3.94273975805344,-0.338801367729712,
0.397976002950582));
#9570=CARTESIAN_POINT('Ctrl Pts',(-3.98041096191297,-0.284522023927511,
0.433660350338087));
#9571=CARTESIAN_POINT('Ctrl Pts',(-4.03371940583178,-0.2812658160086,0.486898879210916));
#9572=CARTESIAN_POINT('Ctrl Pts',(-3.97569988102212,-0.326498058204766,
0.378395614167253));
#9573=CARTESIAN_POINT('Ctrl Pts',(-4.02071778173644,-0.286658390685398,
0.39873106259973));
#9574=CARTESIAN_POINT('Ctrl Pts',(-4.07835912231488,-0.284961230043101,
0.426479393822467));
#9575=CARTESIAN_POINT('Ctrl Pts',(-3.98454819570863,-0.323628931451187,
0.367713800355865));
#9576=CARTESIAN_POINT('Ctrl Pts',(-4.03202608697705,-0.287922022564061,
0.378070864010469));
#9577=CARTESIAN_POINT('Ctrl Pts',(-4.09077366425398,-0.286977135142369,
0.3935196367959));
#9578=CARTESIAN_POINT('Ctrl Pts',(-3.9851618017102,-0.324238095128672,0.356865170876187));
#9579=CARTESIAN_POINT('Ctrl Pts',(-4.0331190289525,-0.289204307067163,0.357105697705092));
#9580=CARTESIAN_POINT('Ctrl Pts',(-4.09243734111462,-0.289024678587841,
0.360042597381407));
#9581=CARTESIAN_POINT('Origin',(-3.6567796946712,-0.455966038103926,0.62));
#9582=CARTESIAN_POINT('Origin',(-2.7646968948876,0.,0.62));
#9583=CARTESIAN_POINT('Origin',(-2.7646968948876,-0.455966038103926,0.62));
#9584=CARTESIAN_POINT('Origin',(-2.5625,-0.455966038103926,0.62));
#9585=CARTESIAN_POINT('Origin',(-2.7646968948876,-0.455966038103926,0.62));
#9586=CARTESIAN_POINT('Origin',(-2.7646968948876,-0.455966038103926,0.62));
#9587=CARTESIAN_POINT('Origin',(-2.7646968948876,-0.455966038103926,0.62));
#9588=CARTESIAN_POINT('Origin',(-2.68612817875016,-0.345902713294496,2.4195194538532));
#9589=CARTESIAN_POINT('Origin',(-2.75803476069376,-0.446633358689667,0.772587959627897));
#9590=CARTESIAN_POINT('Ctrl Pts',(-2.75803476069376,-0.264473757977677,
0.761446601162785));
#9591=CARTESIAN_POINT('Ctrl Pts',(-2.57619268749254,-0.26495754248939,0.753536794314706));
#9592=CARTESIAN_POINT('Ctrl Pts',(-2.57570846025507,-0.446633358689667,
0.764627421433723));
#9593=CARTESIAN_POINT('Ctrl Pts',(-2.75600584839403,-0.263033448580335,
0.7849954516502));
#9594=CARTESIAN_POINT('Ctrl Pts',(-2.57516034343133,-0.264507464421168,
0.777181360670891));
#9595=CARTESIAN_POINT('Ctrl Pts',(-2.57367954851283,-0.443791148926276,
0.811097140296489));
#9596=CARTESIAN_POINT('Ctrl Pts',(-2.75400193219891,-0.257098763672603,
0.808254181406579));
#9597=CARTESIAN_POINT('Ctrl Pts',(-2.57412013580655,-0.259512200689873,
0.801006032218867));
#9598=CARTESIAN_POINT('Ctrl Pts',(-2.57167563176002,-0.432080036594326,
0.856994379781472));
#9599=CARTESIAN_POINT('Ctrl Pts',(-2.75032174685002,-0.237067060711284,
0.850968760323689));
#9600=CARTESIAN_POINT('Ctrl Pts',(-2.57218642107906,-0.240708589920262,
0.845295380972271));
#9601=CARTESIAN_POINT('Ctrl Pts',(-2.56799544641153,-0.392550809417315,
0.941284482177907));
#9602=CARTESIAN_POINT('Ctrl Pts',(-2.74864702697746,-0.222976993824788,
0.870406627550174));
#9603=CARTESIAN_POINT('Ctrl Pts',(-2.57129243309256,-0.226932293017705,
0.865771072220501));
#9604=CARTESIAN_POINT('Ctrl Pts',(-2.56632072653869,-0.364746410761309,
0.979641873504812));
#9605=CARTESIAN_POINT('Ctrl Pts',(-2.74586190877566,-0.18861359409475,0.902732486155726));
#9606=CARTESIAN_POINT('Ctrl Pts',(-2.56979529539138,-0.192422197933146,
0.900061163119938));
#9607=CARTESIAN_POINT('Ctrl Pts',(-2.56353560833705,-0.296935968627351,
1.04343156781982));
#9608=CARTESIAN_POINT('Ctrl Pts',(-2.74475244600773,-0.168351804403473,
0.915609618821399));
#9609=CARTESIAN_POINT('Ctrl Pts',(-2.56919107875422,-0.171700894914003,
0.913899999319833));
#9610=CARTESIAN_POINT('Ctrl Pts',(-2.56242614556888,-0.256952703636557,
1.06884244294667));
#9611=CARTESIAN_POINT('Ctrl Pts',(-2.74325445173747,-0.124493990576283,
0.932996295958967));
#9612=CARTESIAN_POINT('Ctrl Pts',(-2.56837419629166,-0.126430764413902,
0.93260968372125));
#9613=CARTESIAN_POINT('Ctrl Pts',(-2.56092815129894,-0.170406617684265,
1.10315215249824));
#9614=CARTESIAN_POINT('Ctrl Pts',(-2.74286642343399,-0.10091633045578,0.9375));
#9615=CARTESIAN_POINT('Ctrl Pts',(-2.56816068047184,-0.10187798521992,0.937500000000081));
#9616=CARTESIAN_POINT('Ctrl Pts',(-2.56054012299466,-0.123880035046447,
1.11203946180572));
#9617=CARTESIAN_POINT('Ctrl Pts',(-2.74286642343335,-0.0773234832735768,
0.9375));
#9618=CARTESIAN_POINT('Ctrl Pts',(-2.56816068047184,-0.0773234832735768,
0.9375));
#9619=CARTESIAN_POINT('Ctrl Pts',(-2.56054012299466,-0.0773234832735769,
1.11203946180583));
#9620=CARTESIAN_POINT('Origin',(-2.74286642343335,-0.0773234832735768,1.12));
#9621=CARTESIAN_POINT('Origin',(-2.74286642343335,-1.75,1.12));
#9622=CARTESIAN_POINT('Origin',(-2.74286642343335,1.07732348327358,1.12));
#9623=CARTESIAN_POINT('Ctrl Pts',(-2.74286642343335,1.07732348327358,0.9375));
#9624=CARTESIAN_POINT('Ctrl Pts',(-2.56816068047184,1.07732348327358,0.9375));
#9625=CARTESIAN_POINT('Ctrl Pts',(-2.56054012299466,1.07732348327358,1.11203946180583));
#9626=CARTESIAN_POINT('Ctrl Pts',(-2.74286642343399,1.10091633045575,0.9375));
#9627=CARTESIAN_POINT('Ctrl Pts',(-2.56816068047184,1.10187798521986,0.937500000000081));
#9628=CARTESIAN_POINT('Ctrl Pts',(-2.56054012299466,1.12388003504646,1.11203946180572));
#9629=CARTESIAN_POINT('Ctrl Pts',(-2.74325445173747,1.12449399057633,0.93299629595895));
#9630=CARTESIAN_POINT('Ctrl Pts',(-2.56837419629166,1.126430764414,0.932609683721248));
#9631=CARTESIAN_POINT('Ctrl Pts',(-2.56092815129894,1.17040661768424,1.10315215249824));
#9632=CARTESIAN_POINT('Ctrl Pts',(-2.74475244600773,1.16835180440343,0.915609618821416));
#9633=CARTESIAN_POINT('Ctrl Pts',(-2.56919107875422,1.17170089491392,0.91389999931983));
#9634=CARTESIAN_POINT('Ctrl Pts',(-2.56242614556888,1.25695270363658,1.06884244294667));
#9635=CARTESIAN_POINT('Ctrl Pts',(-2.74586190877567,1.18861359409472,0.902732486155754));
#9636=CARTESIAN_POINT('Ctrl Pts',(-2.56979529539138,1.19242219793309,0.900061163119949));
#9637=CARTESIAN_POINT('Ctrl Pts',(-2.56353560833705,1.29693596862741,1.04343156781984));
#9638=CARTESIAN_POINT('Ctrl Pts',(-2.74864702697746,1.22297699382482,0.870406627550146));
#9639=CARTESIAN_POINT('Ctrl Pts',(-2.57129243309256,1.22693229301775,0.865771072220494));
#9640=CARTESIAN_POINT('Ctrl Pts',(-2.56632072653869,1.36474641076125,0.979641873504784));
#9641=CARTESIAN_POINT('Ctrl Pts',(-2.75032174685002,1.23706706071127,0.850968760323716));
#9642=CARTESIAN_POINT('Ctrl Pts',(-2.57218642107873,1.24070858992026,0.845295380972271));
#9643=CARTESIAN_POINT('Ctrl Pts',(-2.56799544641153,1.39255080941735,0.941284482177987));
#9644=CARTESIAN_POINT('Ctrl Pts',(-2.75400193219891,1.25709876367261,0.808254181406551));
#9645=CARTESIAN_POINT('Ctrl Pts',(-2.57412013580687,1.25951220068987,0.801006032218867));
#9646=CARTESIAN_POINT('Ctrl Pts',(-2.57167563176002,1.43208003659428,0.856994379781392));
#9647=CARTESIAN_POINT('Ctrl Pts',(-2.75600584839435,1.26303344858033,0.78499545165025));
#9648=CARTESIAN_POINT('Ctrl Pts',(-2.57516034343133,1.26450746442123,0.777181360670903));
#9649=CARTESIAN_POINT('Ctrl Pts',(-2.57367954851283,1.44379114892627,0.811097140296547));
#9650=CARTESIAN_POINT('Ctrl Pts',(-2.75803476069376,1.26447375797768,0.761446601162786));
#9651=CARTESIAN_POINT('Ctrl Pts',(-2.57619268749254,1.26495754248939,0.753536794314706));
#9652=CARTESIAN_POINT('Ctrl Pts',(-2.57570846025507,1.44663335868967,0.764627421433723));
#9653=CARTESIAN_POINT('Origin',(-2.75803476069376,1.44663335868967,0.772587959627897));
#9654=CARTESIAN_POINT('Origin',(-2.74743466118047,1.43178416357615,1.01537015367038));
#9655=CARTESIAN_POINT('Origin',(1.80450855574838,1.85949931120275,2.90257601277456));
#9656=CARTESIAN_POINT('Origin',(1.84085134729077,1.87505896980784,2.30837662345852));
#9657=CARTESIAN_POINT('Ctrl Pts',(1.84085134729077,1.6926215079998,2.30359933039233));
#9658=CARTESIAN_POINT('Ctrl Pts',(1.65898238490461,1.69291258965711,2.29248337037019));
#9659=CARTESIAN_POINT('Ctrl Pts',(1.65869174657878,1.87505896980784,2.29723526499341));
#9660=CARTESIAN_POINT('Ctrl Pts',(1.83833251048965,1.69215813093895,2.32129498641989));
#9661=CARTESIAN_POINT('Ctrl Pts',(1.6578948344575,1.69387288269121,2.31026466300922));
#9662=CARTESIAN_POINT('Ctrl Pts',(1.65617291071616,1.87398056541358,2.33841786731519));
#9663=CARTESIAN_POINT('Ctrl Pts',(1.83582834070816,1.68823721507431,2.3388876018178));
#9664=CARTESIAN_POINT('Ctrl Pts',(1.6567730450798,1.69132980379399,2.32860575720388));
#9665=CARTESIAN_POINT('Ctrl Pts',(1.65366873999618,1.86485552445407,2.37936069667434));
#9666=CARTESIAN_POINT('Ctrl Pts',(1.83121208321176,1.67405172476423,2.37131832728556));
#9667=CARTESIAN_POINT('Ctrl Pts',(1.6546558805102,1.67898847296166,2.36322109193522));
#9668=CARTESIAN_POINT('Ctrl Pts',(1.64905248249975,1.83184201973222,2.45483583958145));
#9669=CARTESIAN_POINT('Ctrl Pts',(1.82910211990468,1.66379244831027,2.38614151269326));
#9670=CARTESIAN_POINT('Ctrl Pts',(1.65365979887369,1.6692254583487,2.37950688273424));
#9671=CARTESIAN_POINT('Ctrl Pts',(1.64694251919269,1.80796588543952,2.48933343471179));
#9672=CARTESIAN_POINT('Ctrl Pts',(1.82558626879994,1.63843717977751,2.41084152174852));
#9673=CARTESIAN_POINT('Ctrl Pts',(1.65197771139207,1.64374201920544,2.40700876995826));
#9674=CARTESIAN_POINT('Ctrl Pts',(1.64342666808795,1.74895726049048,2.54681709214977));
#9675=CARTESIAN_POINT('Ctrl Pts',(1.82418167468553,1.62335051735573,2.42070925684652));
#9676=CARTESIAN_POINT('Ctrl Pts',(1.65129007954184,1.62803655806057,2.41825145132752));
#9677=CARTESIAN_POINT('Ctrl Pts',(1.64202207397354,1.71384648249072,2.56978200292297));
#9678=CARTESIAN_POINT('Ctrl Pts',(1.82228401369707,1.59055957224123,2.43404094871913));
#9679=CARTESIAN_POINT('Ctrl Pts',(1.65035830563809,1.59328041386941,2.4334858199943));
#9680=CARTESIAN_POINT('Ctrl Pts',(1.64012441298508,1.63753301022426,2.60080848582688));
#9681=CARTESIAN_POINT('Ctrl Pts',(1.82179164508121,1.57287033966289,2.4375));
#9682=CARTESIAN_POINT('Ctrl Pts',(1.65011278787135,1.57422489208638,2.43749999999986));
#9683=CARTESIAN_POINT('Ctrl Pts',(1.63963204436931,1.59636534167828,2.60885864153575));
#9684=CARTESIAN_POINT('Ctrl Pts',(1.82179164508135,1.55516862581566,2.4375));
#9685=CARTESIAN_POINT('Ctrl Pts',(1.65011278787106,1.55516862581566,2.4375));
#9686=CARTESIAN_POINT('Ctrl Pts',(1.63963204436936,1.55516862581566,2.60885864153489));
#9687=CARTESIAN_POINT('Origin',(1.82179164508135,1.55516862581566,2.62));
#9688=CARTESIAN_POINT('Origin',(1.82179164508135,0.125,2.62));
#9689=CARTESIAN_POINT('Ctrl Pts',(1.71370663705593,0.0987933629440683,2.4375));
#9690=CARTESIAN_POINT('Ctrl Pts',(1.59533997975007,0.217160020249926,2.4375));
#9691=CARTESIAN_POINT('Ctrl Pts',(1.5851397049295,0.2273602950705,2.60427301913287));
#9692=CARTESIAN_POINT('Ctrl Pts',(1.6795345687192,0.0646212946075638,2.4375));
#9693=CARTESIAN_POINT('Ctrl Pts',(1.576683141735,0.198503182235712,2.43749999999983));
#9694=CARTESIAN_POINT('Ctrl Pts',(1.56782277840757,0.210043368548655,2.60427301913354));
#9695=CARTESIAN_POINT('Ctrl Pts',(1.6385858705009,0.0372768963589478,2.4375));
#9696=CARTESIAN_POINT('Ctrl Pts',(1.55400733835735,0.183848346753383,2.43750000000017));
#9697=CARTESIAN_POINT('Ctrl Pts',(1.5470468332488,0.196211325632752,2.60468038650916));
#9698=CARTESIAN_POINT('Ctrl Pts',(1.54924297342831,0.000310171699239662,
2.4375));
#9699=CARTESIAN_POINT('Ctrl Pts',(1.50487948497489,0.165098199546803,2.43749999999983));
#9700=CARTESIAN_POINT('Ctrl Pts',(1.50167579191375,0.177574112711824,2.60624873945481));
#9701=CARTESIAN_POINT('Ctrl Pts',(1.50089850939079,-0.00929164508135326,
2.4375));
#9702=CARTESIAN_POINT('Ctrl Pts',(1.47837587585015,0.161023496626886,2.4375));
#9703=CARTESIAN_POINT('Ctrl Pts',(1.47710619382614,0.17277928170764,2.60740883570938));
#9704=CARTESIAN_POINT('Ctrl Pts',(1.45248176966526,-0.00929164508135326,
2.4375));
#9705=CARTESIAN_POINT('Ctrl Pts',(1.45248176966526,0.162387212128936,2.4375));
#9706=CARTESIAN_POINT('Ctrl Pts',(1.45248176966526,0.172867955630637,2.60885864153489));
#9707=CARTESIAN_POINT('Origin',(1.45248176966526,-0.00929164508135331,2.62));
#9708=CARTESIAN_POINT('Origin',(-1.0625,-0.00929164508135331,2.62));
#9709=CARTESIAN_POINT('Ctrl Pts',(-1.08870663705593,0.0987933629440684,
2.4375));
#9710=CARTESIAN_POINT('Ctrl Pts',(-0.970339979750073,0.217160020249927,
2.4375));
#9711=CARTESIAN_POINT('Ctrl Pts',(-0.9601397049295,0.2273602950705,2.60427301913287));
#9712=CARTESIAN_POINT('Ctrl Pts',(-1.12287870539238,0.132965431280767,2.4375));
#9713=CARTESIAN_POINT('Ctrl Pts',(-0.988996817764373,0.235816858264918,
2.4375));
#9714=CARTESIAN_POINT('Ctrl Pts',(-0.977456631451386,0.244677221592469,
2.60427301913355));
#9715=CARTESIAN_POINT('Ctrl Pts',(-1.15022310364114,0.173914129499139,2.4375));
#9716=CARTESIAN_POINT('Ctrl Pts',(-1.00365165324672,0.258492661642545,2.4375));
#9717=CARTESIAN_POINT('Ctrl Pts',(-0.991288674367216,0.265453166751125,
2.60468038650915));
#9718=CARTESIAN_POINT('Ctrl Pts',(-1.18718982830068,0.263257026571651,2.4375));
#9719=CARTESIAN_POINT('Ctrl Pts',(-1.02240180045309,0.30762051502522,2.4375));
#9720=CARTESIAN_POINT('Ctrl Pts',(-1.00992588728821,0.310824208086323,2.60624873945482));
#9721=CARTESIAN_POINT('Ctrl Pts',(-1.19679164508135,0.31160149060924,2.4375));
#9722=CARTESIAN_POINT('Ctrl Pts',(-1.02647650337349,0.334124124149784,2.4375));
#9723=CARTESIAN_POINT('Ctrl Pts',(-1.01472071829236,0.335393806173804,2.60740883570935));
#9724=CARTESIAN_POINT('Ctrl Pts',(-1.19679164508135,0.360018230334738,2.4375));
#9725=CARTESIAN_POINT('Ctrl Pts',(-1.02511278787106,0.360018230334738,2.4375));
#9726=CARTESIAN_POINT('Ctrl Pts',(-1.01463204436936,0.360018230334738,2.60885864153489));
#9727=CARTESIAN_POINT('Origin',(-1.19679164508135,0.360018230334738,2.62));
#9728=CARTESIAN_POINT('Origin',(-1.19679164508135,0.125,2.62));
#9729=CARTESIAN_POINT('Origin',(-1.19679164508135,1.55516862581566,2.62));
#9730=CARTESIAN_POINT('Ctrl Pts',(-1.19679164508135,1.55516862581566,2.4375));
#9731=CARTESIAN_POINT('Ctrl Pts',(-1.02511278787106,1.55516862581566,2.4375));
#9732=CARTESIAN_POINT('Ctrl Pts',(-1.01463204436936,1.55516862581566,2.60885864153489));
#9733=CARTESIAN_POINT('Ctrl Pts',(-1.19679164508121,1.5728703396629,2.4375));
#9734=CARTESIAN_POINT('Ctrl Pts',(-1.02511278787106,1.5742249493874,2.43750000000086));
#9735=CARTESIAN_POINT('Ctrl Pts',(-1.01463204436931,1.5963653416783,2.60885864153575));
#9736=CARTESIAN_POINT('Ctrl Pts',(-1.19728401369715,1.59055957224121,2.43404094871914));
#9737=CARTESIAN_POINT('Ctrl Pts',(-1.02535830563809,1.59328041386925,2.43348581999431));
#9738=CARTESIAN_POINT('Ctrl Pts',(-1.01512441298508,1.63753301022422,2.60080848582689));
#9739=CARTESIAN_POINT('Ctrl Pts',(-1.19918167468546,1.62335051735575,2.42070925684652));
#9740=CARTESIAN_POINT('Ctrl Pts',(-1.02629007954184,1.62803655806073,2.41825145132752));
#9741=CARTESIAN_POINT('Ctrl Pts',(-1.01702207397354,1.71384648249076,2.56978200292296));
#9742=CARTESIAN_POINT('Ctrl Pts',(-1.20058626879994,1.63843717977752,2.41084152174851));
#9743=CARTESIAN_POINT('Ctrl Pts',(-1.02697771139193,1.64374201920531,2.40700876995811));
#9744=CARTESIAN_POINT('Ctrl Pts',(-1.01842666808797,1.74895726049051,2.54681709214946));
#9745=CARTESIAN_POINT('Ctrl Pts',(-1.20410211990468,1.66379244831026,2.38614151269327));
#9746=CARTESIAN_POINT('Ctrl Pts',(-1.02865979887383,1.66922545834883,2.3795068827344));
#9747=CARTESIAN_POINT('Ctrl Pts',(-1.02194251919267,1.8079658854395,2.4893334347121));
#9748=CARTESIAN_POINT('Ctrl Pts',(-1.20621208321169,1.67405172476418,2.37131832728568));
#9749=CARTESIAN_POINT('Ctrl Pts',(-1.0296558805102,1.67898847296166,2.36322109193522));
#9750=CARTESIAN_POINT('Ctrl Pts',(-1.02405248249975,1.83184201973236,2.45483583958145));
#9751=CARTESIAN_POINT('Ctrl Pts',(-1.21082834070823,1.68823721507436,2.33888760181768));
#9752=CARTESIAN_POINT('Ctrl Pts',(-1.0317730450798,1.69132980379399,2.32860575720388));
#9753=CARTESIAN_POINT('Ctrl Pts',(-1.02866873999619,1.86485552445393,2.37936069667434));
#9754=CARTESIAN_POINT('Ctrl Pts',(-1.21333251048964,1.69215813093895,2.32129498641999));
#9755=CARTESIAN_POINT('Ctrl Pts',(-1.03289483445751,1.69387288269178,2.31026466300919));
#9756=CARTESIAN_POINT('Ctrl Pts',(-1.03117291071616,1.87398056541358,2.33841786731519));
#9757=CARTESIAN_POINT('Ctrl Pts',(-1.21585134729077,1.6926215079998,2.30359933039233));
#9758=CARTESIAN_POINT('Ctrl Pts',(-1.03398238490462,1.69291258965711,2.29248337037019));
#9759=CARTESIAN_POINT('Ctrl Pts',(-1.03369174657878,1.87505896980784,2.29723526499341));
#9760=CARTESIAN_POINT('Origin',(-1.21585134729077,1.87505896980784,2.30837662345852));
#9761=CARTESIAN_POINT('Origin',(-1.17950855574838,1.85949931120275,2.90257601277456));
#9762=CARTESIAN_POINT('Ctrl Pts',(1.78878305660089,2.22628305660089,-0.0625000000000002));
#9763=CARTESIAN_POINT('Ctrl Pts',(1.78878305660089,2.22628305660089,0.0726552884339307));
#9764=CARTESIAN_POINT('Ctrl Pts',(1.74139110271003,2.27367501049176,-0.0625000000000002));
#9765=CARTESIAN_POINT('Ctrl Pts',(1.74139110271003,2.27367501049176,0.0726552884339307));
#9766=CARTESIAN_POINT('Ctrl Pts',(1.67942688920943,2.29931346742888,-0.0625000000000002));
#9767=CARTESIAN_POINT('Ctrl Pts',(1.67942688920943,2.29931346742888,0.0726552884339307));
#9768=CARTESIAN_POINT('Ctrl Pts',(1.61227976782341,2.29931346742888,-0.0625000000000002));
#9769=CARTESIAN_POINT('Ctrl Pts',(1.61227976782341,2.29931346742888,0.0726552884339307));
#9770=CARTESIAN_POINT('',(1.61227976775022,2.29931346742888,0.049456424694145));
#9771=CARTESIAN_POINT('',(1.61227976782341,2.29931346742888,-0.0625000000000002));
#9772=CARTESIAN_POINT('Ctrl Pts',(1.61227976775006,2.29931346742888,0.0494564246907092));
#9773=CARTESIAN_POINT('Ctrl Pts',(1.64509877875808,2.29931346742888,0.0479084744014515));
#9774=CARTESIAN_POINT('Ctrl Pts',(1.67756491280832,2.29287230804379,0.046880929387212));
#9775=CARTESIAN_POINT('Ctrl Pts',(1.73815007615257,2.26778917168225,0.04545179064976));
#9776=CARTESIAN_POINT('Ctrl Pts',(1.76562523856567,2.24944087463597,0.0451242831812829));
#9777=CARTESIAN_POINT('Ctrl Pts',(1.78878305660033,2.22628305660145,0.0451243366340572));
#9778=CARTESIAN_POINT('Origin',(1.86181346742888,2.04977976782341,-0.0625000000000002));
#9779=CARTESIAN_POINT('',(1.86181346742888,0.125,0.0495582913655997));
#9780=CARTESIAN_POINT('',(1.86181346742888,1.93347005735211,-0.0625000000000002));
#9781=CARTESIAN_POINT('Ctrl Pts',(-1.16378305660089,2.22628305660089,-0.0625000000000002));
#9782=CARTESIAN_POINT('Ctrl Pts',(-1.16378305660089,2.22628305660089,0.0726552884339309));
#9783=CARTESIAN_POINT('Ctrl Pts',(-1.21117501049176,2.17889110271003,-0.0625000000000002));
#9784=CARTESIAN_POINT('Ctrl Pts',(-1.21117501049176,2.17889110271003,0.0726552884339309));
#9785=CARTESIAN_POINT('Ctrl Pts',(-1.23681346742888,2.11692688920943,-0.0625000000000002));
#9786=CARTESIAN_POINT('Ctrl Pts',(-1.23681346742888,2.11692688920943,0.0726552884339309));
#9787=CARTESIAN_POINT('Ctrl Pts',(-1.23681346742888,2.04977976782341,-0.0625000000000002));
#9788=CARTESIAN_POINT('Ctrl Pts',(-1.23681346742888,2.04977976782341,0.0726552884339309));
#9789=CARTESIAN_POINT('',(-1.23681346742888,2.04977976775022,0.0494564246942054));
#9790=CARTESIAN_POINT('',(-1.23681346742888,2.04977976782341,-0.0625000000000002));
#9791=CARTESIAN_POINT('Ctrl Pts',(-1.23681346742888,2.04977976775006,0.0494564246907711));
#9792=CARTESIAN_POINT('Ctrl Pts',(-1.23681346742888,2.08259877875809,0.0479084744019139));
#9793=CARTESIAN_POINT('Ctrl Pts',(-1.23037230804376,2.11506491280853,0.0468809293871103));
#9794=CARTESIAN_POINT('Ctrl Pts',(-1.20528917168202,2.17565007615298,0.0454517906498626));
#9795=CARTESIAN_POINT('Ctrl Pts',(-1.1869408746356,2.20312523856618,0.0451242831810279));
#9796=CARTESIAN_POINT('Ctrl Pts',(-1.16378305660089,2.22628305660089,0.0451243366340568));
#9797=CARTESIAN_POINT('Origin',(-0.987279767823414,2.29931346742888,-0.0625000000000002));
#9798=CARTESIAN_POINT('',(1.6079726129597,2.29931346742888,0.0495582913655883));
#9799=CARTESIAN_POINT('Ctrl Pts',(1.6079726129597,2.29931346742888,0.0495582913655883));
#9800=CARTESIAN_POINT('Ctrl Pts',(1.60868984109483,2.29931346742888,0.0495582902256025));
#9801=CARTESIAN_POINT('Ctrl Pts',(1.60940666032911,2.29931346742944,0.049549787281226));
#9802=CARTESIAN_POINT('Ctrl Pts',(1.6108427801033,2.29931346742944,0.0495158137168812));
#9803=CARTESIAN_POINT('Ctrl Pts',(1.61156127406587,2.29931346742888,0.049490313356826));
#9804=CARTESIAN_POINT('Ctrl Pts',(1.61227976775006,2.29931346742888,0.0494564246907113));
#9805=CARTESIAN_POINT('',(-1.0625,2.29931346742888,0.0495582913655883));
#9806=CARTESIAN_POINT('Origin',(1.97981872085803,1.93347005735211,-0.0625000000000002));
#9807=CARTESIAN_POINT('',(1.97737846608076,1.81549003788484,0.057951097181918));
#9808=CARTESIAN_POINT('Ctrl Pts',(1.8709486880945,1.88794472590966,0.050119424382295));
#9809=CARTESIAN_POINT('Ctrl Pts',(1.87533238682368,1.87746147605403,0.0503926600249167));
#9810=CARTESIAN_POINT('Ctrl Pts',(1.88121068852234,1.86765967572896,0.0508606290936192));
#9811=CARTESIAN_POINT('Ctrl Pts',(1.89558784611078,1.85004608151036,0.0518053954423945));
#9812=CARTESIAN_POINT('Ctrl Pts',(1.90400279305863,1.8423342983359,0.0522687424794027));
#9813=CARTESIAN_POINT('Ctrl Pts',(1.92274389460346,1.82956477750259,0.0535910519905845));
#9814=CARTESIAN_POINT('Ctrl Pts',(1.93298999444436,1.824561737726,0.0544506405926325));
#9815=CARTESIAN_POINT('Ctrl Pts',(1.9546842568268,1.81760678856546,0.0561422848472202));
#9816=CARTESIAN_POINT('Ctrl Pts',(1.96599964654284,1.81572539314976,0.0569429276702734));
#9817=CARTESIAN_POINT('Ctrl Pts',(1.97737846608076,1.81549003788484,0.0579510971819187));
#9818=CARTESIAN_POINT('',(1.97981872085803,1.81546480392297,0.0580595617396548));
#9819=CARTESIAN_POINT('Origin',(1.97765456386937,1.81864762567864,0.0444241176807471));
#9820=CARTESIAN_POINT('',(1.97981872085803,1.81546480392297,-0.0625000000000002));
#9821=CARTESIAN_POINT('Origin',(-1.23681346742888,2.04977976782341,-0.0625000000000002));
#9822=CARTESIAN_POINT('',(-1.23681346742888,2.0454726129597,0.0495582913655883));
#9823=CARTESIAN_POINT('Ctrl Pts',(-1.23681346742888,2.0454726129597,0.0495582913655883));
#9824=CARTESIAN_POINT('Ctrl Pts',(-1.23681346742888,2.04618984109474,0.0495582902256134));
#9825=CARTESIAN_POINT('Ctrl Pts',(-1.23681346742944,2.04690666032893,0.0495497872812536));
#9826=CARTESIAN_POINT('Ctrl Pts',(-1.23681346742944,2.04834278010336,0.049515813716923));
#9827=CARTESIAN_POINT('Ctrl Pts',(-1.23681346742888,2.04906127406602,0.04949031335687));
#9828=CARTESIAN_POINT('Ctrl Pts',(-1.23681346742888,2.04977976775006,0.0494564246907709));
#9829=CARTESIAN_POINT('',(-1.23681346742888,1.93347005735211,0.0495582913655883));
#9830=CARTESIAN_POINT('',(-1.23681346742888,1.93347005735211,-0.0625000000000002));
#9831=CARTESIAN_POINT('',(-1.23681346742888,0.125,0.0495582913655883));
#9832=CARTESIAN_POINT('Origin',(1.97981872085803,1.81546480392297,-0.0625000000000002));
#9833=CARTESIAN_POINT('',(2.41851106109213,1.81546480392297,0.0580595617396446));
#9834=CARTESIAN_POINT('',(-2.5625,1.81546480392296,0.0580595617396548));
#9835=CARTESIAN_POINT('Ctrl Pts',(2.41851106109213,1.81546480392297,0.0580595617396447));
#9836=CARTESIAN_POINT('Ctrl Pts',(2.42131438548638,1.81546480392297,0.0580595608827884));
#9837=CARTESIAN_POINT('Ctrl Pts',(2.42407119313826,1.81546480392297,0.0578568103245942));
#9838=CARTESIAN_POINT('Ctrl Pts',(2.43074658132238,1.81546480392297,0.0569368355593006));
#9839=CARTESIAN_POINT('Ctrl Pts',(2.43459984313583,1.81546480392297,0.0560530288497506));
#9840=CARTESIAN_POINT('Ctrl Pts',(2.45882664592806,1.81546480392297,0.0491813468854127));
#9841=CARTESIAN_POINT('Ctrl Pts',(2.48583262729382,1.81546480392423,0.0353489951648323));
#9842=CARTESIAN_POINT('Ctrl Pts',(2.54070742829798,1.81546480392423,0.014466347137655));
#9843=CARTESIAN_POINT('Ctrl Pts',(2.5651455172487,1.81546480392297,0.00664804062673589));
#9844=CARTESIAN_POINT('Ctrl Pts',(2.60167426090073,1.81546480392297,0.000981542430180346));
#9845=CARTESIAN_POINT('Ctrl Pts',(2.61280055270145,1.81546480392297,2.92450315973015E-15));
#9846=CARTESIAN_POINT('Ctrl Pts',(2.62389731136857,1.81546480392297,1.65447544116292E-16));
#9847=CARTESIAN_POINT('Origin',(-1.35481872085803,1.93347005735211,-0.0625000000000002));
#9848=CARTESIAN_POINT('',(-1.35237846608076,1.81549003788484,0.0579510971819169));
#9849=CARTESIAN_POINT('Ctrl Pts',(-1.35237846608076,1.81549003788484,0.0579510971819175));
#9850=CARTESIAN_POINT('Ctrl Pts',(-1.33707844114892,1.81580649790155,0.0565954512666348));
#9851=CARTESIAN_POINT('Ctrl Pts',(-1.32190817797625,1.81911343830011,0.0553928158728423));
#9852=CARTESIAN_POINT('Ctrl Pts',(-1.2939161481769,1.83126240033451,0.05329887295725));
#9853=CARTESIAN_POINT('Ctrl Pts',(-1.28124739847189,1.83996401336896,0.052426114868021));
#9854=CARTESIAN_POINT('Ctrl Pts',(-1.25978504371917,1.86182957353367,0.0509858323139544));
#9855=CARTESIAN_POINT('Ctrl Pts',(-1.25121229180752,1.87490571680485,0.0504467595906472));
#9856=CARTESIAN_POINT('Ctrl Pts',(-1.23974120364634,1.90327412378106,0.0497332720296648));
#9857=CARTESIAN_POINT('Ctrl Pts',(-1.23681346742888,1.91831915515546,0.0495582506640578));
#9858=CARTESIAN_POINT('Ctrl Pts',(-1.23681346742888,1.93347005735211,0.0495582913655878));
#9859=CARTESIAN_POINT('',(-1.35481872085803,1.81546480392297,0.058059561739643));
#9860=CARTESIAN_POINT('',(-1.35481872085803,1.81546480392297,-0.0625000000000002));
#9861=CARTESIAN_POINT('Origin',(-1.35265456388535,1.81864762556397,0.0444241181704172));
#9862=CARTESIAN_POINT('Origin',(-3.93,1.81546480392297,-0.0625000000000002));
#9863=CARTESIAN_POINT('',(-1.92591252597857E-16,1.81546480392297,0.));
#9864=CARTESIAN_POINT('',(-2.5625,1.81546480392297,0.058059561739643));
#9865=CARTESIAN_POINT('Origin',(3.54114831637874,-1.15360831561043,-0.0625000000000002));
#9866=CARTESIAN_POINT('',(2.56826006528469,-1.85563695233376,0.0469953311572706));
#9867=CARTESIAN_POINT('Ctrl Pts',(2.73088931439884,-1.73828495005114,-9.20291292865649E-17));
#9868=CARTESIAN_POINT('Ctrl Pts',(2.7218878710278,-1.74478032202779,-3.14395531004175E-18));
#9869=CARTESIAN_POINT('Ctrl Pts',(2.71286273564545,-1.75129278997672,0.000941732134933002));
#9870=CARTESIAN_POINT('Ctrl Pts',(2.68445442400468,-1.77179200812755,0.00610388952630957));
#9871=CARTESIAN_POINT('Ctrl Pts',(2.66579992238435,-1.78525295234191,0.0128281392143688));
#9872=CARTESIAN_POINT('Ctrl Pts',(2.62677711998252,-1.81341150500099,0.0289451913495988));
#9873=CARTESIAN_POINT('Ctrl Pts',(2.60787494988129,-1.82705116487657,0.0384806332681418));
#9874=CARTESIAN_POINT('Ctrl Pts',(2.58670712090515,-1.84232570668844,0.0446451212799395));
#9875=CARTESIAN_POINT('Ctrl Pts',(2.58248634528177,-1.84537138576164,0.045629522128144));
#9876=CARTESIAN_POINT('Ctrl Pts',(2.57489419581256,-1.85084982214924,0.0467324134298453));
#9877=CARTESIAN_POINT('Ctrl Pts',(2.57160017205913,-1.8532267642347,0.0469886397433292));
#9878=CARTESIAN_POINT('Ctrl Pts',(2.56826006864174,-1.85563695704958,0.0469953081923089));
#9879=CARTESIAN_POINT('',(2.56826006869689,-1.85563695700978,-0.0625000000000002));
#9880=CARTESIAN_POINT('',(3.67844623838815,-1.05453519607703,-0.0625000000000002));
#9881=CARTESIAN_POINT('Origin',(2.50275272448479,-1.90290655037621,-0.0625000000000002));
#9882=CARTESIAN_POINT('',(2.42197137389723,-1.90290655037621,-0.0625000000000002));
#9883=CARTESIAN_POINT('',(-2.41900588222208,-1.90290655037621,0.0495582913655875));
#9884=CARTESIAN_POINT('',(-2.5625,-1.90290655037621,0.0495582913655867));
#9885=CARTESIAN_POINT('',(-2.42196961489223,-1.90290655037621,0.0495101054092565));
#9886=CARTESIAN_POINT('Ctrl Pts',(-2.41900588222208,-1.90290655037621,0.0495582913655875));
#9887=CARTESIAN_POINT('Ctrl Pts',(-2.41950060406846,-1.90290655037621,0.0495582910216809));
#9888=CARTESIAN_POINT('Ctrl Pts',(-2.41999519167158,-1.90290655037627,0.049554256144044));
#9889=CARTESIAN_POINT('Ctrl Pts',(-2.42098323377743,-1.90290655037627,0.0495381581981399));
#9890=CARTESIAN_POINT('Ctrl Pts',(-2.42147642364292,-1.90290655037621,0.0495261200725262));
#9891=CARTESIAN_POINT('Ctrl Pts',(-2.42196961489216,-1.90290655037621,0.0495101054070708));
#9892=CARTESIAN_POINT('',(-2.4219696149584,-1.90290655037621,-0.0625000000000002));
#9893=CARTESIAN_POINT('Origin',(-2.50351483353619,-1.90290655037621,-0.0625000000000002));
#9894=CARTESIAN_POINT('',(-2.56937681586882,-1.85482514070349,-0.0625000000000002));
#9895=CARTESIAN_POINT('',(-3.66561510323893,-1.05453519607703,0.));
#9896=CARTESIAN_POINT('',(-1.77659479862075,-2.43358204419239,0.));
#9897=CARTESIAN_POINT('',(-3.66561510323893,-1.05453519607703,-0.0625000000000002));
#9898=CARTESIAN_POINT('Origin',(0.,0.313141213381139,2.65));
#9899=CARTESIAN_POINT('',(1.44945204669777,0.113514253696765,2.66220970790697));
#9900=CARTESIAN_POINT('',(-1.0625,0.113514253696765,2.66220970790697));
#9901=CARTESIAN_POINT('',(1.44945204669777,0.313141213381139,2.85));
#9902=CARTESIAN_POINT('Origin',(1.44945204669777,0.313141213381139,2.65));
#9903=CARTESIAN_POINT('',(0.,0.313141213381139,2.85));
#9904=CARTESIAN_POINT('Origin',(0.,0.,1.));
#9905=CARTESIAN_POINT('',(4.45640237708545,1.08140237708545,1.));
#9906=CARTESIAN_POINT('',(2.74286642343334,1.08140237708545,1.));
#9907=CARTESIAN_POINT('',(2.62799141436277,1.08140237708545,1.));
#9908=CARTESIAN_POINT('',(2.74286642343334,-0.0814023770854503,1.));
#9909=CARTESIAN_POINT('',(2.74286642343334,-0.0814023770854504,1.));
#9910=CARTESIAN_POINT('',(4.45640237708545,-0.0814023770854513,1.));
#9911=CARTESIAN_POINT('',(4.6875,-0.0814023770854514,1.));
#9912=CARTESIAN_POINT('',(4.45640237708545,1.3125,1.));
#9913=CARTESIAN_POINT('Origin',(2.7646968948876,-0.462777712411296,0.62));
#9914=CARTESIAN_POINT('',(2.64481110829778,-0.462777712411296,0.61476567351616));
#9915=CARTESIAN_POINT('',(2.7646968948876,-0.462777712411296,0.5));
#9916=CARTESIAN_POINT('Origin',(2.7646968948876,-0.462777712411296,0.62));
#9917=CARTESIAN_POINT('',(2.7646968948876,-0.343147632363321,0.610584908512658));
#9918=CARTESIAN_POINT('Origin',(2.7646968948876,-0.462777712411296,0.62));
#9919=CARTESIAN_POINT('Origin',(2.7646968948876,-0.462777712411296,0.62));
#9920=CARTESIAN_POINT('Origin',(0.,0.,0.5));
#9921=CARTESIAN_POINT('',(2.7646968948876,-1.10721577337247,0.5));
#9922=CARTESIAN_POINT('',(3.64744905366168,-0.462777712411296,0.5));
#9923=CARTESIAN_POINT('',(1.48846762839203,-2.03890504274167,0.5));
#9924=CARTESIAN_POINT('',(-2.52847673032667E-16,-0.462777712411295,0.5));
#9925=CARTESIAN_POINT('',(2.7646968948876,-1.19107830190046,0.5));
#9926=CARTESIAN_POINT('Origin',(-1.0625,-0.00929164508135331,2.62));
#9927=CARTESIAN_POINT('',(-0.827481769665263,0.110484530729271,2.61267417525582));
#9928=CARTESIAN_POINT('',(1.4593732174472,0.110484530729271,2.61267417525582));
#9929=CARTESIAN_POINT('',(-0.827481769665263,-0.00929164508135331,2.5));
#9930=CARTESIAN_POINT('Origin',(-0.827481769665263,-0.00929164508135331,
2.62));
#9931=CARTESIAN_POINT('',(-0.834373217447203,-0.00929164508135331,2.5));
#9932=CARTESIAN_POINT('Origin',(0.,0.,0.5));
#9933=CARTESIAN_POINT('',(-3.6567796946712,-0.455966038103926,0.5));
#9934=CARTESIAN_POINT('',(-2.7646968948876,-1.10721577337247,0.5));
#9935=CARTESIAN_POINT('',(-1.48846762839203,-2.03890504274167,0.5));
#9936=CARTESIAN_POINT('',(-2.7646968948876,-0.455966038103926,0.5));
#9937=CARTESIAN_POINT('',(-2.7646968948876,-0.343081310075243,0.5));
#9938=CARTESIAN_POINT('',(-1.46544694867442E-17,-0.455966038103926,0.5));
#9939=CARTESIAN_POINT('Origin',(-2.7646968948876,-0.455966038103926,0.62));
#9940=CARTESIAN_POINT('',(-2.7646968948876,-0.336189862293302,0.612674175255817));
#9941=CARTESIAN_POINT('Origin',(-2.7646968948876,-0.455966038103926,0.62));
#9942=CARTESIAN_POINT('',(-2.64481110829778,-0.455966038103926,0.61476567351616));
#9943=CARTESIAN_POINT('Origin',(-2.7646968948876,-0.455966038103926,0.62));
#9944=CARTESIAN_POINT('Origin',(-2.7646968948876,-0.455966038103926,0.62));
#9945=CARTESIAN_POINT('Origin',(0.,0.,1.));
#9946=CARTESIAN_POINT('',(-4.45640237708545,-0.0773234832735766,1.));
#9947=CARTESIAN_POINT('',(-2.74286642343335,-0.0773234832735766,1.));
#9948=CARTESIAN_POINT('',(-2.62799141436277,-0.0773234832735766,1.));
#9949=CARTESIAN_POINT('',(-2.74286642343335,1.07732348327358,1.));
#9950=CARTESIAN_POINT('',(-2.74286642343335,1.07732348327358,1.));
#9951=CARTESIAN_POINT('',(-4.45640237708545,1.07732348327358,1.));
#9952=CARTESIAN_POINT('',(-4.6875,1.07732348327358,1.));
#9953=CARTESIAN_POINT('',(-4.45640237708545,-0.3125,1.));
#9954=CARTESIAN_POINT('Origin',(1.48846762839203,-2.03890504274167,0.35));
#9955=CARTESIAN_POINT('',(4.00659153736891,-0.38573781127542,0.361768864359177));
#9956=CARTESIAN_POINT('',(2.70502309700786,-1.33592550957501,0.361768864359177));
#9957=CARTESIAN_POINT('',(1.57663930461484,-2.1596827283618,0.361768864359177));
#9958=CARTESIAN_POINT('Ctrl Pts',(4.00659153736891,-0.38573781127542,0.361768864359177));
#9959=CARTESIAN_POINT('Ctrl Pts',(4.00653286270836,-0.385151250113501,0.368228021374155));
#9960=CARTESIAN_POINT('Ctrl Pts',(4.00537006949874,-0.384827121335001,0.374837265098578));
#9961=CARTESIAN_POINT('Ctrl Pts',(4.00296606179689,-0.38480910170704,0.381496080800062));
#9962=CARTESIAN_POINT('Ctrl Pts',(4.00058284031115,-0.384791237885519,0.388097321152633));
#9963=CARTESIAN_POINT('Ctrl Pts',(3.99697964704502,-0.385074275951659,0.394746945298453));
#9964=CARTESIAN_POINT('Ctrl Pts',(3.99207152102236,-0.385689707477486,0.40133513317852));
#9965=CARTESIAN_POINT('Ctrl Pts',(3.98852868205969,-0.386133945212721,0.406090693367304));
#9966=CARTESIAN_POINT('Ctrl Pts',(3.98430693986129,-0.386751143731802,0.410813968084171));
#9967=CARTESIAN_POINT('Ctrl Pts',(3.97939064022251,-0.38754927770336,0.415461386101129));
#9968=CARTESIAN_POINT('Ctrl Pts',(3.97275779477332,-0.388626083364131,0.421731468827793));
#9969=CARTESIAN_POINT('Ctrl Pts',(3.96486005508796,-0.390032618862545,0.427861052437369));
#9970=CARTESIAN_POINT('Ctrl Pts',(3.95576256373252,-0.391761648709954,0.433752675402174));
#9971=CARTESIAN_POINT('Ctrl Pts',(3.94629036761004,-0.393561893324256,0.439886960780637));
#9972=CARTESIAN_POINT('Ctrl Pts',(3.93551773044352,-0.395711742229705,0.445762836070805));
#9973=CARTESIAN_POINT('Ctrl Pts',(3.92357343930565,-0.398188666773182,0.45127596972941));
#9974=CARTESIAN_POINT('Ctrl Pts',(3.91690975944518,-0.399570534646778,0.454351728458407));
#9975=CARTESIAN_POINT('Ctrl Pts',(3.90988236719711,-0.401053950281709,0.457314723262919));
#9976=CARTESIAN_POINT('Ctrl Pts',(3.9025201674547,-0.402633220810863,0.460148376415582));
#9977=CARTESIAN_POINT('Ctrl Pts',(3.88811510203955,-0.405723261298306,0.465692773532766));
#9978=CARTESIAN_POINT('Ctrl Pts',(3.87242968010271,-0.409180215457365,0.470738793419727));
#9979=CARTESIAN_POINT('Ctrl Pts',(3.85579747138111,-0.412927742317086,0.475209470636601));
#9980=CARTESIAN_POINT('Ctrl Pts',(3.83755702018482,-0.417037634270448,0.480112437581868));
#9981=CARTESIAN_POINT('Ctrl Pts',(3.81817962831192,-0.421496662240834,0.484322314336983));
#9982=CARTESIAN_POINT('Ctrl Pts',(3.79814836176168,-0.426189633414827,0.487777467702063));
#9983=CARTESIAN_POINT('Ctrl Pts',(3.79430680161183,-0.427089642957469,0.488440090779122));
#9984=CARTESIAN_POINT('Ctrl Pts',(3.79044125769847,-0.427998227635267,0.489075093034691));
#9985=CARTESIAN_POINT('Ctrl Pts',(3.78655520003459,-0.428914540576575,0.489682240213943));
#9986=CARTESIAN_POINT('Ctrl Pts',(3.766617354685,-0.433615784689717,0.492797275453099));
#9987=CARTESIAN_POINT('Ctrl Pts',(3.74614979987913,-0.43851826841934,0.495174993725949));
#9988=CARTESIAN_POINT('Ctrl Pts',(3.72565768081749,-0.443492189265215,0.496851333203134));
#9989=CARTESIAN_POINT('Ctrl Pts',(3.70720378605166,-0.44797138497881,0.498360937564242));
#9990=CARTESIAN_POINT('Ctrl Pts',(3.68873094806522,-0.452508214842121,0.499302329866293));
#9991=CARTESIAN_POINT('Ctrl Pts',(3.67057505018296,-0.457013630448425,0.499728837147098));
#9992=CARTESIAN_POINT('Ctrl Pts',(3.66280087972104,-0.458942803500198,0.499911463218567));
#9993=CARTESIAN_POINT('Ctrl Pts',(3.65508430268676,-0.460866316997729,0.5));
#9994=CARTESIAN_POINT('Ctrl Pts',(3.64744905366168,-0.462777712411296,0.5));
#9995=CARTESIAN_POINT('Ctrl Pts',(2.7646968948876,-1.10721577337247,0.5));
#9996=CARTESIAN_POINT('Ctrl Pts',(2.76120167802757,-1.11894161647599,0.5));
#9997=CARTESIAN_POINT('Ctrl Pts',(2.75763641254476,-1.13101751827146,0.499442229761401));
#9998=CARTESIAN_POINT('Ctrl Pts',(2.75407622886847,-1.14320744717858,0.498249038616151));
#9999=CARTESIAN_POINT('Ctrl Pts',(2.75029379622282,-1.15615834781708,0.496981361004361));
#10000=CARTESIAN_POINT('Ctrl Pts',(2.7465174052165,-1.16923705039656,0.494995875616771));
#10001=CARTESIAN_POINT('Ctrl Pts',(2.74284686798198,-1.18211941453994,0.492240653830458));
#10002=CARTESIAN_POINT('Ctrl Pts',(2.7417948672925,-1.18581158685561,0.491450988712337));
#10003=CARTESIAN_POINT('Ctrl Pts',(2.74075160141709,-1.18948744164029,0.49059836963868));
#10004=CARTESIAN_POINT('Ctrl Pts',(2.73971948792848,-1.19313898313329,0.489682240213839));
#10005=CARTESIAN_POINT('Ctrl Pts',(2.73596800780155,-1.206411443473,0.48635233379472));
#10006=CARTESIAN_POINT('Ctrl Pts',(2.7323659221928,-1.21935651634808,0.482179865393429));
#10007=CARTESIAN_POINT('Ctrl Pts',(2.72901398552258,-1.23162324741594,0.477227568798071));
#10008=CARTESIAN_POINT('Ctrl Pts',(2.72585188940971,-1.24319523890732,0.472555750874683));
#10009=CARTESIAN_POINT('Ctrl Pts',(2.72291282495806,-1.25416194439383,0.467190966253323));
#10010=CARTESIAN_POINT('Ctrl Pts',(2.72027231366737,-1.2642503164785,0.461228647231477));
#10011=CARTESIAN_POINT('Ctrl Pts',(2.72011378713396,-1.26485598503216,0.460870691645765));
#10012=CARTESIAN_POINT('Ctrl Pts',(2.71995633277581,-1.26545849866749,0.46051059315163));
#10013=CARTESIAN_POINT('Ctrl Pts',(2.71979996533943,-1.26605780282435,0.460148376415374));
#10014=CARTESIAN_POINT('Ctrl Pts',(2.71732694036286,-1.27553608156812,0.454419747383577));
#10015=CARTESIAN_POINT('Ctrl Pts',(2.71512770565604,-1.28420515203319,0.448161210217719));
#10016=CARTESIAN_POINT('Ctrl Pts',(2.71323630519359,-1.29192149232858,0.441514853608073));
#10017=CARTESIAN_POINT('Ctrl Pts',(2.71141619696678,-1.29934698192282,0.43511901698667));
#10018=CARTESIAN_POINT('Ctrl Pts',(2.70988121557583,-1.30588984360112,0.428364821330011));
#10019=CARTESIAN_POINT('Ctrl Pts',(2.7086476188319,-1.31146690791358,0.421391044495355));
#10020=CARTESIAN_POINT('Ctrl Pts',(2.70830086187913,-1.31303458862927,0.419430755919378));
#10021=CARTESIAN_POINT('Ctrl Pts',(2.7079778276409,-1.31452625481133,0.417453155882331));
#10022=CARTESIAN_POINT('Ctrl Pts',(2.70767865844207,-1.31594078090611,0.415461386101007));
#10023=CARTESIAN_POINT('Ctrl Pts',(2.70659602227896,-1.32105968054499,0.408253551864496));
#10024=CARTESIAN_POINT('Ctrl Pts',(2.70582727116777,-1.3251631863555,0.400863269091862));
#10025=CARTESIAN_POINT('Ctrl Pts',(2.70535220934323,-1.32828576104129,0.393451921813774));
#10026=CARTESIAN_POINT('Ctrl Pts',(2.704878943601,-1.33139653010345,0.386068594866805));
#10027=CARTESIAN_POINT('Ctrl Pts',(2.70469707679542,-1.3335338897057,0.378664989039695));
#10028=CARTESIAN_POINT('Ctrl Pts',(2.70477312674361,-1.33478006248021,0.371387041939104));
#10029=CARTESIAN_POINT('Ctrl Pts',(2.70480692494585,-1.33533388796552,0.368152568624127));
#10030=CARTESIAN_POINT('Ctrl Pts',(2.70489149212006,-1.33571232160691,0.364942677210224));
#10031=CARTESIAN_POINT('Ctrl Pts',(2.70502309700786,-1.33592550957501,0.361768864359177));
#10032=CARTESIAN_POINT('Ctrl Pts',(4.00659153736891,-0.38573781127542,0.361768864359177));
#10033=CARTESIAN_POINT('Ctrl Pts',(4.03813337408028,-0.362808179339168,
0.360773973412365));
#10034=CARTESIAN_POINT('Ctrl Pts',(4.07712887834716,-0.36272987972355,0.361768864359177));
#10035=CARTESIAN_POINT('Ctrl Pts',(4.00642257475636,-0.384048719164343,
0.380368989746117));
#10036=CARTESIAN_POINT('Ctrl Pts',(4.03769620655494,-0.36082083685185,0.386025553939401));
#10037=CARTESIAN_POINT('Ctrl Pts',(4.07626946162844,-0.360095093976857,
0.395246991492618));
#10038=CARTESIAN_POINT('Ctrl Pts',(3.99714484105487,-0.384666981695653,
0.398678195716374));
#10039=CARTESIAN_POINT('Ctrl Pts',(4.02678598512956,-0.358852383849287,
0.411037120799466));
#10040=CARTESIAN_POINT('Ctrl Pts',(4.0646468079322,-0.357501190447534,0.428205660802074));
#10041=CARTESIAN_POINT('Ctrl Pts',(3.96163643938973,-0.390431573711519,
0.432244576485629));
#10042=CARTESIAN_POINT('Ctrl Pts',(3.98652317701076,-0.35540838926272,0.454797221130239));
#10043=CARTESIAN_POINT('Ctrl Pts',(4.02145867354545,-0.352746073822287,
0.488625146186847));
#10044=CARTESIAN_POINT('Ctrl Pts',(3.9354171989706,-0.395576455959998,0.447486566042043));
#10045=CARTESIAN_POINT('Ctrl Pts',(3.95644103486521,-0.353911992098653,
0.473810749863794));
#10046=CARTESIAN_POINT('Ctrl Pts',(3.98990719349597,-0.350586846754015,
0.516060727388212));
#10047=CARTESIAN_POINT('Ctrl Pts',(3.8696231359385,-0.409689985662562,0.472810186788663));
#10048=CARTESIAN_POINT('Ctrl Pts',(3.88325092641947,-0.351716660558407,
0.501705081873659));
#10049=CARTESIAN_POINT('Ctrl Pts',(3.91119085457305,-0.346999424837666,
0.561643244732375));
#10050=CARTESIAN_POINT('Ctrl Pts',(3.83006941332205,-0.418654106940969,
0.482883696769471));
#10051=CARTESIAN_POINT('Ctrl Pts',(3.83893077378939,-0.351032053053046,
0.51040384500213));
#10052=CARTESIAN_POINT('Ctrl Pts',(3.86405123983905,-0.3455723804651,0.579775562697806));
#10053=CARTESIAN_POINT('Ctrl Pts',(3.74304098674706,-0.439174974213011,
0.49648078365817));
#10054=CARTESIAN_POINT('Ctrl Pts',(3.74492874578763,-0.350647830143271,
0.515285859959623));
#10055=CARTESIAN_POINT('Ctrl Pts',(3.76063571338361,-0.343646175362346,
0.604250319097265));
#10056=CARTESIAN_POINT('Ctrl Pts',(3.69560447997799,-0.450722563889563,
0.5));
#10057=CARTESIAN_POINT('Ctrl Pts',(3.69410838860902,-0.351012225483852,
0.510655778156843));
#10058=CARTESIAN_POINT('Ctrl Pts',(3.70440422142547,-0.343147632363313,
0.610584908512757));
#10059=CARTESIAN_POINT('Ctrl Pts',(3.64744905366168,-0.462777712411296,
0.5));
#10060=CARTESIAN_POINT('Ctrl Pts',(3.64744905366168,-0.351850853412312,
0.5));
#10061=CARTESIAN_POINT('Ctrl Pts',(3.64744905366168,-0.343147632363321,
0.610584908512658));
#10062=CARTESIAN_POINT('',(4.07712887834716,-0.36272987972355,0.361768864359177));
#10063=CARTESIAN_POINT('Origin',(4.07712887834716,-0.482359959771525,0.371183955846518));
#10064=CARTESIAN_POINT('',(3.64744905366168,-0.343147632363321,0.610584908512658));
#10065=CARTESIAN_POINT('Ctrl Pts',(3.64744905366168,-0.343147632363321,
0.610584908512658));
#10066=CARTESIAN_POINT('Ctrl Pts',(3.66696294901641,-0.343147632363321,
0.610584908512658));
#10067=CARTESIAN_POINT('Ctrl Pts',(3.68694354780278,-0.343206361627485,
0.609838682458183));
#10068=CARTESIAN_POINT('Ctrl Pts',(3.70709772908092,-0.343331085395645,
0.608253916724484));
#10069=CARTESIAN_POINT('Ctrl Pts',(3.72846278912533,-0.343463302664057,
0.606573937042374));
#10070=CARTESIAN_POINT('Ctrl Pts',(3.75002218756134,-0.343669725705356,
0.603951083617365));
#10071=CARTESIAN_POINT('Ctrl Pts',(3.77138210096857,-0.343955829168312,
0.600315794441321));
#10072=CARTESIAN_POINT('Ctrl Pts',(3.78515700087973,-0.344140335841692,
0.597971414874163));
#10073=CARTESIAN_POINT('Ctrl Pts',(3.79884802097952,-0.344357913187439,
0.595206832573147));
#10074=CARTESIAN_POINT('Ctrl Pts',(3.8123434766113,-0.344609277913732,0.592012940897413));
#10075=CARTESIAN_POINT('Ctrl Pts',(3.83351056441209,-0.345003533534042,
0.587003448267371));
#10076=CARTESIAN_POINT('Ctrl Pts',(3.85418795927758,-0.345481023370167,
0.580936364650125));
#10077=CARTESIAN_POINT('Ctrl Pts',(3.87398208723517,-0.346036946687774,
0.573872689158998));
#10078=CARTESIAN_POINT('Ctrl Pts',(3.89323292508756,-0.346577611559121,
0.567002890610011));
#10079=CARTESIAN_POINT('Ctrl Pts',(3.91164684932703,-0.347192410389329,
0.559191130801824));
#10080=CARTESIAN_POINT('Ctrl Pts',(3.92888200946596,-0.347873530697336,
0.55053667671832));
#10081=CARTESIAN_POINT('Ctrl Pts',(3.93633270171844,-0.348167976339905,
0.54679539010017));
#10082=CARTESIAN_POINT('Ctrl Pts',(3.94356349530038,-0.348474776999937,
0.54289711810061));
#10083=CARTESIAN_POINT('Ctrl Pts',(3.95054902403447,-0.348793135795846,
0.538851986060217));
#10084=CARTESIAN_POINT('Ctrl Pts',(3.96579621602746,-0.349488011999019,
0.530022746756414));
#10085=CARTESIAN_POINT('Ctrl Pts',(3.97986798406313,-0.350237881037601,
0.520494757226863));
#10086=CARTESIAN_POINT('Ctrl Pts',(3.99259386041701,-0.351030227562767,
0.510427040056108));
#10087=CARTESIAN_POINT('Ctrl Pts',(4.00488225799297,-0.351795335508846,
0.500705421847955));
#10088=CARTESIAN_POINT('Ctrl Pts',(4.01591540122771,-0.352599998352463,
0.490481211013368));
#10089=CARTESIAN_POINT('Ctrl Pts',(4.02558592600753,-0.353431896953521,
0.479910937068589));
#10090=CARTESIAN_POINT('Ctrl Pts',(4.03201590993492,-0.353985030806731,
0.472882705083197));
#10091=CARTESIAN_POINT('Ctrl Pts',(4.03784443847376,-0.354550185630647,
0.46570173218288));
#10092=CARTESIAN_POINT('Ctrl Pts',(4.04305274073881,-0.355123632134912,
0.458415403494445));
#10093=CARTESIAN_POINT('Ctrl Pts',(4.0510179266288,-0.356000618103082,0.447272240232119));
#10094=CARTESIAN_POINT('Ctrl Pts',(4.05752843115732,-0.356896676353114,
0.435886740651681));
#10095=CARTESIAN_POINT('Ctrl Pts',(4.06263071653137,-0.357797274563196,
0.424443555409348));
#10096=CARTESIAN_POINT('Ctrl Pts',(4.06772348410159,-0.358696192797253,
0.413021716286343));
#10097=CARTESIAN_POINT('Ctrl Pts',(4.07141338286829,-0.359599590632045,
0.401542958439251));
#10098=CARTESIAN_POINT('Ctrl Pts',(4.07379716292053,-0.360493969429344,
0.390178798329084));
#10099=CARTESIAN_POINT('Ctrl Pts',(4.07580713231185,-0.361248096893881,
0.380596700367495));
#10100=CARTESIAN_POINT('Ctrl Pts',(4.07688944171611,-0.361995818808751,
0.371095992631439));
#10101=CARTESIAN_POINT('Ctrl Pts',(4.07712887834716,-0.36272987972355,0.361768864359177));
#10102=CARTESIAN_POINT('Origin',(3.64744905366168,-0.462777712411297,0.62));
#10103=CARTESIAN_POINT('Origin',(-2.52847673032667E-16,-0.462777712411295,
0.62));
#10104=CARTESIAN_POINT('',(-1.87485434200475E-16,-0.343147632363319,0.610584908512658));
#10105=CARTESIAN_POINT('Origin',(-4.4475784104077E-17,-0.0814023770854488,
0.75));
#10106=CARTESIAN_POINT('',(2.75775350101278,-0.330631710518732,0.769614773931961));
#10107=CARTESIAN_POINT('Ctrl Pts',(2.74286642343334,-0.0814023770854472,
1.));
#10108=CARTESIAN_POINT('Ctrl Pts',(2.74286642343398,-0.112495623771757,
1.));
#10109=CARTESIAN_POINT('Ctrl Pts',(2.74324543244993,-0.143569761505116,
0.99413463942486));
#10110=CARTESIAN_POINT('Ctrl Pts',(2.74470979781353,-0.201470242605355,
0.971472827954544));
#10111=CARTESIAN_POINT('Ctrl Pts',(2.74579468454274,-0.228273447980864,
0.95468364464883));
#10112=CARTESIAN_POINT('Ctrl Pts',(2.74852196233718,-0.273931678956505,
0.912477610069015));
#10113=CARTESIAN_POINT('Ctrl Pts',(2.75016347877005,-0.292772062069498,
0.887074294170871));
#10114=CARTESIAN_POINT('Ctrl Pts',(2.75377847703202,-0.319906834127512,
0.831130326165802));
#10115=CARTESIAN_POINT('Ctrl Pts',(2.75575050466106,-0.328192161868183,
0.8006121785497));
#10116=CARTESIAN_POINT('Ctrl Pts',(2.75775350101278,-0.330631710518732,
0.769614773931961));
#10117=CARTESIAN_POINT('',(4.45640237708545,-0.330631710518733,0.769614773931961));
#10118=CARTESIAN_POINT('',(2.62799141436277,-0.330631710518732,0.769614773931961));
#10119=CARTESIAN_POINT('Origin',(4.45640237708545,-0.0814023770854513,0.75));
#10120=CARTESIAN_POINT('Origin',(4.45640237708545,-0.0814023770854513,0.75));
#10121=CARTESIAN_POINT('',(4.70563171051873,-0.0814023770854514,0.769614773931961));
#10122=CARTESIAN_POINT('Origin',(4.45640237708545,-0.0814023770854513,0.75));
#10123=CARTESIAN_POINT('Origin',(4.45640237708545,-0.0814023770854512,0.75));
#10124=CARTESIAN_POINT('Origin',(4.45640237708545,-2.99672957361268E-15,
0.75));
#10125=CARTESIAN_POINT('',(4.70563171051873,1.08140237708544,0.769614773931961));
#10126=CARTESIAN_POINT('Origin',(4.45640237708545,1.08140237708545,0.75));
#10127=CARTESIAN_POINT('',(4.70563171051873,-0.312500000000003,0.769614773931961));
#10128=CARTESIAN_POINT('Origin',(4.45640237708545,1.08140237708545,0.75));
#10129=CARTESIAN_POINT('',(4.45640237708545,1.33063171051873,0.769614773931961));
#10130=CARTESIAN_POINT('Origin',(4.45640237708545,1.08140237708545,0.75));
#10131=CARTESIAN_POINT('Origin',(4.45640237708545,1.08140237708545,0.75));
#10132=CARTESIAN_POINT('Origin',(5.56089772081816E-16,1.08140237708545,
0.75));
#10133=CARTESIAN_POINT('',(2.75775350101278,1.33063171051873,0.769614773931961));
#10134=CARTESIAN_POINT('',(4.6875,1.33063171051873,0.769614773931961));
#10135=CARTESIAN_POINT('Ctrl Pts',(2.75775350101278,1.33063171051873,0.769614773931961));
#10136=CARTESIAN_POINT('Ctrl Pts',(2.75575050466107,1.32819216186818,0.800612178549625));
#10137=CARTESIAN_POINT('Ctrl Pts',(2.75377847703202,1.31990683412746,0.831130326165897));
#10138=CARTESIAN_POINT('Ctrl Pts',(2.75016347877005,1.29277206206954,0.887074294170774));
#10139=CARTESIAN_POINT('Ctrl Pts',(2.74852196233686,1.27393167895644,0.912477610069074));
#10140=CARTESIAN_POINT('Ctrl Pts',(2.74579468454305,1.22827344798093,0.954683644648766));
#10141=CARTESIAN_POINT('Ctrl Pts',(2.74470979781353,1.20147024260534,0.971472827954548));
#10142=CARTESIAN_POINT('Ctrl Pts',(2.74324543244994,1.14356976150513,0.994134639424852));
#10143=CARTESIAN_POINT('Ctrl Pts',(2.74286642343398,1.11249562377175,1.));
#10144=CARTESIAN_POINT('Ctrl Pts',(2.74286642343334,1.08140237708545,1.));
#10145=CARTESIAN_POINT('Origin',(-2.5625,1.07732348327358,0.75));
#10146=CARTESIAN_POINT('',(-2.75803476069376,1.32685718287904,0.765262134883714));
#10147=CARTESIAN_POINT('Ctrl Pts',(-2.74286642343335,1.07732348327358,1.));
#10148=CARTESIAN_POINT('Ctrl Pts',(-2.74286642343399,1.10878061284988,1.));
#10149=CARTESIAN_POINT('Ctrl Pts',(-2.74325445173747,1.14021749301047,0.993995061278643));
#10150=CARTESIAN_POINT('Ctrl Pts',(-2.74475244600773,1.19869457811349,0.970812825095179));
#10151=CARTESIAN_POINT('Ctrl Pts',(-2.74586190877567,1.22571029770178,0.953643314874327));
#10152=CARTESIAN_POINT('Ctrl Pts',(-2.74864702697746,1.27152816400855,0.910542170066873));
#10153=CARTESIAN_POINT('Ctrl Pts',(-2.75032174685002,1.29031491985719,0.884625013764909));
#10154=CARTESIAN_POINT('Ctrl Pts',(-2.75400193219891,1.31702385713894,0.827672241875447));
#10155=CARTESIAN_POINT('Ctrl Pts',(-2.75600584872171,1.32493677065911,0.796660597134123));
#10156=CARTESIAN_POINT('Ctrl Pts',(-2.75803476069376,1.32685718287904,0.765262134883714));
#10157=CARTESIAN_POINT('',(-4.45640237708545,1.32685718287904,0.765262134883714));
#10158=CARTESIAN_POINT('',(-2.62799141436277,1.32685718287904,0.765262134883714));
#10159=CARTESIAN_POINT('Origin',(-4.45640237708545,1.07732348327358,0.75));
#10160=CARTESIAN_POINT('Origin',(-4.45640237708545,1.07732348327358,0.75));
#10161=CARTESIAN_POINT('',(-4.70563171051873,1.07732348327358,0.769614773931961));
#10162=CARTESIAN_POINT('Origin',(-4.45640237708545,1.07732348327358,0.75));
#10163=CARTESIAN_POINT('Origin',(-4.45640237708545,1.07732348327358,0.75));
#10164=CARTESIAN_POINT('Origin',(-4.45640237708545,0.,0.75));
#10165=CARTESIAN_POINT('',(-4.70563171051873,-0.0773234832735766,0.769614773931961));
#10166=CARTESIAN_POINT('Origin',(-4.45640237708545,-0.0773234832735766,
0.75));
#10167=CARTESIAN_POINT('',(-4.70563171051873,1.3125,0.769614773931961));
#10168=CARTESIAN_POINT('Origin',(-4.45640237708545,-0.0773234832735766,
0.75));
#10169=CARTESIAN_POINT('',(-4.45640237708545,-0.326857182879043,0.765262134883714));
#10170=CARTESIAN_POINT('Origin',(-4.45640237708545,-0.0773234832735766,
0.75));
#10171=CARTESIAN_POINT('Origin',(-4.45640237708545,-0.0773234832735766,
0.75));
#10172=CARTESIAN_POINT('Origin',(-2.5625,-0.0773234832735766,0.75));
#10173=CARTESIAN_POINT('',(-2.75803476069376,-0.326857182879043,0.765262134883714));
#10174=CARTESIAN_POINT('',(-4.6875,-0.326857182879043,0.765262134883714));
#10175=CARTESIAN_POINT('Ctrl Pts',(-2.75803476069376,-0.326857182879043,
0.765262134883714));
#10176=CARTESIAN_POINT('Ctrl Pts',(-2.7560058487217,-0.324936770659111,
0.79666059713414));
#10177=CARTESIAN_POINT('Ctrl Pts',(-2.75400193219891,-0.317023857138952,
0.827672241875424));
#10178=CARTESIAN_POINT('Ctrl Pts',(-2.75032174685002,-0.290314919857179,
0.884625013764932));
#10179=CARTESIAN_POINT('Ctrl Pts',(-2.74864702697746,-0.271528164008524,
0.9105421700669));
#10180=CARTESIAN_POINT('Ctrl Pts',(-2.74586190877566,-0.225710297701809,
0.9536433148743));
#10181=CARTESIAN_POINT('Ctrl Pts',(-2.74475244600773,-0.198694578113435,
0.9708128250952));
#10182=CARTESIAN_POINT('Ctrl Pts',(-2.74325445173747,-0.140217493010521,
0.993995061278622));
#10183=CARTESIAN_POINT('Ctrl Pts',(-2.74286642343399,-0.108780612849846,
1.));
#10184=CARTESIAN_POINT('Ctrl Pts',(-2.74286642343335,-0.0773234832735766,
1.));
#10185=CARTESIAN_POINT('Origin',(-2.5625,-0.455966038103926,0.62));
#10186=CARTESIAN_POINT('',(-3.6567796946712,-0.336189862293302,0.612674175255817));
#10187=CARTESIAN_POINT('Origin',(-3.6567796946712,-0.455966038103926,0.62));
#10188=CARTESIAN_POINT('',(-2.5625,-0.336189862293302,0.612674175255817));
#10189=CARTESIAN_POINT('Ctrl Pts',(-3.6567796946712,-0.455966038103926,
0.5));
#10190=CARTESIAN_POINT('Ctrl Pts',(-3.6567796946712,-0.343081310075243,
0.5));
#10191=CARTESIAN_POINT('Ctrl Pts',(-3.6567796946712,-0.336189862293302,
0.612674175255817));
#10192=CARTESIAN_POINT('Ctrl Pts',(-3.70493440543013,-0.443911068713328,
0.5));
#10193=CARTESIAN_POINT('Ctrl Pts',(-3.70327533386271,-0.342418579798779,
0.510835544238322));
#10194=CARTESIAN_POINT('Ctrl Pts',(-3.71373421952876,-0.336189862293308,
0.612674175255725));
#10195=CARTESIAN_POINT('Ctrl Pts',(-3.75252381668199,-0.432252196992932,
0.496480783658189));
#10196=CARTESIAN_POINT('Ctrl Pts',(-3.75417307448635,-0.342124201337688,
0.515648589535445));
#10197=CARTESIAN_POINT('Ctrl Pts',(-3.77011854331845,-0.336577302379514,
0.606339585840607));
#10198=CARTESIAN_POINT('Ctrl Pts',(-3.84014025088295,-0.411302064846886,
0.482883696769453));
#10199=CARTESIAN_POINT('Ctrl Pts',(-3.84871146044788,-0.342405624008448,
0.511047369537887));
#10200=CARTESIAN_POINT('Ctrl Pts',(-3.87412207740003,-0.338074242608472,
0.581864829440782));
#10201=CARTESIAN_POINT('Ctrl Pts',(-3.8801296036244,-0.402019919272636,
0.472810186789168));
#10202=CARTESIAN_POINT('Ctrl Pts',(-3.89347435499559,-0.342930134790052,
0.502471694065054));
#10203=CARTESIAN_POINT('Ctrl Pts',(-3.92169732225882,-0.339183262684573,
0.563732511476435));
#10204=CARTESIAN_POINT('Ctrl Pts',(-3.94701878962441,-0.387106913846623,
0.447486566041538));
#10205=CARTESIAN_POINT('Ctrl Pts',(-3.9677980697316,-0.344625210937419,
0.474757444033394));
#10206=CARTESIAN_POINT('Ctrl Pts',(-4.00150878414992,-0.341971208878507,
0.51814999413047));
#10207=CARTESIAN_POINT('Ctrl Pts',(-3.97389717167606,-0.381480836562246,
0.432244576486715));
#10208=CARTESIAN_POINT('Ctrl Pts',(-3.9985858817573,-0.345783570870652,
0.45581842653685));
#10209=CARTESIAN_POINT('Ctrl Pts',(-4.03371940583178,-0.343649240909965,
0.490714412931875));
#10210=CARTESIAN_POINT('Ctrl Pts',(-4.01085715543754,-0.374656541954836,
0.398678195715288));
#10211=CARTESIAN_POINT('Ctrl Pts',(-4.04037826768855,-0.348453998443909,
0.412157321653671));
#10212=CARTESIAN_POINT('Ctrl Pts',(-4.07835912231488,-0.34734465494447,
0.430294927543365));
#10213=CARTESIAN_POINT('Ctrl Pts',(-4.02092677523282,-0.373460367112912,
0.380367034334191));
#10214=CARTESIAN_POINT('Ctrl Pts',(-4.05214507766565,-0.349981802473376,
0.387177946577431));
#10215=CARTESIAN_POINT('Ctrl Pts',(-4.09077366425398,-0.349360560043735,
0.397335170516851));
#10216=CARTESIAN_POINT('Ctrl Pts',(-4.02190000013637,-0.374562130803727,
0.361768864359177));
#10217=CARTESIAN_POINT('Ctrl Pts',(-4.05343351941898,-0.351526215366022,
0.361927018986403));
#10218=CARTESIAN_POINT('Ctrl Pts',(-4.09243734111462,-0.351408103489207,
0.363858131102336));
#10219=CARTESIAN_POINT('',(-4.09243734111462,-0.351408103489207,0.363858131102335));
#10220=CARTESIAN_POINT('',(-4.02190000013637,-0.374562130803727,0.361768864359177));
#10221=CARTESIAN_POINT('Origin',(-4.09243734111462,-0.471184279299831,0.371183955846518));
#10222=CARTESIAN_POINT('Ctrl Pts',(-3.6567796946712,-0.455966038103926,
0.5));
#10223=CARTESIAN_POINT('Ctrl Pts',(-3.67442543551077,-0.451548632987316,
0.5));
#10224=CARTESIAN_POINT('Ctrl Pts',(-3.69252923170532,-0.447050881882709,
0.499525537363073));
#10225=CARTESIAN_POINT('Ctrl Pts',(-3.71078723966418,-0.442553331814895,
0.498514636618763));
#10226=CARTESIAN_POINT('Ctrl Pts',(-3.7308683220872,-0.437606698325802,
0.497402796750267));
#10227=CARTESIAN_POINT('Ctrl Pts',(-3.7511351915368,-0.432660544691361,
0.495641396435814));
#10228=CARTESIAN_POINT('Ctrl Pts',(-3.77112886837244,-0.427833306590003,
0.493181562763961));
#10229=CARTESIAN_POINT('Ctrl Pts',(-3.77959161291805,-0.425790076460376,
0.492140386388014));
#10230=CARTESIAN_POINT('Ctrl Pts',(-3.78800486337393,-0.423768256465976,
0.490974523569505));
#10231=CARTESIAN_POINT('Ctrl Pts',(-3.79633203378254,-0.421777130919041,
0.489682240214078));
#10232=CARTESIAN_POINT('Ctrl Pts',(-3.81778910730629,-0.416646489277384,
0.486352343309093));
#10233=CARTESIAN_POINT('Ctrl Pts',(-3.83866402581027,-0.411722534701531,
0.482179883319336));
#10234=CARTESIAN_POINT('Ctrl Pts',(-3.85838795066737,-0.407143131531552,
0.477227588205752));
#10235=CARTESIAN_POINT('Ctrl Pts',(-3.87558475606582,-0.403150462439284,
0.47290980379109));
#10236=CARTESIAN_POINT('Ctrl Pts',(-3.8919050575183,-0.399420008661517,
0.468000471842036));
#10237=CARTESIAN_POINT('Ctrl Pts',(-3.90699976116522,-0.396033790517054,
0.462573842031385));
#10238=CARTESIAN_POINT('Ctrl Pts',(-3.9092179707934,-0.395536176130786,
0.461776383348119));
#10239=CARTESIAN_POINT('Ctrl Pts',(-3.91140978973055,-0.395045973062236,
0.460967800640257));
#10240=CARTESIAN_POINT('Ctrl Pts',(-3.91357419662494,-0.39456341655811,
0.460148376416196));
#10241=CARTESIAN_POINT('Ctrl Pts',(-3.92711206125425,-0.391545137210639,
0.455023067377452));
#10242=CARTESIAN_POINT('Ctrl Pts',(-3.93957020727168,-0.388827819482256,
0.449473836534472));
#10243=CARTESIAN_POINT('Ctrl Pts',(-3.9507839178607,-0.386445388807647,
0.443601726952337));
#10244=CARTESIAN_POINT('Ctrl Pts',(-3.96151209997741,-0.384166112028142,
0.437983866521008));
#10245=CARTESIAN_POINT('Ctrl Pts',(-3.97110102350423,-0.382193380786125,
0.432070936473075));
#10246=CARTESIAN_POINT('Ctrl Pts',(-3.979451678695,-0.380544978239139,0.42595973991315));
#10247=CARTESIAN_POINT('Ctrl Pts',(-3.98415578849087,-0.379616396422302,
0.422517166971827));
#10248=CARTESIAN_POINT('Ctrl Pts',(-3.98846780715258,-0.378790513163112,
0.419011792035728));
#10249=CARTESIAN_POINT('Ctrl Pts',(-3.99237716355778,-0.378068689257437,
0.415461386101655));
#10250=CARTESIAN_POINT('Ctrl Pts',(-3.99945158743883,-0.376762467018547,
0.409036523816385));
#10251=CARTESIAN_POINT('Ctrl Pts',(-4.00520293637457,-0.375797959076054,
0.402466542947859));
#10252=CARTESIAN_POINT('Ctrl Pts',(-4.00967448531488,-0.375156035366814,
0.395866132992769));
#10253=CARTESIAN_POINT('Ctrl Pts',(-4.01417313609549,-0.374510220989242,
0.38922571827447));
#10254=CARTESIAN_POINT('Ctrl Pts',(-4.01737646451023,-0.374190875387554,
0.382554892461036));
#10255=CARTESIAN_POINT('Ctrl Pts',(-4.0193795473782,-0.374166346134048,
0.375962184891262));
#10256=CARTESIAN_POINT('Ctrl Pts',(-4.02083322975176,-0.374148544702051,
0.371177708451706));
#10257=CARTESIAN_POINT('Ctrl Pts',(-4.02165586711984,-0.374285753891562,
0.366434206691605));
#10258=CARTESIAN_POINT('Ctrl Pts',(-4.02190000013637,-0.374562130803727,
0.361768864359177));
#10259=CARTESIAN_POINT('Ctrl Pts',(-4.09243734111462,-0.351408103489207,
0.363858131102336));
#10260=CARTESIAN_POINT('Ctrl Pts',(-4.09188877054721,-0.350732959116972,
0.374896644013894));
#10261=CARTESIAN_POINT('Ctrl Pts',(-4.0901525843873,-0.350042904637026,
0.386178935031635));
#10262=CARTESIAN_POINT('Ctrl Pts',(-4.08709564112211,-0.349347392939891,
0.397550450761739));
#10263=CARTESIAN_POINT('Ctrl Pts',(-4.08403191472775,-0.348650337954158,
0.408947199037361));
#10264=CARTESIAN_POINT('Ctrl Pts',(-4.0796413705562,-0.34794782880149,0.420433122154113));
#10265=CARTESIAN_POINT('Ctrl Pts',(-4.07383916808417,-0.347250514049741,
0.431834117566569));
#10266=CARTESIAN_POINT('Ctrl Pts',(-4.06892521919549,-0.346659950541152,
0.441489745581451));
#10267=CARTESIAN_POINT('Ctrl Pts',(-4.06299957368334,-0.346073143921363,
0.451083949007432));
#10268=CARTESIAN_POINT('Ctrl Pts',(-4.05603926407333,-0.345496947927217,
0.46050467023762));
#10269=CARTESIAN_POINT('Ctrl Pts',(-4.0479753780136,-0.344829394455433,
0.471419073023863));
#10270=CARTESIAN_POINT('Ctrl Pts',(-4.03852308719405,-0.344176311485136,
0.482096885202118));
#10271=CARTESIAN_POINT('Ctrl Pts',(-4.02775815199735,-0.343547404451453,
0.492379424310729));
#10272=CARTESIAN_POINT('Ctrl Pts',(-4.01659925898992,-0.342895481688125,
0.503038267272726));
#10273=CARTESIAN_POINT('Ctrl Pts',(-4.0040301112171,-0.342269576962116,
0.513271719084789));
#10274=CARTESIAN_POINT('Ctrl Pts',(-3.99019126343167,-0.341679982903555,
0.522911496731827));
#10275=CARTESIAN_POINT('Ctrl Pts',(-3.98118217767929,-0.341296157348492,
0.529186989085139));
#10276=CARTESIAN_POINT('Ctrl Pts',(-3.97163614765678,-0.340927708343114,
0.535211077073372));
#10277=CARTESIAN_POINT('Ctrl Pts',(-3.96160305320437,-0.34057723578154,
0.540941252803453));
#10278=CARTESIAN_POINT('Ctrl Pts',(-3.94525123591212,-0.340006039794101,
0.550280224646607));
#10279=CARTESIAN_POINT('Ctrl Pts',(-3.92760817274642,-0.339482865357132,
0.558834051079836));
#10280=CARTESIAN_POINT('Ctrl Pts',(-3.90900079998216,-0.339014730211128,
0.566487993060282));
#10281=CARTESIAN_POINT('Ctrl Pts',(-3.88978877983462,-0.338531382993294,
0.574390650216641));
#10282=CARTESIAN_POINT('Ctrl Pts',(-3.86955028495662,-0.33810675782829,
0.58133321029598));
#10283=CARTESIAN_POINT('Ctrl Pts',(-3.84867706835341,-0.337745899879191,
0.587233185611159));
#10284=CARTESIAN_POINT('Ctrl Pts',(-3.83992631953797,-0.33759461618724,
0.589706652110445));
#10285=CARTESIAN_POINT('Ctrl Pts',(-3.83106425425435,-0.337454504171626,
0.591997463316191));
#10286=CARTESIAN_POINT('Ctrl Pts',(-3.82212031035924,-0.337325772493993,
0.594102207640694));
#10287=CARTESIAN_POINT('Ctrl Pts',(-3.80092900434046,-0.337020762488671,
0.599089077146466));
#10288=CARTESIAN_POINT('Ctrl Pts',(-3.77928708290839,-0.336779900155643,
0.603027141481118));
#10289=CARTESIAN_POINT('Ctrl Pts',(-3.75761477697536,-0.336600573295326,
0.60595910973028));
#10290=CARTESIAN_POINT('Ctrl Pts',(-3.73723182425893,-0.336431915150414,
0.608716646024454));
#10291=CARTESIAN_POINT('Ctrl Pts',(-3.71682293790498,-0.336317660162058,
0.610584698571508));
#10292=CARTESIAN_POINT('Ctrl Pts',(-3.69670962643363,-0.336253456049475,
0.611634426533199));
#10293=CARTESIAN_POINT('Ctrl Pts',(-3.68323894058521,-0.336210455997892,
0.612337471162046));
#10294=CARTESIAN_POINT('Ctrl Pts',(-3.66990021599627,-0.336189862293303,
0.612674175255796));
#10295=CARTESIAN_POINT('Ctrl Pts',(-3.6567796946712,-0.336189862293302,
0.612674175255817));
#10296=CARTESIAN_POINT('Origin',(-1.48846762839203,-2.03890504274167,0.35));
#10297=CARTESIAN_POINT('',(-2.70502309700786,-1.33592550957501,0.361768864359177));
#10298=CARTESIAN_POINT('',(-1.57663930461484,-2.1596827283618,0.361768864359177));
#10299=CARTESIAN_POINT('Ctrl Pts',(-2.70502309700786,-1.33592550957501,
0.361768864359177));
#10300=CARTESIAN_POINT('Ctrl Pts',(-2.70472699974496,-1.33544585889567,
0.368909612046136));
#10301=CARTESIAN_POINT('Ctrl Pts',(-2.704669829376,-1.33412667494803,0.376234453651372));
#10302=CARTESIAN_POINT('Ctrl Pts',(-2.70489068195746,-1.3318650691908,0.383606334288071));
#10303=CARTESIAN_POINT('Ctrl Pts',(-2.70511227743908,-1.32959585588249,
0.391003012331769));
#10304=CARTESIAN_POINT('Ctrl Pts',(-2.70561385926706,-1.3263776831709,0.398446490620224));
#10305=CARTESIAN_POINT('Ctrl Pts',(-2.70642177032157,-1.32215439885009,
0.405780557680106));
#10306=CARTESIAN_POINT('Ctrl Pts',(-2.70678016156212,-1.3202809400102,0.409033967046367));
#10307=CARTESIAN_POINT('Ctrl Pts',(-2.70719865232226,-1.31821033667825,
0.412265663787666));
#10308=CARTESIAN_POINT('Ctrl Pts',(-2.70767865844207,-1.31594078090611,
0.415461386101007));
#10309=CARTESIAN_POINT('Ctrl Pts',(-2.70874070147511,-1.31091924931225,
0.422532118073603));
#10310=CARTESIAN_POINT('Ctrl Pts',(-2.7101046789894,-1.30492167077475,0.429424014028212));
#10311=CARTESIAN_POINT('Ctrl Pts',(-2.71175867787533,-1.29801677802223,
0.435997622296483));
#10312=CARTESIAN_POINT('Ctrl Pts',(-2.71347654656293,-1.29084525018644,
0.442825072970539));
#10313=CARTESIAN_POINT('Ctrl Pts',(-2.71550721697757,-1.2826953178769,0.449308378782508));
#10314=CARTESIAN_POINT('Ctrl Pts',(-2.71782103434408,-1.27369656042415,
0.455301657984689));
#10315=CARTESIAN_POINT('Ctrl Pts',(-2.7184594823026,-1.27121354754332,0.456955374015548));
#10316=CARTESIAN_POINT('Ctrl Pts',(-2.71911939878751,-1.26866618710843,
0.458571880688682));
#10317=CARTESIAN_POINT('Ctrl Pts',(-2.71979996533943,-1.26605780282435,
0.460148376415374));
#10318=CARTESIAN_POINT('Ctrl Pts',(-2.7224045134385,-1.25607543988049,0.466181671669988));
#10319=CARTESIAN_POINT('Ctrl Pts',(-2.7253117405819,-1.24519948049079,0.47162432322432));
#10320=CARTESIAN_POINT('Ctrl Pts',(-2.72844688246191,-1.23370088733456,
0.476378690490192));
#10321=CARTESIAN_POINT('Ctrl Pts',(-2.73167211348621,-1.22187187901443,
0.481269675776895));
#10322=CARTESIAN_POINT('Ctrl Pts',(-2.73513808149781,-1.20938566862893,
0.485431422499229));
#10323=CARTESIAN_POINT('Ctrl Pts',(-2.73875313919944,-1.19656231735358,
0.48880284682989));
#10324=CARTESIAN_POINT('Ctrl Pts',(-2.73907410587355,-1.19542378271607,
0.489102182260683));
#10325=CARTESIAN_POINT('Ctrl Pts',(-2.7393962440944,-1.19428259600687,0.489395321002835));
#10326=CARTESIAN_POINT('Ctrl Pts',(-2.73971948792848,-1.19313898313329,
0.489682240213839));
#10327=CARTESIAN_POINT('Ctrl Pts',(-2.74333949383686,-1.18033166889351,
0.49289544686939));
#10328=CARTESIAN_POINT('Ctrl Pts',(-2.74709638734466,-1.16722699574038,
0.495323924990844));
#10329=CARTESIAN_POINT('Ctrl Pts',(-2.75088716626761,-1.15416224468598,
0.49700778165793));
#10330=CARTESIAN_POINT('Ctrl Pts',(-2.75444667316397,-1.14189456239099,
0.498588907738029));
#10331=CARTESIAN_POINT('Ctrl Pts',(-2.75803573731576,-1.12966304860439,
0.499513999058882));
#10332=CARTESIAN_POINT('Ctrl Pts',(-2.76157570399658,-1.11771743253715,
0.499851620514546));
#10333=CARTESIAN_POINT('Ctrl Pts',(-2.76262093714162,-1.11419029373128,
0.499951308779368));
#10334=CARTESIAN_POINT('Ctrl Pts',(-2.76366195167325,-1.11068782739329,
0.5));
#10335=CARTESIAN_POINT('Ctrl Pts',(-2.7646968948876,-1.10721577337247,0.5));
#10336=CARTESIAN_POINT('Ctrl Pts',(1.82179164508135,0.360018230334738,2.5));
#10337=CARTESIAN_POINT('Ctrl Pts',(1.70890691705267,0.360018230334738,2.5));
#10338=CARTESIAN_POINT('Ctrl Pts',(1.70201546927073,0.360018230334738,2.61267417525582));
#10339=CARTESIAN_POINT('Ctrl Pts',(1.82179164508135,0.311601490609262,2.5));
#10340=CARTESIAN_POINT('Ctrl Pts',(1.70980363552201,0.326472971780749,2.5));
#10341=CARTESIAN_POINT('Ctrl Pts',(1.7020737750773,0.327245778612907,2.6117208837449));
#10342=CARTESIAN_POINT('Ctrl Pts',(1.81218982830073,0.263257026571622,2.5));
#10343=CARTESIAN_POINT('Ctrl Pts',(1.70384867782428,0.292458043172167,2.5));
#10344=CARTESIAN_POINT('Ctrl Pts',(1.69563271640208,0.294534077430596,2.61095807525798));
#10345=CARTESIAN_POINT('Ctrl Pts',(1.77522310364108,0.173914129499166,2.5));
#10346=CARTESIAN_POINT('Ctrl Pts',(1.67885992656419,0.229557793393748,2.5));
#10347=CARTESIAN_POINT('Ctrl Pts',(1.67071827343361,0.234104181390872,2.60992682948544));
#10348=CARTESIAN_POINT('Ctrl Pts',(1.74787870539255,0.132965431280621,2.5));
#10349=CARTESIAN_POINT('Ctrl Pts',(1.65984672960595,0.200593717156582,2.5));
#10350=CARTESIAN_POINT('Ctrl Pts',(1.65225871156823,0.206419759156884,2.60965897148462));
#10351=CARTESIAN_POINT('Ctrl Pts',(1.71370663705593,0.0987933629440688,
2.5));
#10352=CARTESIAN_POINT('Ctrl Pts',(1.63587650622468,0.176623493775318,2.5));
#10353=CARTESIAN_POINT('Ctrl Pts',(1.62916947620567,0.183330523794325,2.60965897148463));
#10354=CARTESIAN_POINT('',(1.82179164508135,0.360018230334738,2.5));
#10355=CARTESIAN_POINT('Ctrl Pts',(1.82179164508135,0.360018230334738,2.5));
#10356=CARTESIAN_POINT('Ctrl Pts',(1.82179164508135,0.343100536297591,2.5));
#10357=CARTESIAN_POINT('Ctrl Pts',(1.82061516876372,0.325951308059382,2.5));
#10358=CARTESIAN_POINT('Ctrl Pts',(1.81821866068873,0.308821193323583,2.5));
#10359=CARTESIAN_POINT('Ctrl Pts',(1.81577471345865,0.291351985981225,2.5));
#10360=CARTESIAN_POINT('Ctrl Pts',(1.81206185558452,0.273903744860858,2.5));
#10361=CARTESIAN_POINT('Ctrl Pts',(1.80708693505724,0.256753675465945,2.5));
#10362=CARTESIAN_POINT('Ctrl Pts',(1.80333572260022,0.243822101262877,2.5));
#10363=CARTESIAN_POINT('Ctrl Pts',(1.79886808636674,0.231060421938947,2.5));
#10364=CARTESIAN_POINT('Ctrl Pts',(1.79370646597087,0.218585578035406,2.5));
#10365=CARTESIAN_POINT('Ctrl Pts',(1.786861266743,0.202041782617053,2.5));
#10366=CARTESIAN_POINT('Ctrl Pts',(1.77879699047133,0.186010814944041,2.5));
#10367=CARTESIAN_POINT('Ctrl Pts',(1.7696745717285,0.170718870820669,2.5));
#10368=CARTESIAN_POINT('Ctrl Pts',(1.76069296132618,0.155662964236906,2.5));
#10369=CARTESIAN_POINT('Ctrl Pts',(1.75068643004913,0.141324275331811,2.5));
#10370=CARTESIAN_POINT('Ctrl Pts',(1.7398448266131,0.127884820432899,2.5));
#10371=CARTESIAN_POINT('Ctrl Pts',(1.73158465423981,0.117645355881075,2.5));
#10372=CARTESIAN_POINT('Ctrl Pts',(1.7228405455469,0.10792727143504,2.5));
#10373=CARTESIAN_POINT('Ctrl Pts',(1.71370663705593,0.098793362944069,2.5));
#10374=CARTESIAN_POINT('',(1.70201546927073,0.360018230334738,2.61267417525582));
#10375=CARTESIAN_POINT('Origin',(1.82179164508135,0.360018230334738,2.62));
#10376=CARTESIAN_POINT('Ctrl Pts',(1.62916947620567,0.183330523794325,2.60965897148463));
#10377=CARTESIAN_POINT('Ctrl Pts',(1.63805322331856,0.192214270907208,2.60965897148463));
#10378=CARTESIAN_POINT('Ctrl Pts',(1.64638782621803,0.201920379310723,2.60969879525515));
#10379=CARTESIAN_POINT('Ctrl Pts',(1.65398692959732,0.212315126327093,2.60977997106548));
#10380=CARTESIAN_POINT('Ctrl Pts',(1.66173915403971,0.222919326305793,2.60986278255909));
#10381=CARTESIAN_POINT('Ctrl Pts',(1.66872502601728,0.234239399857425,2.60998863276412));
#10382=CARTESIAN_POINT('Ctrl Pts',(1.67477720491685,0.246089070475713,2.6101569718478));
#10383=CARTESIAN_POINT('Ctrl Pts',(1.6778174425673,0.25204160680302,2.61024153491653));
#10384=CARTESIAN_POINT('Ctrl Pts',(1.68062263176862,0.258127168590786,2.610336785577));
#10385=CARTESIAN_POINT('Ctrl Pts',(1.68317549491785,0.264319129410734,2.61044245237171));
#10386=CARTESIAN_POINT('Ctrl Pts',(1.68826187699583,0.276656131710151,2.61065298527514));
#10387=CARTESIAN_POINT('Ctrl Pts',(1.69234103251995,0.28941039721392,2.61090488042832));
#10388=CARTESIAN_POINT('Ctrl Pts',(1.69537401665949,0.302333013947863,2.61119204111253));
#10389=CARTESIAN_POINT('Ctrl Pts',(1.69835868092823,0.315049754507655,2.61147462690728));
#10390=CARTESIAN_POINT('Ctrl Pts',(1.70033022815338,0.327928258153142,2.61179132715257));
#10391=CARTESIAN_POINT('Ctrl Pts',(1.70130115088215,0.34073110574475,2.61213488527846));
#10392=CARTESIAN_POINT('Ctrl Pts',(1.70179089085505,0.347188948420355,2.61230817831432));
#10393=CARTESIAN_POINT('Ctrl Pts',(1.70202683880389,0.353627657964621,2.61248828503186));
#10394=CARTESIAN_POINT('Ctrl Pts',(1.70201546927073,0.360018230334737,2.61267417525582));
#10395=CARTESIAN_POINT('Ctrl Pts',(1.48475422140947,0.327748812569071,2.85));
#10396=CARTESIAN_POINT('Ctrl Pts',(1.61448424313193,0.198029962600461,2.85));
#10397=CARTESIAN_POINT('Ctrl Pts',(1.62565626390027,0.186858906053402,2.66722349160379));
#10398=CARTESIAN_POINT('Ctrl Pts',(1.48013606958044,0.32313025807453,2.85));
#10399=CARTESIAN_POINT('Ctrl Pts',(1.59286110710498,0.176405071511342,2.85));
#10400=CARTESIAN_POINT('Ctrl Pts',(1.60256540595312,0.163766046712477,2.66722358933923));
#10401=CARTESIAN_POINT('Ctrl Pts',(1.47460190992984,0.319434532777159,2.85));
#10402=CARTESIAN_POINT('Ctrl Pts',(1.56718929371278,0.158754821544648,2.85));
#10403=CARTESIAN_POINT('Ctrl Pts',(1.57492178754815,0.145260061920464,2.66677713929804));
#10404=CARTESIAN_POINT('Ctrl Pts',(1.46252722462768,0.314438482933888,2.85));
#10405=CARTESIAN_POINT('Ctrl Pts',(1.51103551224511,0.133791829379078,2.85));
#10406=CARTESIAN_POINT('Ctrl Pts',(1.51465323448504,0.120174674030496,2.66505814614411));
#10407=CARTESIAN_POINT('Ctrl Pts',(1.45599341813795,0.313140929229438,2.85));
#10408=CARTESIAN_POINT('Ctrl Pts',(1.48045060798502,0.126482201907257,2.85));
#10409=CARTESIAN_POINT('Ctrl Pts',(1.48206173859575,0.113609183753207,2.66378655705015));
#10410=CARTESIAN_POINT('Ctrl Pts',(1.44944989734936,0.313141213427814,2.85));
#10411=CARTESIAN_POINT('Ctrl Pts',(1.4494418231004,0.124988426054848,2.85));
#10412=CARTESIAN_POINT('Ctrl Pts',(1.44944133188389,0.113513504608987,2.66219745044982));
#10413=CARTESIAN_POINT('Ctrl Pts',(1.48475270445326,0.327747295546736,2.85));
#10414=CARTESIAN_POINT('Ctrl Pts',(1.48205171709043,0.325046308183906,2.85));
#10415=CARTESIAN_POINT('Ctrl Pts',(1.47896953026402,0.322599301034473,2.85));
#10416=CARTESIAN_POINT('Ctrl Pts',(1.4756082937446,0.320532484561203,2.85));
#10417=CARTESIAN_POINT('Ctrl Pts',(1.47336974488157,0.319156006101682,2.85));
#10418=CARTESIAN_POINT('Ctrl Pts',(1.47100860719821,0.317947759489509,2.85));
#10419=CARTESIAN_POINT('Ctrl Pts',(1.46856456727919,0.31693650785447,2.85));
#10420=CARTESIAN_POINT('Ctrl Pts',(1.4648927980214,0.315417268075881,2.85));
#10421=CARTESIAN_POINT('Ctrl Pts',(1.46103672676879,0.314346269421334,2.85));
#10422=CARTESIAN_POINT('Ctrl Pts',(1.4571615162475,0.3137411259079,2.85));
#10423=CARTESIAN_POINT('Ctrl Pts',(1.45458414175149,0.313338649332917,2.85));
#10424=CARTESIAN_POINT('Ctrl Pts',(1.45199865502355,0.313141213381139,2.85));
#10425=CARTESIAN_POINT('Ctrl Pts',(1.44945204669777,0.313141213381139,2.85));
#10426=CARTESIAN_POINT('Ctrl Pts',(1.44945204669777,0.113514253696765,2.66220970790697));
#10427=CARTESIAN_POINT('Ctrl Pts',(1.46106257351333,0.113548845155316,2.66277527325498));
#10428=CARTESIAN_POINT('Ctrl Pts',(1.47283925642314,0.114397928413805,2.66331099472081));
#10429=CARTESIAN_POINT('Ctrl Pts',(1.48460098994746,0.116105531364232,2.66380427128966));
#10430=CARTESIAN_POINT('Ctrl Pts',(1.49631463561801,0.117806152779085,2.664295531097));
#10431=CARTESIAN_POINT('Ctrl Pts',(1.50801248829268,0.120358414999073,2.66474462555086));
#10432=CARTESIAN_POINT('Ctrl Pts',(1.51951026072378,0.123754542622027,2.66514191317982));
#10433=CARTESIAN_POINT('Ctrl Pts',(1.53100001642293,0.127148302321544,2.66553892380309));
#10434=CARTESIAN_POINT('Ctrl Pts',(1.5422889932187,0.131384590596851,2.66588414984465));
#10435=CARTESIAN_POINT('Ctrl Pts',(1.55320254144028,0.136404555635722,2.66617166084649));
#10436=CARTESIAN_POINT('Ctrl Pts',(1.56411691030512,0.1414248981504,2.66645919346769));
#10437=CARTESIAN_POINT('Ctrl Pts',(1.574654909175,0.147228579434884,2.66668897612402));
#10438=CARTESIAN_POINT('Ctrl Pts',(1.58466518370641,0.153710262611995,2.666859346569));
#10439=CARTESIAN_POINT('Ctrl Pts',(1.59472146818423,0.16022173736922,2.66703050008291));
#10440=CARTESIAN_POINT('Ctrl Pts',(1.60424444125169,0.167416776437151,2.66714169151449));
#10441=CARTESIAN_POINT('Ctrl Pts',(1.61311644616319,0.175150277822514,2.66719576775134));
#10442=CARTESIAN_POINT('Ctrl Pts',(1.61745176663204,0.178929266583943,2.66722219219755));
#10443=CARTESIAN_POINT('Ctrl Pts',(1.62163226012926,0.182836315055209,2.66723504752562));
#10444=CARTESIAN_POINT('Ctrl Pts',(1.62564797253702,0.186852027462975,2.66723504752562));
#10445=CARTESIAN_POINT('Origin',(0.,0.,2.85));
#10446=CARTESIAN_POINT('',(1.49935878661886,1.84278817992829,2.85));
#10447=CARTESIAN_POINT('',(1.49935878661886,0.,2.85));
#10448=CARTESIAN_POINT('',(-0.874358786618861,1.84278817992829,2.85));
#10449=CARTESIAN_POINT('',(0.,1.84278817992829,2.85));
#10450=CARTESIAN_POINT('',(-0.874358786618861,0.363047953302232,2.85));
#10451=CARTESIAN_POINT('',(-0.874358786618861,0.,2.85));
#10452=CARTESIAN_POINT('Ctrl Pts',(-0.859752704453264,0.327747295546736,
2.85));
#10453=CARTESIAN_POINT('Ctrl Pts',(-0.862453691816181,0.330448282909653,
2.85));
#10454=CARTESIAN_POINT('Ctrl Pts',(-0.864900698965696,0.333530469736179,
2.85));
#10455=CARTESIAN_POINT('Ctrl Pts',(-0.866967515439013,0.33689170625572,
2.85));
#10456=CARTESIAN_POINT('Ctrl Pts',(-0.868343993898455,0.339130255118656,
2.85));
#10457=CARTESIAN_POINT('Ctrl Pts',(-0.869552240510561,0.3414913928019,2.85));
#10458=CARTESIAN_POINT('Ctrl Pts',(-0.870563492145544,0.343935432720798,
2.85));
#10459=CARTESIAN_POINT('Ctrl Pts',(-0.872082731924099,0.347607201978532,
2.85));
#10460=CARTESIAN_POINT('Ctrl Pts',(-0.873153730578634,0.351463273231089,
2.85));
#10461=CARTESIAN_POINT('Ctrl Pts',(-0.873758874092072,0.35533848375232,
2.85));
#10462=CARTESIAN_POINT('Ctrl Pts',(-0.874161350667073,0.357915858248386,
2.85));
#10463=CARTESIAN_POINT('Ctrl Pts',(-0.874358786618861,0.360501344976389,
2.85));
#10464=CARTESIAN_POINT('Ctrl Pts',(-0.874358786618861,0.363047953302232,
2.85));
#10465=CARTESIAN_POINT('Ctrl Pts',(-0.859751187430933,0.327745778590537,
2.85));
#10466=CARTESIAN_POINT('Ctrl Pts',(-0.989470037399537,0.198015756868101,
2.85));
#10467=CARTESIAN_POINT('Ctrl Pts',(-1.00064109394662,0.186843736099753,
2.66722349160382));
#10468=CARTESIAN_POINT('Ctrl Pts',(-0.864369741925427,0.332363930419606,
2.85));
#10469=CARTESIAN_POINT('Ctrl Pts',(-1.01109492848837,0.219638892895316,
2.85));
#10470=CARTESIAN_POINT('Ctrl Pts',(-1.02373395328749,0.209934594046891,
2.66722358933958));
#10471=CARTESIAN_POINT('Ctrl Pts',(-0.868065467222836,0.337898090070169,
2.85));
#10472=CARTESIAN_POINT('Ctrl Pts',(-1.0287451784553,0.245310706287301,2.85));
#10473=CARTESIAN_POINT('Ctrl Pts',(-1.04223993807955,0.237578212451907,
2.66677713929812));
#10474=CARTESIAN_POINT('Ctrl Pts',(-0.873061517066117,0.34997277537231,
2.85));
#10475=CARTESIAN_POINT('Ctrl Pts',(-1.05370817062093,0.301464487754826,
2.85));
#10476=CARTESIAN_POINT('Ctrl Pts',(-1.06732532596948,0.297846765514903,
2.6650581461441));
#10477=CARTESIAN_POINT('Ctrl Pts',(-0.874359070770601,0.356506581862051,
2.85));
#10478=CARTESIAN_POINT('Ctrl Pts',(-1.06101779809276,0.332049392015012,
2.85));
#10479=CARTESIAN_POINT('Ctrl Pts',(-1.07389081624679,0.330438261404263,
2.66378655705019));
#10480=CARTESIAN_POINT('Ctrl Pts',(-0.874358786572186,0.363050102650632,
2.85));
#10481=CARTESIAN_POINT('Ctrl Pts',(-1.06251157394512,0.363058176899569,
2.85));
#10482=CARTESIAN_POINT('Ctrl Pts',(-1.07398649539101,0.36305866811608,2.66219745044985));
#10483=CARTESIAN_POINT('',(-1.07398574630323,0.363047953302232,2.66220970790697));
#10484=CARTESIAN_POINT('Origin',(-0.874358786618861,0.363047953302232,2.65));
#10485=CARTESIAN_POINT('Ctrl Pts',(-1.07398574630323,0.363047953302232,
2.66220970790697));
#10486=CARTESIAN_POINT('Ctrl Pts',(-1.07395115484468,0.351437426486667,
2.66277527325498));
#10487=CARTESIAN_POINT('Ctrl Pts',(-1.0731020715862,0.339660743576863,2.66331099472081));
#10488=CARTESIAN_POINT('Ctrl Pts',(-1.07139446863577,0.327899010052533,
2.66380427128966));
#10489=CARTESIAN_POINT('Ctrl Pts',(-1.06969384722091,0.316185364381992,
2.664295531097));
#10490=CARTESIAN_POINT('Ctrl Pts',(-1.06714158500093,0.30448751170732,2.66474462555086));
#10491=CARTESIAN_POINT('Ctrl Pts',(-1.06374545737797,0.292989739276215,
2.66514191317982));
#10492=CARTESIAN_POINT('Ctrl Pts',(-1.06035169767846,0.281499983577062,
2.66553892380309));
#10493=CARTESIAN_POINT('Ctrl Pts',(-1.05611540940315,0.2702110067813,2.66588414984465));
#10494=CARTESIAN_POINT('Ctrl Pts',(-1.05109544436428,0.259297458559714,
2.66617166084649));
#10495=CARTESIAN_POINT('Ctrl Pts',(-1.0460751018496,0.248383089694881,2.66645919346769));
#10496=CARTESIAN_POINT('Ctrl Pts',(-1.04027142056511,0.237845090824993,
2.66668897612402));
#10497=CARTESIAN_POINT('Ctrl Pts',(-1.033789737388,0.227834816293586,2.666859346569));
#10498=CARTESIAN_POINT('Ctrl Pts',(-1.02727826263078,0.217778531815765,
2.66703050008291));
#10499=CARTESIAN_POINT('Ctrl Pts',(-1.02008322356285,0.208255558748304,
2.66714169151449));
#10500=CARTESIAN_POINT('Ctrl Pts',(-1.01234972217749,0.199383553836812,
2.66719576775134));
#10501=CARTESIAN_POINT('Ctrl Pts',(-1.00857073341606,0.195048233367957,
2.66722219219755));
#10502=CARTESIAN_POINT('Ctrl Pts',(-1.00466368494479,0.190867739870741,
2.66723504752562));
#10503=CARTESIAN_POINT('Ctrl Pts',(-1.00064797253702,0.186852027462975,
2.66723504752562));
#10504=CARTESIAN_POINT('Origin',(-1.0625,0.125,2.85));
#10505=CARTESIAN_POINT('',(-0.813892840428697,0.124073459965837,2.83485120434861));
#10506=CARTESIAN_POINT('',(1.42868185450584,0.134284445888688,3.00179934845572));
#10507=CARTESIAN_POINT('Ctrl Pts',(-0.827481769665262,-0.00929164508135333,
2.5));
#10508=CARTESIAN_POINT('Ctrl Pts',(-0.827481769665262,0.10359308294733,
2.5));
#10509=CARTESIAN_POINT('Ctrl Pts',(-0.827481769665262,0.110484530729271,
2.61267417525582));
#10510=CARTESIAN_POINT('Ctrl Pts',(-0.875898509390738,-0.00929164508122735,
2.5));
#10511=CARTESIAN_POINT('Ctrl Pts',(-0.861027028219267,0.102696364478745,
2.5));
#10512=CARTESIAN_POINT('Ctrl Pts',(-0.860254221387127,0.110426224922699,
2.61172088374495));
#10513=CARTESIAN_POINT('Ctrl Pts',(-0.924242973428378,0.00031017169926908,
2.5));
#10514=CARTESIAN_POINT('Ctrl Pts',(-0.895041956827827,0.108651322175759,
2.5));
#10515=CARTESIAN_POINT('Ctrl Pts',(-0.892965922569361,0.116867283597898,
2.61095807525799));
#10516=CARTESIAN_POINT('Ctrl Pts',(-1.01358587050083,0.0372768963589193,
2.5));
#10517=CARTESIAN_POINT('Ctrl Pts',(-0.957942206606247,0.133640073435767,
2.5));
#10518=CARTESIAN_POINT('Ctrl Pts',(-0.953395818609171,0.141781726566408,
2.60992682948544));
#10519=CARTESIAN_POINT('Ctrl Pts',(-1.0545345687193,0.0646212946075379,
2.5));
#10520=CARTESIAN_POINT('Ctrl Pts',(-0.98690628284343,0.152653270394065,
2.5));
#10521=CARTESIAN_POINT('Ctrl Pts',(-0.981080240843093,0.160241288431743,
2.60965897148463));
#10522=CARTESIAN_POINT('Ctrl Pts',(-1.08870663705593,0.0987933629440681,
2.5));
#10523=CARTESIAN_POINT('Ctrl Pts',(-1.01087650622468,0.176623493775318,
2.5));
#10524=CARTESIAN_POINT('Ctrl Pts',(-1.00416947620567,0.183330523794325,
2.60965897148463));
#10525=CARTESIAN_POINT('Ctrl Pts',(-0.827481769665262,-0.00929164508135333,
2.5));
#10526=CARTESIAN_POINT('Ctrl Pts',(-0.844399463702622,-0.00929164508130931,
2.5));
#10527=CARTESIAN_POINT('Ctrl Pts',(-0.86154869194105,-0.00811516876363456,
2.5));
#10528=CARTESIAN_POINT('Ctrl Pts',(-0.878678806677065,-0.00571866068859594,
2.5));
#10529=CARTESIAN_POINT('Ctrl Pts',(-0.896148014019491,-0.00327471345848015,
2.5));
#10530=CARTESIAN_POINT('Ctrl Pts',(-0.913596255139922,0.000438144415676444,
2.5));
#10531=CARTESIAN_POINT('Ctrl Pts',(-0.930746324534894,0.00541306494300087,
2.5));
#10532=CARTESIAN_POINT('Ctrl Pts',(-0.943677898737679,0.00916427739995543,
2.5));
#10533=CARTESIAN_POINT('Ctrl Pts',(-0.956439578061331,0.0136319136333452,
2.5));
#10534=CARTESIAN_POINT('Ctrl Pts',(-0.968914421964606,0.0187935340290942,
2.5));
#10535=CARTESIAN_POINT('Ctrl Pts',(-0.985458217382998,0.0256387332569777,
2.5));
#10536=CARTESIAN_POINT('Ctrl Pts',(-1.00148918505603,0.0337030095286773,
2.5));
#10537=CARTESIAN_POINT('Ctrl Pts',(-1.01678112917943,0.0428254282715472,
2.5));
#10538=CARTESIAN_POINT('Ctrl Pts',(-1.03183703576333,0.0518070386739717,
2.5));
#10539=CARTESIAN_POINT('Ctrl Pts',(-1.04617572466856,0.0618135699511624,
2.5));
#10540=CARTESIAN_POINT('Ctrl Pts',(-1.05961517956759,0.0726551733873217,
2.5));
#10541=CARTESIAN_POINT('Ctrl Pts',(-1.06985464411923,0.0809153457604933,
2.5));
#10542=CARTESIAN_POINT('Ctrl Pts',(-1.0795727285651,0.0896594544532624,
2.5));
#10543=CARTESIAN_POINT('Ctrl Pts',(-1.08870663705593,0.0987933629440681,
2.5));
#10544=CARTESIAN_POINT('Ctrl Pts',(-1.00416947620567,0.183330523794325,
2.60965897148463));
#10545=CARTESIAN_POINT('Ctrl Pts',(-0.995285729092824,0.174446776681474,
2.60965897148463));
#10546=CARTESIAN_POINT('Ctrl Pts',(-0.985579620689357,0.166112173782032,
2.60969879525515));
#10547=CARTESIAN_POINT('Ctrl Pts',(-0.975184873673037,0.158513070402772,
2.60977997106548));
#10548=CARTESIAN_POINT('Ctrl Pts',(-0.964580673694453,0.150760845960455,
2.60986278255909));
#10549=CARTESIAN_POINT('Ctrl Pts',(-0.953260600142948,0.14377497398294,
2.60998863276412));
#10550=CARTESIAN_POINT('Ctrl Pts',(-0.941410929524782,0.137722795083397,
2.61015697184779));
#10551=CARTESIAN_POINT('Ctrl Pts',(-0.935458393197321,0.134682557432859,
2.61024153491652));
#10552=CARTESIAN_POINT('Ctrl Pts',(-0.92937283140939,0.131877368231456,
2.610336785577));
#10553=CARTESIAN_POINT('Ctrl Pts',(-0.923180870589266,0.129324505082153,
2.61044245237172));
#10554=CARTESIAN_POINT('Ctrl Pts',(-0.910843868289943,0.12423812300421,
2.61065298527514));
#10555=CARTESIAN_POINT('Ctrl Pts',(-0.898089602786295,0.120158967480112,
2.61090488042833));
#10556=CARTESIAN_POINT('Ctrl Pts',(-0.885166986052481,0.117125983340588,
2.61119204111254));
#10557=CARTESIAN_POINT('Ctrl Pts',(-0.872450245492748,0.114141319071842,
2.6114746269073));
#10558=CARTESIAN_POINT('Ctrl Pts',(-0.859571741847327,0.112169771846682,
2.61179132715259));
#10559=CARTESIAN_POINT('Ctrl Pts',(-0.846768894255776,0.111198849117892,
2.61213488527846));
#10560=CARTESIAN_POINT('Ctrl Pts',(-0.840311051579997,0.110709109144966,
2.61230817831433));
#10561=CARTESIAN_POINT('Ctrl Pts',(-0.833872342035554,0.110473161196113,
2.61248828503186));
#10562=CARTESIAN_POINT('Ctrl Pts',(-0.827481769665263,0.110484530729271,
2.61267417525582));
#10563=CARTESIAN_POINT('Ctrl Pts',(2.75775350101278,1.33063171051873,0.769614773931961));
#10564=CARTESIAN_POINT('Ctrl Pts',(2.63827660470813,1.33103972867449,0.764430411708792));
#10565=CARTESIAN_POINT('Ctrl Pts',(2.63786771442296,1.4502617905667,0.773795538935462));
#10566=CARTESIAN_POINT('Ctrl Pts',(2.75575050466107,1.32819216186818,0.800612178549625));
#10567=CARTESIAN_POINT('Ctrl Pts',(2.63692135800655,1.32924379163767,0.795470664435154));
#10568=CARTESIAN_POINT('Ctrl Pts',(2.63586471835284,1.44665125907112,0.819671691319857));
#10569=CARTESIAN_POINT('Ctrl Pts',(2.75377847703202,1.31990683412746,0.831130326165897));
#10570=CARTESIAN_POINT('Ctrl Pts',(2.63557173497084,1.32156959516836,0.826382114010556));
#10571=CARTESIAN_POINT('Ctrl Pts',(2.63389269044213,1.43438897350754,0.864838556241658));
#10572=CARTESIAN_POINT('Ctrl Pts',(2.75016347877005,1.29277206206954,0.887074294170774));
#10573=CARTESIAN_POINT('Ctrl Pts',(2.63308361249419,1.29520625004297,0.883369487871833));
#10574=CARTESIAN_POINT('Ctrl Pts',(2.63027769218029,1.394229510862,0.947635628888934));
#10575=CARTESIAN_POINT('Ctrl Pts',(2.74852196233686,1.27393167895644,0.912477610069074));
#10576=CARTESIAN_POINT('Ctrl Pts',(2.6319442715082,1.276559202963,0.90946468669059));
#10577=CARTESIAN_POINT('Ctrl Pts',(2.62863617574711,1.36634574385445,0.98523253641839));
#10578=CARTESIAN_POINT('Ctrl Pts',(2.74579468454305,1.22827344798093,0.954683644648766));
#10579=CARTESIAN_POINT('Ctrl Pts',(2.630045877042,1.23078381702424,0.95294506847087));
#10580=CARTESIAN_POINT('Ctrl Pts',(2.62590889795316,1.29877156201082,1.04769746759633));
#10581=CARTESIAN_POINT('Ctrl Pts',(2.74470979781353,1.20147024260534,0.971472827954548));
#10582=CARTESIAN_POINT('Ctrl Pts',(2.62928519263463,1.20366796300653,0.970367605777624));
#10583=CARTESIAN_POINT('Ctrl Pts',(2.62482401122395,1.25910281805488,1.0725454588889));
#10584=CARTESIAN_POINT('Ctrl Pts',(2.74324543244994,1.14356976150513,0.994134639424852));
#10585=CARTESIAN_POINT('Ctrl Pts',(2.62825856847779,1.14484229628013,0.99388116479636));
#10586=CARTESIAN_POINT('Ctrl Pts',(2.62335964585987,1.17341010602659,1.10608493986494));
#10587=CARTESIAN_POINT('Ctrl Pts',(2.74286642343398,1.11249562377175,1.));
#10588=CARTESIAN_POINT('Ctrl Pts',(2.62799141436308,1.11312054543801,1.00000000000008));
#10589=CARTESIAN_POINT('Ctrl Pts',(2.62298063684353,1.12742038218117,1.11476567351605));
#10590=CARTESIAN_POINT('Ctrl Pts',(2.74286642343334,1.08140237708545,1.));
#10591=CARTESIAN_POINT('Ctrl Pts',(2.62799141436277,1.08140237708545,1.));
#10592=CARTESIAN_POINT('Ctrl Pts',(2.62298063684352,1.08140237708545,1.11476567351616));
#10593=CARTESIAN_POINT('',(2.63786771442296,1.4502617905667,0.773795538935462));
#10594=CARTESIAN_POINT('Origin',(2.75775350101278,1.4502617905667,0.779029865419303));
#10595=CARTESIAN_POINT('',(2.62298063684352,1.08140237708545,1.11476567351616));
#10596=CARTESIAN_POINT('Ctrl Pts',(2.62298063684352,1.08140237708545,1.11476567351616));
#10597=CARTESIAN_POINT('Ctrl Pts',(2.62298063684353,1.12742038218117,1.11476567351605));
#10598=CARTESIAN_POINT('Ctrl Pts',(2.62335964585987,1.17341010602659,1.10608493986494));
#10599=CARTESIAN_POINT('Ctrl Pts',(2.62409182854191,1.21625646204073,1.08931519937692));
#10600=CARTESIAN_POINT('Ctrl Pts',(2.62482401122395,1.25910281805488,1.0725454588889));
#10601=CARTESIAN_POINT('Ctrl Pts',(2.62590889795316,1.29877156201082,1.04769746759633));
#10602=CARTESIAN_POINT('Ctrl Pts',(2.62727253685014,1.33255865293264,1.01646500200736));
#10603=CARTESIAN_POINT('Ctrl Pts',(2.62863617574711,1.36634574385445,0.98523253641839));
#10604=CARTESIAN_POINT('Ctrl Pts',(2.63027769218029,1.394229510862,0.947635628888934));
#10605=CARTESIAN_POINT('Ctrl Pts',(2.63208519131121,1.41430924218477,0.906237092565296));
#10606=CARTESIAN_POINT('Ctrl Pts',(2.63389269044213,1.43438897350754,0.864838556241658));
#10607=CARTESIAN_POINT('Ctrl Pts',(2.63586471835284,1.44665125907112,0.819671691319857));
#10608=CARTESIAN_POINT('Ctrl Pts',(2.63786771442296,1.4502617905667,0.773795538935463));
#10609=CARTESIAN_POINT('Origin',(2.74286642343334,1.08140237708545,1.12));
#10610=CARTESIAN_POINT('Origin',(2.74286642343334,-1.75,1.12));
#10611=CARTESIAN_POINT('',(2.62298063684352,-0.0814023770854503,1.11476567351616));
#10612=CARTESIAN_POINT('',(2.62298063684352,1.08140237708545,1.11476567351616));
#10613=CARTESIAN_POINT('Origin',(2.74286642343334,-0.0814023770854503,1.12));
#10614=CARTESIAN_POINT('Ctrl Pts',(2.74286642343334,-0.0814023770854472,
1.));
#10615=CARTESIAN_POINT('Ctrl Pts',(2.62799141436277,-0.0814023770854471,
1.));
#10616=CARTESIAN_POINT('Ctrl Pts',(2.62298063684352,-0.0814023770854456,
1.11476567351616));
#10617=CARTESIAN_POINT('Ctrl Pts',(2.74286642343398,-0.112495623771757,
1.));
#10618=CARTESIAN_POINT('Ctrl Pts',(2.62799141436308,-0.113120545437907,
1.00000000000008));
#10619=CARTESIAN_POINT('Ctrl Pts',(2.62298063684353,-0.127420382181177,
1.11476567351605));
#10620=CARTESIAN_POINT('Ctrl Pts',(2.74324543244993,-0.143569761505116,
0.99413463942486));
#10621=CARTESIAN_POINT('Ctrl Pts',(2.62825856847778,-0.144842296280235,
0.993881164796335));
#10622=CARTESIAN_POINT('Ctrl Pts',(2.62335964585987,-0.173410106026566,
1.10608493986501));
#10623=CARTESIAN_POINT('Ctrl Pts',(2.74470979781353,-0.201470242605355,
0.971472827954544));
#10624=CARTESIAN_POINT('Ctrl Pts',(2.62928519263463,-0.203667963006404,
0.97036760577766));
#10625=CARTESIAN_POINT('Ctrl Pts',(2.62482401122395,-0.259102818054899,
1.07254545888883));
#10626=CARTESIAN_POINT('Ctrl Pts',(2.74579468454274,-0.228273447980864,
0.95468364464883));
#10627=CARTESIAN_POINT('Ctrl Pts',(2.63004587704168,-0.23078381702429,0.952945068471025));
#10628=CARTESIAN_POINT('Ctrl Pts',(2.62590889795316,-0.298771562010761,
1.04769746759646));
#10629=CARTESIAN_POINT('Ctrl Pts',(2.74852196233718,-0.273931678956505,
0.912477610069015));
#10630=CARTESIAN_POINT('Ctrl Pts',(2.63194427150851,-0.276559202962943,
0.909464686690447));
#10631=CARTESIAN_POINT('Ctrl Pts',(2.62863617574711,-0.366345743854513,
0.985232536418271));
#10632=CARTESIAN_POINT('Ctrl Pts',(2.75016347877005,-0.292772062069498,
0.887074294170871));
#10633=CARTESIAN_POINT('Ctrl Pts',(2.63308361249419,-0.295206250043014,
0.883369487871919));
#10634=CARTESIAN_POINT('Ctrl Pts',(2.63027769218028,-0.394229510861885,
0.947635628889016));
#10635=CARTESIAN_POINT('Ctrl Pts',(2.75377847703202,-0.319906834127512,
0.831130326165802));
#10636=CARTESIAN_POINT('Ctrl Pts',(2.63557173497084,-0.321569595168317,
0.826382114010482));
#10637=CARTESIAN_POINT('Ctrl Pts',(2.63389269044214,-0.434388973507658,
0.86483855624158));
#10638=CARTESIAN_POINT('Ctrl Pts',(2.75575050466106,-0.328192161868183,
0.8006121785497));
#10639=CARTESIAN_POINT('Ctrl Pts',(2.63692135800685,-0.329243791638172,
0.795470664435261));
#10640=CARTESIAN_POINT('Ctrl Pts',(2.63586471835283,-0.44665125907152,0.819671691319957));
#10641=CARTESIAN_POINT('Ctrl Pts',(2.75775350101278,-0.330631710518732,
0.769614773931961));
#10642=CARTESIAN_POINT('Ctrl Pts',(2.63827660470813,-0.331039728674493,
0.764430411708792));
#10643=CARTESIAN_POINT('Ctrl Pts',(2.63786771442296,-0.450261790566708,
0.773795538935463));
#10644=CARTESIAN_POINT('',(2.63786771442296,-0.450261790566708,0.773795538935462));
#10645=CARTESIAN_POINT('Ctrl Pts',(2.63786771442296,-0.450261790566708,
0.773795538935463));
#10646=CARTESIAN_POINT('Ctrl Pts',(2.63586471835283,-0.44665125907152,0.819671691319957));
#10647=CARTESIAN_POINT('Ctrl Pts',(2.63389269044214,-0.434388973507658,
0.86483855624158));
#10648=CARTESIAN_POINT('Ctrl Pts',(2.63208519131121,-0.414309242184771,
0.906237092565298));
#10649=CARTESIAN_POINT('Ctrl Pts',(2.63027769218028,-0.394229510861885,
0.947635628889016));
#10650=CARTESIAN_POINT('Ctrl Pts',(2.62863617574711,-0.366345743854513,
0.985232536418271));
#10651=CARTESIAN_POINT('Ctrl Pts',(2.62727253685014,-0.332558652932637,
1.01646500200736));
#10652=CARTESIAN_POINT('Ctrl Pts',(2.62590889795316,-0.298771562010761,
1.04769746759646));
#10653=CARTESIAN_POINT('Ctrl Pts',(2.62482401122395,-0.259102818054899,
1.07254545888883));
#10654=CARTESIAN_POINT('Ctrl Pts',(2.62409182854191,-0.216256462040732,
1.08931519937692));
#10655=CARTESIAN_POINT('Ctrl Pts',(2.62335964585987,-0.173410106026567,
1.10608493986501));
#10656=CARTESIAN_POINT('Ctrl Pts',(2.62298063684353,-0.12742038218118,1.11476567351605));
#10657=CARTESIAN_POINT('Ctrl Pts',(2.62298063684352,-0.0814023770854504,
1.11476567351616));
#10658=CARTESIAN_POINT('Origin',(2.75775350101278,-0.450261790566708,0.779029865419303));
#10659=CARTESIAN_POINT('Origin',(2.74249888216571,-0.422764341811663,1.12841807902337));
#10660=CARTESIAN_POINT('',(2.56739333571489,-0.323227111005358,2.38792418603631));
#10661=CARTESIAN_POINT('',(2.74249888216571,-0.303134261763688,1.11900298753602));
#10662=CARTESIAN_POINT('Origin',(2.7646968948876,0.,0.62));
#10663=CARTESIAN_POINT('',(2.64481110829778,-1.10721577337247,0.61476567351616));
#10664=CARTESIAN_POINT('Origin',(2.7646968948876,-1.10721577337247,0.62));
#10665=CARTESIAN_POINT('',(2.64481110829778,-0.351850853412311,0.61476567351616));
#10666=CARTESIAN_POINT('Ctrl Pts',(2.7646968948876,-1.10721577337247,0.5));
#10667=CARTESIAN_POINT('Ctrl Pts',(2.64982188581702,-1.10721577337247,0.5));
#10668=CARTESIAN_POINT('Ctrl Pts',(2.64481110829778,-1.10721577337247,0.61476567351616));
#10669=CARTESIAN_POINT('Ctrl Pts',(2.75589649861051,-1.13673956835494,0.5));
#10670=CARTESIAN_POINT('Ctrl Pts',(2.64946630004575,-1.13624436247298,0.508144253136632));
#10671=CARTESIAN_POINT('Ctrl Pts',(2.64481110829778,-1.14879366282222,0.614765673516147));
#10672=CARTESIAN_POINT('Ctrl Pts',(2.74737874238988,-1.1660411050612,0.496480783650932));
#10673=CARTESIAN_POINT('Ctrl Pts',(2.64932812897124,-1.16862180669385,0.511308891030821));
#10674=CARTESIAN_POINT('Ctrl Pts',(2.64508768244515,-1.19014238627034,0.608431084087917));
#10675=CARTESIAN_POINT('Ctrl Pts',(2.73206023346726,-1.22023686120538,0.482883696776709));
#10676=CARTESIAN_POINT('Ctrl Pts',(2.64958919599171,-1.23039570120554,0.505329473207145));
#10677=CARTESIAN_POINT('Ctrl Pts',(2.64615627338589,-1.26678521476565,0.583956327714156));
#10678=CARTESIAN_POINT('Ctrl Pts',(2.72526601543626,-1.24510825846661,0.47281018677723));
#10679=CARTESIAN_POINT('Ctrl Pts',(2.64996394860644,-1.26022531301622,0.496746227178489));
#10680=CARTESIAN_POINT('Ctrl Pts',(2.64694794748684,-1.30204777769756,0.565824009715188));
#10681=CARTESIAN_POINT('Ctrl Pts',(2.71433391524272,-1.28700734718206,0.447486566053476));
#10682=CARTESIAN_POINT('Ctrl Pts',(2.65113752384924,-1.31069467305753,0.469866934963215));
#10683=CARTESIAN_POINT('Ctrl Pts',(2.64893812317242,-1.36164781801618,0.520241492412402));
#10684=CARTESIAN_POINT('Ctrl Pts',(2.71019953895059,-1.30402160180945,0.432244576478715));
#10685=CARTESIAN_POINT('Ctrl Pts',(2.65192982320753,-1.33195154566634,0.45172029621424));
#10686=CARTESIAN_POINT('Ctrl Pts',(2.65013598651837,-1.38596618197023,0.492805911177757));
#10687=CARTESIAN_POINT('Ctrl Pts',(2.70515777793359,-1.32785996000274,0.398678195723287));
#10688=CARTESIAN_POINT('Ctrl Pts',(2.65375427918901,-1.36148965194699,0.409933384166665));
#10689=CARTESIAN_POINT('Ctrl Pts',(2.65277395821922,-1.42032424880057,0.432386425818167));
#10690=CARTESIAN_POINT('Ctrl Pts',(2.70425190167111,-1.3346762431564,0.380367183246997));
#10691=CARTESIAN_POINT('Ctrl Pts',(2.65479486152017,-1.37019102411491,0.386100130400299));
#10692=CARTESIAN_POINT('Ctrl Pts',(2.65421300867779,-1.43035261500758,0.399426751502601));
#10693=CARTESIAN_POINT('Ctrl Pts',(2.70502309700786,-1.33592550957501,0.361768864359177));
#10694=CARTESIAN_POINT('Ctrl Pts',(2.6558482141116,-1.37180476187082,0.361974389623159));
#10695=CARTESIAN_POINT('Ctrl Pts',(2.65567465139628,-1.43254765807111,0.365949629362679));
#10696=CARTESIAN_POINT('',(2.65567465139628,-1.43254765807111,0.365949629362678));
#10697=CARTESIAN_POINT('Origin',(2.77556043798611,-1.43254765807111,0.371183955846518));
#10698=CARTESIAN_POINT('Ctrl Pts',(2.65567465139628,-1.43254765807111,0.365949629362679));
#10699=CARTESIAN_POINT('Ctrl Pts',(2.65516290159666,-1.43177913041807,0.377670626792811));
#10700=CARTESIAN_POINT('Ctrl Pts',(2.65463914200634,-1.43002461359084,0.389666693653219));
#10701=CARTESIAN_POINT('Ctrl Pts',(2.65411148423606,-1.42717448146318,0.40175204351338));
#10702=CARTESIAN_POINT('Ctrl Pts',(2.65357636965803,-1.42428407154836,0.41400818235021));
#10703=CARTESIAN_POINT('Ctrl Pts',(2.6530372718615,-1.42026659688904,0.42635555188958));
#10704=CARTESIAN_POINT('Ctrl Pts',(2.65250369517082,-1.41505613693048,0.438576467315027));
#10705=CARTESIAN_POINT('Ctrl Pts',(2.65215071641777,-1.41160924411995,0.44666100991838));
#10706=CARTESIAN_POINT('Ctrl Pts',(2.65180017548912,-1.40764128783136,0.454689717163383));
#10707=CARTESIAN_POINT('Ctrl Pts',(2.6514549723688,-1.40314521538514,0.462596168497817));
#10708=CARTESIAN_POINT('Ctrl Pts',(2.65093943702859,-1.39643066357,0.474403869061806));
#10709=CARTESIAN_POINT('Ctrl Pts',(2.65043599473096,-1.38853730442952,0.485934593413916));
#10710=CARTESIAN_POINT('Ctrl Pts',(2.64995340784233,-1.37954302074283,0.496987650367959));
#10711=CARTESIAN_POINT('Ctrl Pts',(2.64945669284638,-1.37028542239066,0.508364294179594));
#10712=CARTESIAN_POINT('Ctrl Pts',(2.64898211324756,-1.359861860772,0.519233954044955));
#10713=CARTESIAN_POINT('Ctrl Pts',(2.64853868694343,-1.34841101233193,0.529390086152839));
#10714=CARTESIAN_POINT('Ctrl Pts',(2.6483331828048,-1.34310416264067,0.534096904763104));
#10715=CARTESIAN_POINT('Ctrl Pts',(2.64813435851634,-1.33757737727208,0.538650729651434));
#10716=CARTESIAN_POINT('Ctrl Pts',(2.64794303532964,-1.33184779785669,0.543032751063564));
#10717=CARTESIAN_POINT('Ctrl Pts',(2.64751944544559,-1.3191624985884,0.552734554456616));
#10718=CARTESIAN_POINT('Ctrl Pts',(2.64713286204959,-1.3054844973058,0.561588769923454));
#10719=CARTESIAN_POINT('Ctrl Pts',(2.64678886731583,-1.29108571292046,0.569467544655492));
#10720=CARTESIAN_POINT('Ctrl Pts',(2.64644511068311,-1.27669689486709,0.577340865976859));
#10721=CARTESIAN_POINT('Ctrl Pts',(2.64614390926808,-1.26158964197679,0.584239512569647));
#10722=CARTESIAN_POINT('Ctrl Pts',(2.64588883672254,-1.24605760404145,0.590081634350489));
#10723=CARTESIAN_POINT('Ctrl Pts',(2.64579341513885,-1.24024713292745,0.592267147931728));
#10724=CARTESIAN_POINT('Ctrl Pts',(2.64570442722822,-1.2343773342113,0.594305306173305));
#10725=CARTESIAN_POINT('Ctrl Pts',(2.64562197791553,-1.22846380051795,0.596193705900911));
#10726=CARTESIAN_POINT('Ctrl Pts',(2.64540119954461,-1.21262885547751,0.601250361946463));
#10727=CARTESIAN_POINT('Ctrl Pts',(2.64522750784692,-1.19648714415816,0.605228555868199));
#10728=CARTESIAN_POINT('Ctrl Pts',(2.64509894498715,-1.18035720867908,0.608173129466509));
#10729=CARTESIAN_POINT('Ctrl Pts',(2.64497520829271,-1.16483278038476,0.611007165705748));
#10730=CARTESIAN_POINT('Ctrl Pts',(2.64489325977238,-1.14932014075697,0.612884095402334));
#10731=CARTESIAN_POINT('Ctrl Pts',(2.64484957332735,-1.13407826315104,0.613884679497087));
#10732=CARTESIAN_POINT('Ctrl Pts',(2.64482358961824,-1.12501273919619,0.614479804278583));
#10733=CARTESIAN_POINT('Ctrl Pts',(2.64481110829778,-1.11604244499968,0.614765673516157));
#10734=CARTESIAN_POINT('Ctrl Pts',(2.64481110829778,-1.10721577337247,0.61476567351616));
#10735=CARTESIAN_POINT('Origin',(2.37104165154904,0.,2.3));
#10736=CARTESIAN_POINT('',(2.57085129586541,1.50520859688394,2.30872387747307));
#10737=CARTESIAN_POINT('',(2.37104165154904,1.50520859688394,2.5));
#10738=CARTESIAN_POINT('Origin',(2.37104165154904,1.50520859688394,2.3));
#10739=CARTESIAN_POINT('',(2.37104165154904,-1.46778817992829,2.5));
#10740=CARTESIAN_POINT('',(2.37104165154904,0.,2.5));
#10741=CARTESIAN_POINT('',(2.57085129586541,-1.46778817992829,2.30872387747307));
#10742=CARTESIAN_POINT('Origin',(2.37104165154904,-1.46778817992829,2.3));
#10743=CARTESIAN_POINT('',(2.57085129586541,-1.75,2.30872387747307));
#10744=CARTESIAN_POINT('Origin',(0.,0.,2.5));
#10745=CARTESIAN_POINT('',(-1.19679164508135,1.55516862581566,2.5));
#10746=CARTESIAN_POINT('',(-1.19679164508135,1.55516862581566,2.5));
#10747=CARTESIAN_POINT('',(-2.32105116280315,1.55516862581566,2.5));
#10748=CARTESIAN_POINT('',(0.,1.55516862581566,2.5));
#10749=CARTESIAN_POINT('Origin',(-2.32099401729098,1.50515148619132,2.5));
#10750=CARTESIAN_POINT('',(-2.37104165154904,-1.46778817992829,2.5));
#10751=CARTESIAN_POINT('',(-2.37104165154904,0.,2.5));
#10752=CARTESIAN_POINT('',(0.,-1.46778817992829,2.5));
#10753=CARTESIAN_POINT('Origin',(2.33012710211022,1.50768640028124,2.5));
#10754=CARTESIAN_POINT('',(1.82179164508135,1.55516862581566,2.5));
#10755=CARTESIAN_POINT('',(0.,1.55516862581566,2.5));
#10756=CARTESIAN_POINT('',(1.82179164508135,0.353126782552797,2.5));
#10757=CARTESIAN_POINT('Ctrl Pts',(2.37104165154904,-1.46778817992829,2.5));
#10758=CARTESIAN_POINT('Ctrl Pts',(2.5625,-1.46778817992829,2.5));
#10759=CARTESIAN_POINT('Ctrl Pts',(2.57085129586541,-1.46778817992829,2.30872387747307));
#10760=CARTESIAN_POINT('Ctrl Pts',(2.37104165154904,-1.51424272994771,2.5));
#10761=CARTESIAN_POINT('Ctrl Pts',(2.5625,-1.51293759421155,2.49999999999925));
#10762=CARTESIAN_POINT('Ctrl Pts',(2.57085129586542,-1.4832730448021,2.30872387747286));
#10763=CARTESIAN_POINT('Ctrl Pts',(2.37120078199147,-1.56051847294485,2.48906594096849));
#10764=CARTESIAN_POINT('Ctrl Pts',(2.56295100561377,-1.55801296637719,2.48967027316817));
#10765=CARTESIAN_POINT('Ctrl Pts',(2.57101042587522,-1.49869825780514,2.30507920103672));
#10766=CARTESIAN_POINT('Ctrl Pts',(2.37150337910915,-1.60206031747567,2.46827410064793));
#10767=CARTESIAN_POINT('Ctrl Pts',(2.56381174588838,-1.59869974372327,2.46995607971349));
#10768=CARTESIAN_POINT('Ctrl Pts',(2.57131302342552,-1.51254555911075,2.29814857768905));
#10769=CARTESIAN_POINT('',(2.57131302342552,-1.51254555911075,2.29814857768905));
#10770=CARTESIAN_POINT('',(2.37150337910915,-1.60206031747567,2.46827410064793));
#10771=CARTESIAN_POINT('Origin',(2.37150337910915,-1.51254555911075,2.28942470021598));
#10772=CARTESIAN_POINT('Origin',(2.57435999372271,-1.47242816347938,2.22836148436933));
#10773=CARTESIAN_POINT('Origin',(2.3745500873749,-1.4817123892615,2.25893082516424));
#10774=CARTESIAN_POINT('Ctrl Pts',(-2.70502309700786,-1.33592550957501,
0.361768864359177));
#10775=CARTESIAN_POINT('Ctrl Pts',(-2.6558482141116,-1.37180476187082,0.361974389623159));
#10776=CARTESIAN_POINT('Ctrl Pts',(-2.65567465139629,-1.43254765807111,
0.365949629362678));
#10777=CARTESIAN_POINT('Ctrl Pts',(-2.7042519016711,-1.33467624315641,0.38036718324695));
#10778=CARTESIAN_POINT('Ctrl Pts',(-2.65479486152087,-1.37019102411526,
0.386100130400389));
#10779=CARTESIAN_POINT('Ctrl Pts',(-2.65421300867779,-1.43035261500758,
0.399426751502593));
#10780=CARTESIAN_POINT('Ctrl Pts',(-2.70515777793326,-1.32785996000294,
0.39867819572335));
#10781=CARTESIAN_POINT('Ctrl Pts',(-2.65375427918853,-1.36148965194698,
0.409933384166613));
#10782=CARTESIAN_POINT('Ctrl Pts',(-2.65277395821922,-1.42032424880057,
0.432386425818177));
#10783=CARTESIAN_POINT('Ctrl Pts',(-2.71019953895093,-1.30402160180925,
0.432244576478652));
#10784=CARTESIAN_POINT('Ctrl Pts',(-2.65192982320801,-1.33195154566634,
0.451720296214309));
#10785=CARTESIAN_POINT('Ctrl Pts',(-2.65013598651837,-1.38596618197023,
0.492805911177747));
#10786=CARTESIAN_POINT('Ctrl Pts',(-2.71433391524294,-1.28700734718197,
0.447486566053424));
#10787=CARTESIAN_POINT('Ctrl Pts',(-2.65113752384924,-1.3106946730575,0.469866934963161));
#10788=CARTESIAN_POINT('Ctrl Pts',(-2.64893812317242,-1.36164781801615,
0.520241492412422));
#10789=CARTESIAN_POINT('Ctrl Pts',(-2.72526601543604,-1.2451082584667,0.472810186777283));
#10790=CARTESIAN_POINT('Ctrl Pts',(-2.64996394860644,-1.26022531301629,
0.496746227178526));
#10791=CARTESIAN_POINT('Ctrl Pts',(-2.64694794748684,-1.30204777769759,
0.565824009715169));
#10792=CARTESIAN_POINT('Ctrl Pts',(-2.73206023346752,-1.22023686120535,
0.482883696776658));
#10793=CARTESIAN_POINT('Ctrl Pts',(-2.64958919599171,-1.23039570120557,
0.505329473207006));
#10794=CARTESIAN_POINT('Ctrl Pts',(-2.64615627338589,-1.26678521476565,
0.583956327714191));
#10795=CARTESIAN_POINT('Ctrl Pts',(-2.74737874238963,-1.16604110506123,
0.496480783650983));
#10796=CARTESIAN_POINT('Ctrl Pts',(-2.64932812897124,-1.16862180669388,
0.511308891030961));
#10797=CARTESIAN_POINT('Ctrl Pts',(-2.64508768244516,-1.19014238627034,
0.608431084087882));
#10798=CARTESIAN_POINT('Ctrl Pts',(-2.75589649861053,-1.13673956835487,
0.5));
#10799=CARTESIAN_POINT('Ctrl Pts',(-2.64946630004575,-1.13624436247297,
0.508144253136631));
#10800=CARTESIAN_POINT('Ctrl Pts',(-2.64481110829778,-1.14879366282222,
0.614765673516147));
#10801=CARTESIAN_POINT('Ctrl Pts',(-2.7646968948876,-1.10721577337247,0.5));
#10802=CARTESIAN_POINT('Ctrl Pts',(-2.64982188581702,-1.10721577337247,
0.5));
#10803=CARTESIAN_POINT('Ctrl Pts',(-2.64481110829778,-1.10721577337247,
0.61476567351616));
#10804=CARTESIAN_POINT('',(-2.65567465139629,-1.43254765807111,0.365949629362678));
#10805=CARTESIAN_POINT('Origin',(-2.77556043798611,-1.43254765807111,0.371183955846518));
#10806=CARTESIAN_POINT('',(-2.64481110829778,-1.10721577337247,0.61476567351616));
#10807=CARTESIAN_POINT('Ctrl Pts',(-2.64481110829778,-1.10721577337247,
0.614765673516159));
#10808=CARTESIAN_POINT('Ctrl Pts',(-2.64481110829778,-1.12199374616186,
0.614765673516155));
#10809=CARTESIAN_POINT('Ctrl Pts',(-2.64484618062568,-1.13717635859237,
0.613962385140606));
#10810=CARTESIAN_POINT('Ctrl Pts',(-2.64492079380535,-1.15252876533417,
0.61225346236661));
#10811=CARTESIAN_POINT('Ctrl Pts',(-2.64499825085305,-1.16846632631972,
0.610479404305995));
#10812=CARTESIAN_POINT('Ctrl Pts',(-2.6451183398967,-1.18458615889313,0.607728913005472));
#10813=CARTESIAN_POINT('Ctrl Pts',(-2.64528415899758,-1.20058881500408,
0.603931031195329));
#10814=CARTESIAN_POINT('Ctrl Pts',(-2.64538107949592,-1.20994229356431,
0.601711186824549));
#10815=CARTESIAN_POINT('Ctrl Pts',(-2.6454935858113,-1.21925509993007,0.599134368554324));
#10816=CARTESIAN_POINT('Ctrl Pts',(-2.64562197791553,-1.22846380051796,
0.596193705900912));
#10817=CARTESIAN_POINT('Ctrl Pts',(-2.64584191329174,-1.2442382832283,0.591156357608342));
#10818=CARTESIAN_POINT('Ctrl Pts',(-2.64610854024053,-1.25970129941882,
0.585049596484278));
#10819=CARTESIAN_POINT('Ctrl Pts',(-2.64641914427579,-1.27455785819945,
0.577935594482349));
#10820=CARTESIAN_POINT('Ctrl Pts',(-2.64673118293032,-1.28948303651842,
0.570788734297025));
#10821=CARTESIAN_POINT('Ctrl Pts',(-2.64708758371672,-1.30379479178648,
0.562625814244059));
#10822=CARTESIAN_POINT('Ctrl Pts',(-2.64748344278669,-1.31720889991429,
0.553559150915238));
#10823=CARTESIAN_POINT('Ctrl Pts',(-2.64763126485573,-1.32221800888335,
0.550173468902909));
#10824=CARTESIAN_POINT('Ctrl Pts',(-2.64778456943497,-1.32710219987745,
0.546662216762667));
#10825=CARTESIAN_POINT('Ctrl Pts',(-2.64794303532964,-1.3318477978567,0.543032751063567));
#10826=CARTESIAN_POINT('Ctrl Pts',(-2.64835672104661,-1.34423649579392,
0.533557790391316));
#10827=CARTESIAN_POINT('Ctrl Pts',(-2.64880555229035,-1.35567417387655,
0.523277864814051));
#10828=CARTESIAN_POINT('Ctrl Pts',(-2.64928091228692,-1.36599940269166,
0.51239033090137));
#10829=CARTESIAN_POINT('Ctrl Pts',(-2.64974335305568,-1.37604401474412,
0.501798695953711));
#10830=CARTESIAN_POINT('Ctrl Pts',(-2.65023085941039,-1.38503538435334,
0.490632964701954));
#10831=CARTESIAN_POINT('Ctrl Pts',(-2.65073474393379,-1.3928705223164,0.47909211171467));
#10832=CARTESIAN_POINT('Ctrl Pts',(-2.65097151885287,-1.39655224713833,
0.473669074480362));
#10833=CARTESIAN_POINT('Ctrl Pts',(-2.65121190290845,-1.39997937522068,
0.468163374429725));
#10834=CARTESIAN_POINT('Ctrl Pts',(-2.6514549723688,-1.40314521538514,0.462596168497818));
#10835=CARTESIAN_POINT('Ctrl Pts',(-2.65197787308946,-1.40995569705187,
0.450619772986827));
#10836=CARTESIAN_POINT('Ctrl Pts',(-2.6525129987536,-1.41555203693335,0.43836338023634));
#10837=CARTESIAN_POINT('Ctrl Pts',(-2.65305035140936,-1.41996733640523,
0.426055980991909));
#10838=CARTESIAN_POINT('Ctrl Pts',(-2.65358006177061,-1.42431984095359,
0.413923619069229));
#10839=CARTESIAN_POINT('Ctrl Pts',(-2.65411190505181,-1.42752483364923,
0.401742405248208));
#10840=CARTESIAN_POINT('Ctrl Pts',(-2.65463701205011,-1.42966180748621,
0.389715477671414));
#10841=CARTESIAN_POINT('Ctrl Pts',(-2.65498664501132,-1.43108467271763,
0.381707566299848));
#10842=CARTESIAN_POINT('Ctrl Pts',(-2.65533330761165,-1.43203504011234,
0.373767687377465));
#10843=CARTESIAN_POINT('Ctrl Pts',(-2.65567465139629,-1.43254765807111,
0.365949629362678));
#10844=CARTESIAN_POINT('Origin',(-2.7646968948876,-1.10721577337247,0.62));
#10845=CARTESIAN_POINT('Origin',(-2.7646968948876,0.,0.62));
#10846=CARTESIAN_POINT('',(-2.64481110829778,-1.19107830190046,0.61476567351616));
#10847=CARTESIAN_POINT('Origin',(-2.68612817875016,-0.345902713294496,2.4195194538532));
#10848=CARTESIAN_POINT('',(-2.63814897410394,-0.446633358689667,0.767353633144057));
#10849=CARTESIAN_POINT('',(-2.56624239216034,-0.345902713294495,2.41428512736936));
#10850=CARTESIAN_POINT('Origin',(-2.75803476069376,-0.446633358689667,0.772587959627897));
#10851=CARTESIAN_POINT('',(-2.74743466118047,-0.312007987765522,1.0080443289262));
#10852=CARTESIAN_POINT('Ctrl Pts',(-2.75803476069376,-0.326857182879043,
0.765262134883714));
#10853=CARTESIAN_POINT('Ctrl Pts',(-2.63846737009569,-0.327175287763457,
0.760061165997305));
#10854=CARTESIAN_POINT('Ctrl Pts',(-2.63814897410394,-0.446633358689667,
0.767353633144057));
#10855=CARTESIAN_POINT('Ctrl Pts',(-2.7560058487217,-0.324936770659111,
0.79666059713414));
#10856=CARTESIAN_POINT('Ctrl Pts',(-2.63709563084558,-0.325908705159816,
0.791479160181578));
#10857=CARTESIAN_POINT('Ctrl Pts',(-2.6361200623617,-0.443791148926436,
0.813823352006832));
#10858=CARTESIAN_POINT('Ctrl Pts',(-2.75400193219891,-0.317023857138952,
0.827672241875424));
#10859=CARTESIAN_POINT('Ctrl Pts',(-2.63572503152056,-0.31862732435075,
0.822871045781653));
#10860=CARTESIAN_POINT('Ctrl Pts',(-2.63411614560889,-0.432080036594326,
0.859720591491806));
#10861=CARTESIAN_POINT('Ctrl Pts',(-2.75032174685002,-0.290314919857179,
0.884625013764932));
#10862=CARTESIAN_POINT('Ctrl Pts',(-2.63319320291777,-0.292725819207501,
0.880859454498575));
#10863=CARTESIAN_POINT('Ctrl Pts',(-2.6304359602604,-0.392550809417314,
0.94401069388824));
#10864=CARTESIAN_POINT('Ctrl Pts',(-2.74864702697746,-0.271528164008524,
0.9105421700669));
#10865=CARTESIAN_POINT('Ctrl Pts',(-2.632031178289,-0.274150105020118,0.907474194163072));
#10866=CARTESIAN_POINT('Ctrl Pts',(-2.62876124038756,-0.364746410761309,
0.982368085215146));
#10867=CARTESIAN_POINT('Ctrl Pts',(-2.74586190877566,-0.225710297701809,
0.9536433148743));
#10868=CARTESIAN_POINT('Ctrl Pts',(-2.63009294820846,-0.228235704388576,
0.951866961505563));
#10869=CARTESIAN_POINT('Ctrl Pts',(-2.62597612218592,-0.296935968627351,
1.04615777953015));
#10870=CARTESIAN_POINT('Ctrl Pts',(-2.74475244600773,-0.198694578113435,
0.9708128250952));
#10871=CARTESIAN_POINT('Ctrl Pts',(-2.62931508417523,-0.200911135297779,
0.969682976955304));
#10872=CARTESIAN_POINT('Ctrl Pts',(-2.62486665941775,-0.256952703636557,
1.07156865465701));
#10873=CARTESIAN_POINT('Ctrl Pts',(-2.74325445173747,-0.140217493010521,
0.993995061278622));
#10874=CARTESIAN_POINT('Ctrl Pts',(-2.62826494375966,-0.14150537562498,
0.99373514681948));
#10875=CARTESIAN_POINT('Ctrl Pts',(-2.62336866514781,-0.170406617684265,
1.10587836420857));
#10876=CARTESIAN_POINT('Ctrl Pts',(-2.74286642343399,-0.108780612849846,
1.));
#10877=CARTESIAN_POINT('Ctrl Pts',(-2.62799141436309,-0.109412901222631,
1.00000000000008));
#10878=CARTESIAN_POINT('Ctrl Pts',(-2.62298063684353,-0.123880035046447,
1.11476567351605));
#10879=CARTESIAN_POINT('Ctrl Pts',(-2.74286642343335,-0.0773234832735766,
1.));
#10880=CARTESIAN_POINT('Ctrl Pts',(-2.62799141436277,-0.0773234832735766,
1.));
#10881=CARTESIAN_POINT('Ctrl Pts',(-2.62298063684352,-0.0773234832735766,
1.11476567351616));
#10882=CARTESIAN_POINT('',(-2.62298063684352,-0.0773234832735766,1.11476567351616));
#10883=CARTESIAN_POINT('Ctrl Pts',(-2.62298063684352,-0.0773234832735766,
1.11476567351616));
#10884=CARTESIAN_POINT('Ctrl Pts',(-2.62298063684353,-0.123880035046447,
1.11476567351605));
#10885=CARTESIAN_POINT('Ctrl Pts',(-2.62336866514781,-0.170406617684265,
1.10587836420857));
#10886=CARTESIAN_POINT('Ctrl Pts',(-2.62411766228278,-0.213679660660411,
1.08872350943279));
#10887=CARTESIAN_POINT('Ctrl Pts',(-2.62486665941775,-0.256952703636557,
1.07156865465701));
#10888=CARTESIAN_POINT('Ctrl Pts',(-2.62597612218592,-0.296935968627351,
1.04615777953015));
#10889=CARTESIAN_POINT('Ctrl Pts',(-2.62736868128674,-0.33084118969433,
1.01426293237265));
#10890=CARTESIAN_POINT('Ctrl Pts',(-2.62876124038756,-0.364746410761309,
0.982368085215146));
#10891=CARTESIAN_POINT('Ctrl Pts',(-2.6304359602604,-0.392550809417314,
0.94401069388824));
#10892=CARTESIAN_POINT('Ctrl Pts',(-2.63227605293464,-0.41231542300582,
0.901865642690023));
#10893=CARTESIAN_POINT('Ctrl Pts',(-2.63411614560889,-0.432080036594326,
0.859720591491806));
#10894=CARTESIAN_POINT('Ctrl Pts',(-2.6361200623617,-0.443791148926436,
0.813823352006832));
#10895=CARTESIAN_POINT('Ctrl Pts',(-2.63814897410394,-0.446633358689667,
0.767353633144057));
#10896=CARTESIAN_POINT('Origin',(-2.74286642343335,-0.0773234832735766,
1.12));
#10897=CARTESIAN_POINT('Origin',(-2.74286642343335,-1.75,1.12));
#10898=CARTESIAN_POINT('',(-2.62298063684352,1.07732348327358,1.11476567351616));
#10899=CARTESIAN_POINT('',(-2.62298063684352,-0.0773234832735768,1.11476567351616));
#10900=CARTESIAN_POINT('Origin',(-2.74286642343335,1.07732348327358,1.12));
#10901=CARTESIAN_POINT('Ctrl Pts',(-2.74286642343335,1.07732348327358,1.));
#10902=CARTESIAN_POINT('Ctrl Pts',(-2.62799141436277,1.07732348327358,1.));
#10903=CARTESIAN_POINT('Ctrl Pts',(-2.62298063684352,1.07732348327358,1.11476567351616));
#10904=CARTESIAN_POINT('Ctrl Pts',(-2.74286642343399,1.10878061284988,1.));
#10905=CARTESIAN_POINT('Ctrl Pts',(-2.62799141436309,1.10941290122266,1.00000000000008));
#10906=CARTESIAN_POINT('Ctrl Pts',(-2.62298063684353,1.12388003504646,1.11476567351605));
#10907=CARTESIAN_POINT('Ctrl Pts',(-2.74325445173747,1.14021749301047,0.993995061278643));
#10908=CARTESIAN_POINT('Ctrl Pts',(-2.62826494375966,1.14150537562497,0.993735146819475));
#10909=CARTESIAN_POINT('Ctrl Pts',(-2.62336866514781,1.17040661768424,1.10587836420857));
#10910=CARTESIAN_POINT('Ctrl Pts',(-2.74475244600773,1.19869457811349,0.970812825095179));
#10911=CARTESIAN_POINT('Ctrl Pts',(-2.62931508417523,1.20091113529781,0.969682976955299));
#10912=CARTESIAN_POINT('Ctrl Pts',(-2.62486665941775,1.25695270363658,1.07156865465701));
#10913=CARTESIAN_POINT('Ctrl Pts',(-2.74586190877567,1.22571029770178,0.953643314874327));
#10914=CARTESIAN_POINT('Ctrl Pts',(-2.63009294820847,1.22823570438859,0.951866961505632));
#10915=CARTESIAN_POINT('Ctrl Pts',(-2.62597612218592,1.29693596862741,1.04615777953018));
#10916=CARTESIAN_POINT('Ctrl Pts',(-2.74864702697746,1.27152816400855,0.910542170066873));
#10917=CARTESIAN_POINT('Ctrl Pts',(-2.632031178289,1.2741501050201,0.907474194163003));
#10918=CARTESIAN_POINT('Ctrl Pts',(-2.62876124038756,1.36474641076125,0.982368085215118));
#10919=CARTESIAN_POINT('Ctrl Pts',(-2.75032174685002,1.29031491985719,0.884625013764909));
#10920=CARTESIAN_POINT('Ctrl Pts',(-2.63319320291777,1.29272581920753,0.880859454498564));
#10921=CARTESIAN_POINT('Ctrl Pts',(-2.6304359602604,1.39255080941735,0.944010693888321));
#10922=CARTESIAN_POINT('Ctrl Pts',(-2.75400193219891,1.31702385713894,0.827672241875447));
#10923=CARTESIAN_POINT('Ctrl Pts',(-2.63572503152056,1.31862732435073,0.822871045781642));
#10924=CARTESIAN_POINT('Ctrl Pts',(-2.63411614560889,1.43208003659428,0.859720591491726));
#10925=CARTESIAN_POINT('Ctrl Pts',(-2.75600584872171,1.32493677065911,0.796660597134123));
#10926=CARTESIAN_POINT('Ctrl Pts',(-2.63709563084558,1.32590870515917,0.791479160181542));
#10927=CARTESIAN_POINT('Ctrl Pts',(-2.63612006236169,1.44379114892627,0.813823352006881));
#10928=CARTESIAN_POINT('Ctrl Pts',(-2.75803476069376,1.32685718287904,0.765262134883714));
#10929=CARTESIAN_POINT('Ctrl Pts',(-2.63846737009569,1.32717528776346,0.760061165997306));
#10930=CARTESIAN_POINT('Ctrl Pts',(-2.63814897410394,1.44663335868967,0.767353633144057));
#10931=CARTESIAN_POINT('',(-2.63814897410394,1.44663335868967,0.767353633144057));
#10932=CARTESIAN_POINT('Ctrl Pts',(-2.63814897410394,1.44663335868967,0.767353633144057));
#10933=CARTESIAN_POINT('Ctrl Pts',(-2.63612006236169,1.44379114892627,0.813823352006881));
#10934=CARTESIAN_POINT('Ctrl Pts',(-2.63411614560889,1.43208003659428,0.859720591491726));
#10935=CARTESIAN_POINT('Ctrl Pts',(-2.63227605293464,1.41231542300582,0.901865642690023));
#10936=CARTESIAN_POINT('Ctrl Pts',(-2.6304359602604,1.39255080941735,0.944010693888321));
#10937=CARTESIAN_POINT('Ctrl Pts',(-2.62876124038756,1.36474641076125,0.982368085215118));
#10938=CARTESIAN_POINT('Ctrl Pts',(-2.62736868128674,1.33084118969433,1.01426293237265));
#10939=CARTESIAN_POINT('Ctrl Pts',(-2.62597612218592,1.29693596862741,1.04615777953018));
#10940=CARTESIAN_POINT('Ctrl Pts',(-2.62486665941775,1.25695270363658,1.07156865465701));
#10941=CARTESIAN_POINT('Ctrl Pts',(-2.62411766228278,1.21367966066041,1.08872350943279));
#10942=CARTESIAN_POINT('Ctrl Pts',(-2.62336866514781,1.17040661768424,1.10587836420857));
#10943=CARTESIAN_POINT('Ctrl Pts',(-2.62298063684353,1.12388003504646,1.11476567351605));
#10944=CARTESIAN_POINT('Ctrl Pts',(-2.62298063684352,1.07732348327358,1.11476567351616));
#10945=CARTESIAN_POINT('Origin',(-2.75803476069376,1.44663335868967,0.772587959627897));
#10946=CARTESIAN_POINT('Origin',(-2.37104165154904,0.,2.3));
#10947=CARTESIAN_POINT('',(-2.57085129586541,-1.46778817992829,2.30872387747307));
#10948=CARTESIAN_POINT('',(-2.57085129586541,-1.75,2.30872387747307));
#10949=CARTESIAN_POINT('Origin',(-2.37104165154904,-1.46778817992829,2.3));
#10950=CARTESIAN_POINT('Ctrl Pts',(-2.37150337910915,-1.60206031747567,
2.46827410064793));
#10951=CARTESIAN_POINT('Ctrl Pts',(-2.56381174588838,-1.59869974372327,
2.46995607971349));
#10952=CARTESIAN_POINT('Ctrl Pts',(-2.57131302342552,-1.51254555911075,
2.29814857768905));
#10953=CARTESIAN_POINT('Ctrl Pts',(-2.37120078199147,-1.56051847294485,
2.48906594096849));
#10954=CARTESIAN_POINT('Ctrl Pts',(-2.56295100561377,-1.55801296637719,
2.48967027316817));
#10955=CARTESIAN_POINT('Ctrl Pts',(-2.57101042587522,-1.49869825780514,
2.30507920103672));
#10956=CARTESIAN_POINT('Ctrl Pts',(-2.37104165154904,-1.51424272994771,
2.5));
#10957=CARTESIAN_POINT('Ctrl Pts',(-2.5625,-1.51293759421155,2.49999999999925));
#10958=CARTESIAN_POINT('Ctrl Pts',(-2.57085129586542,-1.4832730448021,2.30872387747286));
#10959=CARTESIAN_POINT('Ctrl Pts',(-2.37104165154904,-1.46778817992829,
2.5));
#10960=CARTESIAN_POINT('Ctrl Pts',(-2.5625,-1.46778817992829,2.5));
#10961=CARTESIAN_POINT('Ctrl Pts',(-2.57085129586541,-1.46778817992829,
2.30872387747307));
#10962=CARTESIAN_POINT('',(-2.57131302342552,-1.51254555911075,2.29814857768905));
#10963=CARTESIAN_POINT('Origin',(-2.57435999372274,-1.47242816347913,2.22836148436853));
#10964=CARTESIAN_POINT('',(-2.37150337910915,-1.60206031747567,2.46827410064793));
#10965=CARTESIAN_POINT('Origin',(-2.37150337910915,-1.51254555911075,2.28942470021598));
#10966=CARTESIAN_POINT('Origin',(-2.37455008737498,-1.48171238926036,2.25893082515904));
#10967=CARTESIAN_POINT('Origin',(2.76973115041116,-1.42379344126019,0.504696591777474));
#10968=CARTESIAN_POINT('',(2.66852062132175,-1.45183927894729,0.0717285459475996));
#10969=CARTESIAN_POINT('',(2.6556836248231,-1.43256113404444,0.365744104098696));
#10970=CARTESIAN_POINT('',(2.71780061588003,-1.35511433309322,0.0691155678204116));
#10971=CARTESIAN_POINT('Ctrl Pts',(2.66852062132175,-1.45183927894729,0.0717285459475996));
#10972=CARTESIAN_POINT('Ctrl Pts',(2.66853244045754,-1.44521035489418,0.0714578432325167));
#10973=CARTESIAN_POINT('Ctrl Pts',(2.66909845120803,-1.43844343479895,0.0711938195715842));
#10974=CARTESIAN_POINT('Ctrl Pts',(2.67026252424626,-1.43168897601679,0.0709461549812605));
#10975=CARTESIAN_POINT('Ctrl Pts',(2.67141967272574,-1.42497469654057,0.0706999636387076));
#10976=CARTESIAN_POINT('Ctrl Pts',(2.67316797192254,-1.41827387765085,0.0704700204999835));
#10977=CARTESIAN_POINT('Ctrl Pts',(2.67549953741482,-1.411740662573,0.0702640248475099));
#10978=CARTESIAN_POINT('Ctrl Pts',(2.67782883931473,-1.40521379024465,0.0700582291852103));
#10979=CARTESIAN_POINT('Ctrl Pts',(2.68074004488017,-1.39885536304072,0.069876400953909));
#10980=CARTESIAN_POINT('Ctrl Pts',(2.68417455612657,-1.39280795310471,0.0697232725400669));
#10981=CARTESIAN_POINT('Ctrl Pts',(2.68760942542119,-1.38675991272548,0.0695701281625687));
#10982=CARTESIAN_POINT('Ctrl Pts',(2.69156706229514,-1.38102396134765,0.0694457273484242));
#10983=CARTESIAN_POINT('Ctrl Pts',(2.69594471863743,-1.37571510057593,0.069351066446885));
#10984=CARTESIAN_POINT('Ctrl Pts',(2.70035154297065,-1.37037086726906,0.0692557748269655));
#10985=CARTESIAN_POINT('Ctrl Pts',(2.70518305608923,-1.36546017194581,0.0691906277555163));
#10986=CARTESIAN_POINT('Ctrl Pts',(2.71030179084593,-1.36105898898207,0.0691525053483959));
#10987=CARTESIAN_POINT('Ctrl Pts',(2.7127419909574,-1.35896085972373,0.069134331657723));
#10988=CARTESIAN_POINT('Ctrl Pts',(2.71524707939554,-1.3569778485597,0.0691222385553572));
#10989=CARTESIAN_POINT('Ctrl Pts',(2.71780061588003,-1.35511433309322,0.0691155678204113));
#10990=CARTESIAN_POINT('',(2.72082724016754,-1.35965960983201,-0.00020552526398203));
#10991=CARTESIAN_POINT('Origin',(1.57022471734615,-2.15089601773421,0.5));
#10992=CARTESIAN_POINT('',(4.01410423766905,-0.408770125220873,0.0691155678204116));
#10993=CARTESIAN_POINT('',(4.01267120919164,-0.409816283062695,0.0691155678204116));
#10994=CARTESIAN_POINT('',(4.00501448812766,-0.38090291945478,0.423201989709495));
#10995=CARTESIAN_POINT('Origin',(4.05808703609334,-0.423981790622158,1.11294892518141));
#10996=CARTESIAN_POINT('Origin',(4.0846982144496,-0.50556448865579,0.0750166601906778));
#10997=CARTESIAN_POINT('',(4.05808703609334,-0.304351710574183,1.10353383369407));
#10998=CARTESIAN_POINT('Origin',(-1.70740499604017E-16,-0.3125,1.));
#10999=CARTESIAN_POINT('',(-2.10768734961237E-16,-0.385762193669,0.0691155678204116));
#11000=CARTESIAN_POINT('',(4.41111658407757,-0.285345917510852,1.34502533153013));
#11001=CARTESIAN_POINT('Origin',(4.43788356604307,-0.0628835660430782,0.985303804574924));
#11002=CARTESIAN_POINT('',(4.760762193669,-0.136532860235721,0.0691155678204116));
#11003=CARTESIAN_POINT('Ctrl Pts',(4.68804723855403,-0.313047238554034,
0.0667036524785287));
#11004=CARTESIAN_POINT('Ctrl Pts',(4.69692756189399,-0.304166915214079,
0.0667036524785231));
#11005=CARTESIAN_POINT('Ctrl Pts',(4.70525722953074,-0.294463376316174,
0.0667355761739521));
#11006=CARTESIAN_POINT('Ctrl Pts',(4.71285012034518,-0.284070169854986,
0.0668006451701163));
#11007=CARTESIAN_POINT('Ctrl Pts',(4.72059526938032,-0.273468551187982,
0.06686701897756));
#11008=CARTESIAN_POINT('Ctrl Pts',(4.72757288506673,-0.262150123561403,
0.0669678834196892));
#11009=CARTESIAN_POINT('Ctrl Pts',(4.73361598091678,-0.250300908500733,
0.0671027961925081));
#11010=CARTESIAN_POINT('Ctrl Pts',(4.73663623291565,-0.244378842003693,
0.067170223647225));
#11011=CARTESIAN_POINT('Ctrl Pts',(4.73942361527448,-0.238324801952544,
0.0672461287106828));
#11012=CARTESIAN_POINT('Ctrl Pts',(4.74196115089325,-0.23216497524977,0.0673302973810774));
#11013=CARTESIAN_POINT('Ctrl Pts',(4.74704375676576,-0.219827031639618,
0.0674988846415929));
#11014=CARTESIAN_POINT('Ctrl Pts',(4.75111845366759,-0.207069769928479,
0.0677006353895615));
#11015=CARTESIAN_POINT('Ctrl Pts',(4.75414639884279,-0.194142027988255,
0.0679306701138554));
#11016=CARTESIAN_POINT('Ctrl Pts',(4.75712685810095,-0.181417026073304,
0.0681570973059109));
#11017=CARTESIAN_POINT('Ctrl Pts',(4.75909312384236,-0.168528116006155,
0.0684108992309064));
#11018=CARTESIAN_POINT('Ctrl Pts',(4.76005779382909,-0.155712926975543,
0.0686862615384161));
#11019=CARTESIAN_POINT('Ctrl Pts',(4.76054115604472,-0.149291686293609,
0.0688242359098459));
#11020=CARTESIAN_POINT('Ctrl Pts',(4.76077383838034,-0.1428888401914,0.0689676077340013));
#11021=CARTESIAN_POINT('Ctrl Pts',(4.760762193669,-0.136532860235721,0.0691155678204115));
#11022=CARTESIAN_POINT('',(4.68711289947636,-0.0628835660430784,1.00491857850689));
#11023=CARTESIAN_POINT('Origin',(4.6875,-3.15213230038184E-15,1.));
#11024=CARTESIAN_POINT('',(4.760762193669,-3.2013978208215E-15,0.0691155678204116));
#11025=CARTESIAN_POINT('',(4.68099473216995,1.05676539873667,1.0826572649122));
#11026=CARTESIAN_POINT('Origin',(4.41111658407757,1.03611658407756,1.32541055759817));
#11027=CARTESIAN_POINT('',(4.51153286023572,1.385762193669,0.0691155678204119));
#11028=CARTESIAN_POINT('Ctrl Pts',(4.68804723855403,1.31304723855403,0.0667036524785287));
#11029=CARTESIAN_POINT('Ctrl Pts',(4.6791669152141,1.32192756189396,0.066703652478508));
#11030=CARTESIAN_POINT('Ctrl Pts',(4.66946337631624,1.33025722953069,0.0667355761739392));
#11031=CARTESIAN_POINT('Ctrl Pts',(4.65907016985509,1.3378501203451,0.0668006451701097));
#11032=CARTESIAN_POINT('Ctrl Pts',(4.64846855118815,1.3455952693802,0.0668670189775597));
#11033=CARTESIAN_POINT('Ctrl Pts',(4.63715012356165,1.35257288506658,0.0669678834196992));
#11034=CARTESIAN_POINT('Ctrl Pts',(4.62530090850104,1.35861598091662,0.0671027961925163));
#11035=CARTESIAN_POINT('Ctrl Pts',(4.61937884200391,1.36163623291555,0.0671702236472337));
#11036=CARTESIAN_POINT('Ctrl Pts',(4.61332480195265,1.36442361527443,0.0672461287106894));
#11037=CARTESIAN_POINT('Ctrl Pts',(4.60716497524977,1.36696115089325,0.0673302973810773));
#11038=CARTESIAN_POINT('Ctrl Pts',(4.59482703163967,1.37204375676574,0.0674988846415755));
#11039=CARTESIAN_POINT('Ctrl Pts',(4.58206976992859,1.37611845366756,0.0677006353895333));
#11040=CARTESIAN_POINT('Ctrl Pts',(4.56914202798844,1.37914639884275,0.0679306701138228));
#11041=CARTESIAN_POINT('Ctrl Pts',(4.55641702607352,1.38212685810092,0.0681570973058747));
#11042=CARTESIAN_POINT('Ctrl Pts',(4.5435281160064,1.38409312384233,0.0684108992308728));
#11043=CARTESIAN_POINT('Ctrl Pts',(4.53071292697582,1.38505779382907,0.0686862615383912));
#11044=CARTESIAN_POINT('Ctrl Pts',(4.5242916862938,1.38554115604471,0.0688242359098277));
#11045=CARTESIAN_POINT('Ctrl Pts',(4.51788884019149,1.38577383838034,0.0689676077339913));
#11046=CARTESIAN_POINT('Ctrl Pts',(4.51153286023572,1.385762193669,0.0691155678204115));
#11047=CARTESIAN_POINT('',(4.41111658407757,1.28534591751085,1.34502533153013));
#11048=CARTESIAN_POINT('Origin',(6.74927151375877E-16,1.3125,1.));
#11049=CARTESIAN_POINT('',(2.78833795685827,1.385762193669,0.0691155678204112));
#11050=CARTESIAN_POINT('',(7.1260078465326E-16,1.385762193669,0.0691155678204116));
#11051=CARTESIAN_POINT('',(2.74249888216571,1.30313426176368,1.11900298753602));
#11052=CARTESIAN_POINT('Origin',(2.67194051041193,1.29557825928879,2.74447048315095));
#11053=CARTESIAN_POINT('Ctrl Pts',(2.78833795685827,1.385762193669,0.0691155678204094));
#11054=CARTESIAN_POINT('Ctrl Pts',(2.78154034987773,1.38577669217285,0.0689313468621073));
#11055=CARTESIAN_POINT('Ctrl Pts',(2.77466880232259,1.38637316779645,0.0687725997012976));
#11056=CARTESIAN_POINT('Ctrl Pts',(2.76787584409306,1.38756330009131,0.0686456382464073));
#11057=CARTESIAN_POINT('Ctrl Pts',(2.76107749019732,1.38875437771167,0.0685185759456692));
#11058=CARTESIAN_POINT('Ctrl Pts',(2.75435904650456,1.3905399729483,0.068423395589345));
#11059=CARTESIAN_POINT('Ctrl Pts',(2.74786863127718,1.39287988086676,0.0683621300507111));
#11060=CARTESIAN_POINT('Ctrl Pts',(2.74178906557031,1.39507167036558,0.0683047426795425));
#11061=CARTESIAN_POINT('Ctrl Pts',(2.73591023940751,1.39774897439758,0.0682770751439525));
#11062=CARTESIAN_POINT('Ctrl Pts',(2.73033660063662,1.40084103343908,0.0682770751439525));
#11063=CARTESIAN_POINT('',(2.5520547238221,1.29557825928879,2.73923615666711));
#11064=CARTESIAN_POINT('Origin',(-2.74743466118047,1.43178416357615,1.01537015367038));
#11065=CARTESIAN_POINT('',(-2.66852062132175,1.48917961166501,0.071728545947599));
#11066=CARTESIAN_POINT('',(-2.55429299264124,1.32916334544932,2.68797137239927));
#11067=CARTESIAN_POINT('Ctrl Pts',(-2.66852062132175,1.48917961166501,0.0717285459475988));
#11068=CARTESIAN_POINT('Ctrl Pts',(-2.66853164061349,1.48255547591684,0.0714761626731608));
#11069=CARTESIAN_POINT('Ctrl Pts',(-2.66909596006088,1.47579172980334,0.0712307467467271));
#11070=CARTESIAN_POINT('Ctrl Pts',(-2.6702582313239,1.46903874793876,0.0710015793372074));
#11071=CARTESIAN_POINT('Ctrl Pts',(-2.67141348223279,1.46232655545417,0.0707737961453166));
#11072=CARTESIAN_POINT('Ctrl Pts',(-2.67315967292498,1.45562614299822,0.0705621441119828));
#11073=CARTESIAN_POINT('Ctrl Pts',(-2.67548972158025,1.44909179673224,0.0703739185173423));
#11074=CARTESIAN_POINT('Ctrl Pts',(-2.67781740753494,1.44256407638096,0.0701858837859778));
#11075=CARTESIAN_POINT('Ctrl Pts',(-2.68072754497917,1.43620325374637,0.0700212897184745));
#11076=CARTESIAN_POINT('Ctrl Pts',(-2.68416227399905,1.43015229115986,0.0698845275479836));
#11077=CARTESIAN_POINT('Ctrl Pts',(-2.68759712408958,1.42410111528317,0.0697477605567673));
#11078=CARTESIAN_POINT('Ctrl Pts',(-2.69155596166629,1.41836083277585,0.0696388612993969));
#11079=CARTESIAN_POINT('Ctrl Pts',(-2.69593662665613,1.41304702977975,0.0695586122296687));
#11080=CARTESIAN_POINT('Ctrl Pts',(-2.70034705767578,1.40769712020651,0.0694778178782978));
#11081=CARTESIAN_POINT('Ctrl Pts',(-2.70518412599099,1.40278025134724,0.0694260688653506));
#11082=CARTESIAN_POINT('Ctrl Pts',(-2.71031066315172,1.39837315500783,0.0694002052229066));
#11083=CARTESIAN_POINT('Ctrl Pts',(-2.71307170696094,1.39599958671348,0.0693862756155293));
#11084=CARTESIAN_POINT('Ctrl Pts',(-2.71591623590213,1.3937731028436,0.0693797855952207));
#11085=CARTESIAN_POINT('Ctrl Pts',(-2.71882050052635,1.39169989323228,0.0693797855952207));
#11086=CARTESIAN_POINT('',(-2.74743466118047,1.31200798776552,1.0080443289262));
#11087=CARTESIAN_POINT('Origin',(-2.5625,1.3125,1.));
#11088=CARTESIAN_POINT('',(-2.5625,1.36935546528677,0.0704213595348858));
#11089=CARTESIAN_POINT('',(-4.42642605317238,1.30356123941128,1.14614744376104));
#11090=CARTESIAN_POINT('Origin',(-4.43320303379176,1.05929423487653,1.04477560563444));
#11091=CARTESIAN_POINT('',(-4.760762193669,1.12016785013269,0.0691155678204113));
#11092=CARTESIAN_POINT('Ctrl Pts',(-4.70848819488903,1.27323065913703,0.067561340236768));
#11093=CARTESIAN_POINT('Ctrl Pts',(-4.71629663640405,1.26318305696825,0.067561340236768));
#11094=CARTESIAN_POINT('Ctrl Pts',(-4.7234229309762,1.25239657052148,0.067590625478032));
#11095=CARTESIAN_POINT('Ctrl Pts',(-4.72970271549379,1.24103779750806,0.0676500092877001));
#11096=CARTESIAN_POINT('Ctrl Pts',(-4.73607672141634,1.22950859833607,0.0677102840874909));
#11097=CARTESIAN_POINT('Ctrl Pts',(-4.74157781862704,1.2173908003642,0.0678015682875379));
#11098=CARTESIAN_POINT('Ctrl Pts',(-4.74607238322809,1.20489485964495,0.0679231642140745));
#11099=CARTESIAN_POINT('Ctrl Pts',(-4.74652261017948,1.20364312342706,0.0679353446515953));
#11100=CARTESIAN_POINT('Ctrl Pts',(-4.74696277442849,1.20238761472179,0.0679478279832752));
#11101=CARTESIAN_POINT('Ctrl Pts',(-4.74739276725171,1.20112855838577,0.0679606126701598));
#11102=CARTESIAN_POINT('Ctrl Pts',(-4.75186861625325,1.18802288373212,0.0680936900727061));
#11103=CARTESIAN_POINT('Ctrl Pts',(-4.75523612298111,1.17453569676831,0.0682595133694787));
#11104=CARTESIAN_POINT('Ctrl Pts',(-4.75746437324503,1.16094838463228,0.0684537058740487));
#11105=CARTESIAN_POINT('Ctrl Pts',(-4.75957228270039,1.1480948806125,0.0686374106504689));
#11106=CARTESIAN_POINT('Ctrl Pts',(-4.76066104449685,1.1351530899893,0.0688464705091828));
#11107=CARTESIAN_POINT('Ctrl Pts',(-4.76075565903383,1.12235783508574,0.069076048938263));
#11108=CARTESIAN_POINT('Ctrl Pts',(-4.76076106058931,1.12162735241866,0.0690891555988526));
#11109=CARTESIAN_POINT('Ctrl Pts',(-4.76076323559556,1.12089734341432,0.0691023288882565));
#11110=CARTESIAN_POINT('Ctrl Pts',(-4.760762193669,1.12016785013269,0.0691155678204113));
#11111=CARTESIAN_POINT('',(-4.68243236722504,1.05929423487653,1.0643903795664));
#11112=CARTESIAN_POINT('Origin',(-4.6875,0.,1.));
#11113=CARTESIAN_POINT('',(-4.760762193669,0.,0.0691155678204116));
#11114=CARTESIAN_POINT('',(-4.68719861795894,-0.0629983017251574,1.0038294219175));
#11115=CARTESIAN_POINT('Origin',(-4.42642605317238,-0.0540275398058129,
1.13088530887732));
#11116=CARTESIAN_POINT('',(-4.51108753207674,-0.369355465286772,0.0704213595348856));
#11117=CARTESIAN_POINT('Ctrl Pts',(-4.70848819488903,-0.273230659137033,
0.0675613402367681));
#11118=CARTESIAN_POINT('Ctrl Pts',(-4.70088903528396,-0.283008965394683,
0.0675613402367495));
#11119=CARTESIAN_POINT('Ctrl Pts',(-4.6924074590088,-0.292380164224823,
0.0675892835773952));
#11120=CARTESIAN_POINT('Ctrl Pts',(-4.68314132564258,-0.301142340969134,
0.0676465468536979));
#11121=CARTESIAN_POINT('Ctrl Pts',(-4.67364087582116,-0.310126090414087,
0.0677052581695857));
#11122=CARTESIAN_POINT('Ctrl Pts',(-4.66331626593236,-0.318468653108452,
0.0677947952026543));
#11123=CARTESIAN_POINT('Ctrl Pts',(-4.65232377932387,-0.325974059001186,
0.0679150650356251));
#11124=CARTESIAN_POINT('Ctrl Pts',(-4.64240536078657,-0.332746117006595,
0.0680235833885056));
#11125=CARTESIAN_POINT('Ctrl Pts',(-4.63194437891093,-0.338836419629645,
0.0681570984835418));
#11126=CARTESIAN_POINT('Ctrl Pts',(-4.62108244064755,-0.344125670917367,
0.068314470564298));
#11127=CARTESIAN_POINT('Ctrl Pts',(-4.60902539993359,-0.349996880693756,
0.068489157764585));
#11128=CARTESIAN_POINT('Ctrl Pts',(-4.59648354193799,-0.354875712325564,
0.0686931225553357));
#11129=CARTESIAN_POINT('Ctrl Pts',(-4.58370598143862,-0.358712504330399,
0.0689214578138307));
#11130=CARTESIAN_POINT('Ctrl Pts',(-4.57116233842112,-0.362479056579826,
0.0691456129623047));
#11131=CARTESIAN_POINT('Ctrl Pts',(-4.5583928150106,-0.365241335541945,
0.0693932254996348));
#11132=CARTESIAN_POINT('Ctrl Pts',(-4.54563628566865,-0.367001305029163,
0.0696586918160433));
#11133=CARTESIAN_POINT('Ctrl Pts',(-4.53405243692062,-0.368599484266993,
0.0698997543789506));
#11134=CARTESIAN_POINT('Ctrl Pts',(-4.52247993610983,-0.369371725086455,
0.0701555141600024));
#11135=CARTESIAN_POINT('Ctrl Pts',(-4.51108753207674,-0.369355465286772,
0.0704213595348856));
#11136=CARTESIAN_POINT('',(-4.42642605317238,-0.30356123941128,1.14614744376104));
#11137=CARTESIAN_POINT('Origin',(-2.5625,-0.3125,1.));
#11138=CARTESIAN_POINT('',(-4.10701999165226,-0.369355465286772,0.0704213595348857));
#11139=CARTESIAN_POINT('',(-2.5625,-0.369355465286772,0.0704213595348858));
#11140=CARTESIAN_POINT('',(-4.05714603135629,-0.307973893575998,1.07400118590188));
#11141=CARTESIAN_POINT('Origin',(-4.05714603135629,-0.427750069386622,1.08132701064607));
#11142=CARTESIAN_POINT('',(-4.0364437150543,-0.392461573215715,0.0691155678204117));
#11143=CARTESIAN_POINT('Origin',(-4.10064005941589,-0.46936085107622,0.0740376460609459));
#11144=CARTESIAN_POINT('',(-4.01442124704417,-0.365357776136237,0.512258732923399));
#11145=CARTESIAN_POINT('Origin',(-1.57022471734615,-2.15089601773421,0.5));
#11146=CARTESIAN_POINT('',(-2.71780061588003,-1.35511433309322,0.0691155678204117));
#11147=CARTESIAN_POINT('',(-2.71761097310638,-1.35525277854488,0.0691155678204116));
#11148=CARTESIAN_POINT('',(-2.70503207043468,-1.33593898554834,0.361563339095195));
#11149=CARTESIAN_POINT('Origin',(-2.76973115041116,-1.42379344126019,0.504696591777474));
#11150=CARTESIAN_POINT('',(-2.66852062132175,-1.45183927894729,0.0717285459475998));
#11151=CARTESIAN_POINT('Ctrl Pts',(-2.71780061588003,-1.35511433309322,
0.0691155678204116));
#11152=CARTESIAN_POINT('Ctrl Pts',(-2.71244310719648,-1.3590241265715,0.0691295635164258));
#11153=CARTESIAN_POINT('Ctrl Pts',(-2.70729992207055,-1.36346309198887,
0.0691676815969438));
#11154=CARTESIAN_POINT('Ctrl Pts',(-2.70251867377353,-1.36837793240516,
0.0692349730730403));
#11155=CARTESIAN_POINT('Ctrl Pts',(-2.69776586702071,-1.37326353659645,
0.0693018642617278));
#11156=CARTESIAN_POINT('Ctrl Pts',(-2.69337174182852,-1.37861884324593,
0.0693975935064428));
#11157=CARTESIAN_POINT('Ctrl Pts',(-2.68945645492208,-1.38434667695192,
0.0695230987313787));
#11158=CARTESIAN_POINT('Ctrl Pts',(-2.68554496915853,-1.39006894981016,
0.0696484821099965));
#11159=CARTESIAN_POINT('Ctrl Pts',(-2.682112203047,-1.39616215445782,0.0698035618814103));
#11160=CARTESIAN_POINT('Ctrl Pts',(-2.67923908873329,-1.40249505127527,
0.0699853238457419));
#11161=CARTESIAN_POINT('Ctrl Pts',(-2.67636567489705,-1.40882860829801,
0.0701671047587808));
#11162=CARTESIAN_POINT('Ctrl Pts',(-2.67405246557125,-1.41540079342277,
0.0703755194189835));
#11163=CARTESIAN_POINT('Ctrl Pts',(-2.67233204986717,-1.42206100583289,
0.0706041740838101));
#11164=CARTESIAN_POINT('Ctrl Pts',(-2.67060017116424,-1.42876559473124,
0.0708343522572605));
#11165=CARTESIAN_POINT('Ctrl Pts',(-2.66946905295842,-1.43555819139984,
0.0710849643926266));
#11166=CARTESIAN_POINT('Ctrl Pts',(-2.66891919123004,-1.44228317309448,
0.0713470544447077));
#11167=CARTESIAN_POINT('Ctrl Pts',(-2.66865706148223,-1.44548910226661,
0.0714719978544963));
#11168=CARTESIAN_POINT('Ctrl Pts',(-2.66852625464803,-1.44867975081167,
0.0715995215632742));
#11169=CARTESIAN_POINT('Ctrl Pts',(-2.66852062132175,-1.45183927894729,
0.0717285459475998));
#11170=CARTESIAN_POINT('',(-2.67147879455597,-1.45628175832811,0.00397523973951905));
#11171=CARTESIAN_POINT('Ctrl Pts',(1.699529178206,1.88101400402849,2.65194994951793));
#11172=CARTESIAN_POINT('Ctrl Pts',(1.69146141028435,1.96461593916658,2.82432665628093));
#11173=CARTESIAN_POINT('Ctrl Pts',(1.49993936811438,1.97316363757258,2.82018963277025));
#11174=CARTESIAN_POINT('Ctrl Pts',(1.7002044746615,1.90469933716041,2.65077696848346));
#11175=CARTESIAN_POINT('Ctrl Pts',(1.68424065500346,1.99307810610033,2.81113567981601));
#11176=CARTESIAN_POINT('Ctrl Pts',(1.50020397660143,1.9877644245145,2.81314140354572));
#11177=CARTESIAN_POINT('Ctrl Pts',(1.69763571762462,1.92673121713057,2.64903602989661));
#11178=CARTESIAN_POINT('Ctrl Pts',(1.67333616525082,2.01612720949262,2.79653181440413));
#11179=CARTESIAN_POINT('Ctrl Pts',(1.4998329258358,2.00140831550075,2.80511510994418));
#11180=CARTESIAN_POINT('Ctrl Pts',(1.69056106787917,1.95666125013508,2.64580155980521));
#11181=CARTESIAN_POINT('Ctrl Pts',(1.65563863591621,2.0434545688581,2.77511886490232));
#11182=CARTESIAN_POINT('Ctrl Pts',(1.49864358986974,2.02004073285556,2.79213982462122));
#11183=CARTESIAN_POINT('Ctrl Pts',(1.68787272451411,1.96570056892592,2.64469205244888));
#11184=CARTESIAN_POINT('Ctrl Pts',(1.64997306131121,2.05098453542766,2.7685461677937));
#11185=CARTESIAN_POINT('Ctrl Pts',(1.4981788777558,2.02568244858625,2.78790588826267));
#11186=CARTESIAN_POINT('Ctrl Pts',(1.68163162914385,1.98320477033607,2.64227874599343));
#11187=CARTESIAN_POINT('Ctrl Pts',(1.63844186331861,2.06454599357943,2.7555378171371));
#11188=CARTESIAN_POINT('Ctrl Pts',(1.49708175481441,2.03663676798853,2.77906822177096));
#11189=CARTESIAN_POINT('Ctrl Pts',(1.67805729031706,1.99170671543442,2.64096768063557));
#11190=CARTESIAN_POINT('Ctrl Pts',(1.63255237027668,2.07063073815704,2.74907006188666));
#11191=CARTESIAN_POINT('Ctrl Pts',(1.49644542591443,2.04197280498036,2.77444056768416));
#11192=CARTESIAN_POINT('Ctrl Pts',(1.6663769216084,2.01590913523974,2.63682978461644));
#11193=CARTESIAN_POINT('Ctrl Pts',(1.61533788840798,2.08661351273162,2.73049755099894));
#11194=CARTESIAN_POINT('Ctrl Pts',(1.49434820198796,2.05720863525893,2.76027649069764));
#11195=CARTESIAN_POINT('Ctrl Pts',(1.65730244916249,2.03044347125154,2.63378822790111));
#11196=CARTESIAN_POINT('Ctrl Pts',(1.60401407416144,2.09489398814257,2.71868721107529));
#11197=CARTESIAN_POINT('Ctrl Pts',(1.49269771519339,2.06642107030057,2.75041068930691));
#11198=CARTESIAN_POINT('Ctrl Pts',(1.63722050314582,2.0567904842343,2.6272102112467));
#11199=CARTESIAN_POINT('Ctrl Pts',(1.58230068977377,2.10834712209481,2.69634062920329));
#11200=CARTESIAN_POINT('Ctrl Pts',(1.48902035133863,2.0832436851387,2.72988125223414));
#11201=CARTESIAN_POINT('Ctrl Pts',(1.62615173998774,2.06864489204087,2.62365575419331));
#11202=CARTESIAN_POINT('Ctrl Pts',(1.57177090150295,2.11366575511073,2.68565701378296));
#11203=CARTESIAN_POINT('Ctrl Pts',(1.48698203392821,2.09088134560321,2.71916679798507));
#11204=CARTESIAN_POINT('Ctrl Pts',(1.60265375225775,2.08961325505098,2.61615404488374));
#11205=CARTESIAN_POINT('Ctrl Pts',(1.55164913452262,2.12234762556425,2.6653390063677));
#11206=CARTESIAN_POINT('Ctrl Pts',(1.48264018943283,2.10453312337062,2.69716388707437));
#11207=CARTESIAN_POINT('Ctrl Pts',(1.59036050694612,2.09862688218886,2.6122500878614));
#11208=CARTESIAN_POINT('Ctrl Pts',(1.54207092936216,2.12575280344373,2.6557169263847));
#11209=CARTESIAN_POINT('Ctrl Pts',(1.48036185642946,2.11048104500792,2.68599935547254));
#11210=CARTESIAN_POINT('Ctrl Pts',(1.56496082764198,2.11407168412458,2.60416208862927));
#11211=CARTESIAN_POINT('Ctrl Pts',(1.5236698288361,2.13135227080081,2.63724184891653));
#11212=CARTESIAN_POINT('Ctrl Pts',(1.47564605280517,2.12083795792458,2.66332967899139));
#11213=CARTESIAN_POINT('Ctrl Pts',(1.55185203735473,2.12049983248566,2.59997782865744));
#11214=CARTESIAN_POINT('Ctrl Pts',(1.51476967894795,2.13358465336826,2.62831261061245));
#11215=CARTESIAN_POINT('Ctrl Pts',(1.47320810617346,2.1252451121857,2.65182467418175));
#11216=CARTESIAN_POINT('Ctrl Pts',(1.51155518469759,2.13612771285237,2.58701422904166));
#11217=CARTESIAN_POINT('Ctrl Pts',(1.48886529162128,2.13902207664091,2.6022929261156));
#11218=CARTESIAN_POINT('Ctrl Pts',(1.46570636203782,2.13629120874245,2.61675856044381));
#11219=CARTESIAN_POINT('Ctrl Pts',(1.48325461346784,2.14164996624921,2.57777545814347));
#11220=CARTESIAN_POINT('Ctrl Pts',(1.47184326339735,2.14119878367676,2.58515222799634));
#11221=CARTESIAN_POINT('Ctrl Pts',(1.46042839206373,2.14074776550297,2.59252630995497));
#11222=CARTESIAN_POINT('Ctrl Pts',(1.45519491984938,2.14222861945485,2.56831456186046));
#11223=CARTESIAN_POINT('Ctrl Pts',(1.45519491984938,2.14222861945485,2.56831456186046));
#11224=CARTESIAN_POINT('Ctrl Pts',(1.45519491984938,2.14222861945485,2.56831456186046));
#11225=CARTESIAN_POINT('',(1.69963424385112,1.88760054424565,2.6516068667225));
#11226=CARTESIAN_POINT('',(1.45519491984938,2.14222861945485,2.56831456186046));
#11227=CARTESIAN_POINT('Ctrl Pts',(1.69963424385112,1.88760054424565,2.6516068667225));
#11228=CARTESIAN_POINT('Ctrl Pts',(1.69967446071732,1.89962681172612,2.65094932677239));
#11229=CARTESIAN_POINT('Ctrl Pts',(1.69886870775519,1.91149978285937,2.65012768512209));
#11230=CARTESIAN_POINT('Ctrl Pts',(1.69725982370187,1.92322310451648,2.64913154728623));
#11231=CARTESIAN_POINT('Ctrl Pts',(1.69662028019655,1.9278832130004,2.64873557500842));
#11232=CARTESIAN_POINT('Ctrl Pts',(1.69585325037093,1.93251976763587,2.64831200027972));
#11233=CARTESIAN_POINT('Ctrl Pts',(1.69495915838543,1.93713305590178,2.64786003515412));
#11234=CARTESIAN_POINT('Ctrl Pts',(1.69251473050028,1.94974568487326,2.64662437241018));
#11235=CARTESIAN_POINT('Ctrl Pts',(1.68910324173117,1.96224782043039,2.64516745876627));
#11236=CARTESIAN_POINT('Ctrl Pts',(1.68475590947699,1.9744422416917,2.64348665954159));
#11237=CARTESIAN_POINT('Ctrl Pts',(1.68351292244778,1.97792886442267,2.64300608628129));
#11238=CARTESIAN_POINT('Ctrl Pts',(1.68219375261246,1.98139038019628,2.64250723307783));
#11239=CARTESIAN_POINT('Ctrl Pts',(1.68079989442146,1.98482234613975,2.64199009533532));
#11240=CARTESIAN_POINT('Ctrl Pts',(1.6749930204172,1.99912006591449,2.63983567694971));
#11241=CARTESIAN_POINT('Ctrl Pts',(1.66797813293794,2.01269893736967,2.63739742248462));
#11242=CARTESIAN_POINT('Ctrl Pts',(1.65988232760084,2.02547970370395,2.63467965385354));
#11243=CARTESIAN_POINT('Ctrl Pts',(1.65923823700119,2.0264965230455,2.63446343209987));
#11244=CARTESIAN_POINT('Ctrl Pts',(1.65858727774868,2.02750829076046,2.63424543949913));
#11245=CARTESIAN_POINT('Ctrl Pts',(1.65792950035816,2.0285149659038,2.63402567733959));
#11246=CARTESIAN_POINT('Ctrl Pts',(1.64900388345613,2.04217490132243,2.63104364591997));
#11247=CARTESIAN_POINT('Ctrl Pts',(1.63874933154516,2.05500495431821,2.62771068778156));
#11248=CARTESIAN_POINT('Ctrl Pts',(1.6273085741648,2.06676624170242,2.62403618701828));
#11249=CARTESIAN_POINT('Ctrl Pts',(1.61746507328669,2.07688552304413,2.62087468727771));
#11250=CARTESIAN_POINT('Ctrl Pts',(1.60685390219523,2.0860970399564,2.61749547340671));
#11251=CARTESIAN_POINT('Ctrl Pts',(1.59567717870915,2.09429551239573,2.61393931317202));
#11252=CARTESIAN_POINT('Ctrl Pts',(1.5938635867277,2.09562583821927,2.61336227253087));
#11253=CARTESIAN_POINT('Ctrl Pts',(1.59203513990061,2.09692959572787,2.61278058153733));
#11254=CARTESIAN_POINT('Ctrl Pts',(1.59019273861363,2.09820645833742,2.61219442415918));
#11255=CARTESIAN_POINT('Ctrl Pts',(1.58033698366223,2.10503691654178,2.60905882958331));
#11256=CARTESIAN_POINT('Ctrl Pts',(1.57003921967638,2.11113254498458,2.60578233892842));
#11257=CARTESIAN_POINT('Ctrl Pts',(1.55929938348506,2.11648231844021,2.60235009535318));
#11258=CARTESIAN_POINT('Ctrl Pts',(1.5556587821457,2.11829579045792,2.60118662969743));
#11259=CARTESIAN_POINT('Ctrl Pts',(1.55196719689141,2.12002315977961,2.60000523103473));
#11260=CARTESIAN_POINT('Ctrl Pts',(1.5482241969491,2.12166269945752,2.59880521511088));
#11261=CARTESIAN_POINT('Ctrl Pts',(1.53343928318617,2.12813890921504,2.59406513169606));
#11262=CARTESIAN_POINT('Ctrl Pts',(1.51814285143701,2.13311899469226,2.58912701026255));
#11263=CARTESIAN_POINT('Ctrl Pts',(1.50252761666743,2.13656464448587,2.58402001035478));
#11264=CARTESIAN_POINT('Ctrl Pts',(1.49471999928264,2.13828746938268,2.58146651040089));
#11265=CARTESIAN_POINT('Ctrl Pts',(1.48687001891469,2.1396188024067,2.57888304014926));
#11266=CARTESIAN_POINT('Ctrl Pts',(1.47897938638072,2.14056310929499,2.57626623453207));
#11267=CARTESIAN_POINT('Ctrl Pts',(1.47503407011374,2.14103526273913,2.57495783172348));
#11268=CARTESIAN_POINT('Ctrl Pts',(1.4710785723571,2.14141049321645,2.57364108365683));
#11269=CARTESIAN_POINT('Ctrl Pts',(1.46711300126956,2.14168836535771,2.57231548813451));
#11270=CARTESIAN_POINT('Ctrl Pts',(1.46314743018203,2.14196623749897,2.5709898926122));
#11271=CARTESIAN_POINT('Ctrl Pts',(1.45912428682393,2.14214758724021,2.5696394268588));
#11272=CARTESIAN_POINT('Ctrl Pts',(1.45519491984938,2.14222861945485,2.56831456186046));
#11273=CARTESIAN_POINT('',(1.50000728416674,1.97722527288037,2.81819147644658));
#11274=CARTESIAN_POINT('Ctrl Pts',(1.45519491984938,2.14222861945485,2.56831456186046));
#11275=CARTESIAN_POINT('Ctrl Pts',(1.45907623276247,2.14113057535008,2.58626742427977));
#11276=CARTESIAN_POINT('Ctrl Pts',(1.46295925293645,2.13841322527478,2.60412841386153));
#11277=CARTESIAN_POINT('Ctrl Pts',(1.46672928026711,2.13411630512057,2.62160952081919));
#11278=CARTESIAN_POINT('Ctrl Pts',(1.46839876088613,2.13221350063408,2.62935067670619));
#11279=CARTESIAN_POINT('Ctrl Pts',(1.47004608380386,2.13000162650613,2.63701741749077));
#11280=CARTESIAN_POINT('Ctrl Pts',(1.47166128867345,2.12748734756713,2.6445853262708));
#11281=CARTESIAN_POINT('Ctrl Pts',(1.47692395517489,2.11929531459556,2.66924311474847));
#11282=CARTESIAN_POINT('Ctrl Pts',(1.48184146763086,2.10790901352641,2.69281485737718));
#11283=CARTESIAN_POINT('Ctrl Pts',(1.4860959082055,2.09353944739497,2.71469305347784));
#11284=CARTESIAN_POINT('Ctrl Pts',(1.48828447184358,2.08614747437796,2.72594760589492));
#11285=CARTESIAN_POINT('Ctrl Pts',(1.49027795812089,2.07805294890287,2.73662847209623));
#11286=CARTESIAN_POINT('Ctrl Pts',(1.49203707798372,2.0692614847485,2.74674816950562));
#11287=CARTESIAN_POINT('Ctrl Pts',(1.49369758494365,2.06096285329947,2.75630057598782));
#11288=CARTESIAN_POINT('Ctrl Pts',(1.49514926525836,2.05204218779316,2.76535353125294));
#11289=CARTESIAN_POINT('Ctrl Pts',(1.49635907380488,2.04247382851932,2.77388756496684));
#11290=CARTESIAN_POINT('Ctrl Pts',(1.49776099059753,2.03138608775016,2.78377673727182));
#11291=CARTESIAN_POINT('Ctrl Pts',(1.49881716684189,2.01963274256584,2.79278655690804));
#11292=CARTESIAN_POINT('Ctrl Pts',(1.49942957368094,2.00724709766218,2.80090489109979));
#11293=CARTESIAN_POINT('Ctrl Pts',(1.49990552655373,1.99762117107652,2.80721433154762));
#11294=CARTESIAN_POINT('Ctrl Pts',(1.50011343597697,1.98761223232266,2.81298477617953));
#11295=CARTESIAN_POINT('Ctrl Pts',(1.50000728416674,1.97722527288037,2.81819147644658));
#11296=CARTESIAN_POINT('Origin',(1.50000728416674,1.88760054424565,2.63939715881553));
#11297=CARTESIAN_POINT('Origin',(1.82179164508135,0.125,2.62));
#11298=CARTESIAN_POINT('',(1.70201546927073,1.55516862581566,2.61267417525582));
#11299=CARTESIAN_POINT('Origin',(1.82179164508135,1.55516862581566,2.62));
#11300=CARTESIAN_POINT('',(1.70201546927073,1.55516862581566,2.61267417525582));
#11301=CARTESIAN_POINT('Origin',(1.4388928404287,0.373607159571303,2.8195890694649));
#11302=CARTESIAN_POINT('',(1.68842654003416,0.373607159571303,2.83485120434861));
#11303=CARTESIAN_POINT('Origin',(1.49935878661886,0.,2.65));
#11304=CARTESIAN_POINT('',(1.69898574630323,1.84278817992829,2.66220970790697));
#11305=CARTESIAN_POINT('',(1.69898574630323,0.125,2.66220970790697));
#11306=CARTESIAN_POINT('Origin',(1.49935878661886,1.84278817992829,2.65));
#11307=CARTESIAN_POINT('Ctrl Pts',(1.50000568765681,1.97722688725423,2.81819066719144));
#11308=CARTESIAN_POINT('Ctrl Pts',(1.68930325092314,1.97258929645568,2.8205171080195));
#11309=CARTESIAN_POINT('Ctrl Pts',(1.69963425994595,1.88760106920174,2.65160660357433));
#11310=CARTESIAN_POINT('Ctrl Pts',(1.49958069521043,1.93564164859521,2.83903653361364));
#11311=CARTESIAN_POINT('Ctrl Pts',(1.68811945882134,1.93218725011295,2.83987193779987));
#11312=CARTESIAN_POINT('Ctrl Pts',(1.69920926307226,1.8737392873181,2.65855524103689));
#11313=CARTESIAN_POINT('Ctrl Pts',(1.49935717329143,1.88930396107152,2.85000027679817));
#11314=CARTESIAN_POINT('Ctrl Pts',(1.68749989187466,1.88750562504818,2.85000176783367));
#11315=CARTESIAN_POINT('Ctrl Pts',(1.69898574065993,1.85829346448039,2.6622098001742));
#11316=CARTESIAN_POINT('Ctrl Pts',(1.49935717894069,1.84278641827664,2.8499999999883));
#11317=CARTESIAN_POINT('Ctrl Pts',(1.68749990750049,1.8427864863773,2.85000151235359));
#11318=CARTESIAN_POINT('Ctrl Pts',(1.69898574630334,1.84278759271016,2.66220970790522));
#11319=CARTESIAN_POINT('Ctrl Pts',(1.50000728416674,1.97722527288037,2.81819147644658));
#11320=CARTESIAN_POINT('Ctrl Pts',(1.49988359296869,1.9651220835437,2.82425847608217));
#11321=CARTESIAN_POINT('Ctrl Pts',(1.49977657842037,1.95250914653598,2.82955100031639));
#11322=CARTESIAN_POINT('Ctrl Pts',(1.49968712609489,1.93954953603563,2.83396696984732));
#11323=CARTESIAN_POINT('Ctrl Pts',(1.49959781578588,1.92661050049458,2.83837592848905));
#11324=CARTESIAN_POINT('Ctrl Pts',(1.49952601197964,1.91332674955987,2.84191071653442));
#11325=CARTESIAN_POINT('Ctrl Pts',(1.49947259603811,1.89988193038828,2.84451706853494));
#11326=CARTESIAN_POINT('Ctrl Pts',(1.49941910381607,1.88641791137344,2.84712714253046));
#11327=CARTESIAN_POINT('Ctrl Pts',(1.49938405201374,1.87279330407381,2.84880598110744));
#11328=CARTESIAN_POINT('Ctrl Pts',(1.49936832577432,1.85920039521361,2.84955072890819));
#11329=CARTESIAN_POINT('Ctrl Pts',(1.49936198567068,1.85372035331001,2.8498509773096));
#11330=CARTESIAN_POINT('Ctrl Pts',(1.49935878661886,1.84824547319502,2.85));
#11331=CARTESIAN_POINT('Ctrl Pts',(1.49935878661886,1.84278817992829,2.85));
#11332=CARTESIAN_POINT('Origin',(1.70390196364204,1.8474305035731,2.58183026492842));
#11333=CARTESIAN_POINT('Origin',(0.,1.84278817992829,2.55));
#11334=CARTESIAN_POINT('',(-0.830194919849385,2.14222861945485,2.56831456186046));
#11335=CARTESIAN_POINT('',(-1.0625,2.14222861945485,2.56831456186046));
#11336=CARTESIAN_POINT('',(-0.875007284166743,1.97722527288037,2.81819147644658));
#11337=CARTESIAN_POINT('Ctrl Pts',(-0.830194919849385,2.14222861945485,
2.56831456186046));
#11338=CARTESIAN_POINT('Ctrl Pts',(-0.834076232766663,2.14113057534851,
2.58626742430557));
#11339=CARTESIAN_POINT('Ctrl Pts',(-0.837959252946673,2.138413225267,2.60412841391247));
#11340=CARTESIAN_POINT('Ctrl Pts',(-0.841729280282809,2.13411630510222,
2.62160952089382));
#11341=CARTESIAN_POINT('Ctrl Pts',(-0.843398760896525,2.13221350061987,
2.62935067675545));
#11342=CARTESIAN_POINT('Ctrl Pts',(-0.845046083809043,2.13000162649806,
2.63701741751506));
#11343=CARTESIAN_POINT('Ctrl Pts',(-0.846661288673453,2.12748734756713,
2.6445853262708));
#11344=CARTESIAN_POINT('Ctrl Pts',(-0.851923955174887,2.11929531459556,
2.66924311474847));
#11345=CARTESIAN_POINT('Ctrl Pts',(-0.856841467630862,2.10790901352641,
2.69281485737718));
#11346=CARTESIAN_POINT('Ctrl Pts',(-0.861095908205505,2.09353944739497,
2.71469305347784));
#11347=CARTESIAN_POINT('Ctrl Pts',(-0.863284471843583,2.08614747437796,
2.72594760589492));
#11348=CARTESIAN_POINT('Ctrl Pts',(-0.865277958120894,2.07805294890287,
2.73662847209623));
#11349=CARTESIAN_POINT('Ctrl Pts',(-0.867037077983721,2.0692614847485,2.74674816950562));
#11350=CARTESIAN_POINT('Ctrl Pts',(-0.868697584943646,2.06096285329947,
2.75630057598782));
#11351=CARTESIAN_POINT('Ctrl Pts',(-0.870149265258359,2.05204218779316,
2.76535353125294));
#11352=CARTESIAN_POINT('Ctrl Pts',(-0.87135907380488,2.04247382851932,2.77388756496684));
#11353=CARTESIAN_POINT('Ctrl Pts',(-0.872760990597535,2.03138608775016,
2.78377673727182));
#11354=CARTESIAN_POINT('Ctrl Pts',(-0.87381716684189,2.01963274256584,2.79278655690804));
#11355=CARTESIAN_POINT('Ctrl Pts',(-0.874429573680942,2.00724709766218,
2.80090489109979));
#11356=CARTESIAN_POINT('Ctrl Pts',(-0.874905526553733,1.99762117107652,
2.80721433154762));
#11357=CARTESIAN_POINT('Ctrl Pts',(-0.875113435976967,1.98761223232266,
2.81298477617953));
#11358=CARTESIAN_POINT('Ctrl Pts',(-0.875007284166743,1.97722527288037,
2.81819147644658));
#11359=CARTESIAN_POINT('Ctrl Pts',(-0.875007284166743,1.97722527288037,
2.81819147644658));
#11360=CARTESIAN_POINT('Ctrl Pts',(-0.874883592968688,1.9651220835437,2.82425847608217));
#11361=CARTESIAN_POINT('Ctrl Pts',(-0.87477657842037,1.95250914653598,2.82955100031639));
#11362=CARTESIAN_POINT('Ctrl Pts',(-0.874687126094897,1.93954953603563,
2.83396696984732));
#11363=CARTESIAN_POINT('Ctrl Pts',(-0.874597815785879,1.92661050049458,
2.83837592848905));
#11364=CARTESIAN_POINT('Ctrl Pts',(-0.874526011979639,1.91332674955986,
2.84191071653442));
#11365=CARTESIAN_POINT('Ctrl Pts',(-0.874472596038111,1.89988193038828,
2.84451706853494));
#11366=CARTESIAN_POINT('Ctrl Pts',(-0.874419103816071,1.88641791137343,
2.84712714253046));
#11367=CARTESIAN_POINT('Ctrl Pts',(-0.874384052013738,1.87279330407381,
2.84880598110744));
#11368=CARTESIAN_POINT('Ctrl Pts',(-0.874368325774323,1.85920039521361,
2.84955072890819));
#11369=CARTESIAN_POINT('Ctrl Pts',(-0.874361985670681,1.85372035331001,
2.8498509773096));
#11370=CARTESIAN_POINT('Ctrl Pts',(-0.874358786618861,1.84824547319502,
2.85));
#11371=CARTESIAN_POINT('Ctrl Pts',(-0.874358786618861,1.84278817992829,
2.85));
#11372=CARTESIAN_POINT('Ctrl Pts',(1.84085134729077,1.75510009081077,2.30523538966157));
#11373=CARTESIAN_POINT('Ctrl Pts',(1.72126627613275,1.755291486969,2.29792626526346));
#11374=CARTESIAN_POINT('Ctrl Pts',(1.72107517148015,1.87505896980784,2.30105079871434));
#11375=CARTESIAN_POINT('Ctrl Pts',(1.83833251109304,1.75442608797463,2.33097451953576));
#11376=CARTESIAN_POINT('Ctrl Pts',(1.71969193935309,1.75555523087254,2.32366644409022));
#11377=CARTESIAN_POINT('Ctrl Pts',(1.71855633561753,1.87398056541358,2.34223340103611));
#11378=CARTESIAN_POINT('Ctrl Pts',(1.83582834070816,1.74872293746463,2.3565637844622));
#11379=CARTESIAN_POINT('Ctrl Pts',(1.71809613906476,1.75077635377401,2.34975754816382));
#11380=CARTESIAN_POINT('Ctrl Pts',(1.71605216489755,1.86485552445393,2.38317623039527));
#11381=CARTESIAN_POINT('Ctrl Pts',(1.83121208321176,1.72808949701356,2.40373574877906));
#11382=CARTESIAN_POINT('Ctrl Pts',(1.71512310123424,1.73135537174507,2.39836628701918));
#11383=CARTESIAN_POINT('Ctrl Pts',(1.71143590740112,1.83184201973236,2.45865137330237));
#11384=CARTESIAN_POINT('Ctrl Pts',(1.82910211990468,1.71316691308061,2.4252967457356));
#11385=CARTESIAN_POINT('Ctrl Pts',(1.71374437108497,1.71676591458701,2.42090832570024));
#11386=CARTESIAN_POINT('Ctrl Pts',(1.70932594409406,1.80796588543952,2.49314896843271));
#11387=CARTESIAN_POINT('Ctrl Pts',(1.82558626879994,1.67628652248739,2.46122403163426));
#11388=CARTESIAN_POINT('Ctrl Pts',(1.71143427405445,1.67980110799073,2.45867807828375));
#11389=CARTESIAN_POINT('Ctrl Pts',(1.70581009298932,1.74895726049048,2.5506326258707));
#11390=CARTESIAN_POINT('Ctrl Pts',(1.82418167468553,1.65434228623755,2.47557710086768));
#11391=CARTESIAN_POINT('Ctrl Pts',(1.71049998567745,1.65744184599544,2.47395355821902));
#11392=CARTESIAN_POINT('Ctrl Pts',(1.70440549887491,1.71384648249087,2.5735975366439));
#11393=CARTESIAN_POINT('Ctrl Pts',(1.82228401369707,1.60664636607106,2.49496865268236));
#11394=CARTESIAN_POINT('Ctrl Pts',(1.70923742725083,1.608453688868,2.49459620602907));
#11395=CARTESIAN_POINT('Ctrl Pts',(1.70250783788645,1.63753301022412,2.60462401954781));
#11396=CARTESIAN_POINT('Ctrl Pts',(1.82179164508121,1.58091657322978,2.5));
#11397=CARTESIAN_POINT('Ctrl Pts',(1.70890691705267,1.58180719541408,2.50000000000029));
#11398=CARTESIAN_POINT('Ctrl Pts',(1.70201546927068,1.59636534167838,2.61267417525668));
#11399=CARTESIAN_POINT('Ctrl Pts',(1.82179164508135,1.55516862581566,2.5));
#11400=CARTESIAN_POINT('Ctrl Pts',(1.70890691705267,1.55516862581566,2.5));
#11401=CARTESIAN_POINT('Ctrl Pts',(1.70201546927073,1.55516862581566,2.61267417525582));
#11402=CARTESIAN_POINT('',(1.84085134729077,1.75510009081077,2.30523538966157));
#11403=CARTESIAN_POINT('',(1.72107517148015,1.87505896980784,2.30105079871434));
#11404=CARTESIAN_POINT('Origin',(1.84085134729077,1.87505896980784,2.30837662345852));
#11405=CARTESIAN_POINT('Ctrl Pts',(1.70201546927073,1.55516862581566,2.61267417525582));
#11406=CARTESIAN_POINT('Ctrl Pts',(1.70201546927068,1.59636534167838,2.61267417525668));
#11407=CARTESIAN_POINT('Ctrl Pts',(1.70250783788645,1.63753301022412,2.60462401954781));
#11408=CARTESIAN_POINT('Ctrl Pts',(1.70345666838068,1.67568974635749,2.58911077809586));
#11409=CARTESIAN_POINT('Ctrl Pts',(1.70440549887491,1.71384648249087,2.5735975366439));
#11410=CARTESIAN_POINT('Ctrl Pts',(1.70581009298932,1.74895726049048,2.5506326258707));
#11411=CARTESIAN_POINT('Ctrl Pts',(1.70756801854169,1.778461572965,2.52189079715171));
#11412=CARTESIAN_POINT('Ctrl Pts',(1.70932594409406,1.80796588543952,2.49314896843271));
#11413=CARTESIAN_POINT('Ctrl Pts',(1.71143590740112,1.83184201973236,2.45865137330237));
#11414=CARTESIAN_POINT('Ctrl Pts',(1.71374403614934,1.84834877209315,2.42091380184882));
#11415=CARTESIAN_POINT('Ctrl Pts',(1.71605216489755,1.86485552445393,2.38317623039527));
#11416=CARTESIAN_POINT('Ctrl Pts',(1.71855633561753,1.87398056541358,2.34223340103611));
#11417=CARTESIAN_POINT('Ctrl Pts',(1.72107517148015,1.87505896980784,2.30105079871434));
#11418=CARTESIAN_POINT('Ctrl Pts',(1.84085134729077,1.75510009081077,2.30523538966157));
#11419=CARTESIAN_POINT('Ctrl Pts',(1.83833251109304,1.75442608797463,2.33097451953576));
#11420=CARTESIAN_POINT('Ctrl Pts',(1.83582834070816,1.74872293746463,2.3565637844622));
#11421=CARTESIAN_POINT('Ctrl Pts',(1.83121208321176,1.72808949701356,2.40373574877906));
#11422=CARTESIAN_POINT('Ctrl Pts',(1.82910211990468,1.71316691308061,2.4252967457356));
#11423=CARTESIAN_POINT('Ctrl Pts',(1.82558626879994,1.67628652248739,2.46122403163426));
#11424=CARTESIAN_POINT('Ctrl Pts',(1.82418167468553,1.65434228623755,2.47557710086768));
#11425=CARTESIAN_POINT('Ctrl Pts',(1.82228401369707,1.60664636607106,2.49496865268236));
#11426=CARTESIAN_POINT('Ctrl Pts',(1.82179164508121,1.58091657322978,2.5));
#11427=CARTESIAN_POINT('Ctrl Pts',(1.82179164508135,1.55516862581566,2.5));
#11428=CARTESIAN_POINT('Ctrl Pts',(-0.874939368114464,1.97316363757617,
2.82018963276852));
#11429=CARTESIAN_POINT('Ctrl Pts',(-1.06646141028255,1.96461593917368,2.82432665627752));
#11430=CARTESIAN_POINT('Ctrl Pts',(-1.07452917820617,1.8810140040343,2.6519499495176));
#11431=CARTESIAN_POINT('Ctrl Pts',(-0.87520397660134,1.98776442451674,2.8131414035444));
#11432=CARTESIAN_POINT('Ctrl Pts',(-1.05924065500159,1.99307810610428,2.81113567981383));
#11433=CARTESIAN_POINT('Ctrl Pts',(-1.07520447466107,1.90469933716402,2.65077696848333));
#11434=CARTESIAN_POINT('Ctrl Pts',(-0.874832925835733,2.0014083155018,2.80511510994345));
#11435=CARTESIAN_POINT('Ctrl Pts',(-1.04833616524982,2.01612720949425,2.79653181440284));
#11436=CARTESIAN_POINT('Ctrl Pts',(-1.07263571762423,1.92673121713225,2.64903602989639));
#11437=CARTESIAN_POINT('Ctrl Pts',(-0.873643589869752,2.02004073285556,
2.79213982462121));
#11438=CARTESIAN_POINT('Ctrl Pts',(-1.0306386359162,2.04345456885808,2.77511886490234));
#11439=CARTESIAN_POINT('Ctrl Pts',(-1.06556106787917,1.95666125013508,2.64580155980522));
#11440=CARTESIAN_POINT('Ctrl Pts',(-0.873178877755814,2.02568244858625,
2.78790588826267));
#11441=CARTESIAN_POINT('Ctrl Pts',(-1.02497306131122,2.05098453542765,2.76854616779371));
#11442=CARTESIAN_POINT('Ctrl Pts',(-1.06287272451411,1.96570056892592,2.64469205244888));
#11443=CARTESIAN_POINT('Ctrl Pts',(-0.87208175481441,2.03663676798853,2.77906822177095));
#11444=CARTESIAN_POINT('Ctrl Pts',(-1.01344186331861,2.06454599357943,2.75553781713708));
#11445=CARTESIAN_POINT('Ctrl Pts',(-1.05663162914385,1.98320477033607,2.64227874599344));
#11446=CARTESIAN_POINT('Ctrl Pts',(-0.871445425914447,2.04197280498033,
2.77444056768418));
#11447=CARTESIAN_POINT('Ctrl Pts',(-1.00755237027673,2.07063073815699,2.74907006188672));
#11448=CARTESIAN_POINT('Ctrl Pts',(-1.0530572903171,1.99170671543435,2.64096768063557));
#11449=CARTESIAN_POINT('Ctrl Pts',(-0.869348201987957,2.05720863525899,
2.76027649069759));
#11450=CARTESIAN_POINT('Ctrl Pts',(-0.990337888407898,2.0866135127317,2.73049755099881));
#11451=CARTESIAN_POINT('Ctrl Pts',(-1.04137692160832,2.01590913523989,2.63682978461644));
#11452=CARTESIAN_POINT('Ctrl Pts',(-0.867697715193398,2.06642107030057,
2.7504106893069));
#11453=CARTESIAN_POINT('Ctrl Pts',(-0.979014074161435,2.09489398814259,
2.71868721107532));
#11454=CARTESIAN_POINT('Ctrl Pts',(-1.03230244916248,2.03044347125155,2.63378822790111));
#11455=CARTESIAN_POINT('Ctrl Pts',(-0.864020351338636,2.0832436851387,2.72988125223414));
#11456=CARTESIAN_POINT('Ctrl Pts',(-0.957300689773776,2.10834712209479,
2.69634062920326));
#11457=CARTESIAN_POINT('Ctrl Pts',(-1.01222050314583,2.0567904842343,2.6272102112467));
#11458=CARTESIAN_POINT('Ctrl Pts',(-0.861982033928198,2.09088134560327,
2.71916679798498));
#11459=CARTESIAN_POINT('Ctrl Pts',(-0.946770901502895,2.11366575511076,
2.68565701378289));
#11460=CARTESIAN_POINT('Ctrl Pts',(-1.00115173998767,2.06864489204094,2.62365575419327));
#11461=CARTESIAN_POINT('Ctrl Pts',(-0.857640189432854,2.10453312337056,
2.69716388707446));
#11462=CARTESIAN_POINT('Ctrl Pts',(-0.926649134522681,2.12234762556421,
2.66533900636776));
#11463=CARTESIAN_POINT('Ctrl Pts',(-0.977653752257827,2.08961325505091,
2.61615404488377));
#11464=CARTESIAN_POINT('Ctrl Pts',(-0.855361856429472,2.11048104500792,
2.68599935547254));
#11465=CARTESIAN_POINT('Ctrl Pts',(-0.917070929362152,2.12575280344373,
2.6557169263848));
#11466=CARTESIAN_POINT('Ctrl Pts',(-0.965360506946149,2.09862688218884,
2.61225008786144));
#11467=CARTESIAN_POINT('Ctrl Pts',(-0.850646052805163,2.12083795792458,
2.66332967899139));
#11468=CARTESIAN_POINT('Ctrl Pts',(-0.898669828836107,2.13135227080081,
2.63724184891643));
#11469=CARTESIAN_POINT('Ctrl Pts',(-0.939960827641948,2.1140716841246,2.60416208862923));
#11470=CARTESIAN_POINT('Ctrl Pts',(-0.848208106173471,2.1252451121857,2.65182467418175));
#11471=CARTESIAN_POINT('Ctrl Pts',(-0.889769678948003,2.13358465336826,
2.62831261061245));
#11472=CARTESIAN_POINT('Ctrl Pts',(-0.926852037354758,2.12049983248565,
2.59997782865744));
#11473=CARTESIAN_POINT('Ctrl Pts',(-0.840706362037806,2.13629120874245,
2.61675856044381));
#11474=CARTESIAN_POINT('Ctrl Pts',(-0.863865291621186,2.13902207664091,
2.6022929261156));
#11475=CARTESIAN_POINT('Ctrl Pts',(-0.886555184697534,2.13612771285239,
2.58701422904166));
#11476=CARTESIAN_POINT('Ctrl Pts',(-0.835428392063338,2.14074776550296,
2.59252630995507));
#11477=CARTESIAN_POINT('Ctrl Pts',(-0.846843263399784,2.14119878367684,
2.58515222799509));
#11478=CARTESIAN_POINT('Ctrl Pts',(-0.858254613467651,2.14164996624917,
2.57777545814412));
#11479=CARTESIAN_POINT('Ctrl Pts',(-0.830194919849385,2.14222861945485,
2.56831456186046));
#11480=CARTESIAN_POINT('Ctrl Pts',(-0.830194919849385,2.14222861945485,
2.56831456186046));
#11481=CARTESIAN_POINT('Ctrl Pts',(-0.830194919849385,2.14222861945485,
2.56831456186046));
#11482=CARTESIAN_POINT('',(-1.07463424385112,1.88760054424565,2.6516068667225));
#11483=CARTESIAN_POINT('Ctrl Pts',(-0.830194919849385,2.14222861945485,
2.56831456186046));
#11484=CARTESIAN_POINT('Ctrl Pts',(-0.838120794716232,2.14206517043173,
2.57098692976624));
#11485=CARTESIAN_POINT('Ctrl Pts',(-0.846093837917138,2.14150697219505,
2.57365112329384));
#11486=CARTESIAN_POINT('Ctrl Pts',(-0.85398434323347,2.14056251603483,2.57626787839261));
#11487=CARTESIAN_POINT('Ctrl Pts',(-0.861874848549802,2.13961805987461,
2.57888463349138));
#11488=CARTESIAN_POINT('Ctrl Pts',(-0.869724702596532,2.1382865885421,2.58146805493937));
#11489=CARTESIAN_POINT('Ctrl Pts',(-0.877532194390384,2.13656363432181,
2.58402150750818));
#11490=CARTESIAN_POINT('Ctrl Pts',(-0.893147177978089,2.13311772588121,
2.58912841264579));
#11491=CARTESIAN_POINT('Ctrl Pts',(-0.908443281602035,2.1281374463393,2.59406641928543));
#11492=CARTESIAN_POINT('Ctrl Pts',(-0.923227912064651,2.12166107209574,
2.59880640618628));
#11493=CARTESIAN_POINT('Ctrl Pts',(-0.934267347405518,2.11682527218272,
2.60234567482345));
#11494=CARTESIAN_POINT('Ctrl Pts',(-0.944860529874845,2.11122923891648,
2.60572327106733));
#11495=CARTESIAN_POINT('Ctrl Pts',(-0.955014074724854,2.10490035285091,
2.60895546384491));
#11496=CARTESIAN_POINT('Ctrl Pts',(-0.958458726146467,2.1027532400243,2.61005200476836));
#11497=CARTESIAN_POINT('Ctrl Pts',(-0.961852638798999,2.10052135616289,
2.61113177613029));
#11498=CARTESIAN_POINT('Ctrl Pts',(-0.965195501963831,2.09820454319055,
2.61219530331514));
#11499=CARTESIAN_POINT('Ctrl Pts',(-0.976548252186262,2.09033637818046,
2.61580716473126));
#11500=CARTESIAN_POINT('Ctrl Pts',(-0.987369955695682,2.08144297607838,
2.61924912059674));
#11501=CARTESIAN_POINT('Ctrl Pts',(-0.997455782302762,2.07162163058499,
2.62247975236207));
#11502=CARTESIAN_POINT('Ctrl Pts',(-0.999093664948936,2.07002669821381,
2.62300438915296));
#11503=CARTESIAN_POINT('Ctrl Pts',(-1.00071217761761,2.06840739932193,2.62352346157907));
#11504=CARTESIAN_POINT('Ctrl Pts',(-1.00231049069592,2.06676427145543,2.62403680256313));
#11505=CARTESIAN_POINT('Ctrl Pts',(-1.01375096713638,2.05500301773084,2.62771121749084));
#11506=CARTESIAN_POINT('Ctrl Pts',(-1.02400523685518,2.04217306949868,2.63104409030165));
#11507=CARTESIAN_POINT('Ctrl Pts',(-1.03293062175749,2.0285132496777,2.63402605199743));
#11508=CARTESIAN_POINT('Ctrl Pts',(-1.04119934727612,2.01585841159847,2.63678862448471));
#11509=CARTESIAN_POINT('Ctrl Pts',(-1.04839479705984,2.00239899981381,2.63927182978673));
#11510=CARTESIAN_POINT('Ctrl Pts',(-1.05439394804219,1.98821418435074,2.64147158186268));
#11511=CARTESIAN_POINT('Ctrl Pts',(-1.054870369563,1.98708769972396,2.64164627478715));
#11512=CARTESIAN_POINT('Ctrl Pts',(-1.05533921880258,1.98595664211587,2.64181917848525));
#11513=CARTESIAN_POINT('Ctrl Pts',(-1.05580041949377,1.98482105329349,2.64199029014376));
#11514=CARTESIAN_POINT('Ctrl Pts',(-1.06067545450964,1.97281752559192,2.64379899369246));
#11515=CARTESIAN_POINT('Ctrl Pts',(-1.06463294826806,1.96045159528846,2.64538372896063));
#11516=CARTESIAN_POINT('Ctrl Pts',(-1.06762702838986,1.94791790052881,2.64674607717741));
#11517=CARTESIAN_POINT('Ctrl Pts',(-1.06848296331738,1.9443348210255,2.64713553950799));
#11518=CARTESIAN_POINT('Ctrl Pts',(-1.06926048308993,1.94073809564126,2.64750685078116));
#11519=CARTESIAN_POINT('Ctrl Pts',(-1.0699592900265,1.93713237666231,2.64786010169917));
#11520=CARTESIAN_POINT('Ctrl Pts',(-1.07220850307393,1.92552683906884,2.64899709180651));
#11521=CARTESIAN_POINT('Ctrl Pts',(-1.07365718913819,1.91377416693412,2.64995463716661));
#11522=CARTESIAN_POINT('Ctrl Pts',(-1.07428315754803,1.90186914557802,2.65074429919631));
#11523=CARTESIAN_POINT('Ctrl Pts',(-1.07453197289066,1.89713703462618,2.65105818089607));
#11524=CARTESIAN_POINT('Ctrl Pts',(-1.07465022959183,1.89238084693633,2.65134550217212));
#11525=CARTESIAN_POINT('Ctrl Pts',(-1.07463424385112,1.88760054424565,2.6516068667225));
#11526=CARTESIAN_POINT('Origin',(-0.875007284166743,1.88760054424565,2.63939715881553));
#11527=CARTESIAN_POINT('Origin',(0.,1.55516862581566,2.3));
#11528=CARTESIAN_POINT('',(-2.5625,1.75510009081077,2.30523538966157));
#11529=CARTESIAN_POINT('Ctrl Pts',(-0.874357178940703,1.84278641827666,
2.8499999999883));
#11530=CARTESIAN_POINT('Ctrl Pts',(-1.06249990750049,1.84278648637732,2.85000151235358));
#11531=CARTESIAN_POINT('Ctrl Pts',(-1.07398574630334,1.84278759271016,2.66220970790522));
#11532=CARTESIAN_POINT('Ctrl Pts',(-0.874357173291522,1.88930396107153,
2.85000027679817));
#11533=CARTESIAN_POINT('Ctrl Pts',(-1.06249989187466,1.88750562504819,2.85000176783366));
#11534=CARTESIAN_POINT('Ctrl Pts',(-1.07398574065993,1.85829346448039,2.6622098001742));
#11535=CARTESIAN_POINT('Ctrl Pts',(-0.874580695210358,1.93564164859521,
2.83903653361364));
#11536=CARTESIAN_POINT('Ctrl Pts',(-1.06311945882137,1.93218725011293,2.83987193779986));
#11537=CARTESIAN_POINT('Ctrl Pts',(-1.07420926307226,1.8737392873181,2.65855524103689));
#11538=CARTESIAN_POINT('Ctrl Pts',(-0.875005687656826,1.97722688725422,
2.81819066719144));
#11539=CARTESIAN_POINT('Ctrl Pts',(-1.06430325092314,1.97258929645567,2.8205171080195));
#11540=CARTESIAN_POINT('Ctrl Pts',(-1.07463425994595,1.88760106920173,2.65160660357433));
#11541=CARTESIAN_POINT('',(-1.07398574630323,1.84278817992829,2.66220970790697));
#11542=CARTESIAN_POINT('Origin',(-1.07890196364186,1.8474305035738,2.58183026493124));
#11543=CARTESIAN_POINT('Origin',(-0.874358786618862,1.84278817992829,2.65));
#11544=CARTESIAN_POINT('Origin',(-0.874358786618861,0.,2.65));
#11545=CARTESIAN_POINT('',(-1.07398574630323,0.125,2.66220970790697));
#11546=CARTESIAN_POINT('Origin',(-0.813892840428697,0.373607159571303,2.8195890694649));
#11547=CARTESIAN_POINT('',(-1.06342654003416,0.373607159571303,2.83485120434861));
#11548=CARTESIAN_POINT('Origin',(-1.19679164508135,0.125,2.62));
#11549=CARTESIAN_POINT('',(-1.07701546927073,1.55516862581566,2.61267417525582));
#11550=CARTESIAN_POINT('',(-1.07701546927073,0.353126782552797,2.61267417525582));
#11551=CARTESIAN_POINT('Origin',(-1.19679164508135,1.55516862581566,2.62));
#11552=CARTESIAN_POINT('Ctrl Pts',(2.36392880990794,1.53090189461486,2.5));
#11553=CARTESIAN_POINT('Ctrl Pts',(2.52693579179451,1.62866634399599,2.5));
#11554=CARTESIAN_POINT('Ctrl Pts',(2.53522398663141,1.63363724030494,2.31016912863605));
#11555=CARTESIAN_POINT('Ctrl Pts',(2.36856336283333,1.52317449994578,2.5));
#11556=CARTESIAN_POINT('Ctrl Pts',(2.54919935104901,1.59154532890443,2.5));
#11557=CARTESIAN_POINT('Ctrl Pts',(2.55839670464137,1.59500034469693,2.31016912863615));
#11558=CARTESIAN_POINT('Ctrl Pts',(2.37104165154791,1.51422233443359,2.5));
#11559=CARTESIAN_POINT('Ctrl Pts',(2.56159917915085,1.54863238245395,2.49999999999994));
#11560=CARTESIAN_POINT('Ctrl Pts',(2.57081018086576,1.55025248492838,2.30966556578553));
#11561=CARTESIAN_POINT('Ctrl Pts',(2.37104165154904,1.50520859688394,2.5));
#11562=CARTESIAN_POINT('Ctrl Pts',(2.5625,1.50520859688394,2.5));
#11563=CARTESIAN_POINT('Ctrl Pts',(2.57085129586541,1.50520859688394,2.30872387747307));
#11564=CARTESIAN_POINT('Origin',(2.32101440611321,1.50516427426846,2.29995816695914));
#11565=CARTESIAN_POINT('Ctrl Pts',(-1.19679164508135,1.55516862581566,2.5));
#11566=CARTESIAN_POINT('Ctrl Pts',(-1.08390691705267,1.55516862581566,2.5));
#11567=CARTESIAN_POINT('Ctrl Pts',(-1.07701546927073,1.55516862581566,2.61267417525582));
#11568=CARTESIAN_POINT('Ctrl Pts',(-1.19679164508121,1.5809165732298,2.5));
#11569=CARTESIAN_POINT('Ctrl Pts',(-1.08390691705274,1.58180719541409,2.50000000000029));
#11570=CARTESIAN_POINT('Ctrl Pts',(-1.07701546927068,1.5963653416783,2.61267417525668));
#11571=CARTESIAN_POINT('Ctrl Pts',(-1.19728401369715,1.60664636607104,2.49496865268237));
#11572=CARTESIAN_POINT('Ctrl Pts',(-1.08423742725083,1.60845368886797,2.4945962060288));
#11573=CARTESIAN_POINT('Ctrl Pts',(-1.07750783788645,1.63753301022422,2.60462401954782));
#11574=CARTESIAN_POINT('Ctrl Pts',(-1.19918167468546,1.65434228623758,2.47557710086768));
#11575=CARTESIAN_POINT('Ctrl Pts',(-1.08549998567745,1.65744184599545,2.4739535582193));
#11576=CARTESIAN_POINT('Ctrl Pts',(-1.07940549887491,1.71384648249076,2.57359753664389));
#11577=CARTESIAN_POINT('Ctrl Pts',(-1.20058626879994,1.6762865224874,2.46122403163425));
#11578=CARTESIAN_POINT('Ctrl Pts',(-1.08643427405459,1.67980110799062,2.45867807828373));
#11579=CARTESIAN_POINT('Ctrl Pts',(-1.08081009298932,1.74895726049051,2.55063262587067));
#11580=CARTESIAN_POINT('Ctrl Pts',(-1.20410211990468,1.71316691308059,2.42529674573561));
#11581=CARTESIAN_POINT('Ctrl Pts',(-1.08874437108483,1.71676591458714,2.42090832570025));
#11582=CARTESIAN_POINT('Ctrl Pts',(-1.08432594409406,1.8079658854395,2.49314896843274));
#11583=CARTESIAN_POINT('Ctrl Pts',(-1.20621208321176,1.72808949701353,2.40373574877911));
#11584=CARTESIAN_POINT('Ctrl Pts',(-1.09012310123438,1.73135537174493,2.39836628701931));
#11585=CARTESIAN_POINT('Ctrl Pts',(-1.08643590740112,1.83184201973222,2.45865137330237));
#11586=CARTESIAN_POINT('Ctrl Pts',(-1.21082834070816,1.74872293746465,2.35656378446215));
#11587=CARTESIAN_POINT('Ctrl Pts',(-1.09309613906462,1.75077635377415,2.34975754816367));
#11588=CARTESIAN_POINT('Ctrl Pts',(-1.09105216489755,1.86485552445407,2.38317623039527));
#11589=CARTESIAN_POINT('Ctrl Pts',(-1.21333251109304,1.75442608797463,2.3309745195358));
#11590=CARTESIAN_POINT('Ctrl Pts',(-1.09469193935287,1.75555523087312,2.32366644409029));
#11591=CARTESIAN_POINT('Ctrl Pts',(-1.09355633561753,1.87398056541358,2.34223340103612));
#11592=CARTESIAN_POINT('Ctrl Pts',(-1.21585134729077,1.75510009081077,2.30523538966157));
#11593=CARTESIAN_POINT('Ctrl Pts',(-1.09626627613275,1.755291486969,2.29792626526346));
#11594=CARTESIAN_POINT('Ctrl Pts',(-1.09607517148015,1.87505896980784,2.30105079871434));
#11595=CARTESIAN_POINT('',(-1.09607517148015,1.87505896980784,2.30105079871434));
#11596=CARTESIAN_POINT('Ctrl Pts',(-1.09607517148015,1.87505896980784,2.30105079871434));
#11597=CARTESIAN_POINT('Ctrl Pts',(-1.09355633561753,1.87398056541358,2.34223340103612));
#11598=CARTESIAN_POINT('Ctrl Pts',(-1.09105216489755,1.86485552445407,2.38317623039527));
#11599=CARTESIAN_POINT('Ctrl Pts',(-1.08874403614934,1.84834877209315,2.42091380184882));
#11600=CARTESIAN_POINT('Ctrl Pts',(-1.08643590740112,1.83184201973222,2.45865137330237));
#11601=CARTESIAN_POINT('Ctrl Pts',(-1.08432594409406,1.8079658854395,2.49314896843274));
#11602=CARTESIAN_POINT('Ctrl Pts',(-1.08256801854169,1.778461572965,2.52189079715171));
#11603=CARTESIAN_POINT('Ctrl Pts',(-1.08081009298932,1.74895726049051,2.55063262587067));
#11604=CARTESIAN_POINT('Ctrl Pts',(-1.07940549887491,1.71384648249076,2.57359753664389));
#11605=CARTESIAN_POINT('Ctrl Pts',(-1.07845666838068,1.67568974635749,2.58911077809586));
#11606=CARTESIAN_POINT('Ctrl Pts',(-1.07750783788645,1.63753301022422,2.60462401954782));
#11607=CARTESIAN_POINT('Ctrl Pts',(-1.07701546927068,1.5963653416783,2.61267417525668));
#11608=CARTESIAN_POINT('Ctrl Pts',(-1.07701546927073,1.55516862581566,2.61267417525582));
#11609=CARTESIAN_POINT('',(-1.21585134729077,1.75510009081077,2.30523538966157));
#11610=CARTESIAN_POINT('Origin',(-1.21585134729077,1.87505896980784,2.30837662345852));
#11611=CARTESIAN_POINT('Ctrl Pts',(-1.19679164508135,1.55516862581566,2.5));
#11612=CARTESIAN_POINT('Ctrl Pts',(-1.19679164508121,1.5809165732298,2.5));
#11613=CARTESIAN_POINT('Ctrl Pts',(-1.19728401369715,1.60664636607104,2.49496865268237));
#11614=CARTESIAN_POINT('Ctrl Pts',(-1.19918167468546,1.65434228623758,2.47557710086768));
#11615=CARTESIAN_POINT('Ctrl Pts',(-1.20058626879994,1.6762865224874,2.46122403163425));
#11616=CARTESIAN_POINT('Ctrl Pts',(-1.20410211990468,1.71316691308059,2.42529674573561));
#11617=CARTESIAN_POINT('Ctrl Pts',(-1.20621208321176,1.72808949701353,2.40373574877911));
#11618=CARTESIAN_POINT('Ctrl Pts',(-1.21082834070816,1.74872293746465,2.35656378446215));
#11619=CARTESIAN_POINT('Ctrl Pts',(-1.21333251109304,1.75442608797463,2.3309745195358));
#11620=CARTESIAN_POINT('Ctrl Pts',(-1.21585134729077,1.75510009081077,2.30523538966157));
#11621=CARTESIAN_POINT('Origin',(0.,1.55516862581566,2.3));
#11622=CARTESIAN_POINT('',(-2.32105116280315,1.75510009081077,2.30523538966157));
#11623=CARTESIAN_POINT('',(-2.5625,1.75510009081077,2.30523538966157));
#11624=CARTESIAN_POINT('Origin',(-2.32105116280315,1.55516862581566,2.3));
#11625=CARTESIAN_POINT('Ctrl Pts',(-2.36392603521789,1.53089946234514,2.49999999996705));
#11626=CARTESIAN_POINT('Ctrl Pts',(-2.52693726972654,1.62866353819783,2.50000345044242));
#11627=CARTESIAN_POINT('Ctrl Pts',(-2.53522568082087,1.63363441546568,2.31016912863516));
#11628=CARTESIAN_POINT('Ctrl Pts',(-2.36171870538683,1.53457995147938,2.49999999996705));
#11629=CARTESIAN_POINT('Ctrl Pts',(-2.51632724664322,1.64635460837658,2.50000345044035));
#11630=CARTESIAN_POINT('Ctrl Pts',(-2.52418822871016,1.65203819885734,2.31016914019882));
#11631=CARTESIAN_POINT('Ctrl Pts',(-2.35903459989547,1.53797380019804,2.49999999996703));
#11632=CARTESIAN_POINT('Ctrl Pts',(-2.50351195194608,1.66273384868828,2.50000345342391));
#11633=CARTESIAN_POINT('Ctrl Pts',(-2.51077166339366,1.66901163818397,2.31005614698094));
#11634=CARTESIAN_POINT('Ctrl Pts',(-2.35288879438574,1.54396595841986,2.49999999996695));
#11635=CARTESIAN_POINT('Ctrl Pts',(-2.47423299998689,1.69187337417179,2.50000346517556));
#11636=CARTESIAN_POINT('Ctrl Pts',(-2.48005982508295,1.69898626567992,2.30961158178226));
#11637=CARTESIAN_POINT('Ctrl Pts',(-2.34942765524665,1.54656374935896,2.49999999996689));
#11638=CARTESIAN_POINT('Ctrl Pts',(-2.45775218564954,1.70464313365059,2.50000347395661));
#11639=CARTESIAN_POINT('Ctrl Pts',(-2.46276735432906,1.71198485996959,2.30928005331912));
#11640=CARTESIAN_POINT('Ctrl Pts',(-2.34195598106945,1.55079235604443,2.49999999996674));
#11641=CARTESIAN_POINT('Ctrl Pts',(-2.42208158550274,1.72577803688357,2.50000349680829));
#11642=CARTESIAN_POINT('Ctrl Pts',(-2.42544381986366,1.73315198475268,2.30842025900269));
#11643=CARTESIAN_POINT('Ctrl Pts',(-2.33794598957364,1.55242286422762,2.49999999996665));
#11644=CARTESIAN_POINT('Ctrl Pts',(-2.40287128220157,1.73414265619339,2.50000351089918));
#11645=CARTESIAN_POINT('Ctrl Pts',(-2.40541547082926,1.74131897568445,2.30789205568544));
#11646=CARTESIAN_POINT('Ctrl Pts',(-2.32964075302135,1.55460929935668,2.49999999996644));
#11647=CARTESIAN_POINT('Ctrl Pts',(-2.36284921999879,1.74589536454704,2.50000354356487));
#11648=CARTESIAN_POINT('Ctrl Pts',(-2.36393946157074,1.75228391083052,2.30667368349236));
#11649=CARTESIAN_POINT('Ctrl Pts',(-2.32534624289368,1.55516501232244,2.49999999996632));
#11650=CARTESIAN_POINT('Ctrl Pts',(-2.34202072230848,1.74927207152227,2.50000356216217));
#11651=CARTESIAN_POINT('Ctrl Pts',(-2.34249546506431,1.75508078206634,2.30598362005344));
#11652=CARTESIAN_POINT('Ctrl Pts',(-2.32105050343758,1.55516494838684,2.49999999996619));
#11653=CARTESIAN_POINT('Ctrl Pts',(-2.32104793776056,1.75000001815031,2.50000358242245));
#11654=CARTESIAN_POINT('Ctrl Pts',(-2.32104787074926,1.7551000937968,2.30523527479633));
#11655=CARTESIAN_POINT('Ctrl Pts',(-2.32105116280315,1.75510009081078,2.30523538966157));
#11656=CARTESIAN_POINT('Ctrl Pts',(-2.34249765939692,1.75508049585935,2.30598369066646));
#11657=CARTESIAN_POINT('Ctrl Pts',(-2.36394052264353,1.75228363031669,2.30667371466174));
#11658=CARTESIAN_POINT('Ctrl Pts',(-2.38467799673639,1.74680130300057,2.30728288517359));
#11659=CARTESIAN_POINT('Ctrl Pts',(-2.40541547082926,1.74131897568445,2.30789205568544));
#11660=CARTESIAN_POINT('Ctrl Pts',(-2.42544381986366,1.73315198475268,2.30842025900269));
#11661=CARTESIAN_POINT('Ctrl Pts',(-2.44410558709636,1.72256842236114,2.30885015616091));
#11662=CARTESIAN_POINT('Ctrl Pts',(-2.46276735432906,1.71198485996959,2.30928005331912));
#11663=CARTESIAN_POINT('Ctrl Pts',(-2.48005982508295,1.69898626567992,2.30961158178226));
#11664=CARTESIAN_POINT('Ctrl Pts',(-2.49541535139077,1.68399933534952,2.30983385869499));
#11665=CARTESIAN_POINT('Ctrl Pts',(-2.51077087769859,1.66901240501912,2.31005613560772));
#11666=CARTESIAN_POINT('Ctrl Pts',(-2.52418685580654,1.65203993572068,2.31016912863609));
#11667=CARTESIAN_POINT('Ctrl Pts',(-2.53522398663141,1.63363724030494,2.31016912863605));
#11668=CARTESIAN_POINT('Ctrl Pts',(2.37144702244106,-1.5979935819569,2.47027163993854));
#11669=CARTESIAN_POINT('Ctrl Pts',(2.56606859503578,-1.59063909701393,2.47382765025862));
#11670=CARTESIAN_POINT('Ctrl Pts',(2.57121388515558,-1.50595061866876,2.29849160863754));
#11671=CARTESIAN_POINT('Ctrl Pts',(2.37167169147174,-1.61268453866474,2.4631911602309));
#11672=CARTESIAN_POINT('Ctrl Pts',(2.55847768268212,-1.61955755634372,2.46036179946051));
#11673=CARTESIAN_POINT('Ctrl Pts',(2.57187260010437,-1.52978333566799,2.29730890381684));
#11674=CARTESIAN_POINT('Ctrl Pts',(2.371247897081,-1.626390048839,2.45512988674803));
#11675=CARTESIAN_POINT('Ctrl Pts',(2.54709084044392,-1.64279992796293,2.44550927758925));
#11676=CARTESIAN_POINT('Ctrl Pts',(2.56923983547395,-1.5519126445145,2.29559895027187));
#11677=CARTESIAN_POINT('Ctrl Pts',(2.36997219780346,-1.64509043839624,2.4421042748226));
#11678=CARTESIAN_POINT('Ctrl Pts',(2.52873545255462,-1.67019989502934,2.42383667186242));
#11679=CARTESIAN_POINT('Ctrl Pts',(2.56204759956533,-1.58194534760974,2.29245422380402));
#11680=CARTESIAN_POINT('Ctrl Pts',(2.36947888865991,-1.65075162334237,2.43785338001987));
#11681=CARTESIAN_POINT('Ctrl Pts',(2.52287532047605,-1.67772226822425,2.4171996823118));
#11682=CARTESIAN_POINT('Ctrl Pts',(2.55931761431768,-1.59101330277584,2.29137876142235));
#11683=CARTESIAN_POINT('Ctrl Pts',(2.3683220940012,-1.66173877774145,2.42898257087657));
#11684=CARTESIAN_POINT('Ctrl Pts',(2.5109791620181,-1.69122888608178,2.40409284063275));
#11685=CARTESIAN_POINT('Ctrl Pts',(2.55298777652872,-1.60856396005995,2.28904532935629));
#11686=CARTESIAN_POINT('Ctrl Pts',(2.36765463900851,-1.66708701461286,2.4243395725046));
#11687=CARTESIAN_POINT('Ctrl Pts',(2.5049192318458,-1.69726645823179,2.3975913127087));
#11688=CARTESIAN_POINT('Ctrl Pts',(2.54936668967228,-1.61708183557507,2.2877806084683));
#11689=CARTESIAN_POINT('Ctrl Pts',(2.3654640485046,-1.68234444226495,2.41013968829071));
#11690=CARTESIAN_POINT('Ctrl Pts',(2.48725960606779,-1.71307042408384,2.37897181162136));
#11691=CARTESIAN_POINT('Ctrl Pts',(2.53755081071853,-1.64130711288797,2.28379760283912));
#11692=CARTESIAN_POINT('Ctrl Pts',(2.36374976514142,-1.69156107888931,2.40025501043013));
#11693=CARTESIAN_POINT('Ctrl Pts',(2.4756887420353,-1.72120552782925,2.36717268664529));
#11694=CARTESIAN_POINT('Ctrl Pts',(2.52838516802114,-1.65583904126872,2.28087825013936));
#11695=CARTESIAN_POINT('Ctrl Pts',(2.35994309909335,-1.70838135572806,2.37969781338378));
#11696=CARTESIAN_POINT('Ctrl Pts',(2.45357083728704,-1.73437338318375,2.34490760510606));
#11697=CARTESIAN_POINT('Ctrl Pts',(2.5081263745661,-1.68216252279267,2.27457460555872));
#11698=CARTESIAN_POINT('Ctrl Pts',(2.3578381509398,-1.71601448851795,2.36897062496016));
#11699=CARTESIAN_POINT('Ctrl Pts',(2.44287221950413,-1.73955459868581,2.33428632834221));
#11700=CARTESIAN_POINT('Ctrl Pts',(2.496967213418,-1.69399879360201,2.27117189005864));
#11701=CARTESIAN_POINT('Ctrl Pts',(2.35336744343563,-1.72963934889579,2.34697393774986));
#11702=CARTESIAN_POINT('Ctrl Pts',(2.42248975230649,-1.74798375988066,2.31414210498112));
#11703=CARTESIAN_POINT('Ctrl Pts',(2.47332131461011,-1.71490253480329,2.26400327149203));
#11704=CARTESIAN_POINT('Ctrl Pts',(2.35102521814604,-1.73557322436103,2.33581638384989));
#11705=CARTESIAN_POINT('Ctrl Pts',(2.41280442707169,-1.7512799708478,2.3046163164424));
#11706=CARTESIAN_POINT('Ctrl Pts',(2.4609587755097,-1.72388271330751,2.2602749167182));
#11707=CARTESIAN_POINT('Ctrl Pts',(2.34618225097672,-1.74590332094495,2.31316752611993));
#11708=CARTESIAN_POINT('Ctrl Pts',(2.39421963578996,-1.75669479926099,2.28634442236251));
#11709=CARTESIAN_POINT('Ctrl Pts',(2.4354285315773,-1.73926258128124,2.2525522745988));
#11710=CARTESIAN_POINT('Ctrl Pts',(2.34368103525911,-1.75029767507197,2.30167636967335));
#11711=CARTESIAN_POINT('Ctrl Pts',(2.3852403005007,-1.75885084145231,2.27752117790571));
#11712=CARTESIAN_POINT('Ctrl Pts',(2.42225847242776,-1.74565919319705,2.24855780226512));
#11713=CARTESIAN_POINT('Ctrl Pts',(2.33598984432467,-1.76130991775516,2.2666617381663));
#11714=CARTESIAN_POINT('Ctrl Pts',(2.3591279182765,-1.7641038308685,2.25182981570048));
#11715=CARTESIAN_POINT('Ctrl Pts',(2.38178844816394,-1.76119996844607,2.23618138985684));
#11716=CARTESIAN_POINT('Ctrl Pts',(2.3305857746236,-1.76575067807569,2.24247868981197));
#11717=CARTESIAN_POINT('Ctrl Pts',(2.34198904728633,-1.7662129023506,2.2349213897196));
#11718=CARTESIAN_POINT('Ctrl Pts',(2.35338778711566,-1.76667534540866,2.2273605125543));
#11719=CARTESIAN_POINT('Ctrl Pts',(2.32522683974176,-1.76722861945485,2.21831456186046));
#11720=CARTESIAN_POINT('Ctrl Pts',(2.32522683974176,-1.76722861945485,2.21831456186046));
#11721=CARTESIAN_POINT('Ctrl Pts',(2.32522683974176,-1.76722861945485,2.21831456186046));
#11722=CARTESIAN_POINT('',(2.32522683974176,-1.76722861945485,2.21831456186046));
#11723=CARTESIAN_POINT('Ctrl Pts',(2.32522683974176,-1.76722861945485,2.21831456186046));
#11724=CARTESIAN_POINT('Ctrl Pts',(2.33319978519851,-1.76707197627137,2.22087565527163));
#11725=CARTESIAN_POINT('Ctrl Pts',(2.34121969809303,-1.76652039175678,2.2234277426659));
#11726=CARTESIAN_POINT('Ctrl Pts',(2.34915712374352,-1.7655821826365,2.22593368425893));
#11727=CARTESIAN_POINT('Ctrl Pts',(2.357094549394,-1.76464397351622,2.22843962585196));
#11728=CARTESIAN_POINT('Ctrl Pts',(2.36499131055896,-1.76331842415899,2.23091283803786));
#11729=CARTESIAN_POINT('Ctrl Pts',(2.37284574494993,-1.76160100696217,2.23335670334235));
#11730=CARTESIAN_POINT('Ctrl Pts',(2.38855461373188,-1.75816617256854,2.23824443395134));
#11731=CARTESIAN_POINT('Ctrl Pts',(2.40394034033276,-1.75319638983991,2.24296677307479));
#11732=CARTESIAN_POINT('Ctrl Pts',(2.41881408713652,-1.74672871403944,2.24749864624247));
#11733=CARTESIAN_POINT('Ctrl Pts',(2.43004618021753,-1.74184456900409,2.2509209460787));
#11734=CARTESIAN_POINT('Ctrl Pts',(2.44082247859774,-1.73618057029639,2.25418507545797));
#11735=CARTESIAN_POINT('Ctrl Pts',(2.45114596689302,-1.72976631552702,2.25730654761019));
#11736=CARTESIAN_POINT('Ctrl Pts',(2.45449303402567,-1.7276866946949,2.25831858700495));
#11737=CARTESIAN_POINT('Ctrl Pts',(2.45779237396327,-1.72552781777362,2.25931560106544));
#11738=CARTESIAN_POINT('Ctrl Pts',(2.46104359846607,-1.723289633481,2.26029803227535));
#11739=CARTESIAN_POINT('Ctrl Pts',(2.47263394668161,-1.71531069037829,2.26380031881722));
#11740=CARTESIAN_POINT('Ctrl Pts',(2.48367395781298,-1.70627618008721,2.26713483541933));
#11741=CARTESIAN_POINT('Ctrl Pts',(2.49395246947618,-1.69628448456003,2.27026241511022));
#11742=CARTESIAN_POINT('Ctrl Pts',(2.49545008385558,-1.69482866027472,2.2707181141911));
#11743=CARTESIAN_POINT('Ctrl Pts',(2.49693155953245,-1.69335260128691,2.27116942656051));
#11744=CARTESIAN_POINT('Ctrl Pts',(2.49839627492586,-1.69185669894969,2.2716162377694));
#11745=CARTESIAN_POINT('Ctrl Pts',(2.50991370780219,-1.68009403513401,2.27512962892374));
#11746=CARTESIAN_POINT('Ctrl Pts',(2.520241430607,-1.6672571343517,2.278318567385));
#11747=CARTESIAN_POINT('Ctrl Pts',(2.52923155338991,-1.65358978597986,2.28117429798619));
#11748=CARTESIAN_POINT('Ctrl Pts',(2.53742122964477,-1.64113932661123,2.28377576513626));
#11749=CARTESIAN_POINT('Ctrl Pts',(2.54456667097018,-1.62791093913594,2.28612099157276));
#11750=CARTESIAN_POINT('Ctrl Pts',(2.55055300801992,-1.61397539542727,2.28820842217289));
#11751=CARTESIAN_POINT('Ctrl Pts',(2.55113810351798,-1.61261335653452,2.28841244447174));
#11752=CARTESIAN_POINT('Ctrl Pts',(2.55171208473305,-1.61124456358939,2.28861400235847));
#11753=CARTESIAN_POINT('Ctrl Pts',(2.55227481662063,-1.60986908565314,2.28881309335005));
#11754=CARTESIAN_POINT('Ctrl Pts',(2.5571743046991,-1.59789333325748,2.29054650132155));
#11755=CARTESIAN_POINT('Ctrl Pts',(2.56115726989074,-1.58555552296621,2.29206989732347));
#11756=CARTESIAN_POINT('Ctrl Pts',(2.56417747902723,-1.57304962116323,2.29338540119493));
#11757=CARTESIAN_POINT('Ctrl Pts',(2.56505328950963,-1.56942311736964,2.29376687546648));
#11758=CARTESIAN_POINT('Ctrl Pts',(2.56584846978519,-1.56578254641438,2.29413088648827));
#11759=CARTESIAN_POINT('Ctrl Pts',(2.56656270345959,-1.56213275061916,2.29447752824098));
#11760=CARTESIAN_POINT('Ctrl Pts',(2.56883348249975,-1.5505288734994,2.29557961409143));
#11761=CARTESIAN_POINT('Ctrl Pts',(2.57030112316961,-1.53877771101799,2.29651361248945));
#11762=CARTESIAN_POINT('Ctrl Pts',(2.57094357873719,-1.52687401590008,2.29729132944356));
#11763=CARTESIAN_POINT('Ctrl Pts',(2.5712000400558,-1.52212218946966,2.29760178564572));
#11764=CARTESIAN_POINT('Ctrl Pts',(2.5713244305075,-1.51734605043071,2.29788731255772));
#11765=CARTESIAN_POINT('Ctrl Pts',(2.57131302342552,-1.51254555911075,2.29814857768905));
#11766=CARTESIAN_POINT('Ctrl Pts',(2.32522683974176,-1.76722861945485,2.21831456186046));
#11767=CARTESIAN_POINT('Ctrl Pts',(2.32922100957739,-1.76612726903317,2.23632148208356));
#11768=CARTESIAN_POINT('Ctrl Pts',(2.33321693849857,-1.76339687420825,2.2542359528072));
#11769=CARTESIAN_POINT('Ctrl Pts',(2.33709746486585,-1.75907725594644,2.27176819764001));
#11770=CARTESIAN_POINT('Ctrl Pts',(2.33879973664348,-1.75718236758304,2.27945907324622));
#11771=CARTESIAN_POINT('Ctrl Pts',(2.3404798013164,-1.75498233385894,2.28707647397671));
#11772=CARTESIAN_POINT('Ctrl Pts',(2.34212776879513,-1.75248363339118,2.29459650510226));
#11773=CARTESIAN_POINT('Ctrl Pts',(2.34753246968016,-1.74428885479036,2.31925932121016));
#11774=CARTESIAN_POINT('Ctrl Pts',(2.3525864092997,-1.73290127224764,2.34283238689529));
#11775=CARTESIAN_POINT('Ctrl Pts',(2.35697104898181,-1.71851960736464,2.36472325669356));
#11776=CARTESIAN_POINT('Ctrl Pts',(2.35922391055831,-1.71113019738572,2.37597095388651));
#11777=CARTESIAN_POINT('Ctrl Pts',(2.36127910076362,-1.70303884790123,2.38664580036625));
#11778=CARTESIAN_POINT('Ctrl Pts',(2.36309733823538,-1.69425091523156,2.39676033522781));
#11779=CARTESIAN_POINT('Ctrl Pts',(2.36481785176962,-1.68593530336518,2.4063312490342));
#11780=CARTESIAN_POINT('Ctrl Pts',(2.36632619885757,-1.67699493579412,2.41540104394915));
#11781=CARTESIAN_POINT('Ctrl Pts',(2.36758909753038,-1.6674037467464,2.42395005131476));
#11782=CARTESIAN_POINT('Ctrl Pts',(2.36905643502085,-1.65625993008794,2.43388297727632));
#11783=CARTESIAN_POINT('Ctrl Pts',(2.37017036543295,-1.6444417680811,2.44293021376935));
#11784=CARTESIAN_POINT('Ctrl Pts',(2.37083068647066,-1.63198370488995,2.45107733785144));
#11785=CARTESIAN_POINT('Ctrl Pts',(2.37133928745193,-1.62238809487345,2.45735252077901));
#11786=CARTESIAN_POINT('Ctrl Pts',(2.37157878072319,-1.61241177802931,2.46309315797804));
#11787=CARTESIAN_POINT('Ctrl Pts',(2.37150337910915,-1.60206031747567,2.46827410064793));
#11788=CARTESIAN_POINT('Origin',(2.5625,-1.75,2.5));
#11789=CARTESIAN_POINT('',(2.66852062132175,1.56566465926436,0.0717285459475997));
#11790=CARTESIAN_POINT('',(2.55879364671357,1.49797694694774,2.58488944671206));
#11791=CARTESIAN_POINT('',(2.66852062132175,-1.64871924180758,0.0717285459475996));
#11792=CARTESIAN_POINT('',(2.56316332498282,-1.50112901890373,2.48480736011094));
#11793=CARTESIAN_POINT('',(2.66852062132175,-1.45654240864269,0.0717285459475997));
#11794=CARTESIAN_POINT('Origin',(0.,-1.46778817992829,2.2));
#11795=CARTESIAN_POINT('',(-2.32522683974176,-1.76722861945485,2.21831456186046));
#11796=CARTESIAN_POINT('Ctrl Pts',(-2.37150337910915,-1.60206031747567,
2.46827410064793));
#11797=CARTESIAN_POINT('Ctrl Pts',(-2.37159814407036,-1.61507006229695,
2.46176267728697));
#11798=CARTESIAN_POINT('Ctrl Pts',(-2.37118567904471,-1.62745136866493,
2.45439072971153));
#11799=CARTESIAN_POINT('Ctrl Pts',(-2.37038012677333,-1.63925651385443,
2.44616785017614));
#11800=CARTESIAN_POINT('Ctrl Pts',(-2.36998411034516,-1.64506002480954,
2.44212541184097));
#11801=CARTESIAN_POINT('Ctrl Pts',(-2.36949160215099,-1.65072337587989,
2.4378762564035));
#11802=CARTESIAN_POINT('Ctrl Pts',(-2.36890981225759,-1.65624697983244,
2.43341653912761));
#11803=CARTESIAN_POINT('Ctrl Pts',(-2.36851084949255,-1.66003479452449,
2.43035828535612));
#11804=CARTESIAN_POINT('Ctrl Pts',(-2.36806800913279,-1.66376763824774,
2.42718990391774));
#11805=CARTESIAN_POINT('Ctrl Pts',(-2.36758918453606,-1.66740460392313,
2.42394863944274));
#11806=CARTESIAN_POINT('Ctrl Pts',(-2.36737746505819,-1.66901274285151,
2.42251546573569));
#11807=CARTESIAN_POINT('Ctrl Pts',(-2.36715846800331,-1.67060406840067,
2.42106632364937));
#11808=CARTESIAN_POINT('Ctrl Pts',(-2.36693285679874,-1.67217475969798,
2.41960447629756));
#11809=CARTESIAN_POINT('Ctrl Pts',(-2.36549721964518,-1.68216957705426,
2.41030226821311));
#11810=CARTESIAN_POINT('Ctrl Pts',(-2.36378993188138,-1.69141752873041,
2.40043065891273));
#11811=CARTESIAN_POINT('Ctrl Pts',(-2.36185316801612,-1.69997304108644,
2.38997418311173));
#11812=CARTESIAN_POINT('Ctrl Pts',(-2.36036031457274,-1.70656761170481,
2.38191435393735));
#11813=CARTESIAN_POINT('Ctrl Pts',(-2.35872360369438,-1.71277070489079,
2.37347252750603));
#11814=CARTESIAN_POINT('Ctrl Pts',(-2.35697055515319,-1.71852101135169,
2.36472059358773));
#11815=CARTESIAN_POINT('Ctrl Pts',(-2.35652403851475,-1.71998566418393,
2.36249140025896));
#11816=CARTESIAN_POINT('Ctrl Pts',(-2.35606968807837,-1.72142194249963,
2.36024059497938));
#11817=CARTESIAN_POINT('Ctrl Pts',(-2.3556080955521,-1.72282835777121,2.35796995817522));
#11818=CARTESIAN_POINT('Ctrl Pts',(-2.35340671377815,-1.72953569545373,
2.34714105997735));
#11819=CARTESIAN_POINT('Ctrl Pts',(-2.35106279038149,-1.73550354158125,
2.33596939705795));
#11820=CARTESIAN_POINT('Ctrl Pts',(-2.34860767114477,-1.74073922188957,
2.32448987385426));
#11821=CARTESIAN_POINT('Ctrl Pts',(-2.34652228425698,-1.74518642710078,
2.31473912659561));
#11822=CARTESIAN_POINT('Ctrl Pts',(-2.3443565840034,-1.74910542005725,2.30476644484673));
#11823=CARTESIAN_POINT('Ctrl Pts',(-2.34212692627218,-1.7524852070419,2.29459227877346));
#11824=CARTESIAN_POINT('Ctrl Pts',(-2.34179249822389,-1.75299214384619,
2.29306624791445));
#11825=CARTESIAN_POINT('Ctrl Pts',(-2.34145682669374,-1.75348669367599,
2.29153656564277));
#11826=CARTESIAN_POINT('Ctrl Pts',(-2.34111996019346,-1.75396891918073,
2.29000324705766));
#11827=CARTESIAN_POINT('Ctrl Pts',(-2.33873460245246,-1.757383566644,2.27914579060725));
#11828=CARTESIAN_POINT('Ctrl Pts',(-2.33628347739189,-1.76017820731718,
2.26808005485963));
#11829=CARTESIAN_POINT('Ctrl Pts',(-2.33380300134594,-1.76233586066367,
2.25691065792329));
#11830=CARTESIAN_POINT('Ctrl Pts',(-2.33238761364409,-1.76356704208001,
2.25053727363421));
#11831=CARTESIAN_POINT('Ctrl Pts',(-2.33096148110129,-1.76459216833747,
2.24412472560467));
#11832=CARTESIAN_POINT('Ctrl Pts',(-2.32953011477107,-1.76540864160433,
2.2376867514159));
#11833=CARTESIAN_POINT('Ctrl Pts',(-2.32809874844084,-1.7662251148712,2.23124877722712));
#11834=CARTESIAN_POINT('Ctrl Pts',(-2.32665100960997,-1.76683591955742,
2.22473514842888));
#11835=CARTESIAN_POINT('Ctrl Pts',(-2.32522683974176,-1.76722861945485,
2.21831456186046));
#11836=CARTESIAN_POINT('',(-2.5625,-1.76722861945485,2.21831456186046));
#11837=CARTESIAN_POINT('Ctrl Pts',(-2.57131302342552,-1.51254555911075,
2.29814857768904));
#11838=CARTESIAN_POINT('Ctrl Pts',(-2.56381174588838,-1.59869974372327,
2.46995607971349));
#11839=CARTESIAN_POINT('Ctrl Pts',(-2.37150337910915,-1.60206031747567,
2.46827410064793));
#11840=CARTESIAN_POINT('Ctrl Pts',(-2.57136371954397,-1.53388021987641,
2.2969874456779));
#11841=CARTESIAN_POINT('Ctrl Pts',(-2.55630389380487,-1.62392842887132,
2.45753145244343));
#11842=CARTESIAN_POINT('Ctrl Pts',(-2.37159925678967,-1.61522296245462,
2.46168615021652));
#11843=CARTESIAN_POINT('Ctrl Pts',(-2.56878040226707,-1.5538311050975,2.29539806812837));
#11844=CARTESIAN_POINT('Ctrl Pts',(-2.54587896567028,-1.64460613005653,
2.4440696299213));
#11845=CARTESIAN_POINT('Ctrl Pts',(-2.3711762508495,-1.62758556885675,2.45429724853987));
#11846=CARTESIAN_POINT('Ctrl Pts',(-2.56204759956534,-1.58194534760974,
2.29245422380402));
#11847=CARTESIAN_POINT('Ctrl Pts',(-2.52873705793528,-1.67019564186175,
2.42383034027287));
#11848=CARTESIAN_POINT('Ctrl Pts',(-2.36998145220887,-1.64509190191017,
2.44210320981391));
#11849=CARTESIAN_POINT('Ctrl Pts',(-2.55931761431768,-1.59101330277584,
2.29137876142235));
#11850=CARTESIAN_POINT('Ctrl Pts',(-2.52287705692897,-1.67771813659526,
2.41719368702214));
#11851=CARTESIAN_POINT('Ctrl Pts',(-2.36948793207065,-1.6507532132526,2.4378521622215));
#11852=CARTESIAN_POINT('Ctrl Pts',(-2.55298777652873,-1.60856396005995,
2.28904532935629));
#11853=CARTESIAN_POINT('Ctrl Pts',(-2.51098111921811,-1.69122503468619,
2.40408748051814));
#11854=CARTESIAN_POINT('Ctrl Pts',(-2.36833069544802,-1.6617405557066,2.42898107000964));
#11855=CARTESIAN_POINT('Ctrl Pts',(-2.54936668967228,-1.61708183557507,
2.2877806084683));
#11856=CARTESIAN_POINT('Ctrl Pts',(-2.50492127960545,-1.69726276400848,
2.3975862535683));
#11857=CARTESIAN_POINT('Ctrl Pts',(-2.36766300855462,-1.66708885464237,
2.42433794141904));
#11858=CARTESIAN_POINT('Ctrl Pts',(-2.53755081071853,-1.64130711288797,
2.28379760283912));
#11859=CARTESIAN_POINT('Ctrl Pts',(-2.48726184968977,-1.71306722253511,
2.37896756565135));
#11860=CARTESIAN_POINT('Ctrl Pts',(-2.365471717709,-1.68234637689534,2.41013772560092));
#11861=CARTESIAN_POINT('Ctrl Pts',(-2.52838516802114,-1.65583904126872,
2.28087825013936));
#11862=CARTESIAN_POINT('Ctrl Pts',(-2.47569104613055,-1.72120266974906,
2.36716891351271));
#11863=CARTESIAN_POINT('Ctrl Pts',(-2.36375695696855,-1.69156298336696,
2.40025288486601));
#11864=CARTESIAN_POINT('Ctrl Pts',(-2.50812637456611,-1.68216252279267,
2.27457460555872));
#11865=CARTESIAN_POINT('Ctrl Pts',(-2.4535731368801,-1.73437118242214,2.34490464047064));
#11866=CARTESIAN_POINT('Ctrl Pts',(-2.35994933889464,-1.70838308786676,
2.37969549472721));
#11867=CARTESIAN_POINT('Ctrl Pts',(-2.496967213418,-1.69399879360201,2.27117189005864));
#11868=CARTESIAN_POINT('Ctrl Pts',(-2.44287446190982,-1.73955271025605,
2.33428371205251));
#11869=CARTESIAN_POINT('Ctrl Pts',(-2.35784391349069,-1.71601608368863,
2.36896827443254));
#11870=CARTESIAN_POINT('Ctrl Pts',(-2.47332131461011,-1.71490253480329,
2.26400327149203));
#11871=CARTESIAN_POINT('Ctrl Pts',(-2.42249179842414,-1.74798242826551,
2.31414008674781));
#11872=CARTESIAN_POINT('Ctrl Pts',(-2.35337226736542,-1.729640629056,2.3469716464349));
#11873=CARTESIAN_POINT('Ctrl Pts',(-2.4609587755097,-1.72388271330751,2.2602749167182));
#11874=CARTESIAN_POINT('Ctrl Pts',(-2.41280634102995,-1.75127888190758,
2.30461455403484));
#11875=CARTESIAN_POINT('Ctrl Pts',(-2.35102958456787,-1.73557433442447,
2.335814178668));
#11876=CARTESIAN_POINT('Ctrl Pts',(-2.4354285315773,-1.73926258128124,2.2525522745988));
#11877=CARTESIAN_POINT('Ctrl Pts',(-2.39422123888322,-1.75669412111927,
2.28634310779285));
#11878=CARTESIAN_POINT('Ctrl Pts',(-2.34618571988283,-1.74590410018854,
2.3131655891378));
#11879=CARTESIAN_POINT('Ctrl Pts',(-2.42225847242776,-1.74565919319705,
2.24855780226512));
#11880=CARTESIAN_POINT('Ctrl Pts',(-2.3852417278131,-1.75885033282096,2.27752006116268));
#11881=CARTESIAN_POINT('Ctrl Pts',(-2.34368406318384,-1.7502982982093,2.30167460976405));
#11882=CARTESIAN_POINT('Ctrl Pts',(-2.38178844816394,-1.76119996844607,
2.23618138985684));
#11883=CARTESIAN_POINT('Ctrl Pts',(-2.35912877366677,-1.76410372125342,
2.25182922500329));
#11884=CARTESIAN_POINT('Ctrl Pts',(-2.33599156625267,-1.76131012566935,
2.26666063437783));
#11885=CARTESIAN_POINT('Ctrl Pts',(-2.35338778711566,-1.76667534540867,
2.22736051255428));
#11886=CARTESIAN_POINT('Ctrl Pts',(-2.34198947448663,-1.76621291968252,
2.23492110634515));
#11887=CARTESIAN_POINT('Ctrl Pts',(-2.3305866294096,-1.76575071272388,2.24247812331895));
#11888=CARTESIAN_POINT('Ctrl Pts',(-2.32522683974176,-1.76722861945485,
2.21831456186046));
#11889=CARTESIAN_POINT('Ctrl Pts',(-2.32522683974176,-1.76722861945485,
2.21831456186046));
#11890=CARTESIAN_POINT('Ctrl Pts',(-2.32522683974176,-1.76722861945485,
2.21831456186046));
#11891=CARTESIAN_POINT('Ctrl Pts',(-2.57131302342552,-1.51254555911075,
2.29814857768905));
#11892=CARTESIAN_POINT('Ctrl Pts',(-2.57134159906724,-1.52457116918882,
2.29749408789062));
#11893=CARTESIAN_POINT('Ctrl Pts',(-2.57052166630091,-1.53644329004141,
2.29668746494545));
#11894=CARTESIAN_POINT('Ctrl Pts',(-2.56889602484889,-1.54816558406111,
2.29571771193595));
#11895=CARTESIAN_POINT('Ctrl Pts',(-2.56824705559942,-1.55284521888621,
2.29533057867114));
#11896=CARTESIAN_POINT('Ctrl Pts',(-2.56746909657189,-1.55750107025867,
2.29491742799025));
#11897=CARTESIAN_POINT('Ctrl Pts',(-2.56656257013128,-1.56213343193348,
2.29447746353249));
#11898=CARTESIAN_POINT('Ctrl Pts',(-2.56409956810649,-1.57471940369714,
2.29328209481323));
#11899=CARTESIAN_POINT('Ctrl Pts',(-2.56067004010135,-1.58719521835917,
2.29187997808302));
#11900=CARTESIAN_POINT('Ctrl Pts',(-2.55630534532803,-1.59936424391297,
2.29026818188693));
#11901=CARTESIAN_POINT('Ctrl Pts',(-2.55503946773502,-1.60289358504161,
2.28980071811338));
#11902=CARTESIAN_POINT('Ctrl Pts',(-2.55369525928988,-1.60639717109108,
2.28931563461365));
#11903=CARTESIAN_POINT('Ctrl Pts',(-2.55227428618122,-1.60987038218889,
2.28881290568438));
#11904=CARTESIAN_POINT('Ctrl Pts',(-2.54651734279925,-1.6239417812336,2.28677614512593));
#11905=CARTESIAN_POINT('Ctrl Pts',(-2.53958753495473,-1.63731313579975,
2.28448138018601));
#11906=CARTESIAN_POINT('Ctrl Pts',(-2.53160477078717,-1.64991371194257,
2.28193038084735));
#11907=CARTESIAN_POINT('Ctrl Pts',(-2.5308234206721,-1.65114705184995,2.28168068994017));
#11908=CARTESIAN_POINT('Ctrl Pts',(-2.53003194200921,-1.65237300638605,
2.28142854235783));
#11909=CARTESIAN_POINT('Ctrl Pts',(-2.52923042162152,-1.65359150655003,
2.28117393847817));
#11910=CARTESIAN_POINT('Ctrl Pts',(-2.52024006487609,-1.66725897070551,
2.27831814124321));
#11911=CARTESIAN_POINT('Ctrl Pts',(-2.50991205781872,-1.68009597594824,
2.27512912130202));
#11912=CARTESIAN_POINT('Ctrl Pts',(-2.49839434168462,-1.69185867333234,
2.27161564803482));
#11913=CARTESIAN_POINT('Ctrl Pts',(-2.48834016178448,-1.70212670513949,
2.26854862572835));
#11914=CARTESIAN_POINT('Ctrl Pts',(-2.47749486840721,-1.71145574184209,
2.26526922115668));
#11915=CARTESIAN_POINT('Ctrl Pts',(-2.46606739195465,-1.71974016821536,
2.26181606567806));
#11916=CARTESIAN_POINT('Ctrl Pts',(-2.46440395187131,-1.72094609035871,
2.2613134072599));
#11917=CARTESIAN_POINT('Ctrl Pts',(-2.46272820254112,-1.72212996393772,
2.26080707362398));
#11918=CARTESIAN_POINT('Ctrl Pts',(-2.46104081228975,-1.72329155149268,
2.26029719036898));
#11919=CARTESIAN_POINT('Ctrl Pts',(-2.45101055878282,-1.73019630730557,
2.25726632166363));
#11920=CARTESIAN_POINT('Ctrl Pts',(-2.44052410279345,-1.73634970294455,
2.25409693676893));
#11921=CARTESIAN_POINT('Ctrl Pts',(-2.4295846743299,-1.7417377961152,2.2507747631926));
#11922=CARTESIAN_POINT('Ctrl Pts',(-2.42604101543196,-1.743483185682,2.2496985963715));
#11923=CARTESIAN_POINT('Ctrl Pts',(-2.42244965580179,-1.74514790003266,
2.24860636693301));
#11924=CARTESIAN_POINT('Ctrl Pts',(-2.4188103422313,-1.7467303424315,2.24749750520877));
#11925=CARTESIAN_POINT('Ctrl Pts',(-2.40393631008113,-1.75319785303767,
2.24296553932649));
#11926=CARTESIAN_POINT('Ctrl Pts',(-2.38855025233617,-1.758167441095,2.23824308961955));
#11927=CARTESIAN_POINT('Ctrl Pts',(-2.37284113058988,-1.76160201587225,
2.23335526760701));
#11928=CARTESIAN_POINT('Ctrl Pts',(-2.36498656971674,-1.76331930326088,
2.23091135660074));
#11929=CARTESIAN_POINT('Ctrl Pts',(-2.35708968132927,-1.76464471380974,
2.22843809730382));
#11930=CARTESIAN_POINT('Ctrl Pts',(-2.34915212754755,-1.76558277313836,
2.22593210689661));
#11931=CARTESIAN_POINT('Ctrl Pts',(-2.34518335065669,-1.76605180280267,
2.224679111693));
#11932=CARTESIAN_POINT('Ctrl Pts',(-2.34120438898762,-1.76642382796688,
2.2234179225744));
#11933=CARTESIAN_POINT('Ctrl Pts',(-2.33721534456111,-1.76669841949284,
2.22214803675652));
#11934=CARTESIAN_POINT('Ctrl Pts',(-2.3332263001346,-1.7669730110188,2.22087815093865));
#11935=CARTESIAN_POINT('Ctrl Pts',(-2.32917942702914,-1.76715096360495,
2.21958422378323));
#11936=CARTESIAN_POINT('Ctrl Pts',(-2.32522683974176,-1.76722861945485,
2.21831456186046));
#11937=CARTESIAN_POINT('Origin',(-2.5625,-1.75,2.5));
#11938=CARTESIAN_POINT('',(-2.66852062132175,-1.65310634761732,0.0717285459475997));
#11939=CARTESIAN_POINT('',(-2.56316332498283,-1.50112901890373,2.48480736011094));
#11940=CARTESIAN_POINT('',(-2.66852062132175,1.56378638118591,0.0717285459475996));
#11941=CARTESIAN_POINT('',(-2.55879364671357,1.49797694694774,2.58488944671206));
#11942=CARTESIAN_POINT('',(-2.66852062132175,1.49356671747475,0.0717285459475997));
#11943=CARTESIAN_POINT('Ctrl Pts',(2.66851976950388,-1.45186096399408,0.0717481603181314));
#11944=CARTESIAN_POINT('Ctrl Pts',(2.67163354433541,-1.45186040553389,4.53852084759457E-17));
#11945=CARTESIAN_POINT('Ctrl Pts',(2.7434492386893,-1.45184743259149,4.26851211038857E-17));
#11946=CARTESIAN_POINT('Ctrl Pts',(2.66854961461306,-1.43307862423519,0.0709809561486343));
#11947=CARTESIAN_POINT('Ctrl Pts',(2.67236275655962,-1.433651011181,2.31839854067344E-15));
#11948=CARTESIAN_POINT('Ctrl Pts',(2.74344794135757,-1.44478522300589,4.26916996257837E-17));
#11949=CARTESIAN_POINT('Ctrl Pts',(2.67306892401941,-1.41432912348814,0.0703373346683207));
#11950=CARTESIAN_POINT('Ctrl Pts',(2.67729298586411,-1.41568974215462,-7.3469619341161E-16));
#11951=CARTESIAN_POINT('Ctrl Pts',(2.74513218806888,-1.43773844246201,3.41480999208033E-17));
#11952=CARTESIAN_POINT('Ctrl Pts',(2.69012138279521,-1.38085871496585,0.0694330250742839));
#11953=CARTESIAN_POINT('Ctrl Pts',(2.69436930967221,-1.38391099232262,7.90199608504897E-16));
#11954=CARTESIAN_POINT('Ctrl Pts',(2.75151206078673,-1.42516497628134,3.41480999208033E-17));
#11955=CARTESIAN_POINT('Ctrl Pts',(2.70263529315441,-1.36617561010052,0.069173358992109));
#11956=CARTESIAN_POINT('Ctrl Pts',(2.70650076877768,-1.3700277192561,-2.24769522844844E-15));
#11957=CARTESIAN_POINT('Ctrl Pts',(2.75620049092802,-1.41965250687741,3.41480999208033E-17));
#11958=CARTESIAN_POINT('Ctrl Pts',(2.71781729305121,-1.35510038032483,0.0691338673905846));
#11959=CARTESIAN_POINT('Ctrl Pts',(2.72101459936945,-1.35948173101665,4.46456568303609E-17));
#11960=CARTESIAN_POINT('Ctrl Pts',(2.76189302584292,-1.41549837916514,3.41480999208033E-17));
#11961=CARTESIAN_POINT('Origin',(2.76188645399143,-1.41550317590329,0.075));
#11962=CARTESIAN_POINT('Origin',(2.74344923794039,-1.45183927894729,0.075));
#11963=CARTESIAN_POINT('Origin',(1.634305658443,-2.23867418062723,0.075));
#11964=CARTESIAN_POINT('Origin',(4.05819007578046,-0.469158968030938,0.075));
#11965=CARTESIAN_POINT('Ctrl Pts',(4.01410423766905,-0.408770125220873,
0.069115567820412));
#11966=CARTESIAN_POINT('Ctrl Pts',(4.01731153130339,-0.41316348053467,1.19518349722812E-16));
#11967=CARTESIAN_POINT('Ctrl Pts',(4.05819007578046,-0.469158968030938,
1.70740499604016E-16));
#11968=CARTESIAN_POINT('Ctrl Pts',(4.0242692447362,-0.401368868710297,0.068915116882516));
#11969=CARTESIAN_POINT('Ctrl Pts',(4.02710266397388,-0.406246168818696,
8.80257290024586E-15));
#11970=CARTESIAN_POINT('Ctrl Pts',(4.06200002939795,-0.466377576791769,
1.70740499604016E-16));
#11971=CARTESIAN_POINT('Ctrl Pts',(4.03559647648061,-0.395581984497067,
0.0688124704230176));
#11972=CARTESIAN_POINT('Ctrl Pts',(4.03793349619623,-0.400811545645949,
-2.72815890394912E-14));
#11973=CARTESIAN_POINT('Ctrl Pts',(4.06624674279709,-0.464204471448415,
1.70740499604016E-16));
#11974=CARTESIAN_POINT('Ctrl Pts',(4.04755160861772,-0.391682449044073,
0.0688124704230769));
#11975=CARTESIAN_POINT('Ctrl Pts',(4.04931809296392,-0.397098107917188,
3.24406949247631E-16));
#11976=CARTESIAN_POINT('Ctrl Pts',(4.07072992208219,-0.462742144108699,
1.70740499604016E-16));
#11977=CARTESIAN_POINT('Origin',(-2.51620134231356E-16,-0.460530993698985,
0.075));
#11978=CARTESIAN_POINT('Ctrl Pts',(4.83553099369898,-0.136532860235721,
3.41480999208033E-17));
#11979=CARTESIAN_POINT('Ctrl Pts',(4.76620170682462,-0.136532860235721,
3.52152280433284E-17));
#11980=CARTESIAN_POINT('Ctrl Pts',(4.760762193669,-0.136532860235721,0.0691155678204117));
#11981=CARTESIAN_POINT('Ctrl Pts',(4.83553099369928,-0.1790465525858,3.41480999208033E-17));
#11982=CARTESIAN_POINT('Ctrl Pts',(4.76690773886439,-0.169846968095905,
-2.7407190052476E-13));
#11983=CARTESIAN_POINT('Ctrl Pts',(4.76082221833478,-0.169295851206621,
0.0683528821277387));
#11984=CARTESIAN_POINT('Ctrl Pts',(4.82711314178915,-0.221476392290983,
3.41480999208033E-17));
#11985=CARTESIAN_POINT('Ctrl Pts',(4.76086055621706,-0.203583761850097,
2.43100349770324E-13));
#11986=CARTESIAN_POINT('Ctrl Pts',(4.75439496841095,-0.201982084181612,
0.0677427203164061));
#11987=CARTESIAN_POINT('Ctrl Pts',(4.794700824432,-0.299867517257119,3.41480999208033E-17));
#11988=CARTESIAN_POINT('Ctrl Pts',(4.73591689920246,-0.265880280596391,
-2.40896369741831E-13));
#11989=CARTESIAN_POINT('Ctrl Pts',(4.72952733337555,-0.26234786631793,0.0669178744457489));
#11990=CARTESIAN_POINT('Ctrl Pts',(4.77072423224986,-0.335785335028215,
3.41480999208033E-17));
#11991=CARTESIAN_POINT('Ctrl Pts',(4.71704037605051,-0.294553483659622,
1.29387822695323E-12));
#11992=CARTESIAN_POINT('Ctrl Pts',(4.71110066056235,-0.289993816545714,
0.0667036524785142));
#11993=CARTESIAN_POINT('Ctrl Pts',(4.74075478363916,-0.365754783639169,
3.41480999208033E-17));
#11994=CARTESIAN_POINT('Ctrl Pts',(4.69329692985553,-0.31829692985553,-3.08400027409755E-16));
#11995=CARTESIAN_POINT('Ctrl Pts',(4.68804723855403,-0.313047238554034,
0.0667036524785288));
#11996=CARTESIAN_POINT('Origin',(4.83553099369898,-0.136532860235721,0.075));
#11997=CARTESIAN_POINT('Origin',(4.83553099369898,-3.25167646607703E-15,
0.075));
#11998=CARTESIAN_POINT('Ctrl Pts',(4.51153286023572,1.46053099369898,-1.0244429976241E-16));
#11999=CARTESIAN_POINT('Ctrl Pts',(4.51153286023572,1.39120170682462,-1.0244429976241E-16));
#12000=CARTESIAN_POINT('Ctrl Pts',(4.51153286023572,1.385762193669,0.0691155678204115));
#12001=CARTESIAN_POINT('Ctrl Pts',(4.55404655258574,1.46053099369883,-1.0244429976241E-16));
#12002=CARTESIAN_POINT('Ctrl Pts',(4.54484696809593,1.39190773886333,7.92579758389374E-15));
#12003=CARTESIAN_POINT('Ctrl Pts',(4.54429585120663,1.38582221833478,0.0683528821276985));
#12004=CARTESIAN_POINT('Ctrl Pts',(4.59647639229105,1.4521131417893,-1.0244429976241E-16));
#12005=CARTESIAN_POINT('Ctrl Pts',(4.57858376184998,1.38586055621767,-6.4390796642105E-15));
#12006=CARTESIAN_POINT('Ctrl Pts',(4.57698208418159,1.37939496841097,0.0677427203163656));
#12007=CARTESIAN_POINT('Ctrl Pts',(4.67486751725704,1.41970082443185,-1.0244429976241E-16));
#12008=CARTESIAN_POINT('Ctrl Pts',(4.64088028059642,1.36091689920189,6.20691538242547E-15));
#12009=CARTESIAN_POINT('Ctrl Pts',(4.63734786631795,1.35452733337553,0.066917874445789));
#12010=CARTESIAN_POINT('Ctrl Pts',(4.71078533502802,1.39572423224972,-1.0244429976241E-16));
#12011=CARTESIAN_POINT('Ctrl Pts',(4.66955348365914,1.34204037605058,-1.21600998554039E-14));
#12012=CARTESIAN_POINT('Ctrl Pts',(4.6649938165457,1.33610066056237,0.0667036524784749));
#12013=CARTESIAN_POINT('Ctrl Pts',(4.74075478363917,1.36575478363916,-1.0244429976241E-16));
#12014=CARTESIAN_POINT('Ctrl Pts',(4.69329692985553,1.31829692985552,-9.71086591497843E-17));
#12015=CARTESIAN_POINT('Ctrl Pts',(4.68804723855403,1.31304723855403,0.0667036524785287));
#12016=CARTESIAN_POINT('Origin',(4.51153286023572,1.46053099369898,0.075));
#12017=CARTESIAN_POINT('Origin',(7.51049160436902E-16,1.46053099369898,
0.075));
#12018=CARTESIAN_POINT('Origin',(2.78833795685827,1.46053099369898,0.075));
#12019=CARTESIAN_POINT('Ctrl Pts',(2.78833972977155,1.38576207203057,0.069117113756757));
#12020=CARTESIAN_POINT('Ctrl Pts',(2.78833964857359,1.39120026894188,7.29169020049894E-16));
#12021=CARTESIAN_POINT('Ctrl Pts',(2.78833862249167,1.46053099370398,7.17110098336869E-16));
#12022=CARTESIAN_POINT('Ctrl Pts',(2.76812303878431,1.38580487823443,0.068569203036467));
#12023=CARTESIAN_POINT('Ctrl Pts',(2.76911401669782,1.39170768976331,3.98946869307632E-15));
#12024=CARTESIAN_POINT('Ctrl Pts',(2.78074834489732,1.46053087960716,7.17110098336869E-16));
#12025=CARTESIAN_POINT('Ctrl Pts',(2.74801750554967,1.39103178877089,0.0682785455266668));
#12026=CARTESIAN_POINT('Ctrl Pts',(2.7500798738844,1.39691357856613,7.10608961818948E-16));
#12027=CARTESIAN_POINT('Ctrl Pts',(2.77320410772111,1.46248237508537,7.17110098336869E-16));
#12028=CARTESIAN_POINT('Ctrl Pts',(2.73033498501961,1.40084177667437,0.0682785625106253));
#12029=CARTESIAN_POINT('Ctrl Pts',(2.73331550707313,1.40621417293918,7.25418379212797E-16));
#12030=CARTESIAN_POINT('Ctrl Pts',(2.76657313824852,1.46616113466736,7.17110098336869E-16));
#12031=CARTESIAN_POINT('Ctrl Pts',(-2.66851975979079,1.48920161405889,0.0717483855162813));
#12032=CARTESIAN_POINT('Ctrl Pts',(-2.67163332837076,1.48920104702462,3.02568271026334E-17));
#12033=CARTESIAN_POINT('Ctrl Pts',(-2.74344923871155,1.48918788176542,3.41480999208033E-17));
#12034=CARTESIAN_POINT('Ctrl Pts',(-2.66854763347729,1.47020555733948,0.0710244297601863));
#12035=CARTESIAN_POINT('Ctrl Pts',(-2.67232133666499,1.47077974389099,2.34915480607001E-15));
#12036=CARTESIAN_POINT('Ctrl Pts',(-2.74344790712246,1.48204778920891,3.41480999208033E-17));
#12037=CARTESIAN_POINT('Ctrl Pts',(-2.6731687383525,1.45124375239079,0.0704268723727471));
#12038=CARTESIAN_POINT('Ctrl Pts',(-2.6773123644855,1.4525959025757,1.50022326847745E-17));
#12039=CARTESIAN_POINT('Ctrl Pts',(-2.7451710776006,1.47492351358784,3.41480999208033E-17));
#12040=CARTESIAN_POINT('Ctrl Pts',(-2.69058889527291,1.41748355974534,0.0696133133550429));
#12041=CARTESIAN_POINT('Ctrl Pts',(-2.69468871133008,1.42047455744013,2.98522694313199E-17));
#12042=CARTESIAN_POINT('Ctrl Pts',(-2.75169031573746,1.4622449502775,3.41480999208033E-17));
#12043=CARTESIAN_POINT('Ctrl Pts',(-2.70336740962264,1.40272501127446,0.0693982723962077));
#12044=CARTESIAN_POINT('Ctrl Pts',(-2.70706173290133,1.40647435760375,2.32535781978366E-15));
#12045=CARTESIAN_POINT('Ctrl Pts',(-2.75647869790849,1.45670564012336,3.41480999208033E-17));
#12046=CARTESIAN_POINT('Ctrl Pts',(-2.71883760484604,1.39168596650222,0.0693984384188585));
#12047=CARTESIAN_POINT('Ctrl Pts',(-2.72185671161543,1.39591694833864,1.49062764658863E-17));
#12048=CARTESIAN_POINT('Ctrl Pts',(-2.76227995566401,1.45256605076572,3.41480999208033E-17));
#12049=CARTESIAN_POINT('',(-2.74344923794039,1.48917961166501,0.));
#12050=CARTESIAN_POINT('Origin',(-2.74344923794039,1.48917961166501,0.075));
#12051=CARTESIAN_POINT('Ctrl Pts',(-2.76227323673275,1.45257084612627,2.77555756156289E-17));
#12052=CARTESIAN_POINT('Ctrl Pts',(-2.75944017754521,1.45459322572902,2.77555756155081E-17));
#12053=CARTESIAN_POINT('Ctrl Pts',(-2.75676580730631,1.45701415415536,2.77555701587428E-17));
#12054=CARTESIAN_POINT('Ctrl Pts',(-2.75439036717783,1.45976396235992,2.77555756158288E-17));
#12055=CARTESIAN_POINT('Ctrl Pts',(-2.75208652960412,1.46243088348591,2.77555809084226E-17));
#12056=CARTESIAN_POINT('Ctrl Pts',(-2.75006503717257,1.46540577930744,2.77555757582839E-17));
#12057=CARTESIAN_POINT('Ctrl Pts',(-2.74843069666742,1.46858423193185,2.77555756158922E-17));
#12058=CARTESIAN_POINT('Ctrl Pts',(-2.74674467592252,1.47186319188209,4.15978464298733E-17));
#12059=CARTESIAN_POINT('Ctrl Pts',(-2.74547384282566,1.47535314844304,4.16116652923658E-17));
#12060=CARTESIAN_POINT('Ctrl Pts',(-2.74464382252298,1.47889353453097,4.16206006783793E-17));
#12061=CARTESIAN_POINT('Ctrl Pts',(-2.74383967673175,1.48232355493256,4.16292575184981E-17));
#12062=CARTESIAN_POINT('Ctrl Pts',(-2.74344923794039,1.48579921645717,4.16333568093448E-17));
#12063=CARTESIAN_POINT('Ctrl Pts',(-2.74344923794039,1.48917961166501,4.16333634153626E-17));
#12064=CARTESIAN_POINT('Origin',(0.,1.44421557516841,0.075));
#12065=CARTESIAN_POINT('',(0.,1.44421557516841,0.));
#12066=CARTESIAN_POINT('Ctrl Pts',(-4.83553099369898,1.12016785013269,3.41480999208033E-17));
#12067=CARTESIAN_POINT('Ctrl Pts',(-4.76620170682462,1.12016785013269,2.98795874307029E-17));
#12068=CARTESIAN_POINT('Ctrl Pts',(-4.760762193669,1.12016785013269,0.0691155678204116));
#12069=CARTESIAN_POINT('Ctrl Pts',(-4.83553099369923,1.15589283867941,3.41480999208033E-17));
#12070=CARTESIAN_POINT('Ctrl Pts',(-4.76666465741504,1.14818976749158,-1.15541151563007E-14));
#12071=CARTESIAN_POINT('Ctrl Pts',(-4.76080148779829,1.14767919738183,0.0686162885687827));
#12072=CARTESIAN_POINT('Ctrl Pts',(-4.82959268983013,1.19157590789684,2.56110749406025E-17));
#12073=CARTESIAN_POINT('Ctrl Pts',(-4.76236302460026,1.17644677921542,-1.38765869605803E-15));
#12074=CARTESIAN_POINT('Ctrl Pts',(-4.75626440505973,1.17515163228371,0.068224387099468));
#12075=CARTESIAN_POINT('Ctrl Pts',(-4.80647245683464,1.25907396961036,2.56110749406025E-17));
#12076=CARTESIAN_POINT('Ctrl Pts',(-4.74457360149114,1.22987678250797,1.5131849062353E-15));
#12077=CARTESIAN_POINT('Ctrl Pts',(-4.73852112944367,1.22710548448782,0.0676968382410029));
#12078=CARTESIAN_POINT('Ctrl Pts',(-4.78929697752637,1.29087003823087,3.41480999208033E-17));
#12079=CARTESIAN_POINT('Ctrl Pts',(-4.73109311883478,1.25511770029714,-6.96846334199704E-13));
#12080=CARTESIAN_POINT('Ctrl Pts',(-4.72531988620782,1.25157228622437,0.0675613402368703));
#12081=CARTESIAN_POINT('Ctrl Pts',(-4.76741577881231,1.31902592301761,3.41480999208033E-17));
#12082=CARTESIAN_POINT('Ctrl Pts',(-4.71380538768102,1.27736288772679,3.84166124109037E-17));
#12083=CARTESIAN_POINT('Ctrl Pts',(-4.70848819488903,1.27323065913703,0.067561340236768));
#12084=CARTESIAN_POINT('',(-4.83553099369898,1.12016785013269,0.));
#12085=CARTESIAN_POINT('Ctrl Pts',(-4.83553099369898,1.12016785013269,3.41480999208033E-17));
#12086=CARTESIAN_POINT('Ctrl Pts',(-4.83553099369898,1.13571227399983,3.41480999207966E-17));
#12087=CARTESIAN_POINT('Ctrl Pts',(-4.83440252569765,1.15143997739217,3.25137624005227E-17));
#12088=CARTESIAN_POINT('Ctrl Pts',(-4.83211451020903,1.16710151757848,3.06487328068344E-17));
#12089=CARTESIAN_POINT('Ctrl Pts',(-4.82979296823675,1.18299254763217,2.87563747774335E-17));
#12090=CARTESIAN_POINT('Ctrl Pts',(-4.82627760822711,1.19881426470322,2.66369524860143E-17));
#12091=CARTESIAN_POINT('Ctrl Pts',(-4.82158850947147,1.21429994591898,2.58895005938129E-17));
#12092=CARTESIAN_POINT('Ctrl Pts',(-4.82046956520193,1.2179952432798,2.57111385982307E-17));
#12093=CARTESIAN_POINT('Ctrl Pts',(-4.81928401776068,1.22167142569074,2.56110751753604E-17));
#12094=CARTESIAN_POINT('Ctrl Pts',(-4.81803257333221,1.22532493875354,2.56110751600256E-17));
#12095=CARTESIAN_POINT('Ctrl Pts',(-4.81278984726864,1.24063074676409,2.56110750957829E-17));
#12096=CARTESIAN_POINT('Ctrl Pts',(-4.80638830160692,1.25553286195805,2.73675550951699E-17));
#12097=CARTESIAN_POINT('Ctrl Pts',(-4.79896481355486,1.26980219589988,2.92756834088388E-17));
#12098=CARTESIAN_POINT('Ctrl Pts',(-4.79164138686156,1.28387919317561,3.11580920189922E-17));
#12099=CARTESIAN_POINT('Ctrl Pts',(-4.78332411586506,1.2973394159994,3.31776359417959E-17));
#12100=CARTESIAN_POINT('Ctrl Pts',(-4.77418285980065,1.30999518818184,3.38831007724217E-17));
#12101=CARTESIAN_POINT('Ctrl Pts',(-4.77197422931621,1.31305296536797,3.40535490258833E-17));
#12102=CARTESIAN_POINT('Ctrl Pts',(-4.76971764753374,1.31606396689437,3.41480999200436E-17));
#12103=CARTESIAN_POINT('Ctrl Pts',(-4.76741577881231,1.31902592301761,3.41480999208067E-17));
#12104=CARTESIAN_POINT('Origin',(-4.83553099369898,1.12016785013269,0.075));
#12105=CARTESIAN_POINT('Origin',(-4.83553099369898,0.,0.075));
#12106=CARTESIAN_POINT('',(-4.83553099369898,0.,0.));
#12107=CARTESIAN_POINT('Ctrl Pts',(-4.51108753207674,-0.444215575168412,
1.79277524584217E-16));
#12108=CARTESIAN_POINT('Ctrl Pts',(-4.51108753207674,-0.373662620150485,
1.79277524584217E-16));
#12109=CARTESIAN_POINT('Ctrl Pts',(-4.51108753207674,-0.369355465286772,
0.0704213595348858));
#12110=CARTESIAN_POINT('Ctrl Pts',(-4.5604250289562,-0.444215575168369,
1.79277524584217E-16));
#12111=CARTESIAN_POINT('Ctrl Pts',(-4.54954361333537,-0.374495688523277,
-8.13197890606663E-15));
#12112=CARTESIAN_POINT('Ctrl Pts',(-4.54910945759833,-0.369409732050024,
0.0695341057985621));
#12113=CARTESIAN_POINT('Ctrl Pts',(-4.60964115444196,-0.432848235734235,
1.79277524584217E-16));
#12114=CARTESIAN_POINT('Ctrl Pts',(-4.58858793305012,-0.366292241279667,
1.46291930248179E-15));
#12115=CARTESIAN_POINT('Ctrl Pts',(-4.58702499217598,-0.360710040927295,
0.0688079084205314));
#12116=CARTESIAN_POINT('Ctrl Pts',(-4.69808955102464,-0.389650405832637,
1.79277524584217E-16));
#12117=CARTESIAN_POINT('Ctrl Pts',(-4.65873130731282,-0.333046945904442,
-1.20515280892391E-15));
#12118=CARTESIAN_POINT('Ctrl Pts',(-4.65513988911912,-0.327541300907439,
0.0678210327080647));
#12119=CARTESIAN_POINT('Ctrl Pts',(-4.73723403972148,-0.357862623857011,
1.70740499604016E-16));
#12120=CARTESIAN_POINT('Ctrl Pts',(-4.68995818203825,-0.308048554602302,
6.1673520121203E-15));
#12121=CARTESIAN_POINT('Ctrl Pts',(-4.68527147251182,-0.303105044398234,
0.0675613402367114));
#12122=CARTESIAN_POINT('Ctrl Pts',(-4.76741577881231,-0.319025923017611,
1.70740499604016E-16));
#12123=CARTESIAN_POINT('Ctrl Pts',(-4.71380538768102,-0.277362887726792,
1.67539115236441E-16));
#12124=CARTESIAN_POINT('Ctrl Pts',(-4.70848819488903,-0.273230659137033,
0.0675613402367681));
#12125=CARTESIAN_POINT('',(-4.51108753207674,-0.444215575168412,0.));
#12126=CARTESIAN_POINT('Ctrl Pts',(-4.51108753207674,-0.444215575168412,
1.79277524584217E-16));
#12127=CARTESIAN_POINT('Ctrl Pts',(-4.5262375388776,-0.444215575168399,
1.79277524584217E-16));
#12128=CARTESIAN_POINT('Ctrl Pts',(-4.54163462688061,-0.443139620993711,
1.79277524584217E-16));
#12129=CARTESIAN_POINT('Ctrl Pts',(-4.55704292269528,-0.440936327947873,
1.79277524584217E-16));
#12130=CARTESIAN_POINT('Ctrl Pts',(-4.57271241682471,-0.438695685123878,
1.79277524584217E-16));
#12131=CARTESIAN_POINT('Ctrl Pts',(-4.58839246442996,-0.435289076923487,
1.79277524584217E-16));
#12132=CARTESIAN_POINT('Ctrl Pts',(-4.60382028454592,-0.430714494739775,
1.79277524584217E-16));
#12133=CARTESIAN_POINT('Ctrl Pts',(-4.61936641785786,-0.426104830902635,
1.79277524584217E-16));
#12134=CARTESIAN_POINT('Ctrl Pts',(-4.63465519701812,-0.420309329101517,
1.79277524584217E-16));
#12135=CARTESIAN_POINT('Ctrl Pts',(-4.64942037094455,-0.413377929856126,
1.79277524584217E-16));
#12136=CARTESIAN_POINT('Ctrl Pts',(-4.65090741850223,-0.412679846625241,
1.79277524584217E-16));
#12137=CARTESIAN_POINT('Ctrl Pts',(-4.65238916667521,-0.411970283929229,
1.79277524584217E-16));
#12138=CARTESIAN_POINT('Ctrl Pts',(-4.6538653527333,-0.411249320783436,
1.79277524584217E-16));
#12139=CARTESIAN_POINT('Ctrl Pts',(-4.6685269889375,-0.404088638495251,
1.79277524584217E-16));
#12140=CARTESIAN_POINT('Ctrl Pts',(-4.68262781217685,-0.395804482009763,
1.78338071727795E-16));
#12141=CARTESIAN_POINT('Ctrl Pts',(-4.69596180111435,-0.386571925800319,
1.7709145926375E-16));
#12142=CARTESIAN_POINT('Ctrl Pts',(-4.70974940039114,-0.377025286312855,
1.75802438162244E-16));
#12143=CARTESIAN_POINT('Ctrl Pts',(-4.72271582187082,-0.366465386415921,
1.74190052331587E-16));
#12144=CARTESIAN_POINT('Ctrl Pts',(-4.73467681875196,-0.355125349992664,
1.72923413603447E-16));
#12145=CARTESIAN_POINT('Ctrl Pts',(-4.74587132802077,-0.344512008637395,
1.71737943937055E-16));
#12146=CARTESIAN_POINT('Ctrl Pts',(-4.75618495282867,-0.333216355591891,
1.70858086114305E-16));
#12147=CARTESIAN_POINT('Ctrl Pts',(-4.76551343658113,-0.321449495305195,
1.70751510758962E-16));
#12148=CARTESIAN_POINT('Ctrl Pts',(-4.76615215749924,-0.320643818841033,
1.70744213548545E-16));
#12149=CARTESIAN_POINT('Ctrl Pts',(-4.76678627976223,-0.319835938179857,
1.70740499604016E-16));
#12150=CARTESIAN_POINT('Ctrl Pts',(-4.76741577881231,-0.319025923017611,
1.70740499604016E-16));
#12151=CARTESIAN_POINT('Origin',(-4.51108753207674,-0.444215575168412,0.075));
#12152=CARTESIAN_POINT('Origin',(-1.42768167973911E-17,-0.444215575168412,
0.075));
#12153=CARTESIAN_POINT('',(-4.10701999165226,-0.444215575168412,0.));
#12154=CARTESIAN_POINT('',(-1.42768167973911E-17,-0.444215575168412,0.));
#12155=CARTESIAN_POINT('Origin',(-4.10701999165226,-0.444215575168412,0.075));
#12156=CARTESIAN_POINT('Ctrl Pts',(-4.10701999165226,-0.369355465286772,
0.0704213595348858));
#12157=CARTESIAN_POINT('Ctrl Pts',(-4.10701999165226,-0.373662620150485,
1.70740499604016E-16));
#12158=CARTESIAN_POINT('Ctrl Pts',(-4.10701999165226,-0.444215575168412,
1.70740499604016E-16));
#12159=CARTESIAN_POINT('Ctrl Pts',(-4.08178281326256,-0.369403185974163,
0.0696411331928208));
#12160=CARTESIAN_POINT('Ctrl Pts',(-4.08282371484429,-0.37439526621341,
3.23671121295936E-15));
#12161=CARTESIAN_POINT('Ctrl Pts',(-4.09754142307883,-0.44421557516999,
1.70740499604016E-16));
#12162=CARTESIAN_POINT('Ctrl Pts',(-4.05683036354459,-0.377572423945075,
0.0691794669174904));
#12163=CARTESIAN_POINT('Ctrl Pts',(-4.0590659306036,-0.382607859467355,
3.5045957194149E-14));
#12164=CARTESIAN_POINT('Ctrl Pts',(-4.08817577452424,-0.447268423373376,
1.79277524584217E-16));
#12165=CARTESIAN_POINT('Ctrl Pts',(-4.0364437150543,-0.392461573215714,
0.0691155678204117));
#12166=CARTESIAN_POINT('Ctrl Pts',(-4.03965100868864,-0.396854928529511,
1.70740499604016E-16));
#12167=CARTESIAN_POINT('Ctrl Pts',(-4.0805295531657,-0.45285041602578,1.79277524584217E-16));
#12168=CARTESIAN_POINT('',(-4.0805295531657,-0.45285041602578,0.));
#12169=CARTESIAN_POINT('Origin',(-4.10469751409735,-0.481808495839372,1.68772690002813E-16));
#12170=CARTESIAN_POINT('Origin',(-4.0805295531657,-0.45285041602578,0.0750000000000001));
#12171=CARTESIAN_POINT('Origin',(-1.634305658443,-2.23867418062723,0.075));
#12172=CARTESIAN_POINT('',(-2.76188645399143,-1.41550317590329,-3.79120067792763E-33));
#12173=CARTESIAN_POINT('',(-4.08075703073216,-0.452684349933068,0.));
#12174=CARTESIAN_POINT('Origin',(-2.76188645399143,-1.41550317590329,0.075));
#12175=CARTESIAN_POINT('Ctrl Pts',(-2.71781729305122,-1.35510038032483,
0.0691338673905864));
#12176=CARTESIAN_POINT('Ctrl Pts',(-2.72101459936946,-1.35948173101665,
-2.97637712202408E-17));
#12177=CARTESIAN_POINT('Ctrl Pts',(-2.76189302584292,-1.41549837916514,
-3.41480961236849E-17));
#12178=CARTESIAN_POINT('Ctrl Pts',(-2.70263529315438,-1.36617561010055,
0.0691733589920951));
#12179=CARTESIAN_POINT('Ctrl Pts',(-2.70650076877761,-1.37002771925608,
-2.9770797727794E-17));
#12180=CARTESIAN_POINT('Ctrl Pts',(-2.75620049092798,-1.41965250687737,
-3.41546746455832E-17));
#12181=CARTESIAN_POINT('Ctrl Pts',(-2.69012138279525,-1.38085871496578,
0.0694330250742866));
#12182=CARTESIAN_POINT('Ctrl Pts',(-2.69436930967225,-1.38391099232258,
2.2513234129102E-15));
#12183=CARTESIAN_POINT('Ctrl Pts',(-2.75151206078673,-1.42516497628132,
-2.56110749406025E-17));
#12184=CARTESIAN_POINT('Ctrl Pts',(-2.67306892401938,-1.41432912348821,
0.0703373346683214));
#12185=CARTESIAN_POINT('Ctrl Pts',(-2.67729298586407,-1.41568974215466,
-2.32403897915919E-15));
#12186=CARTESIAN_POINT('Ctrl Pts',(-2.74513218806889,-1.43773844246203,
-2.56110749406025E-17));
#12187=CARTESIAN_POINT('Ctrl Pts',(-2.66854961461306,-1.43307862423513,
0.0709809561486339));
#12188=CARTESIAN_POINT('Ctrl Pts',(-2.67236275655962,-1.43365101118097,
-1.5656717417535E-15));
#12189=CARTESIAN_POINT('Ctrl Pts',(-2.74344794135757,-1.44478522300587,
-3.41546746455835E-17));
#12190=CARTESIAN_POINT('Ctrl Pts',(-2.66851976950388,-1.45186096399408,
0.0717481603181331));
#12191=CARTESIAN_POINT('Ctrl Pts',(-2.67163354433541,-1.45186040553389,
-3.02568056506307E-17));
#12192=CARTESIAN_POINT('Ctrl Pts',(-2.7434492386893,-1.45184743259149,-3.41480961236849E-17));
#12193=CARTESIAN_POINT('',(-2.74344923794039,-1.45183927894729,0.));
#12194=CARTESIAN_POINT('Ctrl Pts',(-2.74344923794039,-1.45183927894729,
-3.63613796319532E-17));
#12195=CARTESIAN_POINT('Ctrl Pts',(-2.74344923794039,-1.44834570634133,
-3.63380223392596E-17));
#12196=CARTESIAN_POINT('Ctrl Pts',(-2.74386614097907,-1.4447516739193,-3.41674068227876E-17));
#12197=CARTESIAN_POINT('Ctrl Pts',(-2.74472413623661,-1.44121265633251,
-3.19518056098203E-17));
#12198=CARTESIAN_POINT('Ctrl Pts',(-2.74553629419328,-1.43786270624052,
-2.98545700620509E-17));
#12199=CARTESIAN_POINT('Ctrl Pts',(-2.74674308468809,-1.43456368411148,
-2.77555754884625E-17));
#12200=CARTESIAN_POINT('Ctrl Pts',(-2.74832212442628,-1.4314517093709,-2.77555756158787E-17));
#12201=CARTESIAN_POINT('Ctrl Pts',(-2.74998927743501,-1.4281660808168,-3.30021136079847E-17));
#12202=CARTESIAN_POINT('Ctrl Pts',(-2.75206892648135,-1.42509471152363,
-3.53730143882174E-17));
#12203=CARTESIAN_POINT('Ctrl Pts',(-2.75444653661433,-1.4223522516409,-3.75934054306186E-17));
#12204=CARTESIAN_POINT('Ctrl Pts',(-2.75669990798184,-1.41975309524827,
-3.96977729760968E-17));
#12205=CARTESIAN_POINT('Ctrl Pts',(-2.75921954059865,-1.41745011024779,
-4.16345025913803E-17));
#12206=CARTESIAN_POINT('Ctrl Pts',(-2.76188645399143,-1.41550317590329,
-4.16333700339701E-17));
#12207=CARTESIAN_POINT('Origin',(-2.74344923794039,-1.45183927894729,0.075));
#12208=CARTESIAN_POINT('Origin',(1.42868185450584,1.86618185450584,2.98653721357201));
#12209=CARTESIAN_POINT('',(1.68100036845391,1.86896666884844,2.95626803642651));
#12210=CARTESIAN_POINT('',(1.6079726129597,2.29500631256517,0.0704213595348849));
#12211=CARTESIAN_POINT('Ctrl Pts',(1.78459116283901,2.22209116283901,0.0685368571778946));
#12212=CARTESIAN_POINT('Ctrl Pts',(1.77570361302971,2.23097871264831,0.0685368571778946));
#12213=CARTESIAN_POINT('Ctrl Pts',(1.76599391170194,2.23931755759029,0.0685617684352308));
#12214=CARTESIAN_POINT('Ctrl Pts',(1.75559599731225,2.24692114588132,0.0686125470414145));
#12215=CARTESIAN_POINT('Ctrl Pts',(1.74498816153191,2.25467824147855,0.0686643508066084));
#12216=CARTESIAN_POINT('Ctrl Pts',(1.73366484216001,2.26166917686141,0.0687430790626079));
#12217=CARTESIAN_POINT('Ctrl Pts',(1.7218125853822,2.26772639081191,0.0688483868138382));
#12218=CARTESIAN_POINT('Ctrl Pts',(1.71587200627801,2.27076238296923,0.068901169084607));
#12219=CARTESIAN_POINT('Ctrl Pts',(1.70979915990572,2.27356436653192,0.0689606073350833));
#12220=CARTESIAN_POINT('Ctrl Pts',(1.70362052712657,2.27611515145515,0.0690265327321807));
#12221=CARTESIAN_POINT('Ctrl Pts',(1.69128456836788,2.28120792500878,0.0691581561849431));
#12222=CARTESIAN_POINT('Ctrl Pts',(1.67853202782947,2.28529380116401,0.0693156471585828));
#12223=CARTESIAN_POINT('Ctrl Pts',(1.66561191662326,2.28833366638106,0.0694951913859615));
#12224=CARTESIAN_POINT('Ctrl Pts',(1.65290005445505,2.29132453441869,0.069671841682163));
#12225=CARTESIAN_POINT('Ctrl Pts',(1.64002724696469,2.29330282593452,0.0698698172644971));
#12226=CARTESIAN_POINT('Ctrl Pts',(1.62723083433728,2.29428088767761,0.0700845808119417));
#12227=CARTESIAN_POINT('Ctrl Pts',(1.62078250901005,2.2947737492704,0.0701928037383724));
#12228=CARTESIAN_POINT('Ctrl Pts',(1.61435346639909,2.29501341245329,0.070305277390189));
#12229=CARTESIAN_POINT('Ctrl Pts',(1.6079726129597,2.29500631256517,0.0704213595348849));
#12230=CARTESIAN_POINT('',(1.42868185450584,2.11571555411131,3.00179934845572));
#12231=CARTESIAN_POINT('Origin',(1.6875,0.125,2.85));
#12232=CARTESIAN_POINT('',(1.86162236277628,1.93523228676181,0.00312453345088075));
#12233=CARTESIAN_POINT('',(1.85750631256517,2.04977976782341,0.0704213595348864));
#12234=CARTESIAN_POINT('Origin',(-1.0625,2.125,2.85));
#12235=CARTESIAN_POINT('',(-0.987279767823414,2.29500631256517,0.0704213595348864));
#12236=CARTESIAN_POINT('',(-0.813892840428697,2.12592654003416,2.83485120434861));
#12237=CARTESIAN_POINT('Origin',(1.80450855574838,1.85949931120275,2.90257601277456));
#12238=CARTESIAN_POINT('',(1.97737846608076,1.81355226986893,0.0730367288769089));
#12239=CARTESIAN_POINT('',(1.84040430209158,1.75490869465255,2.31254451405969));
#12240=CARTESIAN_POINT('Ctrl Pts',(1.97737846608076,1.81355226986893,0.0730367288769083));
#12241=CARTESIAN_POINT('Ctrl Pts',(1.97087301295106,1.81355876825372,0.0727885655735624));
#12242=CARTESIAN_POINT('Ctrl Pts',(1.96419626645393,1.81409886089823,0.0725393986499075));
#12243=CARTESIAN_POINT('Ctrl Pts',(1.95749603228436,1.81523257591352,0.0722979019081733));
#12244=CARTESIAN_POINT('Ctrl Pts',(1.95084925934804,1.81635724500573,0.0720583320712772));
#12245=CARTESIAN_POINT('Ctrl Pts',(1.94418046536715,1.81806643045224,0.0718263859943375));
#12246=CARTESIAN_POINT('Ctrl Pts',(1.93764579472673,1.82036908963492,0.0716099561888845));
#12247=CARTESIAN_POINT('Ctrl Pts',(1.93114004244712,1.82266155868977,0.0713944841662411));
#12248=CARTESIAN_POINT('Ctrl Pts',(1.92476839590101,1.82554217167182,0.0711944604325802));
#12249=CARTESIAN_POINT('Ctrl Pts',(1.91867970963338,1.82896851036056,0.0710160113268921));
#12250=CARTESIAN_POINT('Ctrl Pts',(1.91258351247616,1.83239907571667,0.0708373420897225));
#12251=CARTESIAN_POINT('Ctrl Pts',(1.90677206797497,1.83637622554245,0.070680354852651));
#12252=CARTESIAN_POINT('Ctrl Pts',(1.90137239132035,1.84081017334613,0.0705485929020053));
#12253=CARTESIAN_POINT('Ctrl Pts',(1.89596708202488,1.84524874639632,0.0704166935046581));
#12254=CARTESIAN_POINT('Ctrl Pts',(1.8909752341552,1.85014420527064,0.0703101003938055));
#12255=CARTESIAN_POINT('Ctrl Pts',(1.88648719223299,1.85536948426491,0.0702291319198931));
#12256=CARTESIAN_POINT('Ctrl Pts',(1.88195450883648,1.86064673785345,0.0701473580720314));
#12257=CARTESIAN_POINT('Ctrl Pts',(1.87793622394822,1.86625931389728,0.0700917243959174));
#12258=CARTESIAN_POINT('Ctrl Pts',(1.87447714775504,1.87205347211909,0.0700590090841646));
#12259=CARTESIAN_POINT('Ctrl Pts',(1.8716879388025,1.87672556289769,0.0700326292546004));
#12260=CARTESIAN_POINT('Ctrl Pts',(1.86926134319742,1.88151503237222,0.0700210729110657));
#12261=CARTESIAN_POINT('Ctrl Pts',(1.86719636269505,1.88633822019669,0.0700210729110657));
#12262=CARTESIAN_POINT('Origin',(-0.806466668848441,1.86896666884844,2.9410059015428));
#12263=CARTESIAN_POINT('',(-1.23250631256517,2.0454726129597,0.0704213595348849));
#12264=CARTESIAN_POINT('Ctrl Pts',(-1.15959116283901,2.22209116283901,0.0685368571778941));
#12265=CARTESIAN_POINT('Ctrl Pts',(-1.16847871264839,2.21320361302964,0.0685368571778941));
#12266=CARTESIAN_POINT('Ctrl Pts',(-1.17681755759043,2.20349391170176,0.0685617684352168));
#12267=CARTESIAN_POINT('Ctrl Pts',(-1.18442114588153,2.19309599731196,0.0686125470413895));
#12268=CARTESIAN_POINT('Ctrl Pts',(-1.19217824147889,2.18248816153141,0.0686643508065728));
#12269=CARTESIAN_POINT('Ctrl Pts',(-1.19916917686185,2.17116484215928,0.0687430790625651));
#12270=CARTESIAN_POINT('Ctrl Pts',(-1.2052263908124,2.15931258538125,0.0688483868138113));
#12271=CARTESIAN_POINT('Ctrl Pts',(-1.20826238296954,2.15337200627736,0.0689011690845845));
#12272=CARTESIAN_POINT('Ctrl Pts',(-1.21106436653207,2.14729915990538,0.0689606073350701));
#12273=CARTESIAN_POINT('Ctrl Pts',(-1.21361515145515,2.14112052712657,0.0690265327321843));
#12274=CARTESIAN_POINT('Ctrl Pts',(-1.21870792500885,2.1287845683677,0.0691581561849895));
#12275=CARTESIAN_POINT('Ctrl Pts',(-1.22279380116413,2.11603202782906,0.0693156471586388));
#12276=CARTESIAN_POINT('Ctrl Pts',(-1.22583366638121,2.10311191662261,0.0694951913860153));
#12277=CARTESIAN_POINT('Ctrl Pts',(-1.22882453441882,2.09040005445429,0.069671841682213));
#12278=CARTESIAN_POINT('Ctrl Pts',(-1.23080282593463,2.07752724696381,0.0698698172645315));
#12279=CARTESIAN_POINT('Ctrl Pts',(-1.23178088767768,2.06473083433629,0.0700845808119677));
#12280=CARTESIAN_POINT('Ctrl Pts',(-1.23227374927042,2.05828250900939,0.0701928037383877));
#12281=CARTESIAN_POINT('Ctrl Pts',(-1.23251341245329,2.05185346639876,0.070305277390195));
#12282=CARTESIAN_POINT('Ctrl Pts',(-1.23250631256517,2.0454726129597,0.0704213595348849));
#12283=CARTESIAN_POINT('',(-1.05600036845391,1.86896666884844,2.95626803642651));
#12284=CARTESIAN_POINT('Origin',(-2.5625,1.75,2.5));
#12285=CARTESIAN_POINT('',(2.41851106109213,1.81355226986893,0.0730367288769095));
#12286=CARTESIAN_POINT('',(2.30327838618616,1.74444075769618,2.71229889844179));
#12287=CARTESIAN_POINT('',(1.9818455837861,1.81355226986893,0.0730367288769094));
#12288=CARTESIAN_POINT('Origin',(-1.0625,0.125,2.85));
#12289=CARTESIAN_POINT('',(-1.23250631256517,1.93347005735211,0.070421359534886));
#12290=CARTESIAN_POINT('',(-1.23250631256517,1.93531410554969,0.0704213595348864));
#12291=CARTESIAN_POINT('',(-1.09562812628095,1.87486757364961,2.30835992311245));
#12292=CARTESIAN_POINT('Origin',(2.74344923794039,-1.75,0.0749999999999999));
#12293=CARTESIAN_POINT('Origin',(2.30327838618616,1.49452642645229,2.70575466136483));
#12294=CARTESIAN_POINT('Ctrl Pts',(2.63298007600196,1.69226706180311,0.0711865767614811));
#12295=CARTESIAN_POINT('Ctrl Pts',(2.62194294436853,1.71066975856698,0.0711865767616718));
#12296=CARTESIAN_POINT('Ctrl Pts',(2.60852018521891,1.72763815661983,0.0712289491387366));
#12297=CARTESIAN_POINT('Ctrl Pts',(2.59315131323391,1.74261708523816,0.0713123029893798));
#12298=CARTESIAN_POINT('Ctrl Pts',(2.57778244124891,1.75759601385649,0.071395656840023));
#12299=CARTESIAN_POINT('Ctrl Pts',(2.56047007101711,1.77058266867453,0.0715199799890702));
#12300=CARTESIAN_POINT('Ctrl Pts',(2.54178249354175,1.78115075340835,0.0716811914396592));
#12301=CARTESIAN_POINT('Ctrl Pts',(2.52309491606639,1.79171883814216,0.0718424028902482));
#12302=CARTESIAN_POINT('Ctrl Pts',(2.50303486095883,1.79986680915861,0.0720404790949518));
#12303=CARTESIAN_POINT('Ctrl Pts',(2.48226081395427,1.80532720344945,0.0722689180599034));
#12304=CARTESIAN_POINT('Ctrl Pts',(2.46148676694971,1.81078759774029,0.0724973570248551));
#12305=CARTESIAN_POINT('Ctrl Pts',(2.44000249331213,1.81355961797991,0.0727561158396701));
#12306=CARTESIAN_POINT('Ctrl Pts',(2.41851106109213,1.81355226986893,0.0730367288769095));
#12307=CARTESIAN_POINT('Origin',(-1.17950855574838,1.85949931120275,2.90257601277456));
#12308=CARTESIAN_POINT('',(-1.35237846608076,1.81355226986893,0.0730367288769095));
#12309=CARTESIAN_POINT('Ctrl Pts',(-1.23250631256517,1.93347005735211,0.0704213595348873));
#12310=CARTESIAN_POINT('Ctrl Pts',(-1.23252195916271,1.91777659394409,0.0701655399264291));
#12311=CARTESIAN_POINT('Ctrl Pts',(-1.23565299451486,1.90209678460078,0.0700288368912722));
#12312=CARTESIAN_POINT('Ctrl Pts',(-1.24767486307268,1.87310665597904,0.0700139589292438));
#12313=CARTESIAN_POINT('Ctrl Pts',(-1.25656098700552,1.85981050750169,0.0701358358190445));
#12314=CARTESIAN_POINT('Ctrl Pts',(-1.27874689027675,1.83761615830902,0.0706198876153498));
#12315=CARTESIAN_POINT('Ctrl Pts',(-1.29203798401578,1.82872664649722,0.0709818730195456));
#12316=CARTESIAN_POINT('Ctrl Pts',(-1.32101710000458,1.81670018196783,0.071891310016747));
#12317=CARTESIAN_POINT('Ctrl Pts',(-1.3366909568074,1.81356794033334,0.0724382979843311));
#12318=CARTESIAN_POINT('Ctrl Pts',(-1.35237846608076,1.81355226986893,0.0730367288769106));
#12319=CARTESIAN_POINT('',(-1.3563985385869,1.81527340776474,0.00730912439811882));
#12320=CARTESIAN_POINT('Origin',(-2.5625,1.75,2.5));
#12321=CARTESIAN_POINT('',(-2.42169991354185,1.81355226986893,0.0730367288769094));
#12322=CARTESIAN_POINT('',(-2.3130228032681,1.75028503233724,2.48911505419094));
#12323=CARTESIAN_POINT('Origin',(-2.30903159131811,1.49797694694774,2.57398459987073));
#12324=CARTESIAN_POINT('Origin',(-2.4181396152551,1.56341516168051,0.0750000000001065));
#12325=CARTESIAN_POINT('Origin',(-2.74344923794039,-1.75,0.0749999999999999));
#12326=CARTESIAN_POINT('',(-2.74344923794039,1.56378638118591,0.));
#12327=CARTESIAN_POINT('Origin',(-2.74344923794039,1.56378638118591,0.075));
#12328=CARTESIAN_POINT('',(-2.74344923794039,1.56566465926436,0.));
#12329=CARTESIAN_POINT('Origin',(2.31340126958736,-1.50112901890373,2.4739025132696));
#12330=CARTESIAN_POINT('',(2.30368645611808,-1.737053680168,2.71167045820052));
#12331=CARTESIAN_POINT('Ctrl Pts',(2.56404539934476,-1.85224492891565,0.069379785595221));
#12332=CARTESIAN_POINT('Ctrl Pts',(2.58014582636077,-1.8407516373755,0.0693797855952139));
#12333=CARTESIAN_POINT('Ctrl Pts',(2.5948679940885,-1.82733105033146,0.0694328126710787));
#12334=CARTESIAN_POINT('Ctrl Pts',(2.6078017598018,-1.81235727901411,0.0695373853770988));
#12335=CARTESIAN_POINT('Ctrl Pts',(2.6207355255151,-1.79738350769676,0.0696419580831189));
#12336=CARTESIAN_POINT('Ctrl Pts',(2.63187913449615,-1.78085841059221,0.0697980653830653));
#12337=CARTESIAN_POINT('Ctrl Pts',(2.64092126178437,-1.76324365817122,0.0700013460239002));
#12338=CARTESIAN_POINT('Ctrl Pts',(2.64996338907258,-1.74562890575024,0.0702046266647351));
#12339=CARTESIAN_POINT('Ctrl Pts',(2.6569030804006,-1.72692635699838,0.070455059193105));
#12340=CARTESIAN_POINT('Ctrl Pts',(2.66154645790259,-1.70765851501639,0.0707456471415725));
#12341=CARTESIAN_POINT('Ctrl Pts',(2.66618983540457,-1.68839067303439,0.0710362350900401));
#12342=CARTESIAN_POINT('Ctrl Pts',(2.66853640943511,-1.66856007005104,0.0713669387007526));
#12343=CARTESIAN_POINT('Ctrl Pts',(2.66852062132175,-1.64871924180758,0.0717285459475997));
#12344=CARTESIAN_POINT('Origin',(2.74344923794039,-1.75,0.0749999999999999));
#12345=CARTESIAN_POINT('Origin',(2.74344923794039,-1.64871924180758,0.075));
#12346=CARTESIAN_POINT('Origin',(-2.5625,-1.75,2.5));
#12347=CARTESIAN_POINT('',(-2.41900588222208,-1.8985993955125,0.0704213595348854));
#12348=CARTESIAN_POINT('',(-2.31340126958736,-1.7506627185092,2.48916464815332));
#12349=CARTESIAN_POINT('',(2.42208054518027,-1.8985993955125,0.0704213595348856));
#12350=CARTESIAN_POINT('Origin',(-2.74344923794039,-1.75,0.0749999999999999));
#12351=CARTESIAN_POINT('',(-2.74344923794039,-1.45654240864269,0.));
#12352=CARTESIAN_POINT('Origin',(-2.31340126958736,-1.50112901890373,2.4739025132696));
#12353=CARTESIAN_POINT('Ctrl Pts',(-2.56404539934476,-1.85224492891565,
0.0693797855952209));
#12354=CARTESIAN_POINT('Ctrl Pts',(-2.55353351214485,-1.85974884071287,
0.069379785595221));
#12355=CARTESIAN_POINT('Ctrl Pts',(-2.54230089848918,-1.86651702706235,
0.06940255836161));
#12356=CARTESIAN_POINT('Ctrl Pts',(-2.53053019670258,-1.87238852008847,
0.0694486611203133));
#12357=CARTESIAN_POINT('Ctrl Pts',(-2.51918208914744,-1.87804921352696,
0.0694931086879978));
#12358=CARTESIAN_POINT('Ctrl Pts',(-2.5073350110956,-1.88287606548986,0.0695592327577974));
#12359=CARTESIAN_POINT('Ctrl Pts',(-2.4951818907394,-1.8867601890913,0.0696465080997236));
#12360=CARTESIAN_POINT('Ctrl Pts',(-2.4825701930142,-1.89079087350428,0.0697370766285439));
#12361=CARTESIAN_POINT('Ctrl Pts',(-2.46963288935343,-1.89380476544407,
0.0698503998944812));
#12362=CARTESIAN_POINT('Ctrl Pts',(-2.45661649402969,-1.89577681155312,
0.0699837288640216));
#12363=CARTESIAN_POINT('Ctrl Pts',(-2.4440795635945,-1.89767621643974,0.0701121465998502));
#12364=CARTESIAN_POINT('Ctrl Pts',(-2.43147039419907,-1.89860931943127,
0.0702591048971595));
#12365=CARTESIAN_POINT('Ctrl Pts',(-2.41900588222208,-1.8985993955125,0.0704213595348854));
#12366=CARTESIAN_POINT('Ctrl Pts',(2.41851106109213,1.88852656924209,1.79277524584217E-16));
#12367=CARTESIAN_POINT('Ctrl Pts',(2.41851106109213,1.81546480392297,1.78210396461692E-16));
#12368=CARTESIAN_POINT('Ctrl Pts',(2.41851106109213,1.81355226986893,0.0730367288769097));
#12369=CARTESIAN_POINT('Ctrl Pts',(2.44643398979472,1.88852656924219,1.79277524584217E-16));
#12370=CARTESIAN_POINT('Ctrl Pts',(2.44012680728793,1.81573785039314,-5.77106432027953E-15));
#12371=CARTESIAN_POINT('Ctrl Pts',(2.44000249331213,1.81355961797991,0.0727561158396703));
#12372=CARTESIAN_POINT('Ctrl Pts',(2.47434886437811,1.88491413434113,1.70740499604016E-16));
#12373=CARTESIAN_POINT('Ctrl Pts',(2.46185359824037,1.81319432731389,9.06558548199401E-14));
#12374=CARTESIAN_POINT('Ctrl Pts',(2.46148676694971,1.81078759774029,0.0724973570248552));
#12375=CARTESIAN_POINT('Ctrl Pts',(2.52833545455268,1.87070155628444,1.70740499604016E-16));
#12376=CARTESIAN_POINT('Ctrl Pts',(2.50394702314861,1.80256890817663,-9.05464606365892E-14));
#12377=CARTESIAN_POINT('Ctrl Pts',(2.50303486095883,1.79986680915861,0.0720404790949519));
#12378=CARTESIAN_POINT('Ctrl Pts',(2.55440228354026,1.86010245111269,1.70740499604016E-16));
#12379=CARTESIAN_POINT('Ctrl Pts',(2.52432926781516,1.7944989949406,5.49836056110923E-16));
#12380=CARTESIAN_POINT('Ctrl Pts',(2.52309491606639,1.79171883814216,0.0718424028902483));
#12381=CARTESIAN_POINT('Ctrl Pts',(2.6029716845021,1.83261445498175,1.70740499604016E-16));
#12382=CARTESIAN_POINT('Ctrl Pts',(2.56232431655195,1.7733507119088,-2.06509497863459E-16));
#12383=CARTESIAN_POINT('Ctrl Pts',(2.56047007101711,1.77058266867453,0.0715199799890703));
#12384=CARTESIAN_POINT('Ctrl Pts',(2.62547070931775,1.81572757154721,1.70740499604016E-16));
#12385=CARTESIAN_POINT('Ctrl Pts',(2.57995626484251,1.76027421574093,6.37211327138935E-14));
#12386=CARTESIAN_POINT('Ctrl Pts',(2.57778244124891,1.75759601385649,0.0713956568400231));
#12387=CARTESIAN_POINT('Ctrl Pts',(2.66542031427855,1.77677668212628,1.70740499604016E-16));
#12388=CARTESIAN_POINT('Ctrl Pts',(2.61123132948567,1.73000319762052,-6.33155681321279E-14));
#12389=CARTESIAN_POINT('Ctrl Pts',(2.60852018521891,1.72763815661983,0.0712289491387367));
#12390=CARTESIAN_POINT('Ctrl Pts',(2.6828674961496,1.75471632222978,1.70740499604016E-16));
#12391=CARTESIAN_POINT('Ctrl Pts',(2.62489074357242,1.71280107636234,2.06748489165682E-15));
#12392=CARTESIAN_POINT('Ctrl Pts',(2.62194294436853,1.71066975856698,0.0711865767616718));
#12393=CARTESIAN_POINT('Ctrl Pts',(2.69721576727326,1.73079281643688,1.70740499604016E-16));
#12394=CARTESIAN_POINT('Ctrl Pts',(2.63608814906579,1.69413114791896,1.77143268339167E-16));
#12395=CARTESIAN_POINT('Ctrl Pts',(2.63298007600196,1.6922670618031,0.0711865767614811));
#12396=CARTESIAN_POINT('Origin',(2.41851106109213,1.88852656924209,0.075));
#12397=CARTESIAN_POINT('Origin',(-2.5625,1.88852656924209,0.0749999999999999));
#12398=CARTESIAN_POINT('Origin',(1.97737846608076,1.88852656924209,0.075));
#12399=CARTESIAN_POINT('Ctrl Pts',(1.97741944542862,1.81355131016976,0.0730740062305555));
#12400=CARTESIAN_POINT('Ctrl Pts',(1.97741935465848,1.81382345381467,0.0624799691470445));
#12401=CARTESIAN_POINT('Ctrl Pts',(1.97741826554389,1.81702022166761,0.0523760907162352));
#12402=CARTESIAN_POINT('Ctrl Pts',(1.95408665074802,1.81356601986499,0.0721835756493992));
#12403=CARTESIAN_POINT('Ctrl Pts',(1.95415774762222,1.81396204551692,0.0616668052878514));
#12404=CARTESIAN_POINT('Ctrl Pts',(1.95478908735849,1.81723730741229,0.0516650690614494));
#12405=CARTESIAN_POINT('Ctrl Pts',(1.93084020211576,1.82056641243447,0.0714106078349543));
#12406=CARTESIAN_POINT('Ctrl Pts',(1.93103232928071,1.82103962440695,0.0609626060617556));
#12407=CARTESIAN_POINT('Ctrl Pts',(1.93232616240378,1.82418738864656,0.0510502885626932));
#12408=CARTESIAN_POINT('Ctrl Pts',(1.89192509573556,1.84627302651456,0.0703452442539137));
#12409=CARTESIAN_POINT('Ctrl Pts',(1.89238191679141,1.84674320911174,0.0599938057213102));
#12410=CARTESIAN_POINT('Ctrl Pts',(1.89482411990255,1.8492404764444,0.0502055460790485));
#12411=CARTESIAN_POINT('Ctrl Pts',(1.87635828310386,1.86491203247499,0.0700556381590047));
#12412=CARTESIAN_POINT('Ctrl Pts',(1.8769326094991,1.86530388458579,0.0597307522107912));
#12413=CARTESIAN_POINT('Ctrl Pts',(1.87984168600516,1.86728127091572,0.0499763569812357));
#12414=CARTESIAN_POINT('Ctrl Pts',(1.86717810562279,1.8863750020868,0.0700559770561957));
#12415=CARTESIAN_POINT('Ctrl Pts',(1.86780524217318,1.88664324516214,0.0597312053396648));
#12416=CARTESIAN_POINT('Ctrl Pts',(1.87097936285854,1.88800091296939,0.0499768286319167));
#12417=CARTESIAN_POINT('Origin',(1.93236642244681,0.125,0.0750000000000007));
#12418=CARTESIAN_POINT('Ctrl Pts',(-2.74344923794039,1.56378638118591,1.70740499604016E-16));
#12419=CARTESIAN_POINT('Ctrl Pts',(-2.67165235727128,1.56378638118591,1.65938423052653E-16));
#12420=CARTESIAN_POINT('Ctrl Pts',(-2.66852062132175,1.56378638118591,0.0717285459475999));
#12421=CARTESIAN_POINT('Ctrl Pts',(-2.74344923794019,1.59302967070197,1.70740499604016E-16));
#12422=CARTESIAN_POINT('Ctrl Pts',(-2.67182121770681,1.58654194622593,1.22400469105633E-14));
#12423=CARTESIAN_POINT('Ctrl Pts',(-2.66852831689502,1.58628584013052,0.0715522883417963));
#12424=CARTESIAN_POINT('Ctrl Pts',(-2.739477784159,1.62226347170005,1.70740499604016E-16));
#12425=CARTESIAN_POINT('Ctrl Pts',(-2.6688597532348,1.60937205113861,1.36058096705291E-15));
#12426=CARTESIAN_POINT('Ctrl Pts',(-2.66547930295362,1.60877694282525,0.0714159993493978));
#12427=CARTESIAN_POINT('Ctrl Pts',(-2.72387800997821,1.67861361455175,1.70740499604016E-16));
#12428=CARTESIAN_POINT('Ctrl Pts',(-2.65685932188548,1.65337467321084,-1.01665147322788E-15));
#12429=CARTESIAN_POINT('Ctrl Pts',(-2.6534874608262,1.65212799510992,0.0712331318987815));
#12430=CARTESIAN_POINT('Ctrl Pts',(-2.71225167018906,1.70572279180412,1.70740499604016E-16));
#12431=CARTESIAN_POINT('Ctrl Pts',(-2.64782219657667,1.67456645254923,-2.00562273144954E-15));
#12432=CARTESIAN_POINT('Ctrl Pts',(-2.64454615516774,1.67298242747016,0.0711865767616271));
#12433=CARTESIAN_POINT('Ctrl Pts',(-2.69721576727326,1.73079281643689,1.70740499604016E-16));
#12434=CARTESIAN_POINT('Ctrl Pts',(-2.63608814906579,1.69413114791896,1.73408319910329E-16));
#12435=CARTESIAN_POINT('Ctrl Pts',(-2.63298007600196,1.69226706180311,0.071186576761481));
#12436=CARTESIAN_POINT('Ctrl Pts',(-2.74344923794039,1.56378638118591,1.70740499604016E-16));
#12437=CARTESIAN_POINT('Ctrl Pts',(-2.74344923794019,1.59302967070197,1.70740499604016E-16));
#12438=CARTESIAN_POINT('Ctrl Pts',(-2.739477784159,1.62226347170005,1.70740499604016E-16));
#12439=CARTESIAN_POINT('Ctrl Pts',(-2.72387800997821,1.67861361455175,1.70740499604016E-16));
#12440=CARTESIAN_POINT('Ctrl Pts',(-2.71225167018906,1.70572279180412,1.70740499604016E-16));
#12441=CARTESIAN_POINT('Ctrl Pts',(-2.69721576727326,1.73079281643689,1.70740499604016E-16));
#12442=CARTESIAN_POINT('Origin',(-2.5625,1.88852656924209,0.0749999999999999));
#12443=CARTESIAN_POINT('Origin',(-1.35237846608076,1.88852656924209,0.075));
#12444=CARTESIAN_POINT('Ctrl Pts',(-1.23250631256517,1.93347005735211,0.0704213595348873));
#12445=CARTESIAN_POINT('Ctrl Pts',(-1.23316801960416,1.93347005735211,0.0596025450798107));
#12446=CARTESIAN_POINT('Ctrl Pts',(-1.23686575388976,1.93347005735211,0.0494137589120711));
#12447=CARTESIAN_POINT('Ctrl Pts',(-1.23252195916271,1.91777659394409,0.0701655399264291));
#12448=CARTESIAN_POINT('Ctrl Pts',(-1.23321926091368,1.91786714785637,0.0593713373789253));
#12449=CARTESIAN_POINT('Ctrl Pts',(-1.23693821286132,1.91835386448524,0.0492140636497111));
#12450=CARTESIAN_POINT('Ctrl Pts',(-1.23565299451486,1.90209678460078,0.0700288368912722));
#12451=CARTESIAN_POINT('Ctrl Pts',(-1.23635049488997,1.90228437380874,0.05924790473227));
#12452=CARTESIAN_POINT('Ctrl Pts',(-1.23998340927492,1.90326153846989,0.0491075174011191));
#12453=CARTESIAN_POINT('Ctrl Pts',(-1.24767486307268,1.87310665597904,0.0700139589292438));
#12454=CARTESIAN_POINT('Ctrl Pts',(-1.24830226065268,1.87346867934576,0.0592344690007234));
#12455=CARTESIAN_POINT('Ctrl Pts',(-1.25156175065104,1.87534960618552,0.0490959188345046));
#12456=CARTESIAN_POINT('Ctrl Pts',(-1.25656098700552,1.85981050750169,0.0701358358190445));
#12457=CARTESIAN_POINT('Ctrl Pts',(-1.25712104869458,1.86024248569039,0.0593445346276125));
#12458=CARTESIAN_POINT('Ctrl Pts',(-1.26009508498241,1.86253181933613,0.0491909366518509));
#12459=CARTESIAN_POINT('Ctrl Pts',(-1.27874689027675,1.83761615830902,0.0706198876153498));
#12460=CARTESIAN_POINT('Ctrl Pts',(-1.27913560386891,1.83812408768895,0.0597820260920887));
#12461=CARTESIAN_POINT('Ctrl Pts',(-1.28139517300937,1.84107008614998,0.0495688091540593));
#12462=CARTESIAN_POINT('Ctrl Pts',(-1.29203798401578,1.82872664649722,0.0709818730195456));
#12463=CARTESIAN_POINT('Ctrl Pts',(-1.2923300378327,1.82923733659895,0.0601094882326509));
#12464=CARTESIAN_POINT('Ctrl Pts',(-1.29416528563768,1.83242935364714,0.049851813121171));
#12465=CARTESIAN_POINT('Ctrl Pts',(-1.32101710000458,1.81670018196783,0.071891310016747));
#12466=CARTESIAN_POINT('Ctrl Pts',(-1.32113448222928,1.81714377016517,0.0609334898562165));
#12467=CARTESIAN_POINT('Ctrl Pts',(-1.32206695806538,1.8206249315889,0.050564667880177));
#12468=CARTESIAN_POINT('Ctrl Pts',(-1.3366909568074,1.81356794033334,0.0724382979843311));
#12469=CARTESIAN_POINT('Ctrl Pts',(-1.3367376516464,1.81394452880663,0.0614299007439996));
#12470=CARTESIAN_POINT('Ctrl Pts',(-1.33719654288082,1.81747036407939,0.0509945752938088));
#12471=CARTESIAN_POINT('Ctrl Pts',(-1.35237846608076,1.81355226986893,0.0730367288769106));
#12472=CARTESIAN_POINT('Ctrl Pts',(-1.35237846608076,1.81384196080505,0.0619738783538371));
#12473=CARTESIAN_POINT('Ctrl Pts',(-1.35237846608076,1.81731450143838,0.0514661648021531));
#12474=CARTESIAN_POINT('Origin',(-1.30736642244681,1.93347005735211,0.0750000000000007));
#12475=CARTESIAN_POINT('Origin',(-1.30736642244681,0.125,0.0750000000000007));
#12476=CARTESIAN_POINT('Origin',(-1.30736642244681,2.0454726129597,0.075));
#12477=CARTESIAN_POINT('Ctrl Pts',(-1.23804779221135,2.0454726129597,0.0463656237665366));
#12478=CARTESIAN_POINT('Ctrl Pts',(-1.23327024326062,2.0454726129597,0.057931203070488));
#12479=CARTESIAN_POINT('Ctrl Pts',(-1.23250631256517,2.0454726129597,0.0704213595348857));
#12480=CARTESIAN_POINT('Ctrl Pts',(-1.23822999263017,2.07891106490298,0.0459244922902785));
#12481=CARTESIAN_POINT('Ctrl Pts',(-1.2334022648356,2.0783009217534,0.0574029249295069));
#12482=CARTESIAN_POINT('Ctrl Pts',(-1.23254275363233,2.07822314433716,0.0698255533534548));
#12483=CARTESIAN_POINT('Ctrl Pts',(-1.23174630062378,2.11240668968485,0.0455725195945427));
#12484=CARTESIAN_POINT('Ctrl Pts',(-1.22700164790012,2.11114478343154,0.0569809747592699));
#12485=CARTESIAN_POINT('Ctrl Pts',(-1.22608419924994,2.11091740544109,0.0693487970361436));
#12486=CARTESIAN_POINT('Ctrl Pts',(-1.20636108309897,2.17429373825931,0.0450976646236546));
#12487=CARTESIAN_POINT('Ctrl Pts',(-1.20205823985072,2.17182804425148,0.0564112734202095));
#12488=CARTESIAN_POINT('Ctrl Pts',(-1.20114610366035,2.17132364881203,0.0687042684284999));
#12489=CARTESIAN_POINT('Ctrl Pts',(-1.18747432194215,2.2026840541826,0.044974505124608));
#12490=CARTESIAN_POINT('Ctrl Pts',(-1.18352966969077,2.1996540054959,0.0562634334350739));
#12491=CARTESIAN_POINT('Ctrl Pts',(-1.18268039819261,2.1990019274854,0.0685368571780447));
#12492=CARTESIAN_POINT('Ctrl Pts',(-1.16382918811845,2.22632918811845,0.0449745597794446));
#12493=CARTESIAN_POINT('Ctrl Pts',(-1.16034183497755,2.22284183497755,0.0562634762029429));
#12494=CARTESIAN_POINT('Ctrl Pts',(-1.15959116283901,2.22209116283901,0.0685368571778941));
#12495=CARTESIAN_POINT('Origin',(-1.0625,2.36986642244681,0.0750000000000007));
#12496=CARTESIAN_POINT('Origin',(1.6079726129597,2.36986642244681,0.075));
#12497=CARTESIAN_POINT('Ctrl Pts',(1.6079726129597,2.30054779221135,0.0463656237665366));
#12498=CARTESIAN_POINT('Ctrl Pts',(1.6079726129597,2.29577024326062,0.0579312030704882));
#12499=CARTESIAN_POINT('Ctrl Pts',(1.6079726129597,2.29500631256517,0.0704213595348863));
#12500=CARTESIAN_POINT('Ctrl Pts',(1.64141106490298,2.30072999262995,0.0459244922903048));
#12501=CARTESIAN_POINT('Ctrl Pts',(1.64080092175343,2.29590226483546,0.0574029249295406));
#12502=CARTESIAN_POINT('Ctrl Pts',(1.64072314433722,2.29504275363232,0.0698255533534966));
#12503=CARTESIAN_POINT('Ctrl Pts',(1.67490668968485,2.29424630062387,0.0455725195944768));
#12504=CARTESIAN_POINT('Ctrl Pts',(1.67364478343151,2.28950164790019,0.0569809747591957));
#12505=CARTESIAN_POINT('Ctrl Pts',(1.67341740544102,2.28858419924997,0.0693487970360639));
#12506=CARTESIAN_POINT('Ctrl Pts',(1.73679373825932,2.26886108309887,0.0450976646237205));
#12507=CARTESIAN_POINT('Ctrl Pts',(1.73432804425152,2.26455823985065,0.0564112734202841));
#12508=CARTESIAN_POINT('Ctrl Pts',(1.73382364881211,2.26364610366031,0.0687042684285807));
#12509=CARTESIAN_POINT('Ctrl Pts',(1.76518405418264,2.24997432194226,0.0449745051246134));
#12510=CARTESIAN_POINT('Ctrl Pts',(1.7621540054959,2.24602966969086,0.0562634334350625));
#12511=CARTESIAN_POINT('Ctrl Pts',(1.76150192748535,2.24518039819266,0.0685368571780092));
#12512=CARTESIAN_POINT('Ctrl Pts',(1.78882918811845,2.22632918811845,0.0449745597794446));
#12513=CARTESIAN_POINT('Ctrl Pts',(1.78534183497755,2.22284183497755,0.0562634762029431));
#12514=CARTESIAN_POINT('Ctrl Pts',(1.78459116283901,2.22209116283901,0.0685368571778946));
#12515=CARTESIAN_POINT('Ctrl Pts',(-2.41900588222208,-1.90362389442493,
0.0476506409479555));
#12516=CARTESIAN_POINT('Ctrl Pts',(-2.41900588222208,-1.89931993467516,
0.058640648360582));
#12517=CARTESIAN_POINT('Ctrl Pts',(-2.41900588222208,-1.8985993955125,0.0704213595348857));
#12518=CARTESIAN_POINT('Ctrl Pts',(-2.4453264866203,-1.90372360553973,0.0473960128421281));
#12519=CARTESIAN_POINT('Ctrl Pts',(-2.44488829153442,-1.89939137819921,
0.0583401774901535));
#12520=CARTESIAN_POINT('Ctrl Pts',(-2.44482312601259,-1.89861995052748,
0.0700852880107022));
#12521=CARTESIAN_POINT('Ctrl Pts',(-2.47167366885421,-1.89969573264723,
0.047197528325939));
#12522=CARTESIAN_POINT('Ctrl Pts',(-2.47077908946459,-1.89541051771805,
0.0581058191747755));
#12523=CARTESIAN_POINT('Ctrl Pts',(-2.47061882553467,-1.89461051711319,
0.0698229031202538));
#12524=CARTESIAN_POINT('Ctrl Pts',(-2.52184941069203,-1.88374489407882,
0.0469309391711913));
#12525=CARTESIAN_POINT('Ctrl Pts',(-2.52008608763281,-1.87970733399335,
0.0577909185858333));
#12526=CARTESIAN_POINT('Ctrl Pts',(-2.51974495594413,-1.87890986106942,
0.0694701130792518));
#12527=CARTESIAN_POINT('Ctrl Pts',(-2.54568150909056,-1.87182556636776,
0.0468627323188255));
#12528=CARTESIAN_POINT('Ctrl Pts',(-2.54350025633794,-1.86798852228101,
0.0577103285261575));
#12529=CARTESIAN_POINT('Ctrl Pts',(-2.54306461484334,-1.86722206416653,
0.0693797855952605));
#12530=CARTESIAN_POINT('Ctrl Pts',(-2.56710567216925,-1.85653192529851,
0.0468627512451925));
#12531=CARTESIAN_POINT('Ctrl Pts',(-2.56455489821704,-1.85295866260796,
0.0577103428773733));
#12532=CARTESIAN_POINT('Ctrl Pts',(-2.56404539934476,-1.85224492891565,
0.069379785595221));
#12533=CARTESIAN_POINT('Ctrl Pts',(-2.56707340865675,-1.85648672881789,
0.047000348449476));
#12534=CARTESIAN_POINT('Ctrl Pts',(-2.54599756595585,-1.87150874498223,
0.0470467995122557));
#12535=CARTESIAN_POINT('Ctrl Pts',(-2.52272664908655,-1.88316254954019,
0.0472631067712661));
#12536=CARTESIAN_POINT('Ctrl Pts',(-2.4734655068361,-1.89890578592905,0.0480881865963635));
#12537=CARTESIAN_POINT('Ctrl Pts',(-2.44780299047576,-1.90290655038306,
0.0486712566287694));
#12538=CARTESIAN_POINT('Ctrl Pts',(-2.42196961489216,-1.90290655037621,
0.0495101054070713));
#12539=CARTESIAN_POINT('Origin',(-2.41900588222208,-1.97345950539414,0.075));
#12540=CARTESIAN_POINT('Origin',(-2.5625,-1.97345950539414,0.0749999999999999));
#12541=CARTESIAN_POINT('Ctrl Pts',(2.74345057610145,-1.64871504100649,1.19382163159502E-11));
#12542=CARTESIAN_POINT('Ctrl Pts',(2.67165235663297,-1.6487159665085,-1.28104851870579E-6));
#12543=CARTESIAN_POINT('Ctrl Pts',(2.66852061872662,-1.64871600682807,0.0717286049067026));
#12544=CARTESIAN_POINT('Ctrl Pts',(2.74345090637622,-1.67448086439917,1.18780279983686E-11));
#12545=CARTESIAN_POINT('Ctrl Pts',(2.67199866354636,-1.66875886270485,-1.27165177268689E-6));
#12546=CARTESIAN_POINT('Ctrl Pts',(2.66853666449559,-1.66855791450789,0.0713669746476021));
#12547=CARTESIAN_POINT('Ctrl Pts',(2.74038156910476,-1.70023590738984,1.18229752290435E-11));
#12548=CARTESIAN_POINT('Ctrl Pts',(2.66992832599991,-1.68892837503636,-1.26310693155759E-6));
#12549=CARTESIAN_POINT('Ctrl Pts',(2.66619008776686,-1.68838962584907,0.0710362508831649));
#12550=CARTESIAN_POINT('Ctrl Pts',(2.72827541676761,-1.75028764973901,1.17262439324212E-11));
#12551=CARTESIAN_POINT('Ctrl Pts',(2.66099503379197,-1.72820552920226,-1.24818754343746E-6));
#12552=CARTESIAN_POINT('Ctrl Pts',(2.6569030804006,-1.72692635699838,0.070455059193105));
#12553=CARTESIAN_POINT('Ctrl Pts',(2.71923956453707,-1.77458114873516,1.16845715230424E-11));
#12554=CARTESIAN_POINT('Ctrl Pts',(2.65414503016226,-1.747333509984,-1.24179865349629E-6));
#12555=CARTESIAN_POINT('Ctrl Pts',(2.64996338907258,-1.74562890575024,0.0702046266647351));
#12556=CARTESIAN_POINT('Ctrl Pts',(2.69570685824818,-1.82034736336885,1.16169050987762E-11));
#12557=CARTESIAN_POINT('Ctrl Pts',(2.63603739418283,-1.7833844969323,-1.23147401271846E-6));
#12558=CARTESIAN_POINT('Ctrl Pts',(2.63187913449615,-1.78085841059221,0.0697980653830653));
#12559=CARTESIAN_POINT('Ctrl Pts',(2.68121124596107,-1.84181766340532,1.15909242809644E-11));
#12560=CARTESIAN_POINT('Ctrl Pts',(2.62478121200526,-1.80033091367632,-1.22752645117372E-6));
#12561=CARTESIAN_POINT('Ctrl Pts',(2.6207355255151,-1.79738350769676,0.0696419580831189));
#12562=CARTESIAN_POINT('Ctrl Pts',(2.64757144597599,-1.88073299622666,1.15561128142817E-11));
#12563=CARTESIAN_POINT('Ctrl Pts',(2.59852311587203,-1.8310058130741,-1.22225033884102E-6));
#12564=CARTESIAN_POINT('Ctrl Pts',(2.5948679940885,-1.82733105033146,0.0694328126710788));
#12565=CARTESIAN_POINT('Ctrl Pts',(2.62842954032477,-1.89817561330537,1.15472881529551E-11));
#12566=CARTESIAN_POINT('Ctrl Pts',(2.58351188025663,-1.84475472700405,-1.22091483709706E-6));
#12567=CARTESIAN_POINT('Ctrl Pts',(2.58014582636077,-1.8407516373755,0.069379785595214));
#12568=CARTESIAN_POINT('Ctrl Pts',(2.6074989002074,-1.91311695298162,1.1547288264921E-11));
#12569=CARTESIAN_POINT('Ctrl Pts',(2.56707463950896,-1.85648845306252,-1.22091547116587E-6));
#12570=CARTESIAN_POINT('Ctrl Pts',(2.56404539934476,-1.85224492891565,0.069379785595221));
#12571=CARTESIAN_POINT('Origin',(2.45943008061528,-1.69412988825233,0.0552218723949251));
#12572=CARTESIAN_POINT('Origin',(0.,0.,0.));
#12573=CARTESIAN_POINT('',(-3.93,-1.05453519607703,0.));
#12574=CARTESIAN_POINT('',(1.28281227847072E-16,-1.05453519607703,0.));
#12575=CARTESIAN_POINT('',(-5.0590584173898,-0.452708718511857,0.));
#12576=CARTESIAN_POINT('',(-1.36275687545565,2.02939310798908,0.));
#12577=CARTESIAN_POINT('Origin',(-3.93,0.305464803922967,0.));
#12578=CARTESIAN_POINT('Origin',(1.28281227847072E-16,-1.05453519607703,
-0.0625000000000002));
#12579=CARTESIAN_POINT('',(3.93,-1.05453519607703,-0.0625000000000002));
#12580=CARTESIAN_POINT('Origin',(3.93,0.305464803922968,-0.0625000000000002));
#12581=CARTESIAN_POINT('',(5.0590584173898,-0.452708718511856,-0.0625000000000002));
#12582=CARTESIAN_POINT('Origin',(1.36275687545565,2.02939310798908,-0.0625000000000002));
#12583=CARTESIAN_POINT('Origin',(-3.93,0.305464803922967,-0.0625000000000002));
#12584=CARTESIAN_POINT('',(-5.0590584173898,-0.452708718511857,-0.0625000000000002));
#12585=CARTESIAN_POINT('',(-3.93,-1.05453519607703,-0.0625000000000002));
#12586=CARTESIAN_POINT('Origin',(1.28281227847072E-16,-1.05453519607703,
-0.0625000000000002));
#12587=CARTESIAN_POINT('Origin',(-1.36275687545565,2.02939310798908,-0.0625000000000002));
#12588=CARTESIAN_POINT('Origin',(2.42197137389723,-1.65290655037621,-0.0625000000000002));
#12589=CARTESIAN_POINT('Origin',(-2.4219696149584,-1.65290655037621,-0.0625000000000002));
#12590=UNCERTAINTY_MEASURE_WITH_UNIT(LENGTH_MEASURE(0.000393700787401575),
#12595,'DISTANCE_ACCURACY_VALUE',
'Maximum model space distance between geometric entities at asserted c
onnectivities');
#12591=UNCERTAINTY_MEASURE_WITH_UNIT(LENGTH_MEASURE(0.000393700787401575),
#12595,'DISTANCE_ACCURACY_VALUE',
'Maximum model space distance between geometric entities at asserted c
onnectivities');
#12592=(
GEOMETRIC_REPRESENTATION_CONTEXT(3)
GLOBAL_UNCERTAINTY_ASSIGNED_CONTEXT((#12590))
GLOBAL_UNIT_ASSIGNED_CONTEXT((#12595,#12599,#12600))
REPRESENTATION_CONTEXT('','3D')
);
#12593=(
GEOMETRIC_REPRESENTATION_CONTEXT(3)
GLOBAL_UNCERTAINTY_ASSIGNED_CONTEXT((#12591))
GLOBAL_UNIT_ASSIGNED_CONTEXT((#12595,#12599,#12600))
REPRESENTATION_CONTEXT('','3D')
);
#12594=DIMENSIONAL_EXPONENTS(1.,0.,0.,0.,0.,0.,0.);
#12595=(
CONVERSION_BASED_UNIT('inch',#12598)
LENGTH_UNIT()
NAMED_UNIT(#12594)
);
#12596=(
LENGTH_UNIT()
NAMED_UNIT(*)
SI_UNIT(.MILLI.,.METRE.)
);
#12597=(
LENGTH_UNIT()
NAMED_UNIT(*)
SI_UNIT($,.METRE.)
);
#12598=LENGTH_MEASURE_WITH_UNIT(LENGTH_MEASURE(25.4),#12596);
#12599=(
NAMED_UNIT(*)
PLANE_ANGLE_UNIT()
SI_UNIT($,.RADIAN.)
);
#12600=(
NAMED_UNIT(*)
SI_UNIT($,.STERADIAN.)
SOLID_ANGLE_UNIT()
);
#12601=SHAPE_DEFINITION_REPRESENTATION(#12602,#12603);
#12602=PRODUCT_DEFINITION_SHAPE('',$,#12605);
#12603=SHAPE_REPRESENTATION('',(#4788),#12592);
#12604=PRODUCT_DEFINITION_CONTEXT('part definition',#12609,'design');
#12605=PRODUCT_DEFINITION('rearCover','rearCover',#12606,#12604);
#12606=PRODUCT_DEFINITION_FORMATION('',$,#12611);
#12607=PRODUCT_RELATED_PRODUCT_CATEGORY('rearCover','rearCover',(#12611));
#12608=APPLICATION_PROTOCOL_DEFINITION('international standard',
'automotive_design',2009,#12609);
#12609=APPLICATION_CONTEXT(
'Core Data for Automotive Mechanical Design Process');
#12610=PRODUCT_CONTEXT('part definition',#12609,'mechanical');
#12611=PRODUCT('rearCover','rearCover','STEP AP214',(#12610));
#12612=PRESENTATION_STYLE_ASSIGNMENT((#12614));
#12613=PRESENTATION_STYLE_ASSIGNMENT((#12615));
#12614=SURFACE_STYLE_USAGE(.BOTH.,#12616);
#12615=SURFACE_STYLE_USAGE(.BOTH.,#12617);
#12616=SURFACE_SIDE_STYLE('',(#12618));
#12617=SURFACE_SIDE_STYLE('',(#12619));
#12618=SURFACE_STYLE_FILL_AREA(#12620);
#12619=SURFACE_STYLE_FILL_AREA(#12621);
#12620=FILL_AREA_STYLE('Steel - Satin',(#12622));
#12621=FILL_AREA_STYLE('Paint - Enamel Glossy (Grey)',(#12623));
#12622=FILL_AREA_STYLE_COLOUR('Steel - Satin',#12624);
#12623=FILL_AREA_STYLE_COLOUR('Paint - Enamel Glossy (Grey)',#12625);
#12624=COLOUR_RGB('Steel - Satin',0.627450980392157,0.627450980392157,0.627450980392157);
#12625=COLOUR_RGB('Paint - Enamel Glossy (Grey)',0.701960784313725,0.701960784313725,
0.701960784313725);
ENDSEC;
END-ISO-10303-21;
